{"version":"6.9.96","parts":[{"file":"e1a11c04bee9946f109639aabc9bd47c6e91cca8"},{"start":"account-tie-o","file":"ffe5cb51ecbd8506ba941dec4b8ae46c80dc7d8d"},{"start":"alphabet-g","file":"7f1b29cd3c1d345dc8d5ad8337351a92fd71c78e"},{"start":"arrow-left-c","file":"f97efdbfa3452da2eb375b357e0ab7cf8e201fa2"},{"start":"bag-p","file":"7c892e45fe08846e01e7e75e88abb0f0b42af522"},{"start":"bed-q","file":"8ff294439e6d2aced28c40a4d80a3572979660f8"},{"start":"book-l","file":"fb185db06dea56861161137f59baba23c223c493"},{"start":"bucket-","file":"0093833d2ac0864a3c70ee7006e39d688199d718"},{"start":"camp","file":"e669c4d6c36e39116e5d077ccbcc697930459d68"},{"start":"cards-d","file":"1924f8410debd359cd6af5948a0111a5eb1a1427"},{"start":"checkbox-blank-ou","file":"abb9ae4c32c0d952549226bcdc5b7c326285f788"},{"start":"clock-p","file":"62814aad37dfceb5058a7836a35ab8ced6666f76"},{"start":"collap","file":"e14401d6ecab5c5f29095cebf98a97be780ec90f"},{"start":"cookie-rem","file":"036f11ab52cba11b0129c992daef64d82c50a9bb"},{"start":"cylinder-","file":"2a4796c762a7a4a25040311b0e9192e33698f817"},{"start":"dice-5-","file":"7735852d6e57dd5ccb7ff83e71111de59df07a5c"},{"start":"earth-o","file":"7ace046456f56dd8398eb0f9fe266a519b6a7546"},{"start":"ev-plug-ch","file":"95348cd077459d133d1e98043034d164aca8e03c"},{"start":"file-cad","file":"1c610bea96a8dbb07a1cc923d00cbdde17ba99db"},{"start":"filter-v","file":"fb49f1707c5af08bdc52ba41c7022a13eb1b953c"},{"start":"folder-f","file":"2fe48cba62143b586116f1b5c1c3af13a218da76"},{"start":"format-text-rotation-v","file":"5cb9c281946071b7c9b6849e1df7db7b0d341834"},{"start":"ghost-ou","file":"c47b83ec91ac5e4935333182ac9ef7cb74cec862"},{"start":"hand-back-left-off-","file":"9fe4ff8ebead9187dd6b4411cda590f2346537a9"},{"start":"heat-w","file":"ca50aeb7d246e7352ced65486fbb8aa9fcca6b06"},{"start":"image-check-","file":"d7eba86153f5b207bc1e7804f8236d035eba9485"},{"start":"keyboard-f8","file":"4e9255d9de7ddc2c8b703b797c853aa17e0a542e"},{"start":"led-v","file":"f078c2970fe5b8bd614d17a9a10296e15d3f9cac"},{"start":"lou","file":"b1a1de65fe40fa5de25675ffa39798ce9fdd5620"},{"start":"microsoft-az","file":"fdb61fb1d2844a6ed59e6b0f285bced39707c275"},{"start":"movie-open-check-","file":"99de0f53d123b7521ff06af9e47e6204ccad1832"},{"start":"numeric-0-","file":"131ee3c97dde4aea465dbe8bf89265a5252435e3"},{"start":"palm","file":"e2381fa15f5ef08e2350244b7fe0d5ef4501cce9"},{"start":"phone-l","file":"4096cedeb9cdf100e12e1f68d46a99a163a32ca5"},{"start":"power-sl","file":"dbcf123eef073ae573c8c67e420a4d3718c51742"},{"start":"radiology-box-","file":"ea57faca3b9206b323290253a325c4e5181cecc3"},{"start":"rocket-o","file":"abcabc2f8f5a5c48be3da3512970e3e11ed4949a"},{"start":"select-o","file":"5fdac743e197fceb4e60add639244ec1da2dd841"},{"start":"sign","file":"1319dbbc11be2e9baa531037d38b4a0d09492cce"},{"start":"sofa-","file":"f2ad217c46332c1505c7332719345b3bd0a43e91"},{"start":"star-ou","file":"845a79036fcd261cabb34fb9d8835ade4f2ee07b"},{"start":"table-co","file":"918ae0b827bddeb891fb4201b49b17fe0e7e068c"},{"start":"thermometer-chev","file":"c053ccd576f574fc9fa9517402751818fffd584b"},{"start":"tooltip-text-","file":"b7d17fd02507d225ae97b3af2596d0a005504f27"},{"start":"uf","file":"fb5dc94be2c1beba2801c597d4fd32c3caebd69d"},{"start":"wall-s","file":"9e39e0f5ff43382d8c595bd0599bf2a57ec67878"},{"start":"web-cl","file":"c2a63309cad637e8c7d9f23e474b6243885f271d"},{"start":"yi","file":"4ad1ae01e3b47e110e4eed6bb93b57fa0b261360"}]}