{"data":{"am":"ص","pm":"م","weekday":{"narrow":["ح","ن","ث","ر","خ","ج","س"],"short":["الأحد","الاثنين","الثلاثاء","الأربعاء","الخميس","الجمعة","السبت"],"long":["الأحد","الاثنين","الثلاثاء","الأربعاء","الخميس","الجمعة","السبت"]},"era":{"narrow":{"BC":"ق.م","AD":"م"},"short":{"BC":"ق.م","AD":"م"},"long":{"BC":"قبل الميلاد","AD":"ميلادي"}},"month":{"narrow":["ي","ف","م","أ","و","ن","ل","غ","س","ك","ب","د"],"short":["يناير","فبراير","مارس","أبريل","مايو","يونيو","يوليو","أغسطس","سبتمبر","أكتوبر","نوفمبر","ديسمبر"],"long":["يناير","فبراير","مارس","أبريل","مايو","يونيو","يوليو","أغسطس","سبتمبر","أكتوبر","نوفمبر","ديسمبر"]},"timeZoneName":{"Asia/Kabul":{"long":["توقيت أفغانستان","توقيت أفغانستان"]},"Africa/Maputo":{"long":["توقيت وسط أفريقيا","توقيت وسط أفريقيا"]},"Africa/Bujumbura":{"long":["توقيت وسط أفريقيا","توقيت وسط أفريقيا"]},"Africa/Gaborone":{"long":["توقيت وسط أفريقيا","توقيت وسط أفريقيا"]},"Africa/Lubumbashi":{"long":["توقيت وسط أفريقيا","توقيت وسط أفريقيا"]},"Africa/Blantyre":{"long":["توقيت وسط أفريقيا","توقيت وسط أفريقيا"]},"Africa/Kigali":{"long":["توقيت وسط أفريقيا","توقيت وسط أفريقيا"]},"Africa/Lusaka":{"long":["توقيت وسط أفريقيا","توقيت وسط أفريقيا"]},"Africa/Harare":{"long":["توقيت وسط أفريقيا","توقيت وسط أفريقيا"]},"Africa/Nairobi":{"long":["توقيت شرق أفريقيا","توقيت شرق أفريقيا"]},"Africa/Djibouti":{"long":["توقيت شرق أفريقيا","توقيت شرق أفريقيا"]},"Africa/Asmera":{"long":["توقيت شرق أفريقيا","توقيت شرق أفريقيا"]},"Africa/Addis_Ababa":{"long":["توقيت شرق أفريقيا","توقيت شرق أفريقيا"]},"Indian/Comoro":{"long":["توقيت شرق أفريقيا","توقيت شرق أفريقيا"]},"Indian/Antananarivo":{"long":["توقيت شرق أفريقيا","توقيت شرق أفريقيا"]},"Africa/Mogadishu":{"long":["توقيت شرق أفريقيا","توقيت شرق أفريقيا"]},"Africa/Dar_es_Salaam":{"long":["توقيت شرق أفريقيا","توقيت شرق أفريقيا"]},"Africa/Kampala":{"long":["توقيت شرق أفريقيا","توقيت شرق أفريقيا"]},"Indian/Mayotte":{"long":["توقيت شرق أفريقيا","توقيت شرق أفريقيا"]},"Africa/Johannesburg":{"long":["توقيت جنوب أفريقيا","توقيت جنوب أفريقيا"]},"Africa/Maseru":{"long":["توقيت جنوب أفريقيا","توقيت جنوب أفريقيا"]},"Africa/Mbabane":{"long":["توقيت جنوب أفريقيا","توقيت جنوب أفريقيا"]},"Africa/Lagos":{"long":["توقيت غرب أفريقيا الرسمي","توقيت غرب أفريقيا الصيفي"]},"Africa/Luanda":{"long":["توقيت غرب أفريقيا الرسمي","توقيت غرب أفريقيا الصيفي"]},"Africa/Porto-Novo":{"long":["توقيت غرب أفريقيا الرسمي","توقيت غرب أفريقيا الصيفي"]},"Africa/Kinshasa":{"long":["توقيت غرب أفريقيا الرسمي","توقيت غرب أفريقيا الصيفي"]},"Africa/Bangui":{"long":["توقيت غرب أفريقيا الرسمي","توقيت غرب أفريقيا الصيفي"]},"Africa/Brazzaville":{"long":["توقيت غرب أفريقيا الرسمي","توقيت غرب أفريقيا الصيفي"]},"Africa/Douala":{"long":["توقيت غرب أفريقيا الرسمي","توقيت غرب أفريقيا الصيفي"]},"Africa/Libreville":{"long":["توقيت غرب أفريقيا الرسمي","توقيت غرب أفريقيا الصيفي"]},"Africa/Malabo":{"long":["توقيت غرب أفريقيا الرسمي","توقيت غرب أفريقيا الصيفي"]},"Africa/Niamey":{"long":["توقيت غرب أفريقيا الرسمي","توقيت غرب أفريقيا الصيفي"]},"Africa/Ndjamena":{"long":["توقيت غرب أفريقيا الرسمي","توقيت غرب أفريقيا الصيفي"]},"Asia/Aqtobe":{"long":["توقيت غرب كازاخستان","توقيت غرب كازاخستان"]},"America/Juneau":{"long":["التوقيت الرسمي لألاسكا","توقيت ألاسكا الصيفي"]},"Asia/Almaty":{"long":["توقيت شرق كازاخستان","توقيت شرق كازاخستان"]},"America/Manaus":{"long":["توقيت الأمازون الرسمي","توقيت الأمازون الصيفي"]},"America/Chicago":{"long":["التوقيت الرسمي المركزي لأمريكا الشمالية","التوقيت الصيفي المركزي لأمريكا الشمالية"]},"America/Belize":{"long":["التوقيت الرسمي المركزي لأمريكا الشمالية","التوقيت الصيفي المركزي لأمريكا الشمالية"]},"America/Winnipeg":{"long":["التوقيت الرسمي المركزي لأمريكا الشمالية","التوقيت الصيفي المركزي لأمريكا الشمالية"]},"America/Costa_Rica":{"long":["التوقيت الرسمي المركزي لأمريكا الشمالية","التوقيت الصيفي المركزي لأمريكا الشمالية"]},"America/Guatemala":{"long":["التوقيت الرسمي المركزي لأمريكا الشمالية","التوقيت الصيفي المركزي لأمريكا الشمالية"]},"America/Tegucigalpa":{"long":["التوقيت الرسمي المركزي لأمريكا الشمالية","التوقيت الصيفي المركزي لأمريكا الشمالية"]},"America/Mexico_City":{"long":["التوقيت الرسمي المركزي لأمريكا الشمالية","التوقيت الصيفي المركزي لأمريكا الشمالية"]},"America/El_Salvador":{"long":["التوقيت الرسمي المركزي لأمريكا الشمالية","التوقيت الصيفي المركزي لأمريكا الشمالية"]},"America/New_York":{"long":["التوقيت الرسمي الشرقي لأمريكا الشمالية","التوقيت الصيفي الشرقي لأمريكا الشمالية"]},"America/Nassau":{"long":["التوقيت الرسمي الشرقي لأمريكا الشمالية","التوقيت الصيفي الشرقي لأمريكا الشمالية"]},"America/Toronto":{"long":["التوقيت الرسمي الشرقي لأمريكا الشمالية","التوقيت الصيفي الشرقي لأمريكا الشمالية"]},"America/Port-au-Prince":{"long":["التوقيت الرسمي الشرقي لأمريكا الشمالية","التوقيت الصيفي الشرقي لأمريكا الشمالية"]},"America/Jamaica":{"long":["التوقيت الرسمي الشرقي لأمريكا الشمالية","التوقيت الصيفي الشرقي لأمريكا الشمالية"]},"America/Cayman":{"long":["التوقيت الرسمي الشرقي لأمريكا الشمالية","التوقيت الصيفي الشرقي لأمريكا الشمالية"]},"America/Panama":{"long":["التوقيت الرسمي الشرقي لأمريكا الشمالية","التوقيت الصيفي الشرقي لأمريكا الشمالية"]},"America/Denver":{"long":["التوقيت الجبلي الرسمي لأمريكا الشمالية","التوقيت الجبلي الصيفي لأمريكا الشمالية"]},"America/Edmonton":{"long":["التوقيت الجبلي الرسمي لأمريكا الشمالية","التوقيت الجبلي الصيفي لأمريكا الشمالية"]},"America/Hermosillo":{"long":["التوقيت الجبلي الرسمي لأمريكا الشمالية","التوقيت الجبلي الصيفي لأمريكا الشمالية"]},"America/Los_Angeles":{"long":["توقيت المحيط الهادي الرسمي","توقيت المحيط الهادي الصيفي"]},"America/Vancouver":{"long":["توقيت المحيط الهادي الرسمي","توقيت المحيط الهادي الصيفي"]},"America/Tijuana":{"long":["توقيت المحيط الهادي الرسمي","توقيت المحيط الهادي الصيفي"]},"Asia/Anadyr":{"long":["توقيت أنادير الرسمي","التوقيت الصيفي لأنادير"]},"Pacific/Apia":{"long":["التوقيت الرسمي لآبيا","التوقيت الصيفي لأبيا"]},"Asia/Riyadh":{"long":["التوقيت العربي الرسمي","التوقيت العربي الصيفي"]},"Asia/Bahrain":{"long":["التوقيت العربي الرسمي","التوقيت العربي الصيفي"]},"Asia/Baghdad":{"long":["التوقيت العربي الرسمي","التوقيت العربي الصيفي"]},"Asia/Kuwait":{"long":["التوقيت العربي الرسمي","التوقيت العربي الصيفي"]},"Asia/Qatar":{"long":["التوقيت العربي الرسمي","التوقيت العربي الصيفي"]},"Asia/Aden":{"long":["التوقيت العربي الرسمي","التوقيت العربي الصيفي"]},"America/Buenos_Aires":{"long":["توقيت الأرجنتين الرسمي","توقيت الأرجنتين الصيفي"]},"America/Argentina/San_Luis":{"long":["توقيت غرب الأرجنتين الرسمي","توقيت غرب الأرجنتين الصيفي"]},"Asia/Ashgabat":{"long":["توقيت تركمانستان الرسمي","توقيت تركمانستان الصيفي"]},"America/Halifax":{"long":["التوقيت الرسمي الأطلسي","التوقيت الصيفي الأطلسي"]},"America/Antigua":{"long":["التوقيت الرسمي الأطلسي","التوقيت الصيفي الأطلسي"]},"America/Anguilla":{"long":["التوقيت الرسمي الأطلسي","التوقيت الصيفي الأطلسي"]},"America/Aruba":{"long":["التوقيت الرسمي الأطلسي","التوقيت الصيفي الأطلسي"]},"America/Barbados":{"long":["التوقيت الرسمي الأطلسي","التوقيت الصيفي الأطلسي"]},"Atlantic/Bermuda":{"long":["التوقيت الرسمي الأطلسي","التوقيت الصيفي الأطلسي"]},"America/Kralendijk":{"long":["التوقيت الرسمي الأطلسي","التوقيت الصيفي الأطلسي"]},"America/Curacao":{"long":["التوقيت الرسمي الأطلسي","التوقيت الصيفي الأطلسي"]},"America/Dominica":{"long":["التوقيت الرسمي الأطلسي","التوقيت الصيفي الأطلسي"]},"America/Grenada":{"long":["التوقيت الرسمي الأطلسي","التوقيت الصيفي الأطلسي"]},"America/Thule":{"long":["التوقيت الرسمي الأطلسي","التوقيت الصيفي الأطلسي"]},"America/Guadeloupe":{"long":["التوقيت الرسمي الأطلسي","التوقيت الصيفي الأطلسي"]},"America/St_Kitts":{"long":["التوقيت الرسمي الأطلسي","التوقيت الصيفي الأطلسي"]},"America/St_Lucia":{"long":["التوقيت الرسمي الأطلسي","التوقيت الصيفي الأطلسي"]},"America/Marigot":{"long":["التوقيت الرسمي الأطلسي","التوقيت الصيفي الأطلسي"]},"America/Martinique":{"long":["التوقيت الرسمي الأطلسي","التوقيت الصيفي الأطلسي"]},"America/Montserrat":{"long":["التوقيت الرسمي الأطلسي","التوقيت الصيفي الأطلسي"]},"America/Puerto_Rico":{"long":["التوقيت الرسمي الأطلسي","التوقيت الصيفي الأطلسي"]},"America/Lower_Princes":{"long":["التوقيت الرسمي الأطلسي","التوقيت الصيفي الأطلسي"]},"America/Port_of_Spain":{"long":["التوقيت الرسمي الأطلسي","التوقيت الصيفي الأطلسي"]},"America/St_Vincent":{"long":["التوقيت الرسمي الأطلسي","التوقيت الصيفي الأطلسي"]},"America/Tortola":{"long":["التوقيت الرسمي الأطلسي","التوقيت الصيفي الأطلسي"]},"America/St_Thomas":{"long":["التوقيت الرسمي الأطلسي","التوقيت الصيفي الأطلسي"]},"Australia/Adelaide":{"long":["توقيت وسط أستراليا الرسمي","توقيت وسط أستراليا الصيفي"]},"Australia/Eucla":{"long":["توقيت غرب وسط أستراليا الرسمي","توقيت غرب وسط أستراليا الصيفي"]},"Australia/Sydney":{"long":["توقيت شرق أستراليا الرسمي","توقيت شرق أستراليا الصيفي"]},"Australia/Perth":{"long":["توقيت غرب أستراليا الرسمي","توقيت غرب أستراليا الصيفي"]},"Atlantic/Azores":{"long":["توقيت أزورس الرسمي","توقيت أزورس الصيفي"]},"Asia/Thimphu":{"long":["توقيت بوتان","توقيت بوتان"]},"America/La_Paz":{"long":["توقيت بوليفيا","توقيت بوليفيا"]},"Asia/Kuching":{"long":["توقيت ماليزيا","توقيت ماليزيا"]},"America/Sao_Paulo":{"long":["توقيت برازيليا الرسمي","توقيت برازيليا الصيفي"]},"Europe/London":{"long":["توقيت غرينتش","توقيت غرينتش"]},"Asia/Brunei":{"long":["توقيت بروناي","توقيت بروناي"]},"Atlantic/Cape_Verde":{"long":["توقيت الرأس الأخضر الرسمي","توقيت الرأس الأخضر الصيفي"]},"Pacific/Saipan":{"long":["توقيت جزر ماريانا الشمالية","توقيت جزر ماريانا الشمالية"]},"Pacific/Guam":{"long":["توقيت غوام","توقيت غوام"]},"Pacific/Chatham":{"long":["توقيت تشاتام الرسمي","توقيت تشاتام الصيفي"]},"America/Santiago":{"long":["توقيت تشيلي الرسمي","توقيت تشيلي الصيفي"]},"Asia/Shanghai":{"long":["توقيت الصين الرسمي","توقيت الصين الصيفي"]},"Asia/Choibalsan":{"long":["توقيت شويبالسان الرسمي","التوقيت الصيفي لشويبالسان"]},"Indian/Christmas":{"long":["توقيت جزر الكريسماس","توقيت جزر الكريسماس"]},"Indian/Cocos":{"long":["توقيت جزر كوكوس","توقيت جزر كوكوس"]},"America/Bogota":{"long":["توقيت كولومبيا الرسمي","توقيت كولومبيا الصيفي"]},"Pacific/Rarotonga":{"long":["توقيت جزر كوك الرسمي","توقيت جزر كوك الصيفي"]},"America/Havana":{"long":["توقيت كوبا الرسمي","توقيت كوبا الصيفي"]},"Antarctica/Davis":{"long":["توقيت دافيز","توقيت دافيز"]},"Antarctica/DumontDUrville":{"long":["توقيت دي مونت دو روفيل","توقيت دي مونت دو روفيل"]},"Asia/Dushanbe":{"long":["توقيت طاجكستان","توقيت طاجكستان"]},"America/Paramaribo":{"long":["توقيت سورينام","توقيت سورينام"]},"Asia/Dili":{"long":["توقيت تيمور الشرقية","توقيت تيمور الشرقية"]},"Pacific/Easter":{"long":["توقيت جزيرة استر الرسمي","توقيت جزيرة استر الصيفي"]},"America/Guayaquil":{"long":["توقيت الإكوادور","توقيت الإكوادور"]},"Europe/Paris":{"long":["توقيت وسط أوروبا الرسمي","توقيت وسط أوروبا الصيفي"]},"Europe/Andorra":{"long":["توقيت وسط أوروبا الرسمي","توقيت وسط أوروبا الصيفي"]},"Europe/Tirane":{"long":["توقيت وسط أوروبا الرسمي","توقيت وسط أوروبا الصيفي"]},"Europe/Vienna":{"long":["توقيت وسط أوروبا الرسمي","توقيت وسط أوروبا الصيفي"]},"Europe/Sarajevo":{"long":["توقيت وسط أوروبا الرسمي","توقيت وسط أوروبا الصيفي"]},"Europe/Brussels":{"long":["توقيت وسط أوروبا الرسمي","توقيت وسط أوروبا الصيفي"]},"Europe/Zurich":{"long":["توقيت وسط أوروبا الرسمي","توقيت وسط أوروبا الصيفي"]},"Europe/Prague":{"long":["توقيت وسط أوروبا الرسمي","توقيت وسط أوروبا الصيفي"]},"Europe/Berlin":{"long":["توقيت وسط أوروبا الرسمي","توقيت وسط أوروبا الصيفي"]},"Europe/Copenhagen":{"long":["توقيت وسط أوروبا الرسمي","توقيت وسط أوروبا الصيفي"]},"Europe/Madrid":{"long":["توقيت وسط أوروبا الرسمي","توقيت وسط أوروبا الصيفي"]},"Europe/Gibraltar":{"long":["توقيت وسط أوروبا الرسمي","توقيت وسط أوروبا الصيفي"]},"Europe/Zagreb":{"long":["توقيت وسط أوروبا الرسمي","توقيت وسط أوروبا الصيفي"]},"Europe/Budapest":{"long":["توقيت وسط أوروبا الرسمي","توقيت وسط أوروبا الصيفي"]},"Europe/Rome":{"long":["توقيت وسط أوروبا الرسمي","توقيت وسط أوروبا الصيفي"]},"Europe/Vaduz":{"long":["توقيت وسط أوروبا الرسمي","توقيت وسط أوروبا الصيفي"]},"Europe/Luxembourg":{"long":["توقيت وسط أوروبا الرسمي","توقيت وسط أوروبا الصيفي"]},"Europe/Monaco":{"long":["توقيت وسط أوروبا الرسمي","توقيت وسط أوروبا الصيفي"]},"Europe/Podgorica":{"long":["توقيت وسط أوروبا الرسمي","توقيت وسط أوروبا الصيفي"]},"Europe/Skopje":{"long":["توقيت وسط أوروبا الرسمي","توقيت وسط أوروبا الصيفي"]},"Europe/Malta":{"long":["توقيت وسط أوروبا الرسمي","توقيت وسط أوروبا الصيفي"]},"Europe/Amsterdam":{"long":["توقيت وسط أوروبا الرسمي","توقيت وسط أوروبا الصيفي"]},"Europe/Oslo":{"long":["توقيت وسط أوروبا الرسمي","توقيت وسط أوروبا الصيفي"]},"Europe/Warsaw":{"long":["توقيت وسط أوروبا الرسمي","توقيت وسط أوروبا الصيفي"]},"Europe/Belgrade":{"long":["توقيت وسط أوروبا الرسمي","توقيت وسط أوروبا الصيفي"]},"Europe/Stockholm":{"long":["توقيت وسط أوروبا الرسمي","توقيت وسط أوروبا الصيفي"]},"Europe/Ljubljana":{"long":["توقيت وسط أوروبا الرسمي","توقيت وسط أوروبا الصيفي"]},"Arctic/Longyearbyen":{"long":["توقيت وسط أوروبا الرسمي","توقيت وسط أوروبا الصيفي"]},"Europe/Bratislava":{"long":["توقيت وسط أوروبا الرسمي","توقيت وسط أوروبا الصيفي"]},"Europe/San_Marino":{"long":["توقيت وسط أوروبا الرسمي","توقيت وسط أوروبا الصيفي"]},"Africa/Tunis":{"long":["توقيت وسط أوروبا الرسمي","توقيت وسط أوروبا الصيفي"]},"Europe/Vatican":{"long":["توقيت وسط أوروبا الرسمي","توقيت وسط أوروبا الصيفي"]},"Europe/Bucharest":{"long":["توقيت شرق أوروبا الرسمي","توقيت شرق أوروبا الصيفي"]},"Europe/Mariehamn":{"long":["توقيت شرق أوروبا الرسمي","توقيت شرق أوروبا الصيفي"]},"Europe/Sofia":{"long":["توقيت شرق أوروبا الرسمي","توقيت شرق أوروبا الصيفي"]},"Asia/Nicosia":{"long":["توقيت شرق أوروبا الرسمي","توقيت شرق أوروبا الصيفي"]},"Africa/Cairo":{"long":["توقيت شرق أوروبا الرسمي","توقيت شرق أوروبا الصيفي"]},"Europe/Helsinki":{"long":["توقيت شرق أوروبا الرسمي","توقيت شرق أوروبا الصيفي"]},"Europe/Athens":{"long":["توقيت شرق أوروبا الرسمي","توقيت شرق أوروبا الصيفي"]},"Asia/Amman":{"long":["توقيت شرق أوروبا الرسمي","توقيت شرق أوروبا الصيفي"]},"Asia/Beirut":{"long":["توقيت شرق أوروبا الرسمي","توقيت شرق أوروبا الصيفي"]},"Asia/Damascus":{"long":["توقيت شرق أوروبا الرسمي","توقيت شرق أوروبا الصيفي"]},"Europe/Minsk":{"long":["التوقيت الأوروبي (أكثر شرقًا)","التوقيت الأوروبي (أكثر شرقًا)"]},"Europe/Kaliningrad":{"long":["التوقيت الأوروبي (أكثر شرقًا)","التوقيت الأوروبي (أكثر شرقًا)"]},"Atlantic/Canary":{"long":["توقيت غرب أوروبا الرسمي","توقيت غرب أوروبا الصيفي"]},"Atlantic/Faeroe":{"long":["توقيت غرب أوروبا الرسمي","توقيت غرب أوروبا الصيفي"]},"Atlantic/Stanley":{"long":["توقيت جزر فوكلاند الرسمي","توقيت جزر فوكلاند الصيفي"]},"Pacific/Fiji":{"long":["توقيت فيجي الرسمي","توقيت فيجي الصيفي"]},"America/Cayenne":{"long":["توقيت غويانا الفرنسية","توقيت غويانا الفرنسية"]},"Indian/Kerguelen":{"long":["توقيت المقاطعات الفرنسية الجنوبية والأنتارتيكية","توقيت المقاطعات الفرنسية الجنوبية والأنتارتيكية"]},"Asia/Bishkek":{"long":["توقيت قيرغيزستان","توقيت قيرغيزستان"]},"Pacific/Galapagos":{"long":["توقيت غلاباغوس","توقيت غلاباغوس"]},"Pacific/Gambier":{"long":["توقيت جامبير","توقيت جامبير"]},"Pacific/Tarawa":{"long":["توقيت جزر جيلبرت","توقيت جزر جيلبرت"]},"Atlantic/Reykjavik":{"long":["توقيت غرينتش","توقيت غرينتش"]},"Africa/Ouagadougou":{"long":["توقيت غرينتش","توقيت غرينتش"]},"Africa/Abidjan":{"long":["توقيت غرينتش","توقيت غرينتش"]},"Africa/Accra":{"long":["توقيت غرينتش","توقيت غرينتش"]},"Africa/Banjul":{"long":["توقيت غرينتش","توقيت غرينتش"]},"Africa/Conakry":{"long":["توقيت غرينتش","توقيت غرينتش"]},"Africa/Bamako":{"long":["توقيت غرينتش","توقيت غرينتش"]},"Africa/Nouakchott":{"long":["توقيت غرينتش","توقيت غرينتش"]},"Atlantic/St_Helena":{"long":["توقيت غرينتش","توقيت غرينتش"]},"Africa/Freetown":{"long":["توقيت غرينتش","توقيت غرينتش"]},"Africa/Dakar":{"long":["توقيت غرينتش","توقيت غرينتش"]},"Africa/Lome":{"long":["توقيت غرينتش","توقيت غرينتش"]},"America/Scoresbysund":{"long":["توقيت شرق غرينلاند الرسمي","توقيت شرق غرينلاند الصيفي"]},"America/Godthab":{"long":["توقيت غرب غرينلاند الرسمي","توقيت غرب غرينلاند الصيفي"]},"Asia/Dubai":{"long":["توقيت الخليج","توقيت الخليج"],"short":["GST","GST"]},"Asia/Muscat":{"long":["توقيت الخليج","توقيت الخليج"],"short":["GST","GST"]},"America/Guyana":{"long":["توقيت غيانا","توقيت غيانا"]},"Pacific/Honolulu":{"long":["توقيت هاواي ألوتيان الرسمي","توقيت هاواي ألوتيان الصيفي"]},"Asia/Hong_Kong":{"long":["توقيت هونغ كونغ الرسمي","توقيت هونغ كونغ الصيفي"]},"Asia/Hovd":{"long":["توقيت هوفد الرسمي","توقيت هوفد الصيفي"]},"Asia/Calcutta":{"long":["توقيت الهند","توقيت الهند"]},"Indian/Chagos":{"long":["توقيت المحيط الهندي","توقيت المحيط الهندي"]},"Asia/Bangkok":{"long":["توقيت الهند الصينية","توقيت الهند الصينية"]},"Asia/Phnom_Penh":{"long":["توقيت الهند الصينية","توقيت الهند الصينية"]},"Asia/Vientiane":{"long":["توقيت الهند الصينية","توقيت الهند الصينية"]},"Asia/Makassar":{"long":["توقيت وسط إندونيسيا","توقيت وسط إندونيسيا"]},"Asia/Jayapura":{"long":["توقيت شرق إندونيسيا","توقيت شرق إندونيسيا"]},"Asia/Jakarta":{"long":["توقيت غرب إندونيسيا","توقيت غرب إندونيسيا"]},"Asia/Tehran":{"long":["توقيت إيران الرسمي","توقيت إيران الصيفي"]},"Asia/Irkutsk":{"long":["توقيت إركوتسك الرسمي","توقيت إركوتسك الصيفي"]},"Asia/Jerusalem":{"long":["توقيت إسرائيل الرسمي","توقيت إسرائيل الصيفي"]},"Asia/Tokyo":{"long":["توقيت اليابان الرسمي","توقيت اليابان الصيفي"]},"Asia/Kamchatka":{"long":["توقيت بيتروبافلوفسك-كامتشاتسكي","توقيت بيتروبافلوفسك-كامتشاتسكي الصيفي"]},"Asia/Karachi":{"long":["توقيت باكستان الرسمي","توقيت باكستان الصيفي"]},"Asia/Seoul":{"long":["توقيت كوريا الرسمي","توقيت كوريا الصيفي"]},"Pacific/Kosrae":{"long":["توقيت كوسرا","توقيت كوسرا"]},"Asia/Krasnoyarsk":{"long":["توقيت كراسنويارسك الرسمي","التوقيت الصيفي لكراسنويارسك"]},"Europe/Samara":{"long":["توقيت سمارا","توقيت سمارا الصيفي"]},"Pacific/Kiritimati":{"long":["توقيت جزر لاين","توقيت جزر لاين"]},"Australia/Lord_Howe":{"long":["توقيت لورد هاو الرسمي","التوقيت الصيفي للورد هاو"]},"Antarctica/Macquarie":{"long":["توقيت ماكواري","توقيت ماكواري"]},"Asia/Magadan":{"long":["توقيت ماغادان الرسمي","توقيت ماغادان الصيفي"]},"Indian/Maldives":{"long":["توقيت جزر المالديف","توقيت جزر المالديف"]},"Pacific/Marquesas":{"long":["توقيت ماركيساس","توقيت ماركيساس"]},"Pacific/Majuro":{"long":["توقيت جزر مارشال","توقيت جزر مارشال"]},"Indian/Mauritius":{"long":["توقيت موريشيوس الرسمي","توقيت موريشيوس الصيفي"]},"Antarctica/Mawson":{"long":["توقيت ماوسون","توقيت ماوسون"]},"America/Santa_Isabel":{"long":["التوقيت الرسمي لشمال غرب المكسيك","التوقيت الصيفي لشمال غرب المكسيك"]},"America/Mazatlan":{"long":["توقيت المحيط الهادي الرسمي للمكسيك","توقيت المحيط الهادي الصيفي للمكسيك"]},"Asia/Ulaanbaatar":{"long":["توقيت أولان باتور الرسمي","توقيت أولان باتور الصيفي"]},"Europe/Moscow":{"long":["توقيت موسكو الرسمي","توقيت موسكو الصيفي"]},"Asia/Rangoon":{"long":["توقيت ميانمار","توقيت ميانمار"]},"Pacific/Nauru":{"long":["توقيت ناورو","توقيت ناورو"]},"Asia/Katmandu":{"long":["توقيت نيبال","توقيت نيبال"]},"Pacific/Noumea":{"long":["توقيت كاليدونيا الجديدة الرسمي","توقيت كاليدونيا الجديدة الصيفي"]},"Pacific/Auckland":{"long":["توقيت نيوزيلندا الرسمي","توقيت نيوزيلندا الصيفي"]},"Antarctica/McMurdo":{"long":["توقيت نيوزيلندا الرسمي","توقيت نيوزيلندا الصيفي"]},"America/St_Johns":{"long":["توقيت نيوفاوندلاند الرسمي","توقيت نيوفاوندلاند الصيفي"]},"Pacific/Niue":{"long":["توقيت نيوي","توقيت نيوي"]},"Pacific/Norfolk":{"long":["توقيت جزيرة نورفولك الرسمي","توقيت جزيرة نورفولك الصيفي"]},"America/Noronha":{"long":["توقيت فرناندو دي نورونها الرسمي","توقيت فرناندو دي نورونها الصيفي"]},"Asia/Novosibirsk":{"long":["توقيت نوفوسيبيرسك الرسمي","توقيت نوفوسيبيرسك الصيفي"]},"Asia/Omsk":{"long":["توقيت أومسك الرسمي","توقيت أومسك الصيفي"]},"Pacific/Palau":{"long":["توقيت بالاو","توقيت بالاو"]},"Pacific/Port_Moresby":{"long":["توقيت بابوا غينيا الجديدة","توقيت بابوا غينيا الجديدة"]},"America/Asuncion":{"long":["توقيت باراغواي الرسمي","توقيت باراغواي الصيفي"]},"America/Lima":{"long":["توقيت بيرو الرسمي","توقيت بيرو الصيفي"]},"Asia/Manila":{"long":["توقيت الفيلبين الرسمي","توقيت الفيلبين الصيفي"]},"Pacific/Enderbury":{"long":["توقيت جزر فينكس","توقيت جزر فينكس"]},"America/Miquelon":{"long":["توقيت سانت بيير وميكولون الرسمي","توقيت سانت بيير وميكولون الصيفي"]},"Pacific/Pitcairn":{"long":["توقيت بيتكيرن","توقيت بيتكيرن"]},"Pacific/Ponape":{"long":["توقيت بونابي","توقيت بونابي"]},"Asia/Pyongyang":{"long":["توقيت بيونغ يانغ","توقيت بيونغ يانغ"]},"Indian/Reunion":{"long":["توقيت روينيون","توقيت روينيون"]},"Antarctica/Rothera":{"long":["توقيت روثيرا","توقيت روثيرا"]},"Asia/Sakhalin":{"long":["توقيت ساخالين الرسمي","توقيت ساخالين الصيفي"]},"Pacific/Pago_Pago":{"long":["توقيت ساموا الرسمي","توقيت ساموا الصيفي"]},"Indian/Mahe":{"long":["توقيت سيشل","توقيت سيشل"]},"Asia/Singapore":{"long":["توقيت سنغافورة","توقيت سنغافورة"]},"Pacific/Guadalcanal":{"long":["توقيت جزر سليمان","توقيت جزر سليمان"]},"Atlantic/South_Georgia":{"long":["توقيت جنوب جورجيا","توقيت جنوب جورجيا"]},"Asia/Yekaterinburg":{"long":["توقيت يكاترينبورغ الرسمي","توقيت يكاترينبورغ الصيفي"]},"Antarctica/Syowa":{"long":["توقيت سايووا","توقيت سايووا"]},"Pacific/Tahiti":{"long":["توقيت تاهيتي","توقيت تاهيتي"]},"Asia/Taipei":{"long":["توقيت تايبيه الرسمي","توقيت تايبيه الصيفي"]},"Asia/Tashkent":{"long":["توقيت أوزبكستان الرسمي","توقيت أوزبكستان الصيفي"]},"Pacific/Fakaofo":{"long":["توقيت توكيلاو","توقيت توكيلاو"]},"Pacific/Tongatapu":{"long":["توقيت تونغا الرسمي","توقيت تونغا الصيفي"]},"Pacific/Truk":{"long":["توقيت شوك","توقيت شوك"]},"Pacific/Funafuti":{"long":["توقيت توفالو","توقيت توفالو"]},"America/Montevideo":{"long":["توقيت أوروغواي الرسمي","توقيت أوروغواي الصيفي"]},"Pacific/Efate":{"long":["توقيت فانواتو الرسمي","توقيت فانواتو الصيفي"]},"America/Caracas":{"long":["توقيت فنزويلا","توقيت فنزويلا"]},"Asia/Vladivostok":{"long":["توقيت فلاديفوستوك الرسمي","توقيت فلاديفوستوك الصيفي"]},"Europe/Volgograd":{"long":["توقيت فولغوغراد الرسمي","توقيت فولغوغراد الصيفي"]},"Antarctica/Vostok":{"long":["توقيت فوستوك","توقيت فوستوك"]},"Pacific/Wake":{"long":["توقيت جزيرة ويك","توقيت جزيرة ويك"]},"Pacific/Wallis":{"long":["توقيت واليس و فوتونا","توقيت واليس و فوتونا"]},"Asia/Yakutsk":{"long":["توقيت ياكوتسك الرسمي","توقيت ياكوتسك الصيفي"]},"UTC":{"long":["التوقيت العالمي المنسق","التوقيت العالمي المنسق"],"short":["UTC","UTC"]}},"gmtFormat":"غرينتش{0}","hourFormat":"+HH:mm;-HH:mm","dateFormat":{"full":"EEEE، d MMMM y","long":"d MMMM y","medium":"dd‏/MM‏/y","short":"d‏/M‏/y"},"timeFormat":{"full":"h:mm:ss a zzzz","long":"h:mm:ss a z","medium":"h:mm:ss a","short":"h:mm a"},"dateTimeFormat":{"full":"{1} في {0}","long":"{1} في {0}","medium":"{1}, {0}","short":"{1}, {0}"},"formats":{"gregory":{"Bh":"h B","Bhm":"h:mm B","Bhms":"h:mm:ss B","d":"d","E":"ccc","EBhm":"E h:mm B","EBhms":"E h:mm:ss B","Ed":"E، d","Ehm":"E h:mm a","EHm":"E HH:mm","Ehms":"E h:mm:ss a","EHms":"E HH:mm:ss","Gy":"y G","GyMMM":"MMM y G","GyMMMd":"d MMM y G","GyMMMEd":"E، d MMM y G","h":"h a","H":"HH","hm":"h:mm a","Hm":"HH:mm","hms":"h:mm:ss a","Hms":"HH:mm:ss","hmsv":"h:mm:ss a v","Hmsv":"HH:mm:ss v","hmv":"h:mm a v","Hmv":"HH:mm v","M":"L","Md":"d/‏M","MEd":"E، d/‏M","MMdd":"dd‏/MM","MMM":"LLL","MMMd":"d MMM","MMMEd":"E، d MMM","MMMMd":"d MMMM","MMMMEd":"E، d MMMM","ms":"mm:ss","y":"y","yM":"M‏/y","yMd":"d‏/M‏/y","yMEd":"E، d/‏M/‏y","yMM":"MM‏/y","yMMM":"MMM y","yMMMd":"d MMM y","yMMMEd":"E، d MMM y","yMMMM":"MMMM y","EEEE، d MMMM y":"EEEE، d MMMM y","d MMMM y":"d MMMM y","dd‏/MM‏/y":"dd‏/MM‏/y","d‏/M‏/y":"d‏/M‏/y","h:mm:ss a zzzz":"h:mm:ss a zzzz","h:mm:ss a z":"h:mm:ss a z","h:mm:ss a":"h:mm:ss a","h:mm a":"h:mm a","EEEE، d MMMM y في h:mm:ss a zzzz":"EEEE، d MMMM y في h:mm:ss a zzzz","d MMMM y في h:mm:ss a zzzz":"d MMMM y في h:mm:ss a zzzz","dd‏/MM‏/y, h:mm:ss a zzzz":"dd‏/MM‏/y, h:mm:ss a zzzz","d‏/M‏/y, h:mm:ss a zzzz":"d‏/M‏/y, h:mm:ss a zzzz","d, h:mm:ss a zzzz":"d, h:mm:ss a zzzz","E, h:mm:ss a zzzz":"ccc, h:mm:ss a zzzz","Ed, h:mm:ss a zzzz":"E، d, h:mm:ss a zzzz","Gy, h:mm:ss a zzzz":"y G, h:mm:ss a zzzz","GyMMM, h:mm:ss a zzzz":"MMM y G, h:mm:ss a zzzz","GyMMMd, h:mm:ss a zzzz":"d MMM y G, h:mm:ss a zzzz","GyMMMEd, h:mm:ss a zzzz":"E، d MMM y G, h:mm:ss a zzzz","M, h:mm:ss a zzzz":"L, h:mm:ss a zzzz","Md, h:mm:ss a zzzz":"d/‏M, h:mm:ss a zzzz","MEd, h:mm:ss a zzzz":"E، d/‏M, h:mm:ss a zzzz","MMdd, h:mm:ss a zzzz":"dd‏/MM, h:mm:ss a zzzz","MMM, h:mm:ss a zzzz":"LLL, h:mm:ss a zzzz","MMMd, h:mm:ss a zzzz":"d MMM, h:mm:ss a zzzz","MMMEd, h:mm:ss a zzzz":"E، d MMM, h:mm:ss a zzzz","MMMMd في h:mm:ss a zzzz":"d MMMM في h:mm:ss a zzzz","MMMMEd في h:mm:ss a zzzz":"E، d MMMM في h:mm:ss a zzzz","y, h:mm:ss a zzzz":"y, h:mm:ss a zzzz","yM, h:mm:ss a zzzz":"M‏/y, h:mm:ss a zzzz","yMd, h:mm:ss a zzzz":"d‏/M‏/y, h:mm:ss a zzzz","yMEd, h:mm:ss a zzzz":"E، d/‏M/‏y, h:mm:ss a zzzz","yMM, h:mm:ss a zzzz":"MM‏/y, h:mm:ss a zzzz","yMMM, h:mm:ss a zzzz":"MMM y, h:mm:ss a zzzz","yMMMd, h:mm:ss a zzzz":"d MMM y, h:mm:ss a zzzz","yMMMEd, h:mm:ss a zzzz":"E، d MMM y, h:mm:ss a zzzz","yMMMM في h:mm:ss a zzzz":"MMMM y في h:mm:ss a zzzz","EEEE، d MMMM y في h:mm:ss a z":"EEEE، d MMMM y في h:mm:ss a z","d MMMM y في h:mm:ss a z":"d MMMM y في h:mm:ss a z","dd‏/MM‏/y, h:mm:ss a z":"dd‏/MM‏/y, h:mm:ss a z","d‏/M‏/y, h:mm:ss a z":"d‏/M‏/y, h:mm:ss a z","d, h:mm:ss a z":"d, h:mm:ss a z","E, h:mm:ss a z":"ccc, h:mm:ss a z","Ed, h:mm:ss a z":"E، d, h:mm:ss a z","Gy, h:mm:ss a z":"y G, h:mm:ss a z","GyMMM, h:mm:ss a z":"MMM y G, h:mm:ss a z","GyMMMd, h:mm:ss a z":"d MMM y G, h:mm:ss a z","GyMMMEd, h:mm:ss a z":"E، d MMM y G, h:mm:ss a z","M, h:mm:ss a z":"L, h:mm:ss a z","Md, h:mm:ss a z":"d/‏M, h:mm:ss a z","MEd, h:mm:ss a z":"E، d/‏M, h:mm:ss a z","MMdd, h:mm:ss a z":"dd‏/MM, h:mm:ss a z","MMM, h:mm:ss a z":"LLL, h:mm:ss a z","MMMd, h:mm:ss a z":"d MMM, h:mm:ss a z","MMMEd, h:mm:ss a z":"E، d MMM, h:mm:ss a z","MMMMd في h:mm:ss a z":"d MMMM في h:mm:ss a z","MMMMEd في h:mm:ss a z":"E، d MMMM في h:mm:ss a z","y, h:mm:ss a z":"y, h:mm:ss a z","yM, h:mm:ss a z":"M‏/y, h:mm:ss a z","yMd, h:mm:ss a z":"d‏/M‏/y, h:mm:ss a z","yMEd, h:mm:ss a z":"E، d/‏M/‏y, h:mm:ss a z","yMM, h:mm:ss a z":"MM‏/y, h:mm:ss a z","yMMM, h:mm:ss a z":"MMM y, h:mm:ss a z","yMMMd, h:mm:ss a z":"d MMM y, h:mm:ss a z","yMMMEd, h:mm:ss a z":"E، d MMM y, h:mm:ss a z","yMMMM في h:mm:ss a z":"MMMM y في h:mm:ss a z","EEEE، d MMMM y في h:mm:ss a":"EEEE، d MMMM y في h:mm:ss a","d MMMM y في h:mm:ss a":"d MMMM y في h:mm:ss a","dd‏/MM‏/y, h:mm:ss a":"dd‏/MM‏/y, h:mm:ss a","d‏/M‏/y, h:mm:ss a":"d‏/M‏/y, h:mm:ss a","d, h:mm:ss a":"d, h:mm:ss a","E, h:mm:ss a":"ccc, h:mm:ss a","Ed, h:mm:ss a":"E، d, h:mm:ss a","Gy, h:mm:ss a":"y G, h:mm:ss a","GyMMM, h:mm:ss a":"MMM y G, h:mm:ss a","GyMMMd, h:mm:ss a":"d MMM y G, h:mm:ss a","GyMMMEd, h:mm:ss a":"E، d MMM y G, h:mm:ss a","M, h:mm:ss a":"L, h:mm:ss a","Md, h:mm:ss a":"d/‏M, h:mm:ss a","MEd, h:mm:ss a":"E، d/‏M, h:mm:ss a","MMdd, h:mm:ss a":"dd‏/MM, h:mm:ss a","MMM, h:mm:ss a":"LLL, h:mm:ss a","MMMd, h:mm:ss a":"d MMM, h:mm:ss a","MMMEd, h:mm:ss a":"E، d MMM, h:mm:ss a","MMMMd في h:mm:ss a":"d MMMM في h:mm:ss a","MMMMEd في h:mm:ss a":"E، d MMMM في h:mm:ss a","y, h:mm:ss a":"y, h:mm:ss a","yM, h:mm:ss a":"M‏/y, h:mm:ss a","yMd, h:mm:ss a":"d‏/M‏/y, h:mm:ss a","yMEd, h:mm:ss a":"E، d/‏M/‏y, h:mm:ss a","yMM, h:mm:ss a":"MM‏/y, h:mm:ss a","yMMM, h:mm:ss a":"MMM y, h:mm:ss a","yMMMd, h:mm:ss a":"d MMM y, h:mm:ss a","yMMMEd, h:mm:ss a":"E، d MMM y, h:mm:ss a","yMMMM في h:mm:ss a":"MMMM y في h:mm:ss a","EEEE، d MMMM y في h:mm a":"EEEE، d MMMM y في h:mm a","d MMMM y في h:mm a":"d MMMM y في h:mm a","dd‏/MM‏/y, h:mm a":"dd‏/MM‏/y, h:mm a","d‏/M‏/y, h:mm a":"d‏/M‏/y, h:mm a","d, h:mm a":"d, h:mm a","E, h:mm a":"ccc, h:mm a","Ed, h:mm a":"E، d, h:mm a","Gy, h:mm a":"y G, h:mm a","GyMMM, h:mm a":"MMM y G, h:mm a","GyMMMd, h:mm a":"d MMM y G, h:mm a","GyMMMEd, h:mm a":"E، d MMM y G, h:mm a","M, h:mm a":"L, h:mm a","Md, h:mm a":"d/‏M, h:mm a","MEd, h:mm a":"E، d/‏M, h:mm a","MMdd, h:mm a":"dd‏/MM, h:mm a","MMM, h:mm a":"LLL, h:mm a","MMMd, h:mm a":"d MMM, h:mm a","MMMEd, h:mm a":"E، d MMM, h:mm a","MMMMd في h:mm a":"d MMMM في h:mm a","MMMMEd في h:mm a":"E، d MMMM في h:mm a","y, h:mm a":"y, h:mm a","yM, h:mm a":"M‏/y, h:mm a","yMd, h:mm a":"d‏/M‏/y, h:mm a","yMEd, h:mm a":"E، d/‏M/‏y, h:mm a","yMM, h:mm a":"MM‏/y, h:mm a","yMMM, h:mm a":"MMM y, h:mm a","yMMMd, h:mm a":"d MMM y, h:mm a","yMMMEd, h:mm a":"E، d MMM y, h:mm a","yMMMM في h:mm a":"MMMM y في h:mm a","EEEE، d MMMM y في Bh":"EEEE، d MMMM y في h B","d MMMM y في Bh":"d MMMM y في h B","dd‏/MM‏/y, Bh":"dd‏/MM‏/y, h B","d‏/M‏/y, Bh":"d‏/M‏/y, h B","d, Bh":"d, h B","E, Bh":"ccc, h B","Ed, Bh":"E، d, h B","Gy, Bh":"y G, h B","GyMMM, Bh":"MMM y G, h B","GyMMMd, Bh":"d MMM y G, h B","GyMMMEd, Bh":"E، d MMM y G, h B","M, Bh":"L, h B","Md, Bh":"d/‏M, h B","MEd, Bh":"E، d/‏M, h B","MMdd, Bh":"dd‏/MM, h B","MMM, Bh":"LLL, h B","MMMd, Bh":"d MMM, h B","MMMEd, Bh":"E، d MMM, h B","MMMMd في Bh":"d MMMM في h B","MMMMEd في Bh":"E، d MMMM في h B","y, Bh":"y, h B","yM, Bh":"M‏/y, h B","yMd, Bh":"d‏/M‏/y, h B","yMEd, Bh":"E، d/‏M/‏y, h B","yMM, Bh":"MM‏/y, h B","yMMM, Bh":"MMM y, h B","yMMMd, Bh":"d MMM y, h B","yMMMEd, Bh":"E، d MMM y, h B","yMMMM في Bh":"MMMM y في h B","EEEE، d MMMM y في Bhm":"EEEE، d MMMM y في h:mm B","d MMMM y في Bhm":"d MMMM y في h:mm B","dd‏/MM‏/y, Bhm":"dd‏/MM‏/y, h:mm B","d‏/M‏/y, Bhm":"d‏/M‏/y, h:mm B","d, Bhm":"d, h:mm B","E, Bhm":"ccc, h:mm B","Ed, Bhm":"E، d, h:mm B","Gy, Bhm":"y G, h:mm B","GyMMM, Bhm":"MMM y G, h:mm B","GyMMMd, Bhm":"d MMM y G, h:mm B","GyMMMEd, Bhm":"E، d MMM y G, h:mm B","M, Bhm":"L, h:mm B","Md, Bhm":"d/‏M, h:mm B","MEd, Bhm":"E، d/‏M, h:mm B","MMdd, Bhm":"dd‏/MM, h:mm B","MMM, Bhm":"LLL, h:mm B","MMMd, Bhm":"d MMM, h:mm B","MMMEd, Bhm":"E، d MMM, h:mm B","MMMMd في Bhm":"d MMMM في h:mm B","MMMMEd في Bhm":"E، d MMMM في h:mm B","y, Bhm":"y, h:mm B","yM, Bhm":"M‏/y, h:mm B","yMd, Bhm":"d‏/M‏/y, h:mm B","yMEd, Bhm":"E، d/‏M/‏y, h:mm B","yMM, Bhm":"MM‏/y, h:mm B","yMMM, Bhm":"MMM y, h:mm B","yMMMd, Bhm":"d MMM y, h:mm B","yMMMEd, Bhm":"E، d MMM y, h:mm B","yMMMM في Bhm":"MMMM y في h:mm B","EEEE، d MMMM y في Bhms":"EEEE، d MMMM y في h:mm:ss B","d MMMM y في Bhms":"d MMMM y في h:mm:ss B","dd‏/MM‏/y, Bhms":"dd‏/MM‏/y, h:mm:ss B","d‏/M‏/y, Bhms":"d‏/M‏/y, h:mm:ss B","d, Bhms":"d, h:mm:ss B","E, Bhms":"ccc, h:mm:ss B","Ed, Bhms":"E، d, h:mm:ss B","Gy, Bhms":"y G, h:mm:ss B","GyMMM, Bhms":"MMM y G, h:mm:ss B","GyMMMd, Bhms":"d MMM y G, h:mm:ss B","GyMMMEd, Bhms":"E، d MMM y G, h:mm:ss B","M, Bhms":"L, h:mm:ss B","Md, Bhms":"d/‏M, h:mm:ss B","MEd, Bhms":"E، d/‏M, h:mm:ss B","MMdd, Bhms":"dd‏/MM, h:mm:ss B","MMM, Bhms":"LLL, h:mm:ss B","MMMd, Bhms":"d MMM, h:mm:ss B","MMMEd, Bhms":"E، d MMM, h:mm:ss B","MMMMd في Bhms":"d MMMM في h:mm:ss B","MMMMEd في Bhms":"E، d MMMM في h:mm:ss B","y, Bhms":"y, h:mm:ss B","yM, Bhms":"M‏/y, h:mm:ss B","yMd, Bhms":"d‏/M‏/y, h:mm:ss B","yMEd, Bhms":"E، d/‏M/‏y, h:mm:ss B","yMM, Bhms":"MM‏/y, h:mm:ss B","yMMM, Bhms":"MMM y, h:mm:ss B","yMMMd, Bhms":"d MMM y, h:mm:ss B","yMMMEd, Bhms":"E، d MMM y, h:mm:ss B","yMMMM في Bhms":"MMMM y في h:mm:ss B","EEEE، d MMMM y في h":"EEEE، d MMMM y في h a","d MMMM y في h":"d MMMM y في h a","dd‏/MM‏/y, h":"dd‏/MM‏/y, h a","d‏/M‏/y, h":"d‏/M‏/y, h a","d, h":"d, h a","E, h":"ccc, h a","Ed, h":"E، d, h a","Gy, h":"y G, h a","GyMMM, h":"MMM y G, h a","GyMMMd, h":"d MMM y G, h a","GyMMMEd, h":"E، d MMM y G, h a","M, h":"L, h a","Md, h":"d/‏M, h a","MEd, h":"E، d/‏M, h a","MMdd, h":"dd‏/MM, h a","MMM, h":"LLL, h a","MMMd, h":"d MMM, h a","MMMEd, h":"E، d MMM, h a","MMMMd في h":"d MMMM في h a","MMMMEd في h":"E، d MMMM في h a","y, h":"y, h a","yM, h":"M‏/y, h a","yMd, h":"d‏/M‏/y, h a","yMEd, h":"E، d/‏M/‏y, h a","yMM, h":"MM‏/y, h a","yMMM, h":"MMM y, h a","yMMMd, h":"d MMM y, h a","yMMMEd, h":"E، d MMM y, h a","yMMMM في h":"MMMM y في h a","EEEE، d MMMM y في H":"EEEE، d MMMM y في HH","d MMMM y في H":"d MMMM y في HH","dd‏/MM‏/y, H":"dd‏/MM‏/y, HH","d‏/M‏/y, H":"d‏/M‏/y, HH","d, H":"d, HH","E, H":"ccc, HH","Ed, H":"E، d, HH","Gy, H":"y G, HH","GyMMM, H":"MMM y G, HH","GyMMMd, H":"d MMM y G, HH","GyMMMEd, H":"E، d MMM y G, HH","M, H":"L, HH","Md, H":"d/‏M, HH","MEd, H":"E، d/‏M, HH","MMdd, H":"dd‏/MM, HH","MMM, H":"LLL, HH","MMMd, H":"d MMM, HH","MMMEd, H":"E، d MMM, HH","MMMMd في H":"d MMMM في HH","MMMMEd في H":"E، d MMMM في HH","y, H":"y, HH","yM, H":"M‏/y, HH","yMd, H":"d‏/M‏/y, HH","yMEd, H":"E، d/‏M/‏y, HH","yMM, H":"MM‏/y, HH","yMMM, H":"MMM y, HH","yMMMd, H":"d MMM y, HH","yMMMEd, H":"E، d MMM y, HH","yMMMM في H":"MMMM y في HH","EEEE، d MMMM y في hm":"EEEE، d MMMM y في h:mm a","d MMMM y في hm":"d MMMM y في h:mm a","dd‏/MM‏/y, hm":"dd‏/MM‏/y, h:mm a","d‏/M‏/y, hm":"d‏/M‏/y, h:mm a","d, hm":"d, h:mm a","E, hm":"ccc, h:mm a","Ed, hm":"E، d, h:mm a","Gy, hm":"y G, h:mm a","GyMMM, hm":"MMM y G, h:mm a","GyMMMd, hm":"d MMM y G, h:mm a","GyMMMEd, hm":"E، d MMM y G, h:mm a","M, hm":"L, h:mm a","Md, hm":"d/‏M, h:mm a","MEd, hm":"E، d/‏M, h:mm a","MMdd, hm":"dd‏/MM, h:mm a","MMM, hm":"LLL, h:mm a","MMMd, hm":"d MMM, h:mm a","MMMEd, hm":"E، d MMM, h:mm a","MMMMd في hm":"d MMMM في h:mm a","MMMMEd في hm":"E، d MMMM في h:mm a","y, hm":"y, h:mm a","yM, hm":"M‏/y, h:mm a","yMd, hm":"d‏/M‏/y, h:mm a","yMEd, hm":"E، d/‏M/‏y, h:mm a","yMM, hm":"MM‏/y, h:mm a","yMMM, hm":"MMM y, h:mm a","yMMMd, hm":"d MMM y, h:mm a","yMMMEd, hm":"E، d MMM y, h:mm a","yMMMM في hm":"MMMM y في h:mm a","EEEE، d MMMM y في Hm":"EEEE، d MMMM y في HH:mm","d MMMM y في Hm":"d MMMM y في HH:mm","dd‏/MM‏/y, Hm":"dd‏/MM‏/y, HH:mm","d‏/M‏/y, Hm":"d‏/M‏/y, HH:mm","d, Hm":"d, HH:mm","E, Hm":"ccc, HH:mm","Ed, Hm":"E، d, HH:mm","Gy, Hm":"y G, HH:mm","GyMMM, Hm":"MMM y G, HH:mm","GyMMMd, Hm":"d MMM y G, HH:mm","GyMMMEd, Hm":"E، d MMM y G, HH:mm","M, Hm":"L, HH:mm","Md, Hm":"d/‏M, HH:mm","MEd, Hm":"E، d/‏M, HH:mm","MMdd, Hm":"dd‏/MM, HH:mm","MMM, Hm":"LLL, HH:mm","MMMd, Hm":"d MMM, HH:mm","MMMEd, Hm":"E، d MMM, HH:mm","MMMMd في Hm":"d MMMM في HH:mm","MMMMEd في Hm":"E، d MMMM في HH:mm","y, Hm":"y, HH:mm","yM, Hm":"M‏/y, HH:mm","yMd, Hm":"d‏/M‏/y, HH:mm","yMEd, Hm":"E، d/‏M/‏y, HH:mm","yMM, Hm":"MM‏/y, HH:mm","yMMM, Hm":"MMM y, HH:mm","yMMMd, Hm":"d MMM y, HH:mm","yMMMEd, Hm":"E، d MMM y, HH:mm","yMMMM في Hm":"MMMM y في HH:mm","EEEE، d MMMM y في hms":"EEEE، d MMMM y في h:mm:ss a","d MMMM y في hms":"d MMMM y في h:mm:ss a","dd‏/MM‏/y, hms":"dd‏/MM‏/y, h:mm:ss a","d‏/M‏/y, hms":"d‏/M‏/y, h:mm:ss a","d, hms":"d, h:mm:ss a","E, hms":"ccc, h:mm:ss a","Ed, hms":"E، d, h:mm:ss a","Gy, hms":"y G, h:mm:ss a","GyMMM, hms":"MMM y G, h:mm:ss a","GyMMMd, hms":"d MMM y G, h:mm:ss a","GyMMMEd, hms":"E، d MMM y G, h:mm:ss a","M, hms":"L, h:mm:ss a","Md, hms":"d/‏M, h:mm:ss a","MEd, hms":"E، d/‏M, h:mm:ss a","MMdd, hms":"dd‏/MM, h:mm:ss a","MMM, hms":"LLL, h:mm:ss a","MMMd, hms":"d MMM, h:mm:ss a","MMMEd, hms":"E، d MMM, h:mm:ss a","MMMMd في hms":"d MMMM في h:mm:ss a","MMMMEd في hms":"E، d MMMM في h:mm:ss a","y, hms":"y, h:mm:ss a","yM, hms":"M‏/y, h:mm:ss a","yMd, hms":"d‏/M‏/y, h:mm:ss a","yMEd, hms":"E، d/‏M/‏y, h:mm:ss a","yMM, hms":"MM‏/y, h:mm:ss a","yMMM, hms":"MMM y, h:mm:ss a","yMMMd, hms":"d MMM y, h:mm:ss a","yMMMEd, hms":"E، d MMM y, h:mm:ss a","yMMMM في hms":"MMMM y في h:mm:ss a","EEEE، d MMMM y في Hms":"EEEE، d MMMM y في HH:mm:ss","d MMMM y في Hms":"d MMMM y في HH:mm:ss","dd‏/MM‏/y, Hms":"dd‏/MM‏/y, HH:mm:ss","d‏/M‏/y, Hms":"d‏/M‏/y, HH:mm:ss","d, Hms":"d, HH:mm:ss","E, Hms":"ccc, HH:mm:ss","Ed, Hms":"E، d, HH:mm:ss","Gy, Hms":"y G, HH:mm:ss","GyMMM, Hms":"MMM y G, HH:mm:ss","GyMMMd, Hms":"d MMM y G, HH:mm:ss","GyMMMEd, Hms":"E، d MMM y G, HH:mm:ss","M, Hms":"L, HH:mm:ss","Md, Hms":"d/‏M, HH:mm:ss","MEd, Hms":"E، d/‏M, HH:mm:ss","MMdd, Hms":"dd‏/MM, HH:mm:ss","MMM, Hms":"LLL, HH:mm:ss","MMMd, Hms":"d MMM, HH:mm:ss","MMMEd, Hms":"E، d MMM, HH:mm:ss","MMMMd في Hms":"d MMMM في HH:mm:ss","MMMMEd في Hms":"E، d MMMM في HH:mm:ss","y, Hms":"y, HH:mm:ss","yM, Hms":"M‏/y, HH:mm:ss","yMd, Hms":"d‏/M‏/y, HH:mm:ss","yMEd, Hms":"E، d/‏M/‏y, HH:mm:ss","yMM, Hms":"MM‏/y, HH:mm:ss","yMMM, Hms":"MMM y, HH:mm:ss","yMMMd, Hms":"d MMM y, HH:mm:ss","yMMMEd, Hms":"E، d MMM y, HH:mm:ss","yMMMM في Hms":"MMMM y في HH:mm:ss","EEEE، d MMMM y في hmsv":"EEEE، d MMMM y في h:mm:ss a v","d MMMM y في hmsv":"d MMMM y في h:mm:ss a v","dd‏/MM‏/y, hmsv":"dd‏/MM‏/y, h:mm:ss a v","d‏/M‏/y, hmsv":"d‏/M‏/y, h:mm:ss a v","d, hmsv":"d, h:mm:ss a v","E, hmsv":"ccc, h:mm:ss a v","Ed, hmsv":"E، d, h:mm:ss a v","Gy, hmsv":"y G, h:mm:ss a v","GyMMM, hmsv":"MMM y G, h:mm:ss a v","GyMMMd, hmsv":"d MMM y G, h:mm:ss a v","GyMMMEd, hmsv":"E، d MMM y G, h:mm:ss a v","M, hmsv":"L, h:mm:ss a v","Md, hmsv":"d/‏M, h:mm:ss a v","MEd, hmsv":"E، d/‏M, h:mm:ss a v","MMdd, hmsv":"dd‏/MM, h:mm:ss a v","MMM, hmsv":"LLL, h:mm:ss a v","MMMd, hmsv":"d MMM, h:mm:ss a v","MMMEd, hmsv":"E، d MMM, h:mm:ss a v","MMMMd في hmsv":"d MMMM في h:mm:ss a v","MMMMEd في hmsv":"E، d MMMM في h:mm:ss a v","y, hmsv":"y, h:mm:ss a v","yM, hmsv":"M‏/y, h:mm:ss a v","yMd, hmsv":"d‏/M‏/y, h:mm:ss a v","yMEd, hmsv":"E، d/‏M/‏y, h:mm:ss a v","yMM, hmsv":"MM‏/y, h:mm:ss a v","yMMM, hmsv":"MMM y, h:mm:ss a v","yMMMd, hmsv":"d MMM y, h:mm:ss a v","yMMMEd, hmsv":"E، d MMM y, h:mm:ss a v","yMMMM في hmsv":"MMMM y في h:mm:ss a v","EEEE، d MMMM y في Hmsv":"EEEE، d MMMM y في HH:mm:ss v","d MMMM y في Hmsv":"d MMMM y في HH:mm:ss v","dd‏/MM‏/y, Hmsv":"dd‏/MM‏/y, HH:mm:ss v","d‏/M‏/y, Hmsv":"d‏/M‏/y, HH:mm:ss v","d, Hmsv":"d, HH:mm:ss v","E, Hmsv":"ccc, HH:mm:ss v","Ed, Hmsv":"E، d, HH:mm:ss v","Gy, Hmsv":"y G, HH:mm:ss v","GyMMM, Hmsv":"MMM y G, HH:mm:ss v","GyMMMd, Hmsv":"d MMM y G, HH:mm:ss v","GyMMMEd, Hmsv":"E، d MMM y G, HH:mm:ss v","M, Hmsv":"L, HH:mm:ss v","Md, Hmsv":"d/‏M, HH:mm:ss v","MEd, Hmsv":"E، d/‏M, HH:mm:ss v","MMdd, Hmsv":"dd‏/MM, HH:mm:ss v","MMM, Hmsv":"LLL, HH:mm:ss v","MMMd, Hmsv":"d MMM, HH:mm:ss v","MMMEd, Hmsv":"E، d MMM, HH:mm:ss v","MMMMd في Hmsv":"d MMMM في HH:mm:ss v","MMMMEd في Hmsv":"E، d MMMM في HH:mm:ss v","y, Hmsv":"y, HH:mm:ss v","yM, Hmsv":"M‏/y, HH:mm:ss v","yMd, Hmsv":"d‏/M‏/y, HH:mm:ss v","yMEd, Hmsv":"E، d/‏M/‏y, HH:mm:ss v","yMM, Hmsv":"MM‏/y, HH:mm:ss v","yMMM, Hmsv":"MMM y, HH:mm:ss v","yMMMd, Hmsv":"d MMM y, HH:mm:ss v","yMMMEd, Hmsv":"E، d MMM y, HH:mm:ss v","yMMMM في Hmsv":"MMMM y في HH:mm:ss v","EEEE، d MMMM y في hmv":"EEEE، d MMMM y في h:mm a v","d MMMM y في hmv":"d MMMM y في h:mm a v","dd‏/MM‏/y, hmv":"dd‏/MM‏/y, h:mm a v","d‏/M‏/y, hmv":"d‏/M‏/y, h:mm a v","d, hmv":"d, h:mm a v","E, hmv":"ccc, h:mm a v","Ed, hmv":"E، d, h:mm a v","Gy, hmv":"y G, h:mm a v","GyMMM, hmv":"MMM y G, h:mm a v","GyMMMd, hmv":"d MMM y G, h:mm a v","GyMMMEd, hmv":"E، d MMM y G, h:mm a v","M, hmv":"L, h:mm a v","Md, hmv":"d/‏M, h:mm a v","MEd, hmv":"E، d/‏M, h:mm a v","MMdd, hmv":"dd‏/MM, h:mm a v","MMM, hmv":"LLL, h:mm a v","MMMd, hmv":"d MMM, h:mm a v","MMMEd, hmv":"E، d MMM, h:mm a v","MMMMd في hmv":"d MMMM في h:mm a v","MMMMEd في hmv":"E، d MMMM في h:mm a v","y, hmv":"y, h:mm a v","yM, hmv":"M‏/y, h:mm a v","yMd, hmv":"d‏/M‏/y, h:mm a v","yMEd, hmv":"E، d/‏M/‏y, h:mm a v","yMM, hmv":"MM‏/y, h:mm a v","yMMM, hmv":"MMM y, h:mm a v","yMMMd, hmv":"d MMM y, h:mm a v","yMMMEd, hmv":"E، d MMM y, h:mm a v","yMMMM في hmv":"MMMM y في h:mm a v","EEEE، d MMMM y في Hmv":"EEEE، d MMMM y في HH:mm v","d MMMM y في Hmv":"d MMMM y في HH:mm v","dd‏/MM‏/y, Hmv":"dd‏/MM‏/y, HH:mm v","d‏/M‏/y, Hmv":"d‏/M‏/y, HH:mm v","d, Hmv":"d, HH:mm v","E, Hmv":"ccc, HH:mm v","Ed, Hmv":"E، d, HH:mm v","Gy, Hmv":"y G, HH:mm v","GyMMM, Hmv":"MMM y G, HH:mm v","GyMMMd, Hmv":"d MMM y G, HH:mm v","GyMMMEd, Hmv":"E، d MMM y G, HH:mm v","M, Hmv":"L, HH:mm v","Md, Hmv":"d/‏M, HH:mm v","MEd, Hmv":"E، d/‏M, HH:mm v","MMdd, Hmv":"dd‏/MM, HH:mm v","MMM, Hmv":"LLL, HH:mm v","MMMd, Hmv":"d MMM, HH:mm v","MMMEd, Hmv":"E، d MMM, HH:mm v","MMMMd في Hmv":"d MMMM في HH:mm v","MMMMEd في Hmv":"E، d MMMM في HH:mm v","y, Hmv":"y, HH:mm v","yM, Hmv":"M‏/y, HH:mm v","yMd, Hmv":"d‏/M‏/y, HH:mm v","yMEd, Hmv":"E، d/‏M/‏y, HH:mm v","yMM, Hmv":"MM‏/y, HH:mm v","yMMM, Hmv":"MMM y, HH:mm v","yMMMd, Hmv":"d MMM y, HH:mm v","yMMMEd, Hmv":"E، d MMM y, HH:mm v","yMMMM في Hmv":"MMMM y في HH:mm v","EEEE، d MMMM y في ms":"EEEE، d MMMM y في mm:ss","d MMMM y في ms":"d MMMM y في mm:ss","dd‏/MM‏/y, ms":"dd‏/MM‏/y, mm:ss","d‏/M‏/y, ms":"d‏/M‏/y, mm:ss","d, ms":"d, mm:ss","E, ms":"ccc, mm:ss","Ed, ms":"E، d, mm:ss","Gy, ms":"y G, mm:ss","GyMMM, ms":"MMM y G, mm:ss","GyMMMd, ms":"d MMM y G, mm:ss","GyMMMEd, ms":"E، d MMM y G, mm:ss","M, ms":"L, mm:ss","Md, ms":"d/‏M, mm:ss","MEd, ms":"E، d/‏M, mm:ss","MMdd, ms":"dd‏/MM, mm:ss","MMM, ms":"LLL, mm:ss","MMMd, ms":"d MMM, mm:ss","MMMEd, ms":"E، d MMM, mm:ss","MMMMd في ms":"d MMMM في mm:ss","MMMMEd في ms":"E، d MMMM في mm:ss","y, ms":"y, mm:ss","yM, ms":"M‏/y, mm:ss","yMd, ms":"d‏/M‏/y, mm:ss","yMEd, ms":"E، d/‏M/‏y, mm:ss","yMM, ms":"MM‏/y, mm:ss","yMMM, ms":"MMM y, mm:ss","yMMMd, ms":"d MMM y, mm:ss","yMMMEd, ms":"E، d MMM y, mm:ss","yMMMM في ms":"MMMM y في mm:ss"}},"intervalFormats":{"intervalFormatFallback":"{0} – {1}","Bh":{"B":"h B – h B","h":"h–h B"},"Bhm":{"B":"h:mm B – h:mm B","h":"h:mm–h:mm B","m":"h:mm–h:mm B"},"d":{"d":"d–d"},"Gy":{"G":"y G – y G","y":"y – y G"},"GyM":{"G":"MM-y GGGG – MM-y GGGG","M":"MM-y – MM-y GGGG","y":"MM-y – MM-y GGGG"},"GyMd":{"d":"d-MM-y – d-MM-y GGGG","G":"dd-MM-y GGGG – dd-MM-y GGGG","M":"dd-MM-y – dd-MM-y GGGG","y":"dd-MM-y – dd-MM-y GGGG"},"GyMEd":{"d":"E, dd-MM-y – E, dd-MM-y GGGG","G":"E, dd-MM-y GGGG – E, dd-MM-y GGGG","M":"E, dd-MM-y – E, dd-MM-y GGGG","y":"E, dd-MM-y – E, dd-MM-y GGGG"},"GyMMM":{"G":"MMM y G – MMM y G","M":"MMM – MMM y G","y":"MMM y – MMM y G"},"GyMMMd":{"d":"d–d MMM y G","G":"d MMM y G – d MMM y G","M":"d MMM – d MMM y G","y":"d MMM y – d MMM y G"},"GyMMMEd":{"d":"E, d MMM – E, d MMM y G","G":"E, d MMM y G – E, d MMM y G","M":"E, d MMM – E, d MMM y G","y":"E, d MMM y – E, d MMM y G"},"h":{"a":"h a – h a","h":"h–h a"},"H":{"H":"HH–HH"},"hm":{"a":"h:mm a – h:mm a","h":"h:mm–h:mm a","m":"h:mm–h:mm a"},"Hm":{"H":"HH:mm–HH:mm","m":"HH:mm–HH:mm"},"hmv":{"a":"h:mm a – h:mm a v","h":"h:mm–h:mm a v","m":"h:mm–h:mm a v"},"Hmv":{"H":"HH:mm–HH:mm v","m":"HH:mm–HH:mm v"},"hv":{"a":"h a – h a v","h":"h–h a v"},"Hv":{"H":"HH–HH v"},"M":{"M":"M–M"},"Md":{"d":"d-M – d-M","M":"M/d – M/d"},"MEd":{"d":"E، d/‏M –‏ E، d/‏M","M":"E، d/‏M – E، d/‏M"},"MMM":{"M":"MMM–MMM"},"MMMd":{"d":"d–d MMM","M":"d MMM – d MMM"},"MMMEd":{"d":"E، d – E، d MMM","M":"E، d MMM – E، d MMM"},"MMMM":{"M":"LLLL–LLLL"},"y":{"y":"y–y"},"yM":{"M":"M‏/y – M‏/y","y":"M‏/y – M‏/y"},"yMd":{"d":"d‏/M‏/y – d‏/M‏/y","M":"d‏/M‏/y – d‏/M‏/y","y":"d‏/M‏/y – d‏/M‏/y"},"yMEd":{"d":"E، dd‏/MM‏/y – E، dd‏/MM‏/y","M":"E، d‏/M‏/y – E، d‏/M‏/y","y":"E، d‏/M‏/y – E، d‏/M‏/y"},"yMMM":{"M":"MMM – MMM، y","y":"MMM، y – MMM، y"},"yMMMd":{"d":"d–d MMM، y","M":"d MMM – d MMM، y","y":"d MMM، y – d MMM، y"},"yMMMEd":{"d":"E، d – E، d MMM، y","M":"E، d MMM – E، d MMM، y","y":"E، d MMM، y – E، d MMM، y"},"yMMMM":{"M":"MMMM – MMMM، y","y":"MMMM، y – MMMM، y"}},"hourCycle":"h12","nu":["arab"],"ca":["gregory","coptic","islamic","islamicc","islamic-tbla"],"hc":["h12","","","h23"]},"locale":"ar"}
