{"data":{"am":"am","pm":"pm","weekday":{"narrow":["н","п","в","с","ч","п","с"],"short":["нд","пн","вт","ср","чт","пт","сб"],"long":["неделя","понеделник","вторник","сряда","четвъртък","петък","събота"]},"era":{"narrow":{"BC":"пр.Хр.","AD":"сл.Хр."},"short":{"BC":"пр.Хр.","AD":"сл.Хр."},"long":{"BC":"преди Христа","AD":"след Христа"}},"month":{"narrow":["я","ф","м","а","м","ю","ю","а","с","о","н","д"],"short":["яну","фев","март","апр","май","юни","юли","авг","сеп","окт","ное","дек"],"long":["януари","февруари","март","април","май","юни","юли","август","септември","октомври","ноември","декември"]},"timeZoneName":{"Asia/Kabul":{"long":["Афганистанско време","Афганистанско време"]},"Africa/Maputo":{"long":["Централноафриканско време","Централноафриканско време"]},"Africa/Bujumbura":{"long":["Централноафриканско време","Централноафриканско време"]},"Africa/Gaborone":{"long":["Централноафриканско време","Централноафриканско време"]},"Africa/Lubumbashi":{"long":["Централноафриканско време","Централноафриканско време"]},"Africa/Blantyre":{"long":["Централноафриканско време","Централноафриканско време"]},"Africa/Kigali":{"long":["Централноафриканско време","Централноафриканско време"]},"Africa/Lusaka":{"long":["Централноафриканско време","Централноафриканско време"]},"Africa/Harare":{"long":["Централноафриканско време","Централноафриканско време"]},"Africa/Nairobi":{"long":["Източноафриканско време","Източноафриканско време"]},"Africa/Djibouti":{"long":["Източноафриканско време","Източноафриканско време"]},"Africa/Asmera":{"long":["Източноафриканско време","Източноафриканско време"]},"Africa/Addis_Ababa":{"long":["Източноафриканско време","Източноафриканско време"]},"Indian/Comoro":{"long":["Източноафриканско време","Източноафриканско време"]},"Indian/Antananarivo":{"long":["Източноафриканско време","Източноафриканско време"]},"Africa/Mogadishu":{"long":["Източноафриканско време","Източноафриканско време"]},"Africa/Dar_es_Salaam":{"long":["Източноафриканско време","Източноафриканско време"]},"Africa/Kampala":{"long":["Източноафриканско време","Източноафриканско време"]},"Indian/Mayotte":{"long":["Източноафриканско време","Източноафриканско време"]},"Africa/Johannesburg":{"long":["Южноафриканско време","Южноафриканско време"]},"Africa/Maseru":{"long":["Южноафриканско време","Южноафриканско време"]},"Africa/Mbabane":{"long":["Южноафриканско време","Южноафриканско време"]},"Africa/Lagos":{"long":["Западноафриканско стандартно време","Западноафриканско лятно часово време"]},"Africa/Luanda":{"long":["Западноафриканско стандартно време","Западноафриканско лятно часово време"]},"Africa/Porto-Novo":{"long":["Западноафриканско стандартно време","Западноафриканско лятно часово време"]},"Africa/Kinshasa":{"long":["Западноафриканско стандартно време","Западноафриканско лятно часово време"]},"Africa/Bangui":{"long":["Западноафриканско стандартно време","Западноафриканско лятно часово време"]},"Africa/Brazzaville":{"long":["Западноафриканско стандартно време","Западноафриканско лятно часово време"]},"Africa/Douala":{"long":["Западноафриканско стандартно време","Западноафриканско лятно часово време"]},"Africa/Libreville":{"long":["Западноафриканско стандартно време","Западноафриканско лятно часово време"]},"Africa/Malabo":{"long":["Западноафриканско стандартно време","Западноафриканско лятно часово време"]},"Africa/Niamey":{"long":["Западноафриканско стандартно време","Западноафриканско лятно часово време"]},"Africa/Ndjamena":{"long":["Западноафриканско стандартно време","Западноафриканско лятно часово време"]},"Asia/Aqtobe":{"long":["Западноказахстанско време","Западноказахстанско време"]},"America/Juneau":{"long":["Аляска – стандартно време","Аляска – лятно часово време"]},"Asia/Almaty":{"long":["Източноказахстанско време","Източноказахстанско време"]},"America/Manaus":{"long":["Амазонско стандартно време","Амазонско лятно часово време"]},"America/Chicago":{"long":["Северноамериканско централно стандартно време","Северноамериканско централно лятно часово време"]},"America/Belize":{"long":["Северноамериканско централно стандартно време","Северноамериканско централно лятно часово време"]},"America/Winnipeg":{"long":["Северноамериканско централно стандартно време","Северноамериканско централно лятно часово време"]},"America/Costa_Rica":{"long":["Северноамериканско централно стандартно време","Северноамериканско централно лятно часово време"]},"America/Guatemala":{"long":["Северноамериканско централно стандартно време","Северноамериканско централно лятно часово време"]},"America/Tegucigalpa":{"long":["Северноамериканско централно стандартно време","Северноамериканско централно лятно часово време"]},"America/Mexico_City":{"long":["Северноамериканско централно стандартно време","Северноамериканско централно лятно часово време"]},"America/El_Salvador":{"long":["Северноамериканско централно стандартно време","Северноамериканско централно лятно часово време"]},"America/New_York":{"long":["Северноамериканско източно стандартно време","Северноамериканско източно лятно часово време"]},"America/Nassau":{"long":["Северноамериканско източно стандартно време","Северноамериканско източно лятно часово време"]},"America/Toronto":{"long":["Северноамериканско източно стандартно време","Северноамериканско източно лятно часово време"]},"America/Port-au-Prince":{"long":["Северноамериканско източно стандартно време","Северноамериканско източно лятно часово време"]},"America/Jamaica":{"long":["Северноамериканско източно стандартно време","Северноамериканско източно лятно часово време"]},"America/Cayman":{"long":["Северноамериканско източно стандартно време","Северноамериканско източно лятно часово време"]},"America/Panama":{"long":["Северноамериканско източно стандартно време","Северноамериканско източно лятно часово време"]},"America/Denver":{"long":["Северноамериканско планинско стандартно време","Северноамериканско планинско лятно часово време"]},"America/Edmonton":{"long":["Северноамериканско планинско стандартно време","Северноамериканско планинско лятно часово време"]},"America/Hermosillo":{"long":["Северноамериканско планинско стандартно време","Северноамериканско планинско лятно часово време"]},"America/Los_Angeles":{"long":["Северноамериканско тихоокеанско стандартно време","Северноамериканско тихоокеанско лятно часово време"]},"America/Vancouver":{"long":["Северноамериканско тихоокеанско стандартно време","Северноамериканско тихоокеанско лятно часово време"]},"America/Tijuana":{"long":["Северноамериканско тихоокеанско стандартно време","Северноамериканско тихоокеанско лятно часово време"]},"Asia/Anadyr":{"long":["Анадир – стандартно време","Анадир – лятно часово време"]},"Pacific/Apia":{"long":["Апия – стандартно време","Апия – лятно часово време"]},"Asia/Riyadh":{"long":["Арабско стандартно време","Арабско лятно часово време"]},"Asia/Bahrain":{"long":["Арабско стандартно време","Арабско лятно часово време"]},"Asia/Baghdad":{"long":["Арабско стандартно време","Арабско лятно часово време"]},"Asia/Kuwait":{"long":["Арабско стандартно време","Арабско лятно часово време"]},"Asia/Qatar":{"long":["Арабско стандартно време","Арабско лятно часово време"]},"Asia/Aden":{"long":["Арабско стандартно време","Арабско лятно часово време"]},"America/Buenos_Aires":{"long":["Аржентинско стандартно време","Аржентинско лятно часово време"]},"America/Argentina/San_Luis":{"long":["Западноаржентинско стандартно време","Западноаржентинско лятно часово време"]},"Asia/Ashgabat":{"long":["Туркменистанско стандартно време","Туркменистанско лятно часово време"]},"America/Halifax":{"long":["Северноамериканско атлантическо стандартно време","Северноамериканско атлантическо лятно часово време"]},"America/Antigua":{"long":["Северноамериканско атлантическо стандартно време","Северноамериканско атлантическо лятно часово време"]},"America/Anguilla":{"long":["Северноамериканско атлантическо стандартно време","Северноамериканско атлантическо лятно часово време"]},"America/Aruba":{"long":["Северноамериканско атлантическо стандартно време","Северноамериканско атлантическо лятно часово време"]},"America/Barbados":{"long":["Северноамериканско атлантическо стандартно време","Северноамериканско атлантическо лятно часово време"]},"Atlantic/Bermuda":{"long":["Северноамериканско атлантическо стандартно време","Северноамериканско атлантическо лятно часово време"]},"America/Kralendijk":{"long":["Северноамериканско атлантическо стандартно време","Северноамериканско атлантическо лятно часово време"]},"America/Curacao":{"long":["Северноамериканско атлантическо стандартно време","Северноамериканско атлантическо лятно часово време"]},"America/Dominica":{"long":["Северноамериканско атлантическо стандартно време","Северноамериканско атлантическо лятно часово време"]},"America/Grenada":{"long":["Северноамериканско атлантическо стандартно време","Северноамериканско атлантическо лятно часово време"]},"America/Thule":{"long":["Северноамериканско атлантическо стандартно време","Северноамериканско атлантическо лятно часово време"]},"America/Guadeloupe":{"long":["Северноамериканско атлантическо стандартно време","Северноамериканско атлантическо лятно часово време"]},"America/St_Kitts":{"long":["Северноамериканско атлантическо стандартно време","Северноамериканско атлантическо лятно часово време"]},"America/St_Lucia":{"long":["Северноамериканско атлантическо стандартно време","Северноамериканско атлантическо лятно часово време"]},"America/Marigot":{"long":["Северноамериканско атлантическо стандартно време","Северноамериканско атлантическо лятно часово време"]},"America/Martinique":{"long":["Северноамериканско атлантическо стандартно време","Северноамериканско атлантическо лятно часово време"]},"America/Montserrat":{"long":["Северноамериканско атлантическо стандартно време","Северноамериканско атлантическо лятно часово време"]},"America/Puerto_Rico":{"long":["Северноамериканско атлантическо стандартно време","Северноамериканско атлантическо лятно часово време"]},"America/Lower_Princes":{"long":["Северноамериканско атлантическо стандартно време","Северноамериканско атлантическо лятно часово време"]},"America/Port_of_Spain":{"long":["Северноамериканско атлантическо стандартно време","Северноамериканско атлантическо лятно часово време"]},"America/St_Vincent":{"long":["Северноамериканско атлантическо стандартно време","Северноамериканско атлантическо лятно часово време"]},"America/Tortola":{"long":["Северноамериканско атлантическо стандартно време","Северноамериканско атлантическо лятно часово време"]},"America/St_Thomas":{"long":["Северноамериканско атлантическо стандартно време","Северноамериканско атлантическо лятно часово време"]},"Australia/Adelaide":{"long":["Централноавстралийско стандартно време","Централноавстралийско лятно часово време"]},"Australia/Eucla":{"long":["Австралия – западно централно стандартно време","Австралия – западно централно лятно часово време"]},"Australia/Sydney":{"long":["Източноавстралийско стандартно време","Източноавстралийско лятно часово време"]},"Australia/Perth":{"long":["Западноавстралийско стандартно време","Западноавстралийско лятно часово време"]},"Atlantic/Azores":{"long":["Азорски острови – стандартно време","Азорски острови – лятно часово време"]},"Asia/Thimphu":{"long":["Бутанско време","Бутанско време"]},"America/La_Paz":{"long":["Боливийско време","Боливийско време"]},"Asia/Kuching":{"long":["Малайзийско време","Малайзийско време"]},"America/Sao_Paulo":{"long":["Бразилско стандартно време","Бразилско лятно часово време"]},"Europe/London":{"long":["Средно гринуичко време","Средно гринуичко време"]},"Asia/Brunei":{"long":["Бруней Даруссалам","Бруней Даруссалам"]},"Atlantic/Cape_Verde":{"long":["Кабо Верде – стандартно време","Кабо Верде – лятно часово време"]},"Pacific/Chatham":{"long":["Чатъмско стандартно време","Чатъмско лятно часово време"]},"America/Santiago":{"long":["Чилийско стандартно време","Чилийско лятно часово време"]},"Asia/Shanghai":{"long":["Китайско стандартно време","Китайско лятно часово време"]},"Asia/Choibalsan":{"long":["Чойбалсанско стандартно време","Чойбалсанско лятно часово време"]},"Indian/Christmas":{"long":["Остров Рождество","Остров Рождество"]},"Indian/Cocos":{"long":["Кокосови острови","Кокосови острови"]},"America/Bogota":{"long":["Колумбийско стандартно време","Колумбийско лятно часово време"]},"Pacific/Rarotonga":{"long":["Острови Кук – стандартно време","Острови Кук – лятно часово време"]},"America/Havana":{"long":["Кубинско стандартно време","Кубинско лятно часово време"]},"Antarctica/Davis":{"long":["Дейвис","Дейвис"]},"Antarctica/DumontDUrville":{"long":["Дюмон Дюрвил","Дюмон Дюрвил"]},"Asia/Dushanbe":{"long":["Таджикистанско време","Таджикистанско време"]},"America/Paramaribo":{"long":["Суринамско време","Суринамско време"]},"Asia/Dili":{"long":["Източнотиморско време","Източнотиморско време"]},"Pacific/Easter":{"long":["Великденски остров – стандартно време","Великденски остров – лятно часово време"]},"America/Guayaquil":{"long":["Еквадорско време","Еквадорско време"]},"Europe/Paris":{"long":["Централноевропейско стандартно време","Централноевропейско лятно часово време"]},"Europe/Andorra":{"long":["Централноевропейско стандартно време","Централноевропейско лятно часово време"]},"Europe/Tirane":{"long":["Централноевропейско стандартно време","Централноевропейско лятно часово време"]},"Europe/Vienna":{"long":["Централноевропейско стандартно време","Централноевропейско лятно часово време"]},"Europe/Sarajevo":{"long":["Централноевропейско стандартно време","Централноевропейско лятно часово време"]},"Europe/Brussels":{"long":["Централноевропейско стандартно време","Централноевропейско лятно часово време"]},"Europe/Zurich":{"long":["Централноевропейско стандартно време","Централноевропейско лятно часово време"]},"Europe/Prague":{"long":["Централноевропейско стандартно време","Централноевропейско лятно часово време"]},"Europe/Berlin":{"long":["Централноевропейско стандартно време","Централноевропейско лятно часово време"]},"Europe/Copenhagen":{"long":["Централноевропейско стандартно време","Централноевропейско лятно часово време"]},"Europe/Madrid":{"long":["Централноевропейско стандартно време","Централноевропейско лятно часово време"]},"Europe/Gibraltar":{"long":["Централноевропейско стандартно време","Централноевропейско лятно часово време"]},"Europe/Zagreb":{"long":["Централноевропейско стандартно време","Централноевропейско лятно часово време"]},"Europe/Budapest":{"long":["Централноевропейско стандартно време","Централноевропейско лятно часово време"]},"Europe/Rome":{"long":["Централноевропейско стандартно време","Централноевропейско лятно часово време"]},"Europe/Vaduz":{"long":["Централноевропейско стандартно време","Централноевропейско лятно часово време"]},"Europe/Luxembourg":{"long":["Централноевропейско стандартно време","Централноевропейско лятно часово време"]},"Europe/Monaco":{"long":["Централноевропейско стандартно време","Централноевропейско лятно часово време"]},"Europe/Podgorica":{"long":["Централноевропейско стандартно време","Централноевропейско лятно часово време"]},"Europe/Skopje":{"long":["Централноевропейско стандартно време","Централноевропейско лятно часово време"]},"Europe/Malta":{"long":["Централноевропейско стандартно време","Централноевропейско лятно часово време"]},"Europe/Amsterdam":{"long":["Централноевропейско стандартно време","Централноевропейско лятно часово време"]},"Europe/Oslo":{"long":["Централноевропейско стандартно време","Централноевропейско лятно часово време"]},"Europe/Warsaw":{"long":["Централноевропейско стандартно време","Централноевропейско лятно часово време"]},"Europe/Belgrade":{"long":["Централноевропейско стандартно време","Централноевропейско лятно часово време"]},"Europe/Stockholm":{"long":["Централноевропейско стандартно време","Централноевропейско лятно часово време"]},"Europe/Ljubljana":{"long":["Централноевропейско стандартно време","Централноевропейско лятно часово време"]},"Arctic/Longyearbyen":{"long":["Централноевропейско стандартно време","Централноевропейско лятно часово време"]},"Europe/Bratislava":{"long":["Централноевропейско стандартно време","Централноевропейско лятно часово време"]},"Europe/San_Marino":{"long":["Централноевропейско стандартно време","Централноевропейско лятно часово време"]},"Africa/Tunis":{"long":["Централноевропейско стандартно време","Централноевропейско лятно часово време"]},"Europe/Vatican":{"long":["Централноевропейско стандартно време","Централноевропейско лятно часово време"]},"Europe/Bucharest":{"long":["Източноевропейско стандартно време","Източноевропейско лятно часово време"]},"Europe/Mariehamn":{"long":["Източноевропейско стандартно време","Източноевропейско лятно часово време"]},"Europe/Sofia":{"long":["Източноевропейско стандартно време","Източноевропейско лятно часово време"]},"Asia/Nicosia":{"long":["Източноевропейско стандартно време","Източноевропейско лятно часово време"]},"Africa/Cairo":{"long":["Източноевропейско стандартно време","Източноевропейско лятно часово време"]},"Europe/Helsinki":{"long":["Източноевропейско стандартно време","Източноевропейско лятно часово време"]},"Europe/Athens":{"long":["Източноевропейско стандартно време","Източноевропейско лятно часово време"]},"Asia/Amman":{"long":["Източноевропейско стандартно време","Източноевропейско лятно часово време"]},"Asia/Beirut":{"long":["Източноевропейско стандартно време","Източноевропейско лятно часово време"]},"Asia/Damascus":{"long":["Източноевропейско стандартно време","Източноевропейско лятно часово време"]},"Europe/Minsk":{"long":["Далечно източноевропейско време","Далечно източноевропейско време"]},"Europe/Kaliningrad":{"long":["Далечно източноевропейско време","Далечно източноевропейско време"]},"Atlantic/Canary":{"long":["Западноевропейско стандартно време","Западноевропейско лятно време"]},"Atlantic/Faeroe":{"long":["Западноевропейско стандартно време","Западноевропейско лятно време"]},"Atlantic/Stanley":{"long":["Фолклендски острови – стандартно време","Фолклендски острови – лятно часово време"]},"Pacific/Fiji":{"long":["Фиджийско стандартно време","Фиджийско лятно часово време"]},"America/Cayenne":{"long":["Френска Гвиана","Френска Гвиана"]},"Indian/Kerguelen":{"long":["Френски южни и антарктически територии","Френски южни и антарктически територии"]},"Asia/Bishkek":{"long":["Киргизстанско време","Киргизстанско време"]},"Pacific/Galapagos":{"long":["Галапагоско време","Галапагоско време"]},"Pacific/Gambier":{"long":["Гамбие","Гамбие"]},"Pacific/Tarawa":{"long":["Острови Гилбърт","Острови Гилбърт"]},"Atlantic/Reykjavik":{"long":["Средно гринуичко време","Средно гринуичко време"]},"Africa/Ouagadougou":{"long":["Средно гринуичко време","Средно гринуичко време"]},"Africa/Abidjan":{"long":["Средно гринуичко време","Средно гринуичко време"]},"Africa/Accra":{"long":["Средно гринуичко време","Средно гринуичко време"]},"Africa/Banjul":{"long":["Средно гринуичко време","Средно гринуичко време"]},"Africa/Conakry":{"long":["Средно гринуичко време","Средно гринуичко време"]},"Africa/Bamako":{"long":["Средно гринуичко време","Средно гринуичко време"]},"Africa/Nouakchott":{"long":["Средно гринуичко време","Средно гринуичко време"]},"Atlantic/St_Helena":{"long":["Средно гринуичко време","Средно гринуичко време"]},"Africa/Freetown":{"long":["Средно гринуичко време","Средно гринуичко време"]},"Africa/Dakar":{"long":["Средно гринуичко време","Средно гринуичко време"]},"Africa/Lome":{"long":["Средно гринуичко време","Средно гринуичко време"]},"America/Scoresbysund":{"long":["Източногренландско стандартно време","Източногренландско лятно часово време"]},"America/Godthab":{"long":["Западногренландско стандартно време","Западногренландско лятно часово време"]},"Asia/Dubai":{"long":["Персийски залив","Персийски залив"]},"Asia/Muscat":{"long":["Персийски залив","Персийски залив"]},"America/Guyana":{"long":["Гаяна","Гаяна"]},"Pacific/Honolulu":{"long":["Хавайско-алеутско стандартно време","Хавайско-алеутско лятно часово време"]},"Asia/Hong_Kong":{"long":["Хонконгско стандартно време","Хонконгско лятно часово време"]},"Asia/Hovd":{"long":["Ховдско стандартно време","Ховдско лятно часово време"]},"Asia/Calcutta":{"long":["Индийско време","Индийско време"]},"Indian/Chagos":{"long":["Индийски океан","Индийски океан"]},"Asia/Bangkok":{"long":["Индокитайско време","Индокитайско време"]},"Asia/Phnom_Penh":{"long":["Индокитайско време","Индокитайско време"]},"Asia/Vientiane":{"long":["Индокитайско време","Индокитайско време"]},"Asia/Makassar":{"long":["Централноиндонезийско време","Централноиндонезийско време"]},"Asia/Jayapura":{"long":["Източноиндонезийско време","Източноиндонезийско време"]},"Asia/Jakarta":{"long":["Западноиндонезийско време","Западноиндонезийско време"]},"Asia/Tehran":{"long":["Иранско стандартно време","Иранско лятно часово време"]},"Asia/Irkutsk":{"long":["Иркутско стандартно време","Иркутско лятно часово време"]},"Asia/Jerusalem":{"long":["Израелско стандартно време","Израелско лятно часово време"]},"Asia/Tokyo":{"long":["Японско стандартно време","Японско лятно часово време"]},"Asia/Kamchatka":{"long":["Петропавловск-Камчатски стандартно време","Петропавловск-Камчатски – лятно часово време"]},"Asia/Karachi":{"long":["Пакистанско стандартно време","Пакистанско лятно часово време"]},"Asia/Seoul":{"long":["Корейско стандартно време","Корейско лятно часово време"]},"Pacific/Kosrae":{"long":["Кошрай","Кошрай"]},"Asia/Krasnoyarsk":{"long":["Красноярско стандартно време","Красноярско лятно часово време"]},"Europe/Samara":{"long":["Самара – стандартно време","Самара – лятно часово време"]},"Pacific/Kiritimati":{"long":["Екваториални острови","Екваториални острови"]},"Australia/Lord_Howe":{"long":["Лорд Хау – стандартно време","Лорд Хау – лятно часово време"]},"Antarctica/Macquarie":{"long":["Маккуори","Маккуори"]},"Asia/Magadan":{"long":["Магаданско стандартно време","Магаданско лятно часово време"]},"Indian/Maldives":{"long":["Малдивско време","Малдивско време"]},"Pacific/Marquesas":{"long":["Маркизки острови","Маркизки острови"]},"Pacific/Majuro":{"long":["Маршалови острови","Маршалови острови"]},"Indian/Mauritius":{"long":["Мавриций – стандартно време","Мавриций – лятно часово време"]},"Antarctica/Mawson":{"long":["Моусън","Моусън"]},"America/Santa_Isabel":{"long":["Северозападно стандартно мексиканско време","Северозападно лятно часово мексиканско време"]},"America/Mazatlan":{"long":["Мексиканско тихоокеанско стандартно време","Мексиканско тихоокеанско лятно часово време"]},"Asia/Ulaanbaatar":{"long":["Уланбаторско стандартно време","Уланбаторско лятно часово време"]},"Europe/Moscow":{"long":["Московско стандартно време","Московско лятно часово време"]},"Asia/Rangoon":{"long":["Мианмарско време","Мианмарско време"]},"Pacific/Nauru":{"long":["Науру","Науру"]},"Asia/Katmandu":{"long":["Непалско време","Непалско време"]},"Pacific/Noumea":{"long":["Новокаледонско стандартно време","Новокаледонско лятно часово време"]},"Pacific/Auckland":{"long":["Новозеландско стандартно време","Новозеландско лятно часово време"]},"Antarctica/McMurdo":{"long":["Новозеландско стандартно време","Новозеландско лятно часово време"]},"America/St_Johns":{"long":["Нюфаундлендско стандартно време","Нюфаундлендско лятно часово време"]},"Pacific/Niue":{"long":["Ниуе","Ниуе"]},"Pacific/Norfolk":{"long":["Норфолкско стандартно време","Норфолкско лятно часово време"]},"America/Noronha":{"long":["Фернандо де Нороня – стандартно време","Фернандо де Нороня – лятно часово време"]},"Asia/Novosibirsk":{"long":["Новосибирско стандартно време","Новосибирско лятно часово време"]},"Asia/Omsk":{"long":["Омско стандартно време","Омско лятно часово време"]},"Pacific/Palau":{"long":["Палау","Палау"]},"Pacific/Port_Moresby":{"long":["Папуа Нова Гвинея","Папуа Нова Гвинея"]},"America/Asuncion":{"long":["Парагвайско стандартно време","Парагвайско лятно часово време"]},"America/Lima":{"long":["Перуанско стандартно време","Перуанско лятно часово време"]},"Asia/Manila":{"long":["Филипинско стандартно време","Филипинско лятно часово време"]},"Pacific/Enderbury":{"long":["Острови Феникс","Острови Феникс"]},"America/Miquelon":{"long":["Сен Пиер и Микелон – стандартно време","Сен Пиер и Микелон – лятно часово време"]},"Pacific/Pitcairn":{"long":["Питкерн","Питкерн"]},"Pacific/Ponape":{"long":["Понапе","Понапе"]},"Asia/Pyongyang":{"long":["Пхенянско време","Пхенянско време"]},"Indian/Reunion":{"long":["Реюнион","Реюнион"]},"Antarctica/Rothera":{"long":["Ротера","Ротера"]},"Asia/Sakhalin":{"long":["Сахалинско стандартно време","Сахалинско лятно часово време"]},"Pacific/Pago_Pago":{"long":["Самоанско стандартно време","Самоанско лятно часово време"]},"Indian/Mahe":{"long":["Сейшели","Сейшели"]},"Asia/Singapore":{"long":["Сингапурско време","Сингапурско време"]},"Pacific/Guadalcanal":{"long":["Соломонови острови","Соломонови острови"]},"Atlantic/South_Georgia":{"long":["Южна Джорджия","Южна Джорджия"]},"Asia/Yekaterinburg":{"long":["Екатеринбургско стандартно време","Екатеринбургско лятно часово време"]},"Antarctica/Syowa":{"long":["Шова","Шова"]},"Pacific/Tahiti":{"long":["Таитянско време","Таитянско време"]},"Asia/Taipei":{"long":["Тайпе – стандартно време","Тайпе – лятно часово време"]},"Asia/Tashkent":{"long":["Узбекистанско стандартно време","Узбекистанско лятно часово време"]},"Pacific/Fakaofo":{"long":["Токелау","Токелау"]},"Pacific/Tongatapu":{"long":["Тонга – стандартно време","Тонга – лятно часово време"]},"Pacific/Truk":{"long":["Чуюк","Чуюк"]},"Pacific/Funafuti":{"long":["Тувалу","Тувалу"]},"America/Montevideo":{"long":["Уругвайско стандартно време","Уругвайско лятно часово време"]},"Pacific/Efate":{"long":["Вануату – стандартно време","Вануату – лятно часово време"]},"America/Caracas":{"long":["Венецуелско време","Венецуелско време"]},"Asia/Vladivostok":{"long":["Владивостокско стандартно време","Владивостокско лятно часово време"]},"Europe/Volgograd":{"long":["Волгоградско стандартно време","Волгоградско лятно часово време"]},"Antarctica/Vostok":{"long":["Восток","Восток"]},"Pacific/Wake":{"long":["Остров Уейк","Остров Уейк"]},"Pacific/Wallis":{"long":["Уолис и Футуна","Уолис и Футуна"]},"Asia/Yakutsk":{"long":["Якутскско стандартно време","Якутскско лятно часово време"]},"UTC":{"long":["Координирано универсално време","Координирано универсално време"],"short":["UTC","UTC"]}},"gmtFormat":"Гринуич{0}","hourFormat":"+HH:mm;-HH:mm","dateFormat":{"full":"EEEE, d MMMM y 'г'.","long":"d MMMM y 'г'.","medium":"d.MM.y 'г'.","short":"d.MM.yy 'г'."},"timeFormat":{"full":"H:mm:ss 'ч'. zzzz","long":"H:mm:ss 'ч'. z","medium":"H:mm:ss 'ч'.","short":"H:mm 'ч'."},"dateTimeFormat":{"full":"{1}, {0}","long":"{1}, {0}","medium":"{1}, {0}","short":"{1}, {0}"},"formats":{"gregory":{"Bh":"h 'ч'. B","Bhm":"h:mm 'ч'. B","Bhms":"h:mm:ss 'ч'. B","d":"d","E":"ccc","EBhm":"E, h:mm 'ч'. B","EBhms":"E, h:mm:ss 'ч'. B","Ed":"E, d","Ehm":"E, h:mm 'ч'. a","EHm":"E, HH:mm 'ч'.","Ehms":"E, h:mm:ss 'ч'. a","EHms":"E, HH:mm:ss 'ч'.","Gy":"y 'г'. G","GyMMM":"MM.y 'г'. G","GyMMMd":"d.MM.y 'г'. G","GyMMMEd":"E, d.MM.y 'г'. G","GyMMMM":"MMMM y 'г'. G","GyMMMMd":"d MMMM y 'г'. G","GyMMMMEd":"E, d MMMM y 'г'. G","h":"h 'ч'. a","H":"HH 'ч'.","hm":"h:mm 'ч'. a","Hm":"HH:mm 'ч'.","hms":"h:mm:ss 'ч'. a","Hms":"HH:mm:ss 'ч'.","hmsv":"h:mm:ss 'ч'. a v","Hmsv":"HH:mm:ss 'ч'. v","hmv":"h:mm 'ч'. a v","Hmv":"HH:mm 'ч'. v","M":"L","Md":"d.MM","MEd":"E, d.MM","MMM":"MM","MMMd":"d.MM","MMMEd":"E, d.MM","MMMM":"LLLL","MMMMd":"d MMMM","MMMMdd":"d MMMM","MMMMEd":"E, d MMMM","ms":"m:ss","y":"y 'г'.","yM":"MM.y 'г'.","yMd":"d.MM.y 'г'.","yMEd":"E, d.MM.y 'г'.","yMMM":"MM.y 'г'.","yMMMd":"d.MM.y 'г'.","yMMMEd":"E, d.MM.y 'г'.","yMMMM":"MMMM y 'г'.","yMMMMd":"d MMMM y 'г'.","yMMMMEd":"E, d MMMM y 'г'.","EEEE, d MMMM y 'г'.":"EEEE, d MMMM y 'г'.","d MMMM y 'г'.":"d MMMM y 'г'.","d.MM.y 'г'.":"d.MM.y 'г'.","d.MM.yy 'г'.":"d.MM.yy 'г'.","H:mm:ss 'ч'. zzzz":"H:mm:ss 'ч'. zzzz","H:mm:ss 'ч'. z":"H:mm:ss 'ч'. z","H:mm:ss 'ч'.":"H:mm:ss 'ч'.","H:mm 'ч'.":"H:mm 'ч'.","EEEE, d MMMM y 'г'., H:mm:ss 'ч'. zzzz":"EEEE, d MMMM y 'г'., H:mm:ss 'ч'. zzzz","d MMMM y 'г'., H:mm:ss 'ч'. zzzz":"d MMMM y 'г'., H:mm:ss 'ч'. zzzz","d.MM.y 'г'., H:mm:ss 'ч'. zzzz":"d.MM.y 'г'., H:mm:ss 'ч'. zzzz","d.MM.yy 'г'., H:mm:ss 'ч'. zzzz":"d.MM.yy 'г'., H:mm:ss 'ч'. zzzz","d, H:mm:ss 'ч'. zzzz":"d, H:mm:ss 'ч'. zzzz","E, H:mm:ss 'ч'. zzzz":"ccc, H:mm:ss 'ч'. zzzz","Ed, H:mm:ss 'ч'. zzzz":"E, d, H:mm:ss 'ч'. zzzz","Gy, H:mm:ss 'ч'. zzzz":"y 'г'. G, H:mm:ss 'ч'. zzzz","GyMMM, H:mm:ss 'ч'. zzzz":"MM.y 'г'. G, H:mm:ss 'ч'. zzzz","GyMMMd, H:mm:ss 'ч'. zzzz":"d.MM.y 'г'. G, H:mm:ss 'ч'. zzzz","GyMMMEd, H:mm:ss 'ч'. zzzz":"E, d.MM.y 'г'. G, H:mm:ss 'ч'. zzzz","GyMMMM, H:mm:ss 'ч'. zzzz":"MMMM y 'г'. G, H:mm:ss 'ч'. zzzz","GyMMMMd, H:mm:ss 'ч'. zzzz":"d MMMM y 'г'. G, H:mm:ss 'ч'. zzzz","GyMMMMEd, H:mm:ss 'ч'. zzzz":"E, d MMMM y 'г'. G, H:mm:ss 'ч'. zzzz","M, H:mm:ss 'ч'. zzzz":"L, H:mm:ss 'ч'. zzzz","Md, H:mm:ss 'ч'. zzzz":"d.MM, H:mm:ss 'ч'. zzzz","MEd, H:mm:ss 'ч'. zzzz":"E, d.MM, H:mm:ss 'ч'. zzzz","MMM, H:mm:ss 'ч'. zzzz":"MM, H:mm:ss 'ч'. zzzz","MMMd, H:mm:ss 'ч'. zzzz":"d.MM, H:mm:ss 'ч'. zzzz","MMMEd, H:mm:ss 'ч'. zzzz":"E, d.MM, H:mm:ss 'ч'. zzzz","MMMM, H:mm:ss 'ч'. zzzz":"LLLL, H:mm:ss 'ч'. zzzz","MMMMd, H:mm:ss 'ч'. zzzz":"d MMMM, H:mm:ss 'ч'. zzzz","MMMMdd, H:mm:ss 'ч'. zzzz":"d MMMM, H:mm:ss 'ч'. zzzz","MMMMEd, H:mm:ss 'ч'. zzzz":"E, d MMMM, H:mm:ss 'ч'. zzzz","y, H:mm:ss 'ч'. zzzz":"y 'г'., H:mm:ss 'ч'. zzzz","yM, H:mm:ss 'ч'. zzzz":"MM.y 'г'., H:mm:ss 'ч'. zzzz","yMd, H:mm:ss 'ч'. zzzz":"d.MM.y 'г'., H:mm:ss 'ч'. zzzz","yMEd, H:mm:ss 'ч'. zzzz":"E, d.MM.y 'г'., H:mm:ss 'ч'. zzzz","yMMM, H:mm:ss 'ч'. zzzz":"MM.y 'г'., H:mm:ss 'ч'. zzzz","yMMMd, H:mm:ss 'ч'. zzzz":"d.MM.y 'г'., H:mm:ss 'ч'. zzzz","yMMMEd, H:mm:ss 'ч'. zzzz":"E, d.MM.y 'г'., H:mm:ss 'ч'. zzzz","yMMMM, H:mm:ss 'ч'. zzzz":"MMMM y 'г'., H:mm:ss 'ч'. zzzz","yMMMMd, H:mm:ss 'ч'. zzzz":"d MMMM y 'г'., H:mm:ss 'ч'. zzzz","yMMMMEd, H:mm:ss 'ч'. zzzz":"E, d MMMM y 'г'., H:mm:ss 'ч'. zzzz","EEEE, d MMMM y 'г'., H:mm:ss 'ч'. z":"EEEE, d MMMM y 'г'., H:mm:ss 'ч'. z","d MMMM y 'г'., H:mm:ss 'ч'. z":"d MMMM y 'г'., H:mm:ss 'ч'. z","d.MM.y 'г'., H:mm:ss 'ч'. z":"d.MM.y 'г'., H:mm:ss 'ч'. z","d.MM.yy 'г'., H:mm:ss 'ч'. z":"d.MM.yy 'г'., H:mm:ss 'ч'. z","d, H:mm:ss 'ч'. z":"d, H:mm:ss 'ч'. z","E, H:mm:ss 'ч'. z":"ccc, H:mm:ss 'ч'. z","Ed, H:mm:ss 'ч'. z":"E, d, H:mm:ss 'ч'. z","Gy, H:mm:ss 'ч'. z":"y 'г'. G, H:mm:ss 'ч'. z","GyMMM, H:mm:ss 'ч'. z":"MM.y 'г'. G, H:mm:ss 'ч'. z","GyMMMd, H:mm:ss 'ч'. z":"d.MM.y 'г'. G, H:mm:ss 'ч'. z","GyMMMEd, H:mm:ss 'ч'. z":"E, d.MM.y 'г'. G, H:mm:ss 'ч'. z","GyMMMM, H:mm:ss 'ч'. z":"MMMM y 'г'. G, H:mm:ss 'ч'. z","GyMMMMd, H:mm:ss 'ч'. z":"d MMMM y 'г'. G, H:mm:ss 'ч'. z","GyMMMMEd, H:mm:ss 'ч'. z":"E, d MMMM y 'г'. G, H:mm:ss 'ч'. z","M, H:mm:ss 'ч'. z":"L, H:mm:ss 'ч'. z","Md, H:mm:ss 'ч'. z":"d.MM, H:mm:ss 'ч'. z","MEd, H:mm:ss 'ч'. z":"E, d.MM, H:mm:ss 'ч'. z","MMM, H:mm:ss 'ч'. z":"MM, H:mm:ss 'ч'. z","MMMd, H:mm:ss 'ч'. z":"d.MM, H:mm:ss 'ч'. z","MMMEd, H:mm:ss 'ч'. z":"E, d.MM, H:mm:ss 'ч'. z","MMMM, H:mm:ss 'ч'. z":"LLLL, H:mm:ss 'ч'. z","MMMMd, H:mm:ss 'ч'. z":"d MMMM, H:mm:ss 'ч'. z","MMMMdd, H:mm:ss 'ч'. z":"d MMMM, H:mm:ss 'ч'. z","MMMMEd, H:mm:ss 'ч'. z":"E, d MMMM, H:mm:ss 'ч'. z","y, H:mm:ss 'ч'. z":"y 'г'., H:mm:ss 'ч'. z","yM, H:mm:ss 'ч'. z":"MM.y 'г'., H:mm:ss 'ч'. z","yMd, H:mm:ss 'ч'. z":"d.MM.y 'г'., H:mm:ss 'ч'. z","yMEd, H:mm:ss 'ч'. z":"E, d.MM.y 'г'., H:mm:ss 'ч'. z","yMMM, H:mm:ss 'ч'. z":"MM.y 'г'., H:mm:ss 'ч'. z","yMMMd, H:mm:ss 'ч'. z":"d.MM.y 'г'., H:mm:ss 'ч'. z","yMMMEd, H:mm:ss 'ч'. z":"E, d.MM.y 'г'., H:mm:ss 'ч'. z","yMMMM, H:mm:ss 'ч'. z":"MMMM y 'г'., H:mm:ss 'ч'. z","yMMMMd, H:mm:ss 'ч'. z":"d MMMM y 'г'., H:mm:ss 'ч'. z","yMMMMEd, H:mm:ss 'ч'. z":"E, d MMMM y 'г'., H:mm:ss 'ч'. z","EEEE, d MMMM y 'г'., H:mm:ss 'ч'.":"EEEE, d MMMM y 'г'., H:mm:ss 'ч'.","d MMMM y 'г'., H:mm:ss 'ч'.":"d MMMM y 'г'., H:mm:ss 'ч'.","d.MM.y 'г'., H:mm:ss 'ч'.":"d.MM.y 'г'., H:mm:ss 'ч'.","d.MM.yy 'г'., H:mm:ss 'ч'.":"d.MM.yy 'г'., H:mm:ss 'ч'.","d, H:mm:ss 'ч'.":"d, H:mm:ss 'ч'.","E, H:mm:ss 'ч'.":"ccc, H:mm:ss 'ч'.","Ed, H:mm:ss 'ч'.":"E, d, H:mm:ss 'ч'.","Gy, H:mm:ss 'ч'.":"y 'г'. G, H:mm:ss 'ч'.","GyMMM, H:mm:ss 'ч'.":"MM.y 'г'. G, H:mm:ss 'ч'.","GyMMMd, H:mm:ss 'ч'.":"d.MM.y 'г'. G, H:mm:ss 'ч'.","GyMMMEd, H:mm:ss 'ч'.":"E, d.MM.y 'г'. G, H:mm:ss 'ч'.","GyMMMM, H:mm:ss 'ч'.":"MMMM y 'г'. G, H:mm:ss 'ч'.","GyMMMMd, H:mm:ss 'ч'.":"d MMMM y 'г'. G, H:mm:ss 'ч'.","GyMMMMEd, H:mm:ss 'ч'.":"E, d MMMM y 'г'. G, H:mm:ss 'ч'.","M, H:mm:ss 'ч'.":"L, H:mm:ss 'ч'.","Md, H:mm:ss 'ч'.":"d.MM, H:mm:ss 'ч'.","MEd, H:mm:ss 'ч'.":"E, d.MM, H:mm:ss 'ч'.","MMM, H:mm:ss 'ч'.":"MM, H:mm:ss 'ч'.","MMMd, H:mm:ss 'ч'.":"d.MM, H:mm:ss 'ч'.","MMMEd, H:mm:ss 'ч'.":"E, d.MM, H:mm:ss 'ч'.","MMMM, H:mm:ss 'ч'.":"LLLL, H:mm:ss 'ч'.","MMMMd, H:mm:ss 'ч'.":"d MMMM, H:mm:ss 'ч'.","MMMMdd, H:mm:ss 'ч'.":"d MMMM, H:mm:ss 'ч'.","MMMMEd, H:mm:ss 'ч'.":"E, d MMMM, H:mm:ss 'ч'.","y, H:mm:ss 'ч'.":"y 'г'., H:mm:ss 'ч'.","yM, H:mm:ss 'ч'.":"MM.y 'г'., H:mm:ss 'ч'.","yMd, H:mm:ss 'ч'.":"d.MM.y 'г'., H:mm:ss 'ч'.","yMEd, H:mm:ss 'ч'.":"E, d.MM.y 'г'., H:mm:ss 'ч'.","yMMM, H:mm:ss 'ч'.":"MM.y 'г'., H:mm:ss 'ч'.","yMMMd, H:mm:ss 'ч'.":"d.MM.y 'г'., H:mm:ss 'ч'.","yMMMEd, H:mm:ss 'ч'.":"E, d.MM.y 'г'., H:mm:ss 'ч'.","yMMMM, H:mm:ss 'ч'.":"MMMM y 'г'., H:mm:ss 'ч'.","yMMMMd, H:mm:ss 'ч'.":"d MMMM y 'г'., H:mm:ss 'ч'.","yMMMMEd, H:mm:ss 'ч'.":"E, d MMMM y 'г'., H:mm:ss 'ч'.","EEEE, d MMMM y 'г'., H:mm 'ч'.":"EEEE, d MMMM y 'г'., H:mm 'ч'.","d MMMM y 'г'., H:mm 'ч'.":"d MMMM y 'г'., H:mm 'ч'.","d.MM.y 'г'., H:mm 'ч'.":"d.MM.y 'г'., H:mm 'ч'.","d.MM.yy 'г'., H:mm 'ч'.":"d.MM.yy 'г'., H:mm 'ч'.","d, H:mm 'ч'.":"d, H:mm 'ч'.","E, H:mm 'ч'.":"ccc, H:mm 'ч'.","Ed, H:mm 'ч'.":"E, d, H:mm 'ч'.","Gy, H:mm 'ч'.":"y 'г'. G, H:mm 'ч'.","GyMMM, H:mm 'ч'.":"MM.y 'г'. G, H:mm 'ч'.","GyMMMd, H:mm 'ч'.":"d.MM.y 'г'. G, H:mm 'ч'.","GyMMMEd, H:mm 'ч'.":"E, d.MM.y 'г'. G, H:mm 'ч'.","GyMMMM, H:mm 'ч'.":"MMMM y 'г'. G, H:mm 'ч'.","GyMMMMd, H:mm 'ч'.":"d MMMM y 'г'. G, H:mm 'ч'.","GyMMMMEd, H:mm 'ч'.":"E, d MMMM y 'г'. G, H:mm 'ч'.","M, H:mm 'ч'.":"L, H:mm 'ч'.","Md, H:mm 'ч'.":"d.MM, H:mm 'ч'.","MEd, H:mm 'ч'.":"E, d.MM, H:mm 'ч'.","MMM, H:mm 'ч'.":"MM, H:mm 'ч'.","MMMd, H:mm 'ч'.":"d.MM, H:mm 'ч'.","MMMEd, H:mm 'ч'.":"E, d.MM, H:mm 'ч'.","MMMM, H:mm 'ч'.":"LLLL, H:mm 'ч'.","MMMMd, H:mm 'ч'.":"d MMMM, H:mm 'ч'.","MMMMdd, H:mm 'ч'.":"d MMMM, H:mm 'ч'.","MMMMEd, H:mm 'ч'.":"E, d MMMM, H:mm 'ч'.","y, H:mm 'ч'.":"y 'г'., H:mm 'ч'.","yM, H:mm 'ч'.":"MM.y 'г'., H:mm 'ч'.","yMd, H:mm 'ч'.":"d.MM.y 'г'., H:mm 'ч'.","yMEd, H:mm 'ч'.":"E, d.MM.y 'г'., H:mm 'ч'.","yMMM, H:mm 'ч'.":"MM.y 'г'., H:mm 'ч'.","yMMMd, H:mm 'ч'.":"d.MM.y 'г'., H:mm 'ч'.","yMMMEd, H:mm 'ч'.":"E, d.MM.y 'г'., H:mm 'ч'.","yMMMM, H:mm 'ч'.":"MMMM y 'г'., H:mm 'ч'.","yMMMMd, H:mm 'ч'.":"d MMMM y 'г'., H:mm 'ч'.","yMMMMEd, H:mm 'ч'.":"E, d MMMM y 'г'., H:mm 'ч'.","EEEE, d MMMM y 'г'., Bh":"EEEE, d MMMM y 'г'., h 'ч'. B","d MMMM y 'г'., Bh":"d MMMM y 'г'., h 'ч'. B","d.MM.y 'г'., Bh":"d.MM.y 'г'., h 'ч'. B","d.MM.yy 'г'., Bh":"d.MM.yy 'г'., h 'ч'. B","d, Bh":"d, h 'ч'. B","E, Bh":"ccc, h 'ч'. B","Ed, Bh":"E, d, h 'ч'. B","Gy, Bh":"y 'г'. G, h 'ч'. B","GyMMM, Bh":"MM.y 'г'. G, h 'ч'. B","GyMMMd, Bh":"d.MM.y 'г'. G, h 'ч'. B","GyMMMEd, Bh":"E, d.MM.y 'г'. G, h 'ч'. B","GyMMMM, Bh":"MMMM y 'г'. G, h 'ч'. B","GyMMMMd, Bh":"d MMMM y 'г'. G, h 'ч'. B","GyMMMMEd, Bh":"E, d MMMM y 'г'. G, h 'ч'. B","M, Bh":"L, h 'ч'. B","Md, Bh":"d.MM, h 'ч'. B","MEd, Bh":"E, d.MM, h 'ч'. B","MMM, Bh":"MM, h 'ч'. B","MMMd, Bh":"d.MM, h 'ч'. B","MMMEd, Bh":"E, d.MM, h 'ч'. B","MMMM, Bh":"LLLL, h 'ч'. B","MMMMd, Bh":"d MMMM, h 'ч'. B","MMMMdd, Bh":"d MMMM, h 'ч'. B","MMMMEd, Bh":"E, d MMMM, h 'ч'. B","y, Bh":"y 'г'., h 'ч'. B","yM, Bh":"MM.y 'г'., h 'ч'. B","yMd, Bh":"d.MM.y 'г'., h 'ч'. B","yMEd, Bh":"E, d.MM.y 'г'., h 'ч'. B","yMMM, Bh":"MM.y 'г'., h 'ч'. B","yMMMd, Bh":"d.MM.y 'г'., h 'ч'. B","yMMMEd, Bh":"E, d.MM.y 'г'., h 'ч'. B","yMMMM, Bh":"MMMM y 'г'., h 'ч'. B","yMMMMd, Bh":"d MMMM y 'г'., h 'ч'. B","yMMMMEd, Bh":"E, d MMMM y 'г'., h 'ч'. B","EEEE, d MMMM y 'г'., Bhm":"EEEE, d MMMM y 'г'., h:mm 'ч'. B","d MMMM y 'г'., Bhm":"d MMMM y 'г'., h:mm 'ч'. B","d.MM.y 'г'., Bhm":"d.MM.y 'г'., h:mm 'ч'. B","d.MM.yy 'г'., Bhm":"d.MM.yy 'г'., h:mm 'ч'. B","d, Bhm":"d, h:mm 'ч'. B","E, Bhm":"ccc, h:mm 'ч'. B","Ed, Bhm":"E, d, h:mm 'ч'. B","Gy, Bhm":"y 'г'. G, h:mm 'ч'. B","GyMMM, Bhm":"MM.y 'г'. G, h:mm 'ч'. B","GyMMMd, Bhm":"d.MM.y 'г'. G, h:mm 'ч'. B","GyMMMEd, Bhm":"E, d.MM.y 'г'. G, h:mm 'ч'. B","GyMMMM, Bhm":"MMMM y 'г'. G, h:mm 'ч'. B","GyMMMMd, Bhm":"d MMMM y 'г'. G, h:mm 'ч'. B","GyMMMMEd, Bhm":"E, d MMMM y 'г'. G, h:mm 'ч'. B","M, Bhm":"L, h:mm 'ч'. B","Md, Bhm":"d.MM, h:mm 'ч'. B","MEd, Bhm":"E, d.MM, h:mm 'ч'. B","MMM, Bhm":"MM, h:mm 'ч'. B","MMMd, Bhm":"d.MM, h:mm 'ч'. B","MMMEd, Bhm":"E, d.MM, h:mm 'ч'. B","MMMM, Bhm":"LLLL, h:mm 'ч'. B","MMMMd, Bhm":"d MMMM, h:mm 'ч'. B","MMMMdd, Bhm":"d MMMM, h:mm 'ч'. B","MMMMEd, Bhm":"E, d MMMM, h:mm 'ч'. B","y, Bhm":"y 'г'., h:mm 'ч'. B","yM, Bhm":"MM.y 'г'., h:mm 'ч'. B","yMd, Bhm":"d.MM.y 'г'., h:mm 'ч'. B","yMEd, Bhm":"E, d.MM.y 'г'., h:mm 'ч'. B","yMMM, Bhm":"MM.y 'г'., h:mm 'ч'. B","yMMMd, Bhm":"d.MM.y 'г'., h:mm 'ч'. B","yMMMEd, Bhm":"E, d.MM.y 'г'., h:mm 'ч'. B","yMMMM, Bhm":"MMMM y 'г'., h:mm 'ч'. B","yMMMMd, Bhm":"d MMMM y 'г'., h:mm 'ч'. B","yMMMMEd, Bhm":"E, d MMMM y 'г'., h:mm 'ч'. B","EEEE, d MMMM y 'г'., Bhms":"EEEE, d MMMM y 'г'., h:mm:ss 'ч'. B","d MMMM y 'г'., Bhms":"d MMMM y 'г'., h:mm:ss 'ч'. B","d.MM.y 'г'., Bhms":"d.MM.y 'г'., h:mm:ss 'ч'. B","d.MM.yy 'г'., Bhms":"d.MM.yy 'г'., h:mm:ss 'ч'. B","d, Bhms":"d, h:mm:ss 'ч'. B","E, Bhms":"ccc, h:mm:ss 'ч'. B","Ed, Bhms":"E, d, h:mm:ss 'ч'. B","Gy, Bhms":"y 'г'. G, h:mm:ss 'ч'. B","GyMMM, Bhms":"MM.y 'г'. G, h:mm:ss 'ч'. B","GyMMMd, Bhms":"d.MM.y 'г'. G, h:mm:ss 'ч'. B","GyMMMEd, Bhms":"E, d.MM.y 'г'. G, h:mm:ss 'ч'. B","GyMMMM, Bhms":"MMMM y 'г'. G, h:mm:ss 'ч'. B","GyMMMMd, Bhms":"d MMMM y 'г'. G, h:mm:ss 'ч'. B","GyMMMMEd, Bhms":"E, d MMMM y 'г'. G, h:mm:ss 'ч'. B","M, Bhms":"L, h:mm:ss 'ч'. B","Md, Bhms":"d.MM, h:mm:ss 'ч'. B","MEd, Bhms":"E, d.MM, h:mm:ss 'ч'. B","MMM, Bhms":"MM, h:mm:ss 'ч'. B","MMMd, Bhms":"d.MM, h:mm:ss 'ч'. B","MMMEd, Bhms":"E, d.MM, h:mm:ss 'ч'. B","MMMM, Bhms":"LLLL, h:mm:ss 'ч'. B","MMMMd, Bhms":"d MMMM, h:mm:ss 'ч'. B","MMMMdd, Bhms":"d MMMM, h:mm:ss 'ч'. B","MMMMEd, Bhms":"E, d MMMM, h:mm:ss 'ч'. B","y, Bhms":"y 'г'., h:mm:ss 'ч'. B","yM, Bhms":"MM.y 'г'., h:mm:ss 'ч'. B","yMd, Bhms":"d.MM.y 'г'., h:mm:ss 'ч'. B","yMEd, Bhms":"E, d.MM.y 'г'., h:mm:ss 'ч'. B","yMMM, Bhms":"MM.y 'г'., h:mm:ss 'ч'. B","yMMMd, Bhms":"d.MM.y 'г'., h:mm:ss 'ч'. B","yMMMEd, Bhms":"E, d.MM.y 'г'., h:mm:ss 'ч'. B","yMMMM, Bhms":"MMMM y 'г'., h:mm:ss 'ч'. B","yMMMMd, Bhms":"d MMMM y 'г'., h:mm:ss 'ч'. B","yMMMMEd, Bhms":"E, d MMMM y 'г'., h:mm:ss 'ч'. B","EEEE, d MMMM y 'г'., h":"EEEE, d MMMM y 'г'., h 'ч'. a","d MMMM y 'г'., h":"d MMMM y 'г'., h 'ч'. a","d.MM.y 'г'., h":"d.MM.y 'г'., h 'ч'. a","d.MM.yy 'г'., h":"d.MM.yy 'г'., h 'ч'. a","d, h":"d, h 'ч'. a","E, h":"ccc, h 'ч'. a","Ed, h":"E, d, h 'ч'. a","Gy, h":"y 'г'. G, h 'ч'. a","GyMMM, h":"MM.y 'г'. G, h 'ч'. a","GyMMMd, h":"d.MM.y 'г'. G, h 'ч'. a","GyMMMEd, h":"E, d.MM.y 'г'. G, h 'ч'. a","GyMMMM, h":"MMMM y 'г'. G, h 'ч'. a","GyMMMMd, h":"d MMMM y 'г'. G, h 'ч'. a","GyMMMMEd, h":"E, d MMMM y 'г'. G, h 'ч'. a","M, h":"L, h 'ч'. a","Md, h":"d.MM, h 'ч'. a","MEd, h":"E, d.MM, h 'ч'. a","MMM, h":"MM, h 'ч'. a","MMMd, h":"d.MM, h 'ч'. a","MMMEd, h":"E, d.MM, h 'ч'. a","MMMM, h":"LLLL, h 'ч'. a","MMMMd, h":"d MMMM, h 'ч'. a","MMMMdd, h":"d MMMM, h 'ч'. a","MMMMEd, h":"E, d MMMM, h 'ч'. a","y, h":"y 'г'., h 'ч'. a","yM, h":"MM.y 'г'., h 'ч'. a","yMd, h":"d.MM.y 'г'., h 'ч'. a","yMEd, h":"E, d.MM.y 'г'., h 'ч'. a","yMMM, h":"MM.y 'г'., h 'ч'. a","yMMMd, h":"d.MM.y 'г'., h 'ч'. a","yMMMEd, h":"E, d.MM.y 'г'., h 'ч'. a","yMMMM, h":"MMMM y 'г'., h 'ч'. a","yMMMMd, h":"d MMMM y 'г'., h 'ч'. a","yMMMMEd, h":"E, d MMMM y 'г'., h 'ч'. a","EEEE, d MMMM y 'г'., H":"EEEE, d MMMM y 'г'., HH 'ч'.","d MMMM y 'г'., H":"d MMMM y 'г'., HH 'ч'.","d.MM.y 'г'., H":"d.MM.y 'г'., HH 'ч'.","d.MM.yy 'г'., H":"d.MM.yy 'г'., HH 'ч'.","d, H":"d, HH 'ч'.","E, H":"ccc, HH 'ч'.","Ed, H":"E, d, HH 'ч'.","Gy, H":"y 'г'. G, HH 'ч'.","GyMMM, H":"MM.y 'г'. G, HH 'ч'.","GyMMMd, H":"d.MM.y 'г'. G, HH 'ч'.","GyMMMEd, H":"E, d.MM.y 'г'. G, HH 'ч'.","GyMMMM, H":"MMMM y 'г'. G, HH 'ч'.","GyMMMMd, H":"d MMMM y 'г'. G, HH 'ч'.","GyMMMMEd, H":"E, d MMMM y 'г'. G, HH 'ч'.","M, H":"L, HH 'ч'.","Md, H":"d.MM, HH 'ч'.","MEd, H":"E, d.MM, HH 'ч'.","MMM, H":"MM, HH 'ч'.","MMMd, H":"d.MM, HH 'ч'.","MMMEd, H":"E, d.MM, HH 'ч'.","MMMM, H":"LLLL, HH 'ч'.","MMMMd, H":"d MMMM, HH 'ч'.","MMMMdd, H":"d MMMM, HH 'ч'.","MMMMEd, H":"E, d MMMM, HH 'ч'.","y, H":"y 'г'., HH 'ч'.","yM, H":"MM.y 'г'., HH 'ч'.","yMd, H":"d.MM.y 'г'., HH 'ч'.","yMEd, H":"E, d.MM.y 'г'., HH 'ч'.","yMMM, H":"MM.y 'г'., HH 'ч'.","yMMMd, H":"d.MM.y 'г'., HH 'ч'.","yMMMEd, H":"E, d.MM.y 'г'., HH 'ч'.","yMMMM, H":"MMMM y 'г'., HH 'ч'.","yMMMMd, H":"d MMMM y 'г'., HH 'ч'.","yMMMMEd, H":"E, d MMMM y 'г'., HH 'ч'.","EEEE, d MMMM y 'г'., hm":"EEEE, d MMMM y 'г'., h:mm 'ч'. a","d MMMM y 'г'., hm":"d MMMM y 'г'., h:mm 'ч'. a","d.MM.y 'г'., hm":"d.MM.y 'г'., h:mm 'ч'. a","d.MM.yy 'г'., hm":"d.MM.yy 'г'., h:mm 'ч'. a","d, hm":"d, h:mm 'ч'. a","E, hm":"ccc, h:mm 'ч'. a","Ed, hm":"E, d, h:mm 'ч'. a","Gy, hm":"y 'г'. G, h:mm 'ч'. a","GyMMM, hm":"MM.y 'г'. G, h:mm 'ч'. a","GyMMMd, hm":"d.MM.y 'г'. G, h:mm 'ч'. a","GyMMMEd, hm":"E, d.MM.y 'г'. G, h:mm 'ч'. a","GyMMMM, hm":"MMMM y 'г'. G, h:mm 'ч'. a","GyMMMMd, hm":"d MMMM y 'г'. G, h:mm 'ч'. a","GyMMMMEd, hm":"E, d MMMM y 'г'. G, h:mm 'ч'. a","M, hm":"L, h:mm 'ч'. a","Md, hm":"d.MM, h:mm 'ч'. a","MEd, hm":"E, d.MM, h:mm 'ч'. a","MMM, hm":"MM, h:mm 'ч'. a","MMMd, hm":"d.MM, h:mm 'ч'. a","MMMEd, hm":"E, d.MM, h:mm 'ч'. a","MMMM, hm":"LLLL, h:mm 'ч'. a","MMMMd, hm":"d MMMM, h:mm 'ч'. a","MMMMdd, hm":"d MMMM, h:mm 'ч'. a","MMMMEd, hm":"E, d MMMM, h:mm 'ч'. a","y, hm":"y 'г'., h:mm 'ч'. a","yM, hm":"MM.y 'г'., h:mm 'ч'. a","yMd, hm":"d.MM.y 'г'., h:mm 'ч'. a","yMEd, hm":"E, d.MM.y 'г'., h:mm 'ч'. a","yMMM, hm":"MM.y 'г'., h:mm 'ч'. a","yMMMd, hm":"d.MM.y 'г'., h:mm 'ч'. a","yMMMEd, hm":"E, d.MM.y 'г'., h:mm 'ч'. a","yMMMM, hm":"MMMM y 'г'., h:mm 'ч'. a","yMMMMd, hm":"d MMMM y 'г'., h:mm 'ч'. a","yMMMMEd, hm":"E, d MMMM y 'г'., h:mm 'ч'. a","EEEE, d MMMM y 'г'., Hm":"EEEE, d MMMM y 'г'., HH:mm 'ч'.","d MMMM y 'г'., Hm":"d MMMM y 'г'., HH:mm 'ч'.","d.MM.y 'г'., Hm":"d.MM.y 'г'., HH:mm 'ч'.","d.MM.yy 'г'., Hm":"d.MM.yy 'г'., HH:mm 'ч'.","d, Hm":"d, HH:mm 'ч'.","E, Hm":"ccc, HH:mm 'ч'.","Ed, Hm":"E, d, HH:mm 'ч'.","Gy, Hm":"y 'г'. G, HH:mm 'ч'.","GyMMM, Hm":"MM.y 'г'. G, HH:mm 'ч'.","GyMMMd, Hm":"d.MM.y 'г'. G, HH:mm 'ч'.","GyMMMEd, Hm":"E, d.MM.y 'г'. G, HH:mm 'ч'.","GyMMMM, Hm":"MMMM y 'г'. G, HH:mm 'ч'.","GyMMMMd, Hm":"d MMMM y 'г'. G, HH:mm 'ч'.","GyMMMMEd, Hm":"E, d MMMM y 'г'. G, HH:mm 'ч'.","M, Hm":"L, HH:mm 'ч'.","Md, Hm":"d.MM, HH:mm 'ч'.","MEd, Hm":"E, d.MM, HH:mm 'ч'.","MMM, Hm":"MM, HH:mm 'ч'.","MMMd, Hm":"d.MM, HH:mm 'ч'.","MMMEd, Hm":"E, d.MM, HH:mm 'ч'.","MMMM, Hm":"LLLL, HH:mm 'ч'.","MMMMd, Hm":"d MMMM, HH:mm 'ч'.","MMMMdd, Hm":"d MMMM, HH:mm 'ч'.","MMMMEd, Hm":"E, d MMMM, HH:mm 'ч'.","y, Hm":"y 'г'., HH:mm 'ч'.","yM, Hm":"MM.y 'г'., HH:mm 'ч'.","yMd, Hm":"d.MM.y 'г'., HH:mm 'ч'.","yMEd, Hm":"E, d.MM.y 'г'., HH:mm 'ч'.","yMMM, Hm":"MM.y 'г'., HH:mm 'ч'.","yMMMd, Hm":"d.MM.y 'г'., HH:mm 'ч'.","yMMMEd, Hm":"E, d.MM.y 'г'., HH:mm 'ч'.","yMMMM, Hm":"MMMM y 'г'., HH:mm 'ч'.","yMMMMd, Hm":"d MMMM y 'г'., HH:mm 'ч'.","yMMMMEd, Hm":"E, d MMMM y 'г'., HH:mm 'ч'.","EEEE, d MMMM y 'г'., hms":"EEEE, d MMMM y 'г'., h:mm:ss 'ч'. a","d MMMM y 'г'., hms":"d MMMM y 'г'., h:mm:ss 'ч'. a","d.MM.y 'г'., hms":"d.MM.y 'г'., h:mm:ss 'ч'. a","d.MM.yy 'г'., hms":"d.MM.yy 'г'., h:mm:ss 'ч'. a","d, hms":"d, h:mm:ss 'ч'. a","E, hms":"ccc, h:mm:ss 'ч'. a","Ed, hms":"E, d, h:mm:ss 'ч'. a","Gy, hms":"y 'г'. G, h:mm:ss 'ч'. a","GyMMM, hms":"MM.y 'г'. G, h:mm:ss 'ч'. a","GyMMMd, hms":"d.MM.y 'г'. G, h:mm:ss 'ч'. a","GyMMMEd, hms":"E, d.MM.y 'г'. G, h:mm:ss 'ч'. a","GyMMMM, hms":"MMMM y 'г'. G, h:mm:ss 'ч'. a","GyMMMMd, hms":"d MMMM y 'г'. G, h:mm:ss 'ч'. a","GyMMMMEd, hms":"E, d MMMM y 'г'. G, h:mm:ss 'ч'. a","M, hms":"L, h:mm:ss 'ч'. a","Md, hms":"d.MM, h:mm:ss 'ч'. a","MEd, hms":"E, d.MM, h:mm:ss 'ч'. a","MMM, hms":"MM, h:mm:ss 'ч'. a","MMMd, hms":"d.MM, h:mm:ss 'ч'. a","MMMEd, hms":"E, d.MM, h:mm:ss 'ч'. a","MMMM, hms":"LLLL, h:mm:ss 'ч'. a","MMMMd, hms":"d MMMM, h:mm:ss 'ч'. a","MMMMdd, hms":"d MMMM, h:mm:ss 'ч'. a","MMMMEd, hms":"E, d MMMM, h:mm:ss 'ч'. a","y, hms":"y 'г'., h:mm:ss 'ч'. a","yM, hms":"MM.y 'г'., h:mm:ss 'ч'. a","yMd, hms":"d.MM.y 'г'., h:mm:ss 'ч'. a","yMEd, hms":"E, d.MM.y 'г'., h:mm:ss 'ч'. a","yMMM, hms":"MM.y 'г'., h:mm:ss 'ч'. a","yMMMd, hms":"d.MM.y 'г'., h:mm:ss 'ч'. a","yMMMEd, hms":"E, d.MM.y 'г'., h:mm:ss 'ч'. a","yMMMM, hms":"MMMM y 'г'., h:mm:ss 'ч'. a","yMMMMd, hms":"d MMMM y 'г'., h:mm:ss 'ч'. a","yMMMMEd, hms":"E, d MMMM y 'г'., h:mm:ss 'ч'. a","EEEE, d MMMM y 'г'., Hms":"EEEE, d MMMM y 'г'., HH:mm:ss 'ч'.","d MMMM y 'г'., Hms":"d MMMM y 'г'., HH:mm:ss 'ч'.","d.MM.y 'г'., Hms":"d.MM.y 'г'., HH:mm:ss 'ч'.","d.MM.yy 'г'., Hms":"d.MM.yy 'г'., HH:mm:ss 'ч'.","d, Hms":"d, HH:mm:ss 'ч'.","E, Hms":"ccc, HH:mm:ss 'ч'.","Ed, Hms":"E, d, HH:mm:ss 'ч'.","Gy, Hms":"y 'г'. G, HH:mm:ss 'ч'.","GyMMM, Hms":"MM.y 'г'. G, HH:mm:ss 'ч'.","GyMMMd, Hms":"d.MM.y 'г'. G, HH:mm:ss 'ч'.","GyMMMEd, Hms":"E, d.MM.y 'г'. G, HH:mm:ss 'ч'.","GyMMMM, Hms":"MMMM y 'г'. G, HH:mm:ss 'ч'.","GyMMMMd, Hms":"d MMMM y 'г'. G, HH:mm:ss 'ч'.","GyMMMMEd, Hms":"E, d MMMM y 'г'. G, HH:mm:ss 'ч'.","M, Hms":"L, HH:mm:ss 'ч'.","Md, Hms":"d.MM, HH:mm:ss 'ч'.","MEd, Hms":"E, d.MM, HH:mm:ss 'ч'.","MMM, Hms":"MM, HH:mm:ss 'ч'.","MMMd, Hms":"d.MM, HH:mm:ss 'ч'.","MMMEd, Hms":"E, d.MM, HH:mm:ss 'ч'.","MMMM, Hms":"LLLL, HH:mm:ss 'ч'.","MMMMd, Hms":"d MMMM, HH:mm:ss 'ч'.","MMMMdd, Hms":"d MMMM, HH:mm:ss 'ч'.","MMMMEd, Hms":"E, d MMMM, HH:mm:ss 'ч'.","y, Hms":"y 'г'., HH:mm:ss 'ч'.","yM, Hms":"MM.y 'г'., HH:mm:ss 'ч'.","yMd, Hms":"d.MM.y 'г'., HH:mm:ss 'ч'.","yMEd, Hms":"E, d.MM.y 'г'., HH:mm:ss 'ч'.","yMMM, Hms":"MM.y 'г'., HH:mm:ss 'ч'.","yMMMd, Hms":"d.MM.y 'г'., HH:mm:ss 'ч'.","yMMMEd, Hms":"E, d.MM.y 'г'., HH:mm:ss 'ч'.","yMMMM, Hms":"MMMM y 'г'., HH:mm:ss 'ч'.","yMMMMd, Hms":"d MMMM y 'г'., HH:mm:ss 'ч'.","yMMMMEd, Hms":"E, d MMMM y 'г'., HH:mm:ss 'ч'.","EEEE, d MMMM y 'г'., hmsv":"EEEE, d MMMM y 'г'., h:mm:ss 'ч'. a v","d MMMM y 'г'., hmsv":"d MMMM y 'г'., h:mm:ss 'ч'. a v","d.MM.y 'г'., hmsv":"d.MM.y 'г'., h:mm:ss 'ч'. a v","d.MM.yy 'г'., hmsv":"d.MM.yy 'г'., h:mm:ss 'ч'. a v","d, hmsv":"d, h:mm:ss 'ч'. a v","E, hmsv":"ccc, h:mm:ss 'ч'. a v","Ed, hmsv":"E, d, h:mm:ss 'ч'. a v","Gy, hmsv":"y 'г'. G, h:mm:ss 'ч'. a v","GyMMM, hmsv":"MM.y 'г'. G, h:mm:ss 'ч'. a v","GyMMMd, hmsv":"d.MM.y 'г'. G, h:mm:ss 'ч'. a v","GyMMMEd, hmsv":"E, d.MM.y 'г'. G, h:mm:ss 'ч'. a v","GyMMMM, hmsv":"MMMM y 'г'. G, h:mm:ss 'ч'. a v","GyMMMMd, hmsv":"d MMMM y 'г'. G, h:mm:ss 'ч'. a v","GyMMMMEd, hmsv":"E, d MMMM y 'г'. G, h:mm:ss 'ч'. a v","M, hmsv":"L, h:mm:ss 'ч'. a v","Md, hmsv":"d.MM, h:mm:ss 'ч'. a v","MEd, hmsv":"E, d.MM, h:mm:ss 'ч'. a v","MMM, hmsv":"MM, h:mm:ss 'ч'. a v","MMMd, hmsv":"d.MM, h:mm:ss 'ч'. a v","MMMEd, hmsv":"E, d.MM, h:mm:ss 'ч'. a v","MMMM, hmsv":"LLLL, h:mm:ss 'ч'. a v","MMMMd, hmsv":"d MMMM, h:mm:ss 'ч'. a v","MMMMdd, hmsv":"d MMMM, h:mm:ss 'ч'. a v","MMMMEd, hmsv":"E, d MMMM, h:mm:ss 'ч'. a v","y, hmsv":"y 'г'., h:mm:ss 'ч'. a v","yM, hmsv":"MM.y 'г'., h:mm:ss 'ч'. a v","yMd, hmsv":"d.MM.y 'г'., h:mm:ss 'ч'. a v","yMEd, hmsv":"E, d.MM.y 'г'., h:mm:ss 'ч'. a v","yMMM, hmsv":"MM.y 'г'., h:mm:ss 'ч'. a v","yMMMd, hmsv":"d.MM.y 'г'., h:mm:ss 'ч'. a v","yMMMEd, hmsv":"E, d.MM.y 'г'., h:mm:ss 'ч'. a v","yMMMM, hmsv":"MMMM y 'г'., h:mm:ss 'ч'. a v","yMMMMd, hmsv":"d MMMM y 'г'., h:mm:ss 'ч'. a v","yMMMMEd, hmsv":"E, d MMMM y 'г'., h:mm:ss 'ч'. a v","EEEE, d MMMM y 'г'., Hmsv":"EEEE, d MMMM y 'г'., HH:mm:ss 'ч'. v","d MMMM y 'г'., Hmsv":"d MMMM y 'г'., HH:mm:ss 'ч'. v","d.MM.y 'г'., Hmsv":"d.MM.y 'г'., HH:mm:ss 'ч'. v","d.MM.yy 'г'., Hmsv":"d.MM.yy 'г'., HH:mm:ss 'ч'. v","d, Hmsv":"d, HH:mm:ss 'ч'. v","E, Hmsv":"ccc, HH:mm:ss 'ч'. v","Ed, Hmsv":"E, d, HH:mm:ss 'ч'. v","Gy, Hmsv":"y 'г'. G, HH:mm:ss 'ч'. v","GyMMM, Hmsv":"MM.y 'г'. G, HH:mm:ss 'ч'. v","GyMMMd, Hmsv":"d.MM.y 'г'. G, HH:mm:ss 'ч'. v","GyMMMEd, Hmsv":"E, d.MM.y 'г'. G, HH:mm:ss 'ч'. v","GyMMMM, Hmsv":"MMMM y 'г'. G, HH:mm:ss 'ч'. v","GyMMMMd, Hmsv":"d MMMM y 'г'. G, HH:mm:ss 'ч'. v","GyMMMMEd, Hmsv":"E, d MMMM y 'г'. G, HH:mm:ss 'ч'. v","M, Hmsv":"L, HH:mm:ss 'ч'. v","Md, Hmsv":"d.MM, HH:mm:ss 'ч'. v","MEd, Hmsv":"E, d.MM, HH:mm:ss 'ч'. v","MMM, Hmsv":"MM, HH:mm:ss 'ч'. v","MMMd, Hmsv":"d.MM, HH:mm:ss 'ч'. v","MMMEd, Hmsv":"E, d.MM, HH:mm:ss 'ч'. v","MMMM, Hmsv":"LLLL, HH:mm:ss 'ч'. v","MMMMd, Hmsv":"d MMMM, HH:mm:ss 'ч'. v","MMMMdd, Hmsv":"d MMMM, HH:mm:ss 'ч'. v","MMMMEd, Hmsv":"E, d MMMM, HH:mm:ss 'ч'. v","y, Hmsv":"y 'г'., HH:mm:ss 'ч'. v","yM, Hmsv":"MM.y 'г'., HH:mm:ss 'ч'. v","yMd, Hmsv":"d.MM.y 'г'., HH:mm:ss 'ч'. v","yMEd, Hmsv":"E, d.MM.y 'г'., HH:mm:ss 'ч'. v","yMMM, Hmsv":"MM.y 'г'., HH:mm:ss 'ч'. v","yMMMd, Hmsv":"d.MM.y 'г'., HH:mm:ss 'ч'. v","yMMMEd, Hmsv":"E, d.MM.y 'г'., HH:mm:ss 'ч'. v","yMMMM, Hmsv":"MMMM y 'г'., HH:mm:ss 'ч'. v","yMMMMd, Hmsv":"d MMMM y 'г'., HH:mm:ss 'ч'. v","yMMMMEd, Hmsv":"E, d MMMM y 'г'., HH:mm:ss 'ч'. v","EEEE, d MMMM y 'г'., hmv":"EEEE, d MMMM y 'г'., h:mm 'ч'. a v","d MMMM y 'г'., hmv":"d MMMM y 'г'., h:mm 'ч'. a v","d.MM.y 'г'., hmv":"d.MM.y 'г'., h:mm 'ч'. a v","d.MM.yy 'г'., hmv":"d.MM.yy 'г'., h:mm 'ч'. a v","d, hmv":"d, h:mm 'ч'. a v","E, hmv":"ccc, h:mm 'ч'. a v","Ed, hmv":"E, d, h:mm 'ч'. a v","Gy, hmv":"y 'г'. G, h:mm 'ч'. a v","GyMMM, hmv":"MM.y 'г'. G, h:mm 'ч'. a v","GyMMMd, hmv":"d.MM.y 'г'. G, h:mm 'ч'. a v","GyMMMEd, hmv":"E, d.MM.y 'г'. G, h:mm 'ч'. a v","GyMMMM, hmv":"MMMM y 'г'. G, h:mm 'ч'. a v","GyMMMMd, hmv":"d MMMM y 'г'. G, h:mm 'ч'. a v","GyMMMMEd, hmv":"E, d MMMM y 'г'. G, h:mm 'ч'. a v","M, hmv":"L, h:mm 'ч'. a v","Md, hmv":"d.MM, h:mm 'ч'. a v","MEd, hmv":"E, d.MM, h:mm 'ч'. a v","MMM, hmv":"MM, h:mm 'ч'. a v","MMMd, hmv":"d.MM, h:mm 'ч'. a v","MMMEd, hmv":"E, d.MM, h:mm 'ч'. a v","MMMM, hmv":"LLLL, h:mm 'ч'. a v","MMMMd, hmv":"d MMMM, h:mm 'ч'. a v","MMMMdd, hmv":"d MMMM, h:mm 'ч'. a v","MMMMEd, hmv":"E, d MMMM, h:mm 'ч'. a v","y, hmv":"y 'г'., h:mm 'ч'. a v","yM, hmv":"MM.y 'г'., h:mm 'ч'. a v","yMd, hmv":"d.MM.y 'г'., h:mm 'ч'. a v","yMEd, hmv":"E, d.MM.y 'г'., h:mm 'ч'. a v","yMMM, hmv":"MM.y 'г'., h:mm 'ч'. a v","yMMMd, hmv":"d.MM.y 'г'., h:mm 'ч'. a v","yMMMEd, hmv":"E, d.MM.y 'г'., h:mm 'ч'. a v","yMMMM, hmv":"MMMM y 'г'., h:mm 'ч'. a v","yMMMMd, hmv":"d MMMM y 'г'., h:mm 'ч'. a v","yMMMMEd, hmv":"E, d MMMM y 'г'., h:mm 'ч'. a v","EEEE, d MMMM y 'г'., Hmv":"EEEE, d MMMM y 'г'., HH:mm 'ч'. v","d MMMM y 'г'., Hmv":"d MMMM y 'г'., HH:mm 'ч'. v","d.MM.y 'г'., Hmv":"d.MM.y 'г'., HH:mm 'ч'. v","d.MM.yy 'г'., Hmv":"d.MM.yy 'г'., HH:mm 'ч'. v","d, Hmv":"d, HH:mm 'ч'. v","E, Hmv":"ccc, HH:mm 'ч'. v","Ed, Hmv":"E, d, HH:mm 'ч'. v","Gy, Hmv":"y 'г'. G, HH:mm 'ч'. v","GyMMM, Hmv":"MM.y 'г'. G, HH:mm 'ч'. v","GyMMMd, Hmv":"d.MM.y 'г'. G, HH:mm 'ч'. v","GyMMMEd, Hmv":"E, d.MM.y 'г'. G, HH:mm 'ч'. v","GyMMMM, Hmv":"MMMM y 'г'. G, HH:mm 'ч'. v","GyMMMMd, Hmv":"d MMMM y 'г'. G, HH:mm 'ч'. v","GyMMMMEd, Hmv":"E, d MMMM y 'г'. G, HH:mm 'ч'. v","M, Hmv":"L, HH:mm 'ч'. v","Md, Hmv":"d.MM, HH:mm 'ч'. v","MEd, Hmv":"E, d.MM, HH:mm 'ч'. v","MMM, Hmv":"MM, HH:mm 'ч'. v","MMMd, Hmv":"d.MM, HH:mm 'ч'. v","MMMEd, Hmv":"E, d.MM, HH:mm 'ч'. v","MMMM, Hmv":"LLLL, HH:mm 'ч'. v","MMMMd, Hmv":"d MMMM, HH:mm 'ч'. v","MMMMdd, Hmv":"d MMMM, HH:mm 'ч'. v","MMMMEd, Hmv":"E, d MMMM, HH:mm 'ч'. v","y, Hmv":"y 'г'., HH:mm 'ч'. v","yM, Hmv":"MM.y 'г'., HH:mm 'ч'. v","yMd, Hmv":"d.MM.y 'г'., HH:mm 'ч'. v","yMEd, Hmv":"E, d.MM.y 'г'., HH:mm 'ч'. v","yMMM, Hmv":"MM.y 'г'., HH:mm 'ч'. v","yMMMd, Hmv":"d.MM.y 'г'., HH:mm 'ч'. v","yMMMEd, Hmv":"E, d.MM.y 'г'., HH:mm 'ч'. v","yMMMM, Hmv":"MMMM y 'г'., HH:mm 'ч'. v","yMMMMd, Hmv":"d MMMM y 'г'., HH:mm 'ч'. v","yMMMMEd, Hmv":"E, d MMMM y 'г'., HH:mm 'ч'. v","EEEE, d MMMM y 'г'., ms":"EEEE, d MMMM y 'г'., m:ss","d MMMM y 'г'., ms":"d MMMM y 'г'., m:ss","d.MM.y 'г'., ms":"d.MM.y 'г'., m:ss","d.MM.yy 'г'., ms":"d.MM.yy 'г'., m:ss","d, ms":"d, m:ss","E, ms":"ccc, m:ss","Ed, ms":"E, d, m:ss","Gy, ms":"y 'г'. G, m:ss","GyMMM, ms":"MM.y 'г'. G, m:ss","GyMMMd, ms":"d.MM.y 'г'. G, m:ss","GyMMMEd, ms":"E, d.MM.y 'г'. G, m:ss","GyMMMM, ms":"MMMM y 'г'. G, m:ss","GyMMMMd, ms":"d MMMM y 'г'. G, m:ss","GyMMMMEd, ms":"E, d MMMM y 'г'. G, m:ss","M, ms":"L, m:ss","Md, ms":"d.MM, m:ss","MEd, ms":"E, d.MM, m:ss","MMM, ms":"MM, m:ss","MMMd, ms":"d.MM, m:ss","MMMEd, ms":"E, d.MM, m:ss","MMMM, ms":"LLLL, m:ss","MMMMd, ms":"d MMMM, m:ss","MMMMdd, ms":"d MMMM, m:ss","MMMMEd, ms":"E, d MMMM, m:ss","y, ms":"y 'г'., m:ss","yM, ms":"MM.y 'г'., m:ss","yMd, ms":"d.MM.y 'г'., m:ss","yMEd, ms":"E, d.MM.y 'г'., m:ss","yMMM, ms":"MM.y 'г'., m:ss","yMMMd, ms":"d.MM.y 'г'., m:ss","yMMMEd, ms":"E, d.MM.y 'г'., m:ss","yMMMM, ms":"MMMM y 'г'., m:ss","yMMMMd, ms":"d MMMM y 'г'., m:ss","yMMMMEd, ms":"E, d MMMM y 'г'., m:ss"}},"intervalFormats":{"intervalFormatFallback":"{0} – {1}","Bh":{"B":"h B – h B","h":"h – h B"},"Bhm":{"B":"h:mm B – h:mm B","h":"h:mm – h:mm B","m":"h:mm – h:mm B"},"d":{"d":"d – d"},"Gy":{"G":"y G – y G","y":"y – y G"},"GyM":{"G":"MM.y GGGGG – MM.y GGGGG","M":"MM.y – MM.y GGGGG","y":"MM.y – MM.y GGGGG"},"GyMd":{"d":"dd.MM.y – dd.MM.y GGGGG","G":"dd.MM.y GGGGG – dd.MM.y GGGGG","M":"dd.MM.y – dd.MM.y GGGGG","y":"dd.MM.y – dd.MM.y GGGGG"},"GyMEd":{"d":"E, dd.MM.y – E, dd.MM.y GGGGG","G":"E, dd.MM.y GGGGG – E, dd.MM.y GGGGG","M":"E, dd.MM.y – E, dd.MM.y GGGGG","y":"E, dd.MM.y – E, dd.MM.y GGGGG"},"GyMMM":{"G":"MMM y G – MMM y G","M":"MMM – MMM y G","y":"MMM y – MMM y G"},"GyMMMd":{"d":"d – d MMM y G","G":"d MMM y G – d MMM y G","M":"d MMM – d MMM y G","y":"d MMM y – d MMM y G"},"GyMMMEd":{"d":"E, d MMM – E, d MMM y G","G":"E, d MMM y G – E, d MMM y G","M":"E, d MMM – E, d MMM y G","y":"E, d MMM y – E, d MMM y G"},"h":{"a":"h 'ч'. a – h 'ч'. a","h":"h 'ч'. – h 'ч'. a"},"H":{"H":"H – H 'ч'."},"hm":{"a":"h:mm 'ч'. a – h:mm 'ч'. a","h":"h:mm 'ч'. – h:mm 'ч'. a","m":"h:mm 'ч'. – h:mm 'ч'. a"},"Hm":{"H":"H:mm 'ч'. – H:mm 'ч'.","m":"H:mm 'ч'. – H:mm 'ч'."},"hmv":{"a":"h:mm 'ч'. a – h:mm 'ч'. a v","h":"h:mm 'ч'. a – h:mm 'ч'. a v","m":"h:mm 'ч'. a – h:mm 'ч'. a v"},"Hmv":{"H":"H:mm 'ч'. – H:mm 'ч'. v","m":"H:mm 'ч'. – H:mm 'ч'. v"},"hv":{"a":"h 'ч'. a – h 'ч'. a v","h":"h 'ч'. – h 'ч'. a v"},"Hv":{"H":"H – H 'ч'. v"},"M":{"M":"M – M"},"Md":{"d":"d.MM – d.MM","M":"d.MM – d.MM"},"MEd":{"d":"E, d.MM – E, d.MM","M":"E, d.MM – E, d.MM"},"MMM":{"M":"MM – MM"},"MMMd":{"d":"d.MM – d.MM","M":"d.MM – d.MM"},"MMMEd":{"d":"E, d.MM – E, d.MM","M":"E, d.MM – E, d.MM"},"MMMM":{"M":"LLLL – LLLL"},"MMMMd":{"d":"d – d MMMM","M":"d MMMM – d MMMM"},"MMMMEd":{"d":"E, d MMMM – E, d MMMM","M":"E, d MMMM – E, d MMMM"},"y":{"y":"y – y 'г'."},"yM":{"M":"MM.y 'г'. – MM.y 'г'.","y":"MM.y 'г'. – MM.y 'г'."},"yMd":{"d":"d.MM – d.MM.y 'г'.","M":"d.MM – d.MM.y 'г'.","y":"d.MM.y 'г'. – d.MM.y 'г'."},"yMEd":{"d":"E, d.MM – E, d.MM.y 'г'.","M":"E, d.MM – E, d.MM.y 'г'.","y":"E, d.MM.y 'г'. – E, d.MM.y 'г'."},"yMMM":{"M":"MM.y 'г'. – MM.y 'г'.","y":"MM.y 'г'. – MM.y 'г'."},"yMMMd":{"d":"d.MM – d.MM.y 'г'.","M":"d.MM – d.MM.y 'г'.","y":"d.MM.y 'г'. – d.MM.y 'г'."},"yMMMEd":{"d":"E, d.MM – E, d.MM.y 'г'.","M":"E, d.MM – E, d.MM.y 'г'.","y":"E, d.MM.y 'г'. – E, d.MM.y 'г'."},"yMMMM":{"M":"MMMM – MMMM y 'г'.","y":"MMMM y 'г'. – MMMM y 'г'."},"yMMMMd":{"d":"d – d MMMM y 'г'.","M":"d MMMM – d MMMM y 'г'.","y":"d MMMM y 'г'. – d MMMM y 'г'."},"yMMMMEd":{"d":"E, d MMMM – E, d MMMM y 'г'.","M":"E, d MMMM – E, d MMMM y 'г'.","y":"E, d MMMM y 'г'. – E, d MMMM y 'г'."}},"hourCycle":"h23","nu":["latn"],"ca":["gregory"],"hc":["h23","","h12"]},"locale":"bg"}
