{"data":{"am":"dop.","pm":"odp.","weekday":{"narrow":["N","P","Ú","S","Č","P","S"],"short":["ne","po","út","st","čt","pá","so"],"long":["neděle","pondělí","úterý","středa","čtvrtek","pátek","sobota"]},"era":{"narrow":{"BC":"př.n.l.","AD":"n.l."},"short":{"BC":"př. n. l.","AD":"n. l."},"long":{"BC":"před naším letopočtem","AD":"našeho letopočtu"}},"month":{"narrow":["1","2","3","4","5","6","7","8","9","10","11","12"],"short":["led","úno","bře","dub","kvě","čvn","čvc","srp","zář","říj","lis","pro"],"long":["ledna","února","března","dubna","května","června","července","srpna","září","října","listopadu","prosince"]},"timeZoneName":{"America/Rio_Branco":{"long":["Acrejský standardní čas","Acrejský letní čas"]},"Asia/Kabul":{"long":["Afghánský čas","Afghánský čas"]},"Africa/Maputo":{"long":["Středoafrický čas","Středoafrický čas"]},"Africa/Bujumbura":{"long":["Středoafrický čas","Středoafrický čas"]},"Africa/Gaborone":{"long":["Středoafrický čas","Středoafrický čas"]},"Africa/Lubumbashi":{"long":["Středoafrický čas","Středoafrický čas"]},"Africa/Blantyre":{"long":["Středoafrický čas","Středoafrický čas"]},"Africa/Kigali":{"long":["Středoafrický čas","Středoafrický čas"]},"Africa/Lusaka":{"long":["Středoafrický čas","Středoafrický čas"]},"Africa/Harare":{"long":["Středoafrický čas","Středoafrický čas"]},"Africa/Nairobi":{"long":["Východoafrický čas","Východoafrický čas"]},"Africa/Djibouti":{"long":["Východoafrický čas","Východoafrický čas"]},"Africa/Asmera":{"long":["Východoafrický čas","Východoafrický čas"]},"Africa/Addis_Ababa":{"long":["Východoafrický čas","Východoafrický čas"]},"Indian/Comoro":{"long":["Východoafrický čas","Východoafrický čas"]},"Indian/Antananarivo":{"long":["Východoafrický čas","Východoafrický čas"]},"Africa/Mogadishu":{"long":["Východoafrický čas","Východoafrický čas"]},"Africa/Dar_es_Salaam":{"long":["Východoafrický čas","Východoafrický čas"]},"Africa/Kampala":{"long":["Východoafrický čas","Východoafrický čas"]},"Indian/Mayotte":{"long":["Východoafrický čas","Východoafrický čas"]},"Africa/Johannesburg":{"long":["Jihoafrický čas","Jihoafrický čas"]},"Africa/Maseru":{"long":["Jihoafrický čas","Jihoafrický čas"]},"Africa/Mbabane":{"long":["Jihoafrický čas","Jihoafrický čas"]},"Africa/Lagos":{"long":["Západoafrický standardní čas","Západoafrický letní čas"]},"Africa/Luanda":{"long":["Západoafrický standardní čas","Západoafrický letní čas"]},"Africa/Porto-Novo":{"long":["Západoafrický standardní čas","Západoafrický letní čas"]},"Africa/Kinshasa":{"long":["Západoafrický standardní čas","Západoafrický letní čas"]},"Africa/Bangui":{"long":["Západoafrický standardní čas","Západoafrický letní čas"]},"Africa/Brazzaville":{"long":["Západoafrický standardní čas","Západoafrický letní čas"]},"Africa/Douala":{"long":["Západoafrický standardní čas","Západoafrický letní čas"]},"Africa/Libreville":{"long":["Západoafrický standardní čas","Západoafrický letní čas"]},"Africa/Malabo":{"long":["Západoafrický standardní čas","Západoafrický letní čas"]},"Africa/Niamey":{"long":["Západoafrický standardní čas","Západoafrický letní čas"]},"Africa/Ndjamena":{"long":["Západoafrický standardní čas","Západoafrický letní čas"]},"Asia/Aqtobe":{"long":["Západokazachstánský čas","Západokazachstánský čas"]},"America/Juneau":{"long":["Aljašský standardní čas","Aljašský letní čas"],"short":["AKST","AKDT"]},"Asia/Almaty":{"long":["Východokazachstánský čas","Východokazachstánský čas"]},"America/Manaus":{"long":["Amazonský standardní čas","Amazonský letní čas"]},"America/Chicago":{"long":["Severoamerický centrální standardní čas","Severoamerický centrální letní čas"],"short":["CST","CDT"]},"America/Belize":{"long":["Severoamerický centrální standardní čas","Severoamerický centrální letní čas"],"short":["CST","CDT"]},"America/Winnipeg":{"long":["Severoamerický centrální standardní čas","Severoamerický centrální letní čas"],"short":["CST","CDT"]},"America/Costa_Rica":{"long":["Severoamerický centrální standardní čas","Severoamerický centrální letní čas"],"short":["CST","CDT"]},"America/Guatemala":{"long":["Severoamerický centrální standardní čas","Severoamerický centrální letní čas"],"short":["CST","CDT"]},"America/Tegucigalpa":{"long":["Severoamerický centrální standardní čas","Severoamerický centrální letní čas"],"short":["CST","CDT"]},"America/Mexico_City":{"long":["Severoamerický centrální standardní čas","Severoamerický centrální letní čas"],"short":["CST","CDT"]},"America/El_Salvador":{"long":["Severoamerický centrální standardní čas","Severoamerický centrální letní čas"],"short":["CST","CDT"]},"America/New_York":{"long":["Severoamerický východní standardní čas","Severoamerický východní letní čas"],"short":["EST","EDT"]},"America/Nassau":{"long":["Severoamerický východní standardní čas","Severoamerický východní letní čas"],"short":["EST","EDT"]},"America/Toronto":{"long":["Severoamerický východní standardní čas","Severoamerický východní letní čas"],"short":["EST","EDT"]},"America/Port-au-Prince":{"long":["Severoamerický východní standardní čas","Severoamerický východní letní čas"],"short":["EST","EDT"]},"America/Jamaica":{"long":["Severoamerický východní standardní čas","Severoamerický východní letní čas"],"short":["EST","EDT"]},"America/Cayman":{"long":["Severoamerický východní standardní čas","Severoamerický východní letní čas"],"short":["EST","EDT"]},"America/Panama":{"long":["Severoamerický východní standardní čas","Severoamerický východní letní čas"],"short":["EST","EDT"]},"America/Denver":{"long":["Severoamerický horský standardní čas","Severoamerický horský letní čas"],"short":["MST","MDT"]},"America/Edmonton":{"long":["Severoamerický horský standardní čas","Severoamerický horský letní čas"],"short":["MST","MDT"]},"America/Hermosillo":{"long":["Severoamerický horský standardní čas","Severoamerický horský letní čas"],"short":["MST","MDT"]},"America/Los_Angeles":{"long":["Severoamerický pacifický standardní čas","Severoamerický pacifický letní čas"],"short":["PST","PDT"]},"America/Vancouver":{"long":["Severoamerický pacifický standardní čas","Severoamerický pacifický letní čas"],"short":["PST","PDT"]},"America/Tijuana":{"long":["Severoamerický pacifický standardní čas","Severoamerický pacifický letní čas"],"short":["PST","PDT"]},"Asia/Anadyr":{"long":["Anadyrský standardní čas","Anadyrský letní čas"]},"Pacific/Apia":{"long":["Apijský standardní čas","Apijský letní čas"]},"Asia/Riyadh":{"long":["Arabský standardní čas","Arabský letní čas"]},"Asia/Bahrain":{"long":["Arabský standardní čas","Arabský letní čas"]},"Asia/Baghdad":{"long":["Arabský standardní čas","Arabský letní čas"]},"Asia/Kuwait":{"long":["Arabský standardní čas","Arabský letní čas"]},"Asia/Qatar":{"long":["Arabský standardní čas","Arabský letní čas"]},"Asia/Aden":{"long":["Arabský standardní čas","Arabský letní čas"]},"America/Buenos_Aires":{"long":["Argentinský standardní čas","Argentinský letní čas"]},"America/Argentina/San_Luis":{"long":["Západoargentinský standardní čas","Západoargentinský letní čas"]},"Asia/Ashgabat":{"long":["Turkmenský standardní čas","Turkmenský letní čas"]},"America/Halifax":{"long":["Atlantický standardní čas","Atlantický letní čas"],"short":["AST","ADT"]},"America/Antigua":{"long":["Atlantický standardní čas","Atlantický letní čas"],"short":["AST","ADT"]},"America/Anguilla":{"long":["Atlantický standardní čas","Atlantický letní čas"],"short":["AST","ADT"]},"America/Aruba":{"long":["Atlantický standardní čas","Atlantický letní čas"],"short":["AST","ADT"]},"America/Barbados":{"long":["Atlantický standardní čas","Atlantický letní čas"],"short":["AST","ADT"]},"Atlantic/Bermuda":{"long":["Atlantický standardní čas","Atlantický letní čas"],"short":["AST","ADT"]},"America/Kralendijk":{"long":["Atlantický standardní čas","Atlantický letní čas"],"short":["AST","ADT"]},"America/Curacao":{"long":["Atlantický standardní čas","Atlantický letní čas"],"short":["AST","ADT"]},"America/Dominica":{"long":["Atlantický standardní čas","Atlantický letní čas"],"short":["AST","ADT"]},"America/Grenada":{"long":["Atlantický standardní čas","Atlantický letní čas"],"short":["AST","ADT"]},"America/Thule":{"long":["Atlantický standardní čas","Atlantický letní čas"],"short":["AST","ADT"]},"America/Guadeloupe":{"long":["Atlantický standardní čas","Atlantický letní čas"],"short":["AST","ADT"]},"America/St_Kitts":{"long":["Atlantický standardní čas","Atlantický letní čas"],"short":["AST","ADT"]},"America/St_Lucia":{"long":["Atlantický standardní čas","Atlantický letní čas"],"short":["AST","ADT"]},"America/Marigot":{"long":["Atlantický standardní čas","Atlantický letní čas"],"short":["AST","ADT"]},"America/Martinique":{"long":["Atlantický standardní čas","Atlantický letní čas"],"short":["AST","ADT"]},"America/Montserrat":{"long":["Atlantický standardní čas","Atlantický letní čas"],"short":["AST","ADT"]},"America/Puerto_Rico":{"long":["Atlantický standardní čas","Atlantický letní čas"],"short":["AST","ADT"]},"America/Lower_Princes":{"long":["Atlantický standardní čas","Atlantický letní čas"],"short":["AST","ADT"]},"America/Port_of_Spain":{"long":["Atlantický standardní čas","Atlantický letní čas"],"short":["AST","ADT"]},"America/St_Vincent":{"long":["Atlantický standardní čas","Atlantický letní čas"],"short":["AST","ADT"]},"America/Tortola":{"long":["Atlantický standardní čas","Atlantický letní čas"],"short":["AST","ADT"]},"America/St_Thomas":{"long":["Atlantický standardní čas","Atlantický letní čas"],"short":["AST","ADT"]},"Australia/Adelaide":{"long":["Středoaustralský standardní čas","Středoaustralský letní čas"]},"Australia/Eucla":{"long":["Středozápadní australský standardní čas","Středozápadní australský letní čas"]},"Australia/Sydney":{"long":["Východoaustralský standardní čas","Východoaustralský letní čas"]},"Australia/Perth":{"long":["Západoaustralský standardní čas","Západoaustralský letní čas"]},"Atlantic/Azores":{"long":["Azorský standardní čas","Azorský letní čas"]},"Asia/Thimphu":{"long":["Bhútánský čas","Bhútánský čas"]},"America/La_Paz":{"long":["Bolivijský čas","Bolivijský čas"]},"Asia/Kuching":{"long":["Malajský čas","Malajský čas"]},"America/Sao_Paulo":{"long":["Brasilijský standardní čas","Brasilijský letní čas"]},"Europe/London":{"long":["Greenwichský střední čas","Greenwichský střední čas"]},"Asia/Brunei":{"long":["Brunejský čas","Brunejský čas"]},"Atlantic/Cape_Verde":{"long":["Kapverdský standardní čas","Kapverdský letní čas"]},"Antarctica/Casey":{"long":["Čas Caseyho stanice","Čas Caseyho stanice"]},"Pacific/Saipan":{"long":["Severomariánský čas","Severomariánský čas"]},"Pacific/Guam":{"long":["Guamský čas","Guamský čas"]},"Pacific/Chatham":{"long":["Chathamský standardní čas","Chathamský letní čas"]},"America/Santiago":{"long":["Chilský standardní čas","Chilský letní čas"]},"Asia/Shanghai":{"long":["Čínský standardní čas","Čínský letní čas"]},"Asia/Choibalsan":{"long":["Čojbalsanský standardní čas","Čojbalsanský letní čas"]},"Indian/Christmas":{"long":["Čas Vánočního ostrova","Čas Vánočního ostrova"]},"Indian/Cocos":{"long":["Čas Kokosových ostrovů","Čas Kokosových ostrovů"]},"America/Bogota":{"long":["Kolumbijský standardní čas","Kolumbijský letní čas"]},"Pacific/Rarotonga":{"long":["Standardní čas Cookových ostrovů","Letní čas Cookových ostrovů"]},"America/Havana":{"long":["Kubánský standardní čas","Kubánský letní čas"]},"Antarctica/Davis":{"long":["Čas Davisovy stanice","Čas Davisovy stanice"]},"Antarctica/DumontDUrville":{"long":["Čas stanice Dumonta d’Urvilla","Čas stanice Dumonta d’Urvilla"]},"Asia/Dushanbe":{"long":["Tádžický čas","Tádžický čas"]},"America/Paramaribo":{"long":["Surinamský čas","Surinamský čas"]},"Asia/Dili":{"long":["Východotimorský čas","Východotimorský čas"]},"Pacific/Easter":{"long":["Standardní čas Velikonočního ostrova","Letní čas Velikonočního ostrova"]},"America/Guayaquil":{"long":["Ekvádorský čas","Ekvádorský čas"]},"Europe/Paris":{"long":["Středoevropský standardní čas","Středoevropský letní čas"],"short":["SEČ","SELČ"]},"Europe/Andorra":{"long":["Středoevropský standardní čas","Středoevropský letní čas"],"short":["SEČ","SELČ"]},"Europe/Tirane":{"long":["Středoevropský standardní čas","Středoevropský letní čas"],"short":["SEČ","SELČ"]},"Europe/Vienna":{"long":["Středoevropský standardní čas","Středoevropský letní čas"],"short":["SEČ","SELČ"]},"Europe/Sarajevo":{"long":["Středoevropský standardní čas","Středoevropský letní čas"],"short":["SEČ","SELČ"]},"Europe/Brussels":{"long":["Středoevropský standardní čas","Středoevropský letní čas"],"short":["SEČ","SELČ"]},"Europe/Zurich":{"long":["Středoevropský standardní čas","Středoevropský letní čas"],"short":["SEČ","SELČ"]},"Europe/Prague":{"long":["Středoevropský standardní čas","Středoevropský letní čas"],"short":["SEČ","SELČ"]},"Europe/Berlin":{"long":["Středoevropský standardní čas","Středoevropský letní čas"],"short":["SEČ","SELČ"]},"Europe/Copenhagen":{"long":["Středoevropský standardní čas","Středoevropský letní čas"],"short":["SEČ","SELČ"]},"Europe/Madrid":{"long":["Středoevropský standardní čas","Středoevropský letní čas"],"short":["SEČ","SELČ"]},"Europe/Gibraltar":{"long":["Středoevropský standardní čas","Středoevropský letní čas"],"short":["SEČ","SELČ"]},"Europe/Zagreb":{"long":["Středoevropský standardní čas","Středoevropský letní čas"],"short":["SEČ","SELČ"]},"Europe/Budapest":{"long":["Středoevropský standardní čas","Středoevropský letní čas"],"short":["SEČ","SELČ"]},"Europe/Rome":{"long":["Středoevropský standardní čas","Středoevropský letní čas"],"short":["SEČ","SELČ"]},"Europe/Vaduz":{"long":["Středoevropský standardní čas","Středoevropský letní čas"],"short":["SEČ","SELČ"]},"Europe/Luxembourg":{"long":["Středoevropský standardní čas","Středoevropský letní čas"],"short":["SEČ","SELČ"]},"Europe/Monaco":{"long":["Středoevropský standardní čas","Středoevropský letní čas"],"short":["SEČ","SELČ"]},"Europe/Podgorica":{"long":["Středoevropský standardní čas","Středoevropský letní čas"],"short":["SEČ","SELČ"]},"Europe/Skopje":{"long":["Středoevropský standardní čas","Středoevropský letní čas"],"short":["SEČ","SELČ"]},"Europe/Malta":{"long":["Středoevropský standardní čas","Středoevropský letní čas"],"short":["SEČ","SELČ"]},"Europe/Amsterdam":{"long":["Středoevropský standardní čas","Středoevropský letní čas"],"short":["SEČ","SELČ"]},"Europe/Oslo":{"long":["Středoevropský standardní čas","Středoevropský letní čas"],"short":["SEČ","SELČ"]},"Europe/Warsaw":{"long":["Středoevropský standardní čas","Středoevropský letní čas"],"short":["SEČ","SELČ"]},"Europe/Belgrade":{"long":["Středoevropský standardní čas","Středoevropský letní čas"],"short":["SEČ","SELČ"]},"Europe/Stockholm":{"long":["Středoevropský standardní čas","Středoevropský letní čas"],"short":["SEČ","SELČ"]},"Europe/Ljubljana":{"long":["Středoevropský standardní čas","Středoevropský letní čas"],"short":["SEČ","SELČ"]},"Arctic/Longyearbyen":{"long":["Středoevropský standardní čas","Středoevropský letní čas"],"short":["SEČ","SELČ"]},"Europe/Bratislava":{"long":["Středoevropský standardní čas","Středoevropský letní čas"],"short":["SEČ","SELČ"]},"Europe/San_Marino":{"long":["Středoevropský standardní čas","Středoevropský letní čas"],"short":["SEČ","SELČ"]},"Africa/Tunis":{"long":["Středoevropský standardní čas","Středoevropský letní čas"],"short":["SEČ","SELČ"]},"Europe/Vatican":{"long":["Středoevropský standardní čas","Středoevropský letní čas"],"short":["SEČ","SELČ"]},"Europe/Bucharest":{"long":["Východoevropský standardní čas","Východoevropský letní čas"]},"Europe/Mariehamn":{"long":["Východoevropský standardní čas","Východoevropský letní čas"]},"Europe/Sofia":{"long":["Východoevropský standardní čas","Východoevropský letní čas"]},"Asia/Nicosia":{"long":["Východoevropský standardní čas","Východoevropský letní čas"]},"Africa/Cairo":{"long":["Východoevropský standardní čas","Východoevropský letní čas"]},"Europe/Helsinki":{"long":["Východoevropský standardní čas","Východoevropský letní čas"]},"Europe/Athens":{"long":["Východoevropský standardní čas","Východoevropský letní čas"]},"Asia/Amman":{"long":["Východoevropský standardní čas","Východoevropský letní čas"]},"Asia/Beirut":{"long":["Východoevropský standardní čas","Východoevropský letní čas"]},"Asia/Damascus":{"long":["Východoevropský standardní čas","Východoevropský letní čas"]},"Europe/Minsk":{"long":["Dálněvýchodoevropský čas","Dálněvýchodoevropský čas"]},"Europe/Kaliningrad":{"long":["Dálněvýchodoevropský čas","Dálněvýchodoevropský čas"]},"Atlantic/Canary":{"long":["Západoevropský standardní čas","Západoevropský letní čas"]},"Atlantic/Faeroe":{"long":["Západoevropský standardní čas","Západoevropský letní čas"]},"Atlantic/Stanley":{"long":["Falklandský standardní čas","Falklandský letní čas"]},"Pacific/Fiji":{"long":["Fidžijský standardní čas","Fidžijský letní čas"]},"America/Cayenne":{"long":["Francouzskoguyanský čas","Francouzskoguyanský čas"]},"Indian/Kerguelen":{"long":["Čas Francouzských jižních a antarktických území","Čas Francouzských jižních a antarktických území"]},"Asia/Bishkek":{"long":["Kyrgyzský čas","Kyrgyzský čas"]},"Pacific/Galapagos":{"long":["Galapážský čas","Galapážský čas"]},"Pacific/Gambier":{"long":["Gambierský čas","Gambierský čas"]},"Pacific/Tarawa":{"long":["Čas Gilbertových ostrovů","Čas Gilbertových ostrovů"]},"Atlantic/Reykjavik":{"long":["Greenwichský střední čas","Greenwichský střední čas"]},"Africa/Ouagadougou":{"long":["Greenwichský střední čas","Greenwichský střední čas"]},"Africa/Abidjan":{"long":["Greenwichský střední čas","Greenwichský střední čas"]},"Africa/Accra":{"long":["Greenwichský střední čas","Greenwichský střední čas"]},"Africa/Banjul":{"long":["Greenwichský střední čas","Greenwichský střední čas"]},"Africa/Conakry":{"long":["Greenwichský střední čas","Greenwichský střední čas"]},"Africa/Bamako":{"long":["Greenwichský střední čas","Greenwichský střední čas"]},"Africa/Nouakchott":{"long":["Greenwichský střední čas","Greenwichský střední čas"]},"Atlantic/St_Helena":{"long":["Greenwichský střední čas","Greenwichský střední čas"]},"Africa/Freetown":{"long":["Greenwichský střední čas","Greenwichský střední čas"]},"Africa/Dakar":{"long":["Greenwichský střední čas","Greenwichský střední čas"]},"Africa/Lome":{"long":["Greenwichský střední čas","Greenwichský střední čas"]},"America/Scoresbysund":{"long":["Východogrónský standardní čas","Východogrónský letní čas"]},"America/Godthab":{"long":["Západogrónský standardní čas","Západogrónský letní čas"]},"Asia/Dubai":{"long":["Standardní čas Perského zálivu","Standardní čas Perského zálivu"]},"Asia/Muscat":{"long":["Standardní čas Perského zálivu","Standardní čas Perského zálivu"]},"America/Guyana":{"long":["Guyanský čas","Guyanský čas"]},"Pacific/Honolulu":{"long":["Havajsko-aleutský standardní čas","Havajsko-aleutský letní čas"]},"Asia/Hong_Kong":{"long":["Hongkongský standardní čas","Hongkongský letní čas"]},"Asia/Hovd":{"long":["Hovdský standardní čas","Hovdský letní čas"]},"Asia/Calcutta":{"long":["Indický čas","Indický čas"]},"Asia/Colombo":{"long":["Srílanský čas","Srílanský čas"]},"Indian/Chagos":{"long":["Indickooceánský čas","Indickooceánský čas"]},"Asia/Bangkok":{"long":["Indočínský čas","Indočínský čas"]},"Asia/Phnom_Penh":{"long":["Indočínský čas","Indočínský čas"]},"Asia/Vientiane":{"long":["Indočínský čas","Indočínský čas"]},"Asia/Makassar":{"long":["Středoindonéský čas","Středoindonéský čas"]},"Asia/Jayapura":{"long":["Východoindonéský čas","Východoindonéský čas"]},"Asia/Jakarta":{"long":["Západoindonéský čas","Západoindonéský čas"]},"Asia/Tehran":{"long":["Íránský standardní čas","Íránský letní čas"]},"Asia/Irkutsk":{"long":["Irkutský standardní čas","Irkutský letní čas"]},"Asia/Jerusalem":{"long":["Izraelský standardní čas","Izraelský letní čas"]},"Asia/Tokyo":{"long":["Japonský standardní čas","Japonský letní čas"]},"Asia/Kamchatka":{"long":["Petropavlovsko-kamčatský standardní čas","Petropavlovsko-kamčatský letní čas"]},"Asia/Karachi":{"long":["Pákistánský standardní čas","Pákistánský letní čas"]},"Asia/Qyzylorda":{"long":["Kyzylordský standardní čas","Kyzylordský letní čas"]},"Asia/Seoul":{"long":["Korejský standardní čas","Korejský letní čas"]},"Pacific/Kosrae":{"long":["Kosrajský čas","Kosrajský čas"]},"Asia/Krasnoyarsk":{"long":["Krasnojarský standardní čas","Krasnojarský letní čas"]},"Europe/Samara":{"long":["Samarský standardní čas","Samarský letní čas"]},"Pacific/Kiritimati":{"long":["Čas Rovníkových ostrovů","Čas Rovníkových ostrovů"]},"Australia/Lord_Howe":{"long":["Standardní čas ostrova lorda Howa","Letní čas ostrova lorda Howa"]},"Asia/Macau":{"long":["Macajský standardní čas","Macajský letní čas"]},"Antarctica/Macquarie":{"long":["Čas ostrova Macquarie","Čas ostrova Macquarie"]},"Asia/Magadan":{"long":["Magadanský standardní čas","Magadanský letní čas"]},"Indian/Maldives":{"long":["Maledivský čas","Maledivský čas"]},"Pacific/Marquesas":{"long":["Markézský čas","Markézský čas"]},"Pacific/Majuro":{"long":["Čas Marshallových ostrovů","Čas Marshallových ostrovů"]},"Indian/Mauritius":{"long":["Mauricijský standardní čas","Mauricijský letní čas"]},"Antarctica/Mawson":{"long":["Čas Mawsonovy stanice","Čas Mawsonovy stanice"]},"America/Santa_Isabel":{"long":["Severozápadní mexický standardní čas","Severozápadní mexický letní čas"]},"America/Mazatlan":{"long":["Mexický pacifický standardní čas","Mexický pacifický letní čas"]},"Asia/Ulaanbaatar":{"long":["Ulánbátarský standardní čas","Ulánbátarský letní čas"]},"Europe/Moscow":{"long":["Moskevský standardní čas","Moskevský letní čas"]},"Asia/Rangoon":{"long":["Myanmarský čas","Myanmarský čas"]},"Pacific/Nauru":{"long":["Naurský čas","Naurský čas"]},"Asia/Katmandu":{"long":["Nepálský čas","Nepálský čas"]},"Pacific/Noumea":{"long":["Novokaledonský standardní čas","Novokaledonský letní čas"]},"Pacific/Auckland":{"long":["Novozélandský standardní čas","Novozélandský letní čas"]},"Antarctica/McMurdo":{"long":["Novozélandský standardní čas","Novozélandský letní čas"]},"America/St_Johns":{"long":["Newfoundlandský standardní čas","Newfoundlandský letní čas"]},"Pacific/Niue":{"long":["Niuejský čas","Niuejský čas"]},"Pacific/Norfolk":{"long":["Norfolkský standardní čas","Norfolkský letní čas"]},"America/Noronha":{"long":["Standardní čas souostroví Fernando de Noronha","Letní čas souostroví Fernando de Noronha"]},"Asia/Novosibirsk":{"long":["Novosibirský standardní čas","Novosibirský letní čas"]},"Asia/Omsk":{"long":["Omský standardní čas","Omský letní čas"]},"Pacific/Palau":{"long":["Palauský čas","Palauský čas"]},"Pacific/Port_Moresby":{"long":["Čas Papuy-Nové Guiney","Čas Papuy-Nové Guiney"]},"America/Asuncion":{"long":["Paraguayský standardní čas","Paraguayský letní čas"]},"America/Lima":{"long":["Peruánský standardní čas","Peruánský letní čas"]},"Asia/Manila":{"long":["Filipínský standardní čas","Filipínský letní čas"]},"Pacific/Enderbury":{"long":["Čas Fénixových ostrovů","Čas Fénixových ostrovů"]},"America/Miquelon":{"long":["Pierre-miquelonský standardní čas","Pierre-miquelonský letní čas"]},"Pacific/Pitcairn":{"long":["Čas Pitcairnových ostrovů","Čas Pitcairnových ostrovů"]},"Pacific/Ponape":{"long":["Ponapský čas","Ponapský čas"]},"Asia/Pyongyang":{"long":["Pchjongjangský čas","Pchjongjangský čas"]},"Indian/Reunion":{"long":["Réunionský čas","Réunionský čas"]},"Antarctica/Rothera":{"long":["Čas Rotherovy stanice","Čas Rotherovy stanice"]},"Asia/Sakhalin":{"long":["Sachalinský standardní čas","Sachalinský letní čas"]},"Pacific/Pago_Pago":{"long":["Samojský standardní čas","Samojský letní čas"]},"Indian/Mahe":{"long":["Seychelský čas","Seychelský čas"]},"Asia/Singapore":{"long":["Singapurský čas","Singapurský čas"]},"Pacific/Guadalcanal":{"long":["Čas Šalamounových ostrovů","Čas Šalamounových ostrovů"]},"Atlantic/South_Georgia":{"long":["Čas Jižní Georgie","Čas Jižní Georgie"]},"Asia/Yekaterinburg":{"long":["Jekatěrinburský standardní čas","Jekatěrinburský letní čas"]},"Antarctica/Syowa":{"long":["Čas stanice Šówa","Čas stanice Šówa"]},"Pacific/Tahiti":{"long":["Tahitský čas","Tahitský čas"]},"Asia/Taipei":{"long":["Tchajpejský standardní čas","Tchajpejský letní čas"]},"Asia/Tashkent":{"long":["Uzbecký standardní čas","Uzbecký letní čas"]},"Pacific/Fakaofo":{"long":["Tokelauský čas","Tokelauský čas"]},"Pacific/Tongatapu":{"long":["Tonžský standardní čas","Tonžský letní čas"]},"Pacific/Truk":{"long":["Chuukský čas","Chuukský čas"]},"Pacific/Funafuti":{"long":["Tuvalský čas","Tuvalský čas"]},"America/Montevideo":{"long":["Uruguayský standardní čas","Uruguayský letní čas"]},"Pacific/Efate":{"long":["Vanuatský standardní čas","Vanuatský letní čas"]},"America/Caracas":{"long":["Venezuelský čas","Venezuelský čas"]},"Asia/Vladivostok":{"long":["Vladivostocký standardní čas","Vladivostocký letní čas"]},"Europe/Volgograd":{"long":["Volgogradský standardní čas","Volgogradský letní čas"]},"Antarctica/Vostok":{"long":["Čas stanice Vostok","Čas stanice Vostok"]},"Pacific/Wake":{"long":["Čas ostrova Wake","Čas ostrova Wake"]},"Pacific/Wallis":{"long":["Čas ostrovů Wallis a Futuna","Čas ostrovů Wallis a Futuna"]},"Asia/Yakutsk":{"long":["Jakutský standardní čas","Jakutský letní čas"]},"UTC":{"long":["Koordinovaný světový čas","Koordinovaný světový čas"],"short":["UTC","UTC"]}},"gmtFormat":"GMT{0}","hourFormat":"+H:mm;-H:mm","dateFormat":{"full":"EEEE d. MMMM y","long":"d. MMMM y","medium":"d. M. y","short":"dd.MM.yy"},"timeFormat":{"full":"H:mm:ss zzzz","long":"H:mm:ss z","medium":"H:mm:ss","short":"H:mm"},"dateTimeFormat":{"full":"{1} {0}","long":"{1} {0}","medium":"{1} {0}","short":"{1} {0}"},"formats":{"gregory":{"Bh":"h B","Bhm":"h:mm B","Bhms":"h:mm:ss B","d":"d.","E":"ccc","EBhm":"E h:mm B","EBhms":"E h:mm:ss B","Ed":"E d.","Ehm":"E h:mm a","EHm":"E H:mm","Ehms":"E h:mm:ss a","EHms":"E H:mm:ss","Gy":"y G","GyMMM":"LLLL y G","GyMMMd":"d. M. y G","GyMMMEd":"E d. M. y G","GyMMMMd":"d. MMMM y G","GyMMMMEd":"E d. MMMM y G","h":"h a","H":"H","hm":"h:mm a","Hm":"H:mm","hms":"h:mm:ss a","Hms":"H:mm:ss","hmsv":"h:mm:ss a v","Hmsv":"H:mm:ss v","hmv":"h:mm a v","Hmv":"H:mm v","M":"L","Md":"d. M.","MEd":"E d. M.","MMM":"LLL","MMMd":"d. M.","MMMEd":"E d. M.","MMMMd":"d. MMMM","MMMMEd":"E d. MMMM","ms":"mm:ss","y":"y","yM":"M/y","yMd":"d. M. y","yMEd":"E d. M. y","yMMM":"LLLL y","yMMMd":"d. M. y","yMMMEd":"E d. M. y","yMMMM":"LLLL y","yMMMMd":"d. MMMM y","yMMMMEd":"E d. MMMM y","EEEE d. MMMM y":"EEEE d. MMMM y","d. MMMM y":"d. MMMM y","d. M. y":"d. M. y","dd.MM.yy":"dd.MM.yy","H:mm:ss zzzz":"H:mm:ss zzzz","H:mm:ss z":"H:mm:ss z","H:mm:ss":"H:mm:ss","H:mm":"H:mm","EEEE d. MMMM y H:mm:ss zzzz":"EEEE d. MMMM y H:mm:ss zzzz","d. MMMM y H:mm:ss zzzz":"d. MMMM y H:mm:ss zzzz","d. M. y H:mm:ss zzzz":"d. M. y H:mm:ss zzzz","dd.MM.yy H:mm:ss zzzz":"dd.MM.yy H:mm:ss zzzz","d H:mm:ss zzzz":"d. H:mm:ss zzzz","E H:mm:ss zzzz":"ccc H:mm:ss zzzz","Ed H:mm:ss zzzz":"E d. H:mm:ss zzzz","Gy H:mm:ss zzzz":"y G H:mm:ss zzzz","GyMMM H:mm:ss zzzz":"LLLL y G H:mm:ss zzzz","GyMMMd H:mm:ss zzzz":"d. M. y G H:mm:ss zzzz","GyMMMEd H:mm:ss zzzz":"E d. M. y G H:mm:ss zzzz","GyMMMMd H:mm:ss zzzz":"d. MMMM y G H:mm:ss zzzz","GyMMMMEd H:mm:ss zzzz":"E d. MMMM y G H:mm:ss zzzz","M H:mm:ss zzzz":"L H:mm:ss zzzz","Md H:mm:ss zzzz":"d. M. H:mm:ss zzzz","MEd H:mm:ss zzzz":"E d. M. H:mm:ss zzzz","MMM H:mm:ss zzzz":"LLL H:mm:ss zzzz","MMMd H:mm:ss zzzz":"d. M. H:mm:ss zzzz","MMMEd H:mm:ss zzzz":"E d. M. H:mm:ss zzzz","MMMMd H:mm:ss zzzz":"d. MMMM H:mm:ss zzzz","MMMMEd H:mm:ss zzzz":"E d. MMMM H:mm:ss zzzz","y H:mm:ss zzzz":"y H:mm:ss zzzz","yM H:mm:ss zzzz":"M/y H:mm:ss zzzz","yMd H:mm:ss zzzz":"d. M. y H:mm:ss zzzz","yMEd H:mm:ss zzzz":"E d. M. y H:mm:ss zzzz","yMMM H:mm:ss zzzz":"LLLL y H:mm:ss zzzz","yMMMd H:mm:ss zzzz":"d. M. y H:mm:ss zzzz","yMMMEd H:mm:ss zzzz":"E d. M. y H:mm:ss zzzz","yMMMM H:mm:ss zzzz":"LLLL y H:mm:ss zzzz","yMMMMd H:mm:ss zzzz":"d. MMMM y H:mm:ss zzzz","yMMMMEd H:mm:ss zzzz":"E d. MMMM y H:mm:ss zzzz","EEEE d. MMMM y H:mm:ss z":"EEEE d. MMMM y H:mm:ss z","d. MMMM y H:mm:ss z":"d. MMMM y H:mm:ss z","d. M. y H:mm:ss z":"d. M. y H:mm:ss z","dd.MM.yy H:mm:ss z":"dd.MM.yy H:mm:ss z","d H:mm:ss z":"d. H:mm:ss z","E H:mm:ss z":"ccc H:mm:ss z","Ed H:mm:ss z":"E d. H:mm:ss z","Gy H:mm:ss z":"y G H:mm:ss z","GyMMM H:mm:ss z":"LLLL y G H:mm:ss z","GyMMMd H:mm:ss z":"d. M. y G H:mm:ss z","GyMMMEd H:mm:ss z":"E d. M. y G H:mm:ss z","GyMMMMd H:mm:ss z":"d. MMMM y G H:mm:ss z","GyMMMMEd H:mm:ss z":"E d. MMMM y G H:mm:ss z","M H:mm:ss z":"L H:mm:ss z","Md H:mm:ss z":"d. M. H:mm:ss z","MEd H:mm:ss z":"E d. M. H:mm:ss z","MMM H:mm:ss z":"LLL H:mm:ss z","MMMd H:mm:ss z":"d. M. H:mm:ss z","MMMEd H:mm:ss z":"E d. M. H:mm:ss z","MMMMd H:mm:ss z":"d. MMMM H:mm:ss z","MMMMEd H:mm:ss z":"E d. MMMM H:mm:ss z","y H:mm:ss z":"y H:mm:ss z","yM H:mm:ss z":"M/y H:mm:ss z","yMd H:mm:ss z":"d. M. y H:mm:ss z","yMEd H:mm:ss z":"E d. M. y H:mm:ss z","yMMM H:mm:ss z":"LLLL y H:mm:ss z","yMMMd H:mm:ss z":"d. M. y H:mm:ss z","yMMMEd H:mm:ss z":"E d. M. y H:mm:ss z","yMMMM H:mm:ss z":"LLLL y H:mm:ss z","yMMMMd H:mm:ss z":"d. MMMM y H:mm:ss z","yMMMMEd H:mm:ss z":"E d. MMMM y H:mm:ss z","EEEE d. MMMM y H:mm:ss":"EEEE d. MMMM y H:mm:ss","d. MMMM y H:mm:ss":"d. MMMM y H:mm:ss","d. M. y H:mm:ss":"d. M. y H:mm:ss","dd.MM.yy H:mm:ss":"dd.MM.yy H:mm:ss","d H:mm:ss":"d. H:mm:ss","E H:mm:ss":"ccc H:mm:ss","Ed H:mm:ss":"E d. H:mm:ss","Gy H:mm:ss":"y G H:mm:ss","GyMMM H:mm:ss":"LLLL y G H:mm:ss","GyMMMd H:mm:ss":"d. M. y G H:mm:ss","GyMMMEd H:mm:ss":"E d. M. y G H:mm:ss","GyMMMMd H:mm:ss":"d. MMMM y G H:mm:ss","GyMMMMEd H:mm:ss":"E d. MMMM y G H:mm:ss","M H:mm:ss":"L H:mm:ss","Md H:mm:ss":"d. M. H:mm:ss","MEd H:mm:ss":"E d. M. H:mm:ss","MMM H:mm:ss":"LLL H:mm:ss","MMMd H:mm:ss":"d. M. H:mm:ss","MMMEd H:mm:ss":"E d. M. H:mm:ss","MMMMd H:mm:ss":"d. MMMM H:mm:ss","MMMMEd H:mm:ss":"E d. MMMM H:mm:ss","y H:mm:ss":"y H:mm:ss","yM H:mm:ss":"M/y H:mm:ss","yMd H:mm:ss":"d. M. y H:mm:ss","yMEd H:mm:ss":"E d. M. y H:mm:ss","yMMM H:mm:ss":"LLLL y H:mm:ss","yMMMd H:mm:ss":"d. M. y H:mm:ss","yMMMEd H:mm:ss":"E d. M. y H:mm:ss","yMMMM H:mm:ss":"LLLL y H:mm:ss","yMMMMd H:mm:ss":"d. MMMM y H:mm:ss","yMMMMEd H:mm:ss":"E d. MMMM y H:mm:ss","EEEE d. MMMM y H:mm":"EEEE d. MMMM y H:mm","d. MMMM y H:mm":"d. MMMM y H:mm","d. M. y H:mm":"d. M. y H:mm","dd.MM.yy H:mm":"dd.MM.yy H:mm","d H:mm":"d. H:mm","E H:mm":"ccc H:mm","Ed H:mm":"E d. H:mm","Gy H:mm":"y G H:mm","GyMMM H:mm":"LLLL y G H:mm","GyMMMd H:mm":"d. M. y G H:mm","GyMMMEd H:mm":"E d. M. y G H:mm","GyMMMMd H:mm":"d. MMMM y G H:mm","GyMMMMEd H:mm":"E d. MMMM y G H:mm","M H:mm":"L H:mm","Md H:mm":"d. M. H:mm","MEd H:mm":"E d. M. H:mm","MMM H:mm":"LLL H:mm","MMMd H:mm":"d. M. H:mm","MMMEd H:mm":"E d. M. H:mm","MMMMd H:mm":"d. MMMM H:mm","MMMMEd H:mm":"E d. MMMM H:mm","y H:mm":"y H:mm","yM H:mm":"M/y H:mm","yMd H:mm":"d. M. y H:mm","yMEd H:mm":"E d. M. y H:mm","yMMM H:mm":"LLLL y H:mm","yMMMd H:mm":"d. M. y H:mm","yMMMEd H:mm":"E d. M. y H:mm","yMMMM H:mm":"LLLL y H:mm","yMMMMd H:mm":"d. MMMM y H:mm","yMMMMEd H:mm":"E d. MMMM y H:mm","EEEE d. MMMM y Bh":"EEEE d. MMMM y h B","d. MMMM y Bh":"d. MMMM y h B","d. M. y Bh":"d. M. y h B","dd.MM.yy Bh":"dd.MM.yy h B","d Bh":"d. h B","E Bh":"ccc h B","Ed Bh":"E d. h B","Gy Bh":"y G h B","GyMMM Bh":"LLLL y G h B","GyMMMd Bh":"d. M. y G h B","GyMMMEd Bh":"E d. M. y G h B","GyMMMMd Bh":"d. MMMM y G h B","GyMMMMEd Bh":"E d. MMMM y G h B","M Bh":"L h B","Md Bh":"d. M. h B","MEd Bh":"E d. M. h B","MMM Bh":"LLL h B","MMMd Bh":"d. M. h B","MMMEd Bh":"E d. M. h B","MMMMd Bh":"d. MMMM h B","MMMMEd Bh":"E d. MMMM h B","y Bh":"y h B","yM Bh":"M/y h B","yMd Bh":"d. M. y h B","yMEd Bh":"E d. M. y h B","yMMM Bh":"LLLL y h B","yMMMd Bh":"d. M. y h B","yMMMEd Bh":"E d. M. y h B","yMMMM Bh":"LLLL y h B","yMMMMd Bh":"d. MMMM y h B","yMMMMEd Bh":"E d. MMMM y h B","EEEE d. MMMM y Bhm":"EEEE d. MMMM y h:mm B","d. MMMM y Bhm":"d. MMMM y h:mm B","d. M. y Bhm":"d. M. y h:mm B","dd.MM.yy Bhm":"dd.MM.yy h:mm B","d Bhm":"d. h:mm B","E Bhm":"ccc h:mm B","Ed Bhm":"E d. h:mm B","Gy Bhm":"y G h:mm B","GyMMM Bhm":"LLLL y G h:mm B","GyMMMd Bhm":"d. M. y G h:mm B","GyMMMEd Bhm":"E d. M. y G h:mm B","GyMMMMd Bhm":"d. MMMM y G h:mm B","GyMMMMEd Bhm":"E d. MMMM y G h:mm B","M Bhm":"L h:mm B","Md Bhm":"d. M. h:mm B","MEd Bhm":"E d. M. h:mm B","MMM Bhm":"LLL h:mm B","MMMd Bhm":"d. M. h:mm B","MMMEd Bhm":"E d. M. h:mm B","MMMMd Bhm":"d. MMMM h:mm B","MMMMEd Bhm":"E d. MMMM h:mm B","y Bhm":"y h:mm B","yM Bhm":"M/y h:mm B","yMd Bhm":"d. M. y h:mm B","yMEd Bhm":"E d. M. y h:mm B","yMMM Bhm":"LLLL y h:mm B","yMMMd Bhm":"d. M. y h:mm B","yMMMEd Bhm":"E d. M. y h:mm B","yMMMM Bhm":"LLLL y h:mm B","yMMMMd Bhm":"d. MMMM y h:mm B","yMMMMEd Bhm":"E d. MMMM y h:mm B","EEEE d. MMMM y Bhms":"EEEE d. MMMM y h:mm:ss B","d. MMMM y Bhms":"d. MMMM y h:mm:ss B","d. M. y Bhms":"d. M. y h:mm:ss B","dd.MM.yy Bhms":"dd.MM.yy h:mm:ss B","d Bhms":"d. h:mm:ss B","E Bhms":"ccc h:mm:ss B","Ed Bhms":"E d. h:mm:ss B","Gy Bhms":"y G h:mm:ss B","GyMMM Bhms":"LLLL y G h:mm:ss B","GyMMMd Bhms":"d. M. y G h:mm:ss B","GyMMMEd Bhms":"E d. M. y G h:mm:ss B","GyMMMMd Bhms":"d. MMMM y G h:mm:ss B","GyMMMMEd Bhms":"E d. MMMM y G h:mm:ss B","M Bhms":"L h:mm:ss B","Md Bhms":"d. M. h:mm:ss B","MEd Bhms":"E d. M. h:mm:ss B","MMM Bhms":"LLL h:mm:ss B","MMMd Bhms":"d. M. h:mm:ss B","MMMEd Bhms":"E d. M. h:mm:ss B","MMMMd Bhms":"d. MMMM h:mm:ss B","MMMMEd Bhms":"E d. MMMM h:mm:ss B","y Bhms":"y h:mm:ss B","yM Bhms":"M/y h:mm:ss B","yMd Bhms":"d. M. y h:mm:ss B","yMEd Bhms":"E d. M. y h:mm:ss B","yMMM Bhms":"LLLL y h:mm:ss B","yMMMd Bhms":"d. M. y h:mm:ss B","yMMMEd Bhms":"E d. M. y h:mm:ss B","yMMMM Bhms":"LLLL y h:mm:ss B","yMMMMd Bhms":"d. MMMM y h:mm:ss B","yMMMMEd Bhms":"E d. MMMM y h:mm:ss B","EEEE d. MMMM y h":"EEEE d. MMMM y h a","d. MMMM y h":"d. MMMM y h a","d. M. y h":"d. M. y h a","dd.MM.yy h":"dd.MM.yy h a","d h":"d. h a","E h":"ccc h a","Ed h":"E d. h a","Gy h":"y G h a","GyMMM h":"LLLL y G h a","GyMMMd h":"d. M. y G h a","GyMMMEd h":"E d. M. y G h a","GyMMMMd h":"d. MMMM y G h a","GyMMMMEd h":"E d. MMMM y G h a","M h":"L h a","Md h":"d. M. h a","MEd h":"E d. M. h a","MMM h":"LLL h a","MMMd h":"d. M. h a","MMMEd h":"E d. M. h a","MMMMd h":"d. MMMM h a","MMMMEd h":"E d. MMMM h a","y h":"y h a","yM h":"M/y h a","yMd h":"d. M. y h a","yMEd h":"E d. M. y h a","yMMM h":"LLLL y h a","yMMMd h":"d. M. y h a","yMMMEd h":"E d. M. y h a","yMMMM h":"LLLL y h a","yMMMMd h":"d. MMMM y h a","yMMMMEd h":"E d. MMMM y h a","EEEE d. MMMM y H":"EEEE d. MMMM y H","d. MMMM y H":"d. MMMM y H","d. M. y H":"d. M. y H","dd.MM.yy H":"dd.MM.yy H","d H":"d. H","E H":"ccc H","Ed H":"E d. H","Gy H":"y G H","GyMMM H":"LLLL y G H","GyMMMd H":"d. M. y G H","GyMMMEd H":"E d. M. y G H","GyMMMMd H":"d. MMMM y G H","GyMMMMEd H":"E d. MMMM y G H","M H":"L H","Md H":"d. M. H","MEd H":"E d. M. H","MMM H":"LLL H","MMMd H":"d. M. H","MMMEd H":"E d. M. H","MMMMd H":"d. MMMM H","MMMMEd H":"E d. MMMM H","y H":"y H","yM H":"M/y H","yMd H":"d. M. y H","yMEd H":"E d. M. y H","yMMM H":"LLLL y H","yMMMd H":"d. M. y H","yMMMEd H":"E d. M. y H","yMMMM H":"LLLL y H","yMMMMd H":"d. MMMM y H","yMMMMEd H":"E d. MMMM y H","EEEE d. MMMM y hm":"EEEE d. MMMM y h:mm a","d. MMMM y hm":"d. MMMM y h:mm a","d. M. y hm":"d. M. y h:mm a","dd.MM.yy hm":"dd.MM.yy h:mm a","d hm":"d. h:mm a","E hm":"ccc h:mm a","Ed hm":"E d. h:mm a","Gy hm":"y G h:mm a","GyMMM hm":"LLLL y G h:mm a","GyMMMd hm":"d. M. y G h:mm a","GyMMMEd hm":"E d. M. y G h:mm a","GyMMMMd hm":"d. MMMM y G h:mm a","GyMMMMEd hm":"E d. MMMM y G h:mm a","M hm":"L h:mm a","Md hm":"d. M. h:mm a","MEd hm":"E d. M. h:mm a","MMM hm":"LLL h:mm a","MMMd hm":"d. M. h:mm a","MMMEd hm":"E d. M. h:mm a","MMMMd hm":"d. MMMM h:mm a","MMMMEd hm":"E d. MMMM h:mm a","y hm":"y h:mm a","yM hm":"M/y h:mm a","yMd hm":"d. M. y h:mm a","yMEd hm":"E d. M. y h:mm a","yMMM hm":"LLLL y h:mm a","yMMMd hm":"d. M. y h:mm a","yMMMEd hm":"E d. M. y h:mm a","yMMMM hm":"LLLL y h:mm a","yMMMMd hm":"d. MMMM y h:mm a","yMMMMEd hm":"E d. MMMM y h:mm a","EEEE d. MMMM y Hm":"EEEE d. MMMM y H:mm","d. MMMM y Hm":"d. MMMM y H:mm","d. M. y Hm":"d. M. y H:mm","dd.MM.yy Hm":"dd.MM.yy H:mm","d Hm":"d. H:mm","E Hm":"ccc H:mm","Ed Hm":"E d. H:mm","Gy Hm":"y G H:mm","GyMMM Hm":"LLLL y G H:mm","GyMMMd Hm":"d. M. y G H:mm","GyMMMEd Hm":"E d. M. y G H:mm","GyMMMMd Hm":"d. MMMM y G H:mm","GyMMMMEd Hm":"E d. MMMM y G H:mm","M Hm":"L H:mm","Md Hm":"d. M. H:mm","MEd Hm":"E d. M. H:mm","MMM Hm":"LLL H:mm","MMMd Hm":"d. M. H:mm","MMMEd Hm":"E d. M. H:mm","MMMMd Hm":"d. MMMM H:mm","MMMMEd Hm":"E d. MMMM H:mm","y Hm":"y H:mm","yM Hm":"M/y H:mm","yMd Hm":"d. M. y H:mm","yMEd Hm":"E d. M. y H:mm","yMMM Hm":"LLLL y H:mm","yMMMd Hm":"d. M. y H:mm","yMMMEd Hm":"E d. M. y H:mm","yMMMM Hm":"LLLL y H:mm","yMMMMd Hm":"d. MMMM y H:mm","yMMMMEd Hm":"E d. MMMM y H:mm","EEEE d. MMMM y hms":"EEEE d. MMMM y h:mm:ss a","d. MMMM y hms":"d. MMMM y h:mm:ss a","d. M. y hms":"d. M. y h:mm:ss a","dd.MM.yy hms":"dd.MM.yy h:mm:ss a","d hms":"d. h:mm:ss a","E hms":"ccc h:mm:ss a","Ed hms":"E d. h:mm:ss a","Gy hms":"y G h:mm:ss a","GyMMM hms":"LLLL y G h:mm:ss a","GyMMMd hms":"d. M. y G h:mm:ss a","GyMMMEd hms":"E d. M. y G h:mm:ss a","GyMMMMd hms":"d. MMMM y G h:mm:ss a","GyMMMMEd hms":"E d. MMMM y G h:mm:ss a","M hms":"L h:mm:ss a","Md hms":"d. M. h:mm:ss a","MEd hms":"E d. M. h:mm:ss a","MMM hms":"LLL h:mm:ss a","MMMd hms":"d. M. h:mm:ss a","MMMEd hms":"E d. M. h:mm:ss a","MMMMd hms":"d. MMMM h:mm:ss a","MMMMEd hms":"E d. MMMM h:mm:ss a","y hms":"y h:mm:ss a","yM hms":"M/y h:mm:ss a","yMd hms":"d. M. y h:mm:ss a","yMEd hms":"E d. M. y h:mm:ss a","yMMM hms":"LLLL y h:mm:ss a","yMMMd hms":"d. M. y h:mm:ss a","yMMMEd hms":"E d. M. y h:mm:ss a","yMMMM hms":"LLLL y h:mm:ss a","yMMMMd hms":"d. MMMM y h:mm:ss a","yMMMMEd hms":"E d. MMMM y h:mm:ss a","EEEE d. MMMM y Hms":"EEEE d. MMMM y H:mm:ss","d. MMMM y Hms":"d. MMMM y H:mm:ss","d. M. y Hms":"d. M. y H:mm:ss","dd.MM.yy Hms":"dd.MM.yy H:mm:ss","d Hms":"d. H:mm:ss","E Hms":"ccc H:mm:ss","Ed Hms":"E d. H:mm:ss","Gy Hms":"y G H:mm:ss","GyMMM Hms":"LLLL y G H:mm:ss","GyMMMd Hms":"d. M. y G H:mm:ss","GyMMMEd Hms":"E d. M. y G H:mm:ss","GyMMMMd Hms":"d. MMMM y G H:mm:ss","GyMMMMEd Hms":"E d. MMMM y G H:mm:ss","M Hms":"L H:mm:ss","Md Hms":"d. M. H:mm:ss","MEd Hms":"E d. M. H:mm:ss","MMM Hms":"LLL H:mm:ss","MMMd Hms":"d. M. H:mm:ss","MMMEd Hms":"E d. M. H:mm:ss","MMMMd Hms":"d. MMMM H:mm:ss","MMMMEd Hms":"E d. MMMM H:mm:ss","y Hms":"y H:mm:ss","yM Hms":"M/y H:mm:ss","yMd Hms":"d. M. y H:mm:ss","yMEd Hms":"E d. M. y H:mm:ss","yMMM Hms":"LLLL y H:mm:ss","yMMMd Hms":"d. M. y H:mm:ss","yMMMEd Hms":"E d. M. y H:mm:ss","yMMMM Hms":"LLLL y H:mm:ss","yMMMMd Hms":"d. MMMM y H:mm:ss","yMMMMEd Hms":"E d. MMMM y H:mm:ss","EEEE d. MMMM y hmsv":"EEEE d. MMMM y h:mm:ss a v","d. MMMM y hmsv":"d. MMMM y h:mm:ss a v","d. M. y hmsv":"d. M. y h:mm:ss a v","dd.MM.yy hmsv":"dd.MM.yy h:mm:ss a v","d hmsv":"d. h:mm:ss a v","E hmsv":"ccc h:mm:ss a v","Ed hmsv":"E d. h:mm:ss a v","Gy hmsv":"y G h:mm:ss a v","GyMMM hmsv":"LLLL y G h:mm:ss a v","GyMMMd hmsv":"d. M. y G h:mm:ss a v","GyMMMEd hmsv":"E d. M. y G h:mm:ss a v","GyMMMMd hmsv":"d. MMMM y G h:mm:ss a v","GyMMMMEd hmsv":"E d. MMMM y G h:mm:ss a v","M hmsv":"L h:mm:ss a v","Md hmsv":"d. M. h:mm:ss a v","MEd hmsv":"E d. M. h:mm:ss a v","MMM hmsv":"LLL h:mm:ss a v","MMMd hmsv":"d. M. h:mm:ss a v","MMMEd hmsv":"E d. M. h:mm:ss a v","MMMMd hmsv":"d. MMMM h:mm:ss a v","MMMMEd hmsv":"E d. MMMM h:mm:ss a v","y hmsv":"y h:mm:ss a v","yM hmsv":"M/y h:mm:ss a v","yMd hmsv":"d. M. y h:mm:ss a v","yMEd hmsv":"E d. M. y h:mm:ss a v","yMMM hmsv":"LLLL y h:mm:ss a v","yMMMd hmsv":"d. M. y h:mm:ss a v","yMMMEd hmsv":"E d. M. y h:mm:ss a v","yMMMM hmsv":"LLLL y h:mm:ss a v","yMMMMd hmsv":"d. MMMM y h:mm:ss a v","yMMMMEd hmsv":"E d. MMMM y h:mm:ss a v","EEEE d. MMMM y Hmsv":"EEEE d. MMMM y H:mm:ss v","d. MMMM y Hmsv":"d. MMMM y H:mm:ss v","d. M. y Hmsv":"d. M. y H:mm:ss v","dd.MM.yy Hmsv":"dd.MM.yy H:mm:ss v","d Hmsv":"d. H:mm:ss v","E Hmsv":"ccc H:mm:ss v","Ed Hmsv":"E d. H:mm:ss v","Gy Hmsv":"y G H:mm:ss v","GyMMM Hmsv":"LLLL y G H:mm:ss v","GyMMMd Hmsv":"d. M. y G H:mm:ss v","GyMMMEd Hmsv":"E d. M. y G H:mm:ss v","GyMMMMd Hmsv":"d. MMMM y G H:mm:ss v","GyMMMMEd Hmsv":"E d. MMMM y G H:mm:ss v","M Hmsv":"L H:mm:ss v","Md Hmsv":"d. M. H:mm:ss v","MEd Hmsv":"E d. M. H:mm:ss v","MMM Hmsv":"LLL H:mm:ss v","MMMd Hmsv":"d. M. H:mm:ss v","MMMEd Hmsv":"E d. M. H:mm:ss v","MMMMd Hmsv":"d. MMMM H:mm:ss v","MMMMEd Hmsv":"E d. MMMM H:mm:ss v","y Hmsv":"y H:mm:ss v","yM Hmsv":"M/y H:mm:ss v","yMd Hmsv":"d. M. y H:mm:ss v","yMEd Hmsv":"E d. M. y H:mm:ss v","yMMM Hmsv":"LLLL y H:mm:ss v","yMMMd Hmsv":"d. M. y H:mm:ss v","yMMMEd Hmsv":"E d. M. y H:mm:ss v","yMMMM Hmsv":"LLLL y H:mm:ss v","yMMMMd Hmsv":"d. MMMM y H:mm:ss v","yMMMMEd Hmsv":"E d. MMMM y H:mm:ss v","EEEE d. MMMM y hmv":"EEEE d. MMMM y h:mm a v","d. MMMM y hmv":"d. MMMM y h:mm a v","d. M. y hmv":"d. M. y h:mm a v","dd.MM.yy hmv":"dd.MM.yy h:mm a v","d hmv":"d. h:mm a v","E hmv":"ccc h:mm a v","Ed hmv":"E d. h:mm a v","Gy hmv":"y G h:mm a v","GyMMM hmv":"LLLL y G h:mm a v","GyMMMd hmv":"d. M. y G h:mm a v","GyMMMEd hmv":"E d. M. y G h:mm a v","GyMMMMd hmv":"d. MMMM y G h:mm a v","GyMMMMEd hmv":"E d. MMMM y G h:mm a v","M hmv":"L h:mm a v","Md hmv":"d. M. h:mm a v","MEd hmv":"E d. M. h:mm a v","MMM hmv":"LLL h:mm a v","MMMd hmv":"d. M. h:mm a v","MMMEd hmv":"E d. M. h:mm a v","MMMMd hmv":"d. MMMM h:mm a v","MMMMEd hmv":"E d. MMMM h:mm a v","y hmv":"y h:mm a v","yM hmv":"M/y h:mm a v","yMd hmv":"d. M. y h:mm a v","yMEd hmv":"E d. M. y h:mm a v","yMMM hmv":"LLLL y h:mm a v","yMMMd hmv":"d. M. y h:mm a v","yMMMEd hmv":"E d. M. y h:mm a v","yMMMM hmv":"LLLL y h:mm a v","yMMMMd hmv":"d. MMMM y h:mm a v","yMMMMEd hmv":"E d. MMMM y h:mm a v","EEEE d. MMMM y Hmv":"EEEE d. MMMM y H:mm v","d. MMMM y Hmv":"d. MMMM y H:mm v","d. M. y Hmv":"d. M. y H:mm v","dd.MM.yy Hmv":"dd.MM.yy H:mm v","d Hmv":"d. H:mm v","E Hmv":"ccc H:mm v","Ed Hmv":"E d. H:mm v","Gy Hmv":"y G H:mm v","GyMMM Hmv":"LLLL y G H:mm v","GyMMMd Hmv":"d. M. y G H:mm v","GyMMMEd Hmv":"E d. M. y G H:mm v","GyMMMMd Hmv":"d. MMMM y G H:mm v","GyMMMMEd Hmv":"E d. MMMM y G H:mm v","M Hmv":"L H:mm v","Md Hmv":"d. M. H:mm v","MEd Hmv":"E d. M. H:mm v","MMM Hmv":"LLL H:mm v","MMMd Hmv":"d. M. H:mm v","MMMEd Hmv":"E d. M. H:mm v","MMMMd Hmv":"d. MMMM H:mm v","MMMMEd Hmv":"E d. MMMM H:mm v","y Hmv":"y H:mm v","yM Hmv":"M/y H:mm v","yMd Hmv":"d. M. y H:mm v","yMEd Hmv":"E d. M. y H:mm v","yMMM Hmv":"LLLL y H:mm v","yMMMd Hmv":"d. M. y H:mm v","yMMMEd Hmv":"E d. M. y H:mm v","yMMMM Hmv":"LLLL y H:mm v","yMMMMd Hmv":"d. MMMM y H:mm v","yMMMMEd Hmv":"E d. MMMM y H:mm v","EEEE d. MMMM y ms":"EEEE d. MMMM y mm:ss","d. MMMM y ms":"d. MMMM y mm:ss","d. M. y ms":"d. M. y mm:ss","dd.MM.yy ms":"dd.MM.yy mm:ss","d ms":"d. mm:ss","E ms":"ccc mm:ss","Ed ms":"E d. mm:ss","Gy ms":"y G mm:ss","GyMMM ms":"LLLL y G mm:ss","GyMMMd ms":"d. M. y G mm:ss","GyMMMEd ms":"E d. M. y G mm:ss","GyMMMMd ms":"d. MMMM y G mm:ss","GyMMMMEd ms":"E d. MMMM y G mm:ss","M ms":"L mm:ss","Md ms":"d. M. mm:ss","MEd ms":"E d. M. mm:ss","MMM ms":"LLL mm:ss","MMMd ms":"d. M. mm:ss","MMMEd ms":"E d. M. mm:ss","MMMMd ms":"d. MMMM mm:ss","MMMMEd ms":"E d. MMMM mm:ss","y ms":"y mm:ss","yM ms":"M/y mm:ss","yMd ms":"d. M. y mm:ss","yMEd ms":"E d. M. y mm:ss","yMMM ms":"LLLL y mm:ss","yMMMd ms":"d. M. y mm:ss","yMMMEd ms":"E d. M. y mm:ss","yMMMM ms":"LLLL y mm:ss","yMMMMd ms":"d. MMMM y mm:ss","yMMMMEd ms":"E d. MMMM y mm:ss"}},"intervalFormats":{"intervalFormatFallback":"{0} – {1}","Bh":{"B":"h B – h B","h":"h–h B"},"Bhm":{"B":"h:mm B – h:mm B","h":"h:mm–h:mm B","m":"h:mm–h:mm B"},"d":{"d":"d.–d."},"Gy":{"G":"y G – y G","y":"y–y G"},"GyM":{"G":"M/y GGGGG – M/y GGGGG","M":"M/y – M/y GGGGG","y":"M/y – M/y GGGGG"},"GyMd":{"d":"d. M. y – d. M. y GGGGG","G":"d. M. y GGGGG – d. M. y GGGGG","M":"d. M. y – d. M. y GGGGG","y":"d. M. y – d. M. y GGGGG"},"GyMEd":{"d":"E d. M. y – E d. M. y GGGGG","G":"E d. M. y GGGGG – E d. M. y GGGGG","M":"E d. M. y – E d. M. y GGGGG","y":"E d. M. y – E d. M. y GGGGG"},"GyMMM":{"G":"LLLL y G – LLLL y G","M":"LLLL–LLLL y G","y":"LLLL y – LLLL y G"},"GyMMMd":{"d":"d.–d. M. y G","G":"d. M. y G – d. M. y G","M":"d. M. – d. M. y G","y":"d. M. y – d. M. y G"},"GyMMMEd":{"d":"E d. M. – E d. M. y G","G":"E d. M. y G – E d. M. y G","M":"E d. M. – E d. M. y G","y":"E d. M. y – E d. M. y G"},"h":{"a":"h a – h a","h":"h–h a"},"H":{"H":"H–H"},"hm":{"a":"h:mm a – h:mm a","h":"h:mm–h:mm a","m":"h:mm–h:mm a"},"Hm":{"H":"H:mm–H:mm","m":"H:mm–H:mm"},"hmv":{"a":"h:mm a – h:mm a v","h":"h:mm–h:mm a v","m":"h:mm–h:mm a v"},"Hmv":{"H":"H:mm–H:mm v","m":"H:mm–H:mm v"},"hv":{"a":"h a – h a v","h":"h–h a v"},"Hv":{"H":"H–H v"},"M":{"M":"M–M"},"Md":{"d":"d. M. – d. M.","M":"d. M. – d. M."},"MEd":{"d":"E d. M. – E d. M.","M":"E d. M. – E d. M."},"MMM":{"M":"MMM–MMM"},"MMMd":{"d":"d.–d. M.","M":"d. M. – d. M."},"MMMEd":{"d":"E d. M. – E d. M.","M":"E d. M. – E d. M."},"y":{"y":"y–y"},"yM":{"M":"M/y – M/y","y":"M/y – M/y"},"yMd":{"d":"dd.MM.y – dd.MM.y","M":"dd.MM.y – dd.MM.y","y":"dd.MM.y – dd.MM.y"},"yMEd":{"d":"E dd.MM.y – E dd.MM.y","M":"E dd.MM.y – E dd.MM.y","y":"E dd.MM.y – E dd.MM.y"},"yMMM":{"M":"MMM–MMM y","y":"MMM y – MMM y"},"yMMMd":{"d":"d.–d. M. y","M":"d. M. – d. M. y","y":"d. M. y – d. M. y"},"yMMMEd":{"d":"E d. M. – E d. M. y","M":"E d. M. – E d. M. y","y":"E d. M. y – E d. M. y"},"yMMMM":{"M":"LLLL–LLLL y","y":"LLLL y – LLLL y"}},"hourCycle":"h23","nu":["latn"],"ca":["gregory"],"hc":["h23"]},"locale":"cs"}
