{"data":{"am":"AM","pm":"PM","weekday":{"narrow":["S","M","T","O","T","F","L"],"short":["søn.","man.","tir.","ons.","tor.","fre.","lør."],"long":["søndag","mandag","tirsdag","onsdag","torsdag","fredag","lørdag"]},"era":{"narrow":{"BC":"fKr","AD":"eKr"},"short":{"BC":"f.Kr.","AD":"e.Kr."},"long":{"BC":"f.Kr.","AD":"e.Kr."}},"month":{"narrow":["J","F","M","A","M","J","J","A","S","O","N","D"],"short":["jan.","feb.","mar.","apr.","maj","jun.","jul.","aug.","sep.","okt.","nov.","dec."],"long":["januar","februar","marts","april","maj","juni","juli","august","september","oktober","november","december"]},"timeZoneName":{"America/Rio_Branco":{"long":["Acre-normaltid","Acre-sommertid"]},"Asia/Kabul":{"long":["Afghansk tid","Afghansk tid"]},"Africa/Maputo":{"long":["Centralafrikansk tid","Centralafrikansk tid"]},"Africa/Bujumbura":{"long":["Centralafrikansk tid","Centralafrikansk tid"]},"Africa/Gaborone":{"long":["Centralafrikansk tid","Centralafrikansk tid"]},"Africa/Lubumbashi":{"long":["Centralafrikansk tid","Centralafrikansk tid"]},"Africa/Blantyre":{"long":["Centralafrikansk tid","Centralafrikansk tid"]},"Africa/Kigali":{"long":["Centralafrikansk tid","Centralafrikansk tid"]},"Africa/Lusaka":{"long":["Centralafrikansk tid","Centralafrikansk tid"]},"Africa/Harare":{"long":["Centralafrikansk tid","Centralafrikansk tid"]},"Africa/Nairobi":{"long":["Østafrikansk tid","Østafrikansk tid"]},"Africa/Djibouti":{"long":["Østafrikansk tid","Østafrikansk tid"]},"Africa/Asmera":{"long":["Østafrikansk tid","Østafrikansk tid"]},"Africa/Addis_Ababa":{"long":["Østafrikansk tid","Østafrikansk tid"]},"Indian/Comoro":{"long":["Østafrikansk tid","Østafrikansk tid"]},"Indian/Antananarivo":{"long":["Østafrikansk tid","Østafrikansk tid"]},"Africa/Mogadishu":{"long":["Østafrikansk tid","Østafrikansk tid"]},"Africa/Dar_es_Salaam":{"long":["Østafrikansk tid","Østafrikansk tid"]},"Africa/Kampala":{"long":["Østafrikansk tid","Østafrikansk tid"]},"Indian/Mayotte":{"long":["Østafrikansk tid","Østafrikansk tid"]},"Africa/Johannesburg":{"long":["Sydafrikansk tid","Sydafrikansk tid"]},"Africa/Maseru":{"long":["Sydafrikansk tid","Sydafrikansk tid"]},"Africa/Mbabane":{"long":["Sydafrikansk tid","Sydafrikansk tid"]},"Africa/Lagos":{"long":["Vestafrikansk normaltid","Vestafrikansk sommertid"]},"Africa/Luanda":{"long":["Vestafrikansk normaltid","Vestafrikansk sommertid"]},"Africa/Porto-Novo":{"long":["Vestafrikansk normaltid","Vestafrikansk sommertid"]},"Africa/Kinshasa":{"long":["Vestafrikansk normaltid","Vestafrikansk sommertid"]},"Africa/Bangui":{"long":["Vestafrikansk normaltid","Vestafrikansk sommertid"]},"Africa/Brazzaville":{"long":["Vestafrikansk normaltid","Vestafrikansk sommertid"]},"Africa/Douala":{"long":["Vestafrikansk normaltid","Vestafrikansk sommertid"]},"Africa/Libreville":{"long":["Vestafrikansk normaltid","Vestafrikansk sommertid"]},"Africa/Malabo":{"long":["Vestafrikansk normaltid","Vestafrikansk sommertid"]},"Africa/Niamey":{"long":["Vestafrikansk normaltid","Vestafrikansk sommertid"]},"Africa/Ndjamena":{"long":["Vestafrikansk normaltid","Vestafrikansk sommertid"]},"Asia/Aqtobe":{"long":["Vestkasakhstansk tid","Vestkasakhstansk tid"]},"America/Juneau":{"long":["Alaska-normaltid","Alaska-sommertid"]},"Asia/Almaty":{"long":["Østkasakhstansk tid","Østkasakhstansk tid"]},"America/Manaus":{"long":["Amazonas-normaltid","Amazonas-sommertid"]},"America/Chicago":{"long":["Central-normaltid","Central-sommertid"]},"America/Belize":{"long":["Central-normaltid","Central-sommertid"]},"America/Winnipeg":{"long":["Central-normaltid","Central-sommertid"]},"America/Costa_Rica":{"long":["Central-normaltid","Central-sommertid"]},"America/Guatemala":{"long":["Central-normaltid","Central-sommertid"]},"America/Tegucigalpa":{"long":["Central-normaltid","Central-sommertid"]},"America/Mexico_City":{"long":["Central-normaltid","Central-sommertid"]},"America/El_Salvador":{"long":["Central-normaltid","Central-sommertid"]},"America/New_York":{"long":["Eastern-normaltid","Eastern-sommertid"]},"America/Nassau":{"long":["Eastern-normaltid","Eastern-sommertid"]},"America/Toronto":{"long":["Eastern-normaltid","Eastern-sommertid"]},"America/Port-au-Prince":{"long":["Eastern-normaltid","Eastern-sommertid"]},"America/Jamaica":{"long":["Eastern-normaltid","Eastern-sommertid"]},"America/Cayman":{"long":["Eastern-normaltid","Eastern-sommertid"]},"America/Panama":{"long":["Eastern-normaltid","Eastern-sommertid"]},"America/Denver":{"long":["Mountain-normaltid","Mountain-sommertid"]},"America/Edmonton":{"long":["Mountain-normaltid","Mountain-sommertid"]},"America/Hermosillo":{"long":["Mountain-normaltid","Mountain-sommertid"]},"America/Los_Angeles":{"long":["Pacific-normaltid","Pacific-sommertid"]},"America/Vancouver":{"long":["Pacific-normaltid","Pacific-sommertid"]},"America/Tijuana":{"long":["Pacific-normaltid","Pacific-sommertid"]},"Asia/Anadyr":{"long":["Anadyr-normaltid","Anadyr-sommertid"]},"Pacific/Apia":{"long":["Apia-normaltid","Apia-sommertid"]},"Asia/Riyadh":{"long":["Arabisk normaltid","Arabisk sommertid"]},"Asia/Bahrain":{"long":["Arabisk normaltid","Arabisk sommertid"]},"Asia/Baghdad":{"long":["Arabisk normaltid","Arabisk sommertid"]},"Asia/Kuwait":{"long":["Arabisk normaltid","Arabisk sommertid"]},"Asia/Qatar":{"long":["Arabisk normaltid","Arabisk sommertid"]},"Asia/Aden":{"long":["Arabisk normaltid","Arabisk sommertid"]},"America/Buenos_Aires":{"long":["Argentinsk normaltid","Argentinsk sommertid"]},"America/Argentina/San_Luis":{"long":["Vestargentinsk normaltid","Vestargentinsk sommertid"]},"Asia/Ashgabat":{"long":["Turkmensk normaltid","Turkmensk sommertid"]},"America/Halifax":{"long":["Atlantic-normaltid","Atlantic-sommertid"]},"America/Antigua":{"long":["Atlantic-normaltid","Atlantic-sommertid"]},"America/Anguilla":{"long":["Atlantic-normaltid","Atlantic-sommertid"]},"America/Aruba":{"long":["Atlantic-normaltid","Atlantic-sommertid"]},"America/Barbados":{"long":["Atlantic-normaltid","Atlantic-sommertid"]},"Atlantic/Bermuda":{"long":["Atlantic-normaltid","Atlantic-sommertid"]},"America/Kralendijk":{"long":["Atlantic-normaltid","Atlantic-sommertid"]},"America/Curacao":{"long":["Atlantic-normaltid","Atlantic-sommertid"]},"America/Dominica":{"long":["Atlantic-normaltid","Atlantic-sommertid"]},"America/Grenada":{"long":["Atlantic-normaltid","Atlantic-sommertid"]},"America/Thule":{"long":["Atlantic-normaltid","Atlantic-sommertid"]},"America/Guadeloupe":{"long":["Atlantic-normaltid","Atlantic-sommertid"]},"America/St_Kitts":{"long":["Atlantic-normaltid","Atlantic-sommertid"]},"America/St_Lucia":{"long":["Atlantic-normaltid","Atlantic-sommertid"]},"America/Marigot":{"long":["Atlantic-normaltid","Atlantic-sommertid"]},"America/Martinique":{"long":["Atlantic-normaltid","Atlantic-sommertid"]},"America/Montserrat":{"long":["Atlantic-normaltid","Atlantic-sommertid"]},"America/Puerto_Rico":{"long":["Atlantic-normaltid","Atlantic-sommertid"]},"America/Lower_Princes":{"long":["Atlantic-normaltid","Atlantic-sommertid"]},"America/Port_of_Spain":{"long":["Atlantic-normaltid","Atlantic-sommertid"]},"America/St_Vincent":{"long":["Atlantic-normaltid","Atlantic-sommertid"]},"America/Tortola":{"long":["Atlantic-normaltid","Atlantic-sommertid"]},"America/St_Thomas":{"long":["Atlantic-normaltid","Atlantic-sommertid"]},"Australia/Adelaide":{"long":["Centralaustralsk normaltid","Centralaustralsk sommertid"]},"Australia/Eucla":{"long":["Vestlig centralaustralsk normaltid","Vestlig centralaustralsk sommertid"]},"Australia/Sydney":{"long":["Østaustralsk normaltid","Østaustralsk sommertid"]},"Australia/Perth":{"long":["Vestaustralsk normaltid","Vestaustralsk sommertid"]},"Atlantic/Azores":{"long":["Azorerne-normaltid","Azorerne-sommertid"]},"Asia/Thimphu":{"long":["Bhutan-tid","Bhutan-tid"]},"America/La_Paz":{"long":["Boliviansk tid","Boliviansk tid"]},"Asia/Kuching":{"long":["Malaysia-tid","Malaysia-tid"]},"America/Sao_Paulo":{"long":["Brasiliansk normaltid","Brasiliansk sommertid"]},"Europe/London":{"long":["GMT","GMT"]},"Asia/Brunei":{"long":["Brunei Darussalam-tid","Brunei Darussalam-tid"]},"Atlantic/Cape_Verde":{"long":["Kap Verde-normaltid","Kap Verde-sommertid"]},"Pacific/Saipan":{"long":["Nordmarianerne-tid","Nordmarianerne-tid"]},"Pacific/Guam":{"long":["Guam-normaltid","Guam-normaltid"]},"Pacific/Chatham":{"long":["Chatham-normaltid","Chatham-sommertid"]},"America/Santiago":{"long":["Chilensk normaltid","Chilensk sommertid"]},"Asia/Shanghai":{"long":["Kinesisk normaltid","Kinesisk sommertid"]},"Asia/Choibalsan":{"long":["Tsjojbalsan-normaltid","Tsjojbalsan-sommertid"]},"Indian/Christmas":{"long":["Juleøen-normaltid","Juleøen-normaltid"]},"Indian/Cocos":{"long":["Cocosøerne-normaltid","Cocosøerne-normaltid"]},"America/Bogota":{"long":["Colombiansk normaltid","Colombiansk sommertid"]},"Pacific/Rarotonga":{"long":["Cookøerne-normaltid","Cookøerne-sommertid"]},"America/Havana":{"long":["Cubansk normaltid","Cubansk sommertid"]},"Antarctica/Davis":{"long":["Davis-tid","Davis-tid"]},"Antarctica/DumontDUrville":{"long":["Dumont-d’Urville-tid","Dumont-d’Urville-tid"]},"Asia/Dushanbe":{"long":["Tadsjikisk tid","Tadsjikisk tid"]},"America/Paramaribo":{"long":["Surinam-tid","Surinam-tid"]},"Asia/Dili":{"long":["Østtimor-tid","Østtimor-tid"]},"Pacific/Easter":{"long":["Påskeøen-normaltid","Påskeøen-sommertid"]},"America/Guayaquil":{"long":["Ecuadoriansk tid","Ecuadoriansk tid"]},"Europe/Paris":{"long":["Centraleuropæisk normaltid","Centraleuropæisk sommertid"],"short":["CET","CEST"]},"Europe/Andorra":{"long":["Centraleuropæisk normaltid","Centraleuropæisk sommertid"],"short":["CET","CEST"]},"Europe/Tirane":{"long":["Centraleuropæisk normaltid","Centraleuropæisk sommertid"],"short":["CET","CEST"]},"Europe/Vienna":{"long":["Centraleuropæisk normaltid","Centraleuropæisk sommertid"],"short":["CET","CEST"]},"Europe/Sarajevo":{"long":["Centraleuropæisk normaltid","Centraleuropæisk sommertid"],"short":["CET","CEST"]},"Europe/Brussels":{"long":["Centraleuropæisk normaltid","Centraleuropæisk sommertid"],"short":["CET","CEST"]},"Europe/Zurich":{"long":["Centraleuropæisk normaltid","Centraleuropæisk sommertid"],"short":["CET","CEST"]},"Europe/Prague":{"long":["Centraleuropæisk normaltid","Centraleuropæisk sommertid"],"short":["CET","CEST"]},"Europe/Berlin":{"long":["Centraleuropæisk normaltid","Centraleuropæisk sommertid"],"short":["CET","CEST"]},"Europe/Copenhagen":{"long":["Centraleuropæisk normaltid","Centraleuropæisk sommertid"],"short":["CET","CEST"]},"Europe/Madrid":{"long":["Centraleuropæisk normaltid","Centraleuropæisk sommertid"],"short":["CET","CEST"]},"Europe/Gibraltar":{"long":["Centraleuropæisk normaltid","Centraleuropæisk sommertid"],"short":["CET","CEST"]},"Europe/Zagreb":{"long":["Centraleuropæisk normaltid","Centraleuropæisk sommertid"],"short":["CET","CEST"]},"Europe/Budapest":{"long":["Centraleuropæisk normaltid","Centraleuropæisk sommertid"],"short":["CET","CEST"]},"Europe/Rome":{"long":["Centraleuropæisk normaltid","Centraleuropæisk sommertid"],"short":["CET","CEST"]},"Europe/Vaduz":{"long":["Centraleuropæisk normaltid","Centraleuropæisk sommertid"],"short":["CET","CEST"]},"Europe/Luxembourg":{"long":["Centraleuropæisk normaltid","Centraleuropæisk sommertid"],"short":["CET","CEST"]},"Europe/Monaco":{"long":["Centraleuropæisk normaltid","Centraleuropæisk sommertid"],"short":["CET","CEST"]},"Europe/Podgorica":{"long":["Centraleuropæisk normaltid","Centraleuropæisk sommertid"],"short":["CET","CEST"]},"Europe/Skopje":{"long":["Centraleuropæisk normaltid","Centraleuropæisk sommertid"],"short":["CET","CEST"]},"Europe/Malta":{"long":["Centraleuropæisk normaltid","Centraleuropæisk sommertid"],"short":["CET","CEST"]},"Europe/Amsterdam":{"long":["Centraleuropæisk normaltid","Centraleuropæisk sommertid"],"short":["CET","CEST"]},"Europe/Oslo":{"long":["Centraleuropæisk normaltid","Centraleuropæisk sommertid"],"short":["CET","CEST"]},"Europe/Warsaw":{"long":["Centraleuropæisk normaltid","Centraleuropæisk sommertid"],"short":["CET","CEST"]},"Europe/Belgrade":{"long":["Centraleuropæisk normaltid","Centraleuropæisk sommertid"],"short":["CET","CEST"]},"Europe/Stockholm":{"long":["Centraleuropæisk normaltid","Centraleuropæisk sommertid"],"short":["CET","CEST"]},"Europe/Ljubljana":{"long":["Centraleuropæisk normaltid","Centraleuropæisk sommertid"],"short":["CET","CEST"]},"Arctic/Longyearbyen":{"long":["Centraleuropæisk normaltid","Centraleuropæisk sommertid"],"short":["CET","CEST"]},"Europe/Bratislava":{"long":["Centraleuropæisk normaltid","Centraleuropæisk sommertid"],"short":["CET","CEST"]},"Europe/San_Marino":{"long":["Centraleuropæisk normaltid","Centraleuropæisk sommertid"],"short":["CET","CEST"]},"Africa/Tunis":{"long":["Centraleuropæisk normaltid","Centraleuropæisk sommertid"],"short":["CET","CEST"]},"Europe/Vatican":{"long":["Centraleuropæisk normaltid","Centraleuropæisk sommertid"],"short":["CET","CEST"]},"Europe/Bucharest":{"long":["Østeuropæisk normaltid","Østeuropæisk sommertid"],"short":["EET","EEST"]},"Europe/Mariehamn":{"long":["Østeuropæisk normaltid","Østeuropæisk sommertid"],"short":["EET","EEST"]},"Europe/Sofia":{"long":["Østeuropæisk normaltid","Østeuropæisk sommertid"],"short":["EET","EEST"]},"Asia/Nicosia":{"long":["Østeuropæisk normaltid","Østeuropæisk sommertid"],"short":["EET","EEST"]},"Africa/Cairo":{"long":["Østeuropæisk normaltid","Østeuropæisk sommertid"],"short":["EET","EEST"]},"Europe/Helsinki":{"long":["Østeuropæisk normaltid","Østeuropæisk sommertid"],"short":["EET","EEST"]},"Europe/Athens":{"long":["Østeuropæisk normaltid","Østeuropæisk sommertid"],"short":["EET","EEST"]},"Asia/Amman":{"long":["Østeuropæisk normaltid","Østeuropæisk sommertid"],"short":["EET","EEST"]},"Asia/Beirut":{"long":["Østeuropæisk normaltid","Østeuropæisk sommertid"],"short":["EET","EEST"]},"Asia/Damascus":{"long":["Østeuropæisk normaltid","Østeuropæisk sommertid"],"short":["EET","EEST"]},"Europe/Minsk":{"long":["Fjernøsteuropæisk tid","Fjernøsteuropæisk tid"]},"Europe/Kaliningrad":{"long":["Fjernøsteuropæisk tid","Fjernøsteuropæisk tid"]},"Atlantic/Canary":{"long":["Vesteuropæisk normaltid","Vesteuropæisk sommertid"],"short":["WET","WEST"]},"Atlantic/Faeroe":{"long":["Vesteuropæisk normaltid","Vesteuropæisk sommertid"],"short":["WET","WEST"]},"Atlantic/Stanley":{"long":["Falklandsøerne-normaltid","Falklandsøerne-sommertid"]},"Pacific/Fiji":{"long":["Fijiansk normaltid","Fijiansk sommertid"]},"America/Cayenne":{"long":["Fransk Guyana-tid","Fransk Guyana-tid"]},"Indian/Kerguelen":{"long":["Franske Sydlige og Antarktiske Territorier-tid","Franske Sydlige og Antarktiske Territorier-tid"]},"Asia/Bishkek":{"long":["Kirgisisk tid","Kirgisisk tid"]},"Pacific/Galapagos":{"long":["Galapagos-tid","Galapagos-tid"]},"Pacific/Gambier":{"long":["Gambier-tid","Gambier-tid"]},"Pacific/Tarawa":{"long":["Gilbertøerne-tid","Gilbertøerne-tid"]},"Atlantic/Reykjavik":{"long":["GMT","GMT"]},"Africa/Ouagadougou":{"long":["GMT","GMT"]},"Africa/Abidjan":{"long":["GMT","GMT"]},"Africa/Accra":{"long":["GMT","GMT"]},"Africa/Banjul":{"long":["GMT","GMT"]},"Africa/Conakry":{"long":["GMT","GMT"]},"Africa/Bamako":{"long":["GMT","GMT"]},"Africa/Nouakchott":{"long":["GMT","GMT"]},"Atlantic/St_Helena":{"long":["GMT","GMT"]},"Africa/Freetown":{"long":["GMT","GMT"]},"Africa/Dakar":{"long":["GMT","GMT"]},"Africa/Lome":{"long":["GMT","GMT"]},"America/Scoresbysund":{"long":["Østgrønlandsk normaltid","Østgrønlandsk sommertid"]},"America/Godthab":{"long":["Vestgrønlandsk normaltid","Vestgrønlandsk sommertid"]},"Asia/Dubai":{"long":["Golflandene-normaltid","Golflandene-normaltid"]},"Asia/Muscat":{"long":["Golflandene-normaltid","Golflandene-normaltid"]},"America/Guyana":{"long":["Guyana-tid","Guyana-tid"]},"Pacific/Honolulu":{"long":["Hawaii-Aleutian-normaltid","Hawaii-Aleutian-sommertid"]},"Asia/Hong_Kong":{"long":["Hongkong-normaltid","Hongkong-sommertid"]},"Asia/Hovd":{"long":["Hovd-normaltid","Hovd-sommertid"]},"Asia/Calcutta":{"long":["Indisk normaltid","Indisk normaltid"]},"Asia/Colombo":{"long":["Langa tid","Langa tid"]},"Indian/Chagos":{"long":["Indiske Ocean-normaltid","Indiske Ocean-normaltid"]},"Asia/Bangkok":{"long":["Indokina-tid","Indokina-tid"]},"Asia/Phnom_Penh":{"long":["Indokina-tid","Indokina-tid"]},"Asia/Vientiane":{"long":["Indokina-tid","Indokina-tid"]},"Asia/Makassar":{"long":["Centralindonesisk tid","Centralindonesisk tid"]},"Asia/Jayapura":{"long":["Østindonesisk tid","Østindonesisk tid"]},"Asia/Jakarta":{"long":["Vestindonesisk tid","Vestindonesisk tid"]},"Asia/Tehran":{"long":["Iransk normaltid","Iransk sommertid"]},"Asia/Irkutsk":{"long":["Irkutsk-normaltid","Irkutsk-sommertid"]},"Asia/Jerusalem":{"long":["Israelsk normaltid","Israelsk sommertid"]},"Asia/Tokyo":{"long":["Japansk normaltid","Japansk sommertid"]},"Asia/Kamchatka":{"long":["Petropavlovsk-Kamchatski normaltid","Petropavlovsk-Kamchatski sommertid"]},"Asia/Karachi":{"long":["Pakistansk normaltid","Pakistansk sommertid"]},"Asia/Qyzylorda":{"long":["Qyzylorda-normaltid","Qyzylorda-sommertid"]},"Asia/Seoul":{"long":["Koreansk normaltid","Koreansk sommertid"]},"Pacific/Kosrae":{"long":["Kosrae-tid","Kosrae-tid"]},"Asia/Krasnoyarsk":{"long":["Krasnojarsk-normaltid","Krasnojarsk-sommertid"]},"Europe/Samara":{"long":["Samara-normaltid","Samara-sommertid"]},"Pacific/Kiritimati":{"long":["Linjeøerne-tid","Linjeøerne-tid"]},"Australia/Lord_Howe":{"long":["Lord Howe-normaltid","Lord Howe-sommertid"]},"Asia/Macau":{"long":["Macao-normaltid","Macao-sommertid"]},"Antarctica/Macquarie":{"long":["Macquarie-tid","Macquarie-tid"]},"Asia/Magadan":{"long":["Magadan-normaltid","Magadan-sommertid"]},"Indian/Maldives":{"long":["Maldiverne-tid","Maldiverne-tid"]},"Pacific/Marquesas":{"long":["Marquesas-tid","Marquesas-tid"]},"Pacific/Majuro":{"long":["Marshalløerne-tid","Marshalløerne-tid"]},"Indian/Mauritius":{"long":["Mauritius-normaltid","Mauritius-sommertid"]},"Antarctica/Mawson":{"long":["Mawson-tid","Mawson-tid"]},"America/Santa_Isabel":{"long":["Nordvestmexicansk normaltid","Nordvestmexicansk sommertid"]},"America/Mazatlan":{"long":["Mexicansk Pacific-normaltid","Mexicansk Pacific-sommertid"]},"Asia/Ulaanbaatar":{"long":["Ulan Bator-normaltid","Ulan Bator-sommertid"]},"Europe/Moscow":{"long":["Moskva-normaltid","Moskva-sommertid"]},"Asia/Rangoon":{"long":["Myanmar-tid","Myanmar-tid"]},"Pacific/Nauru":{"long":["Nauru-tid","Nauru-tid"]},"Asia/Katmandu":{"long":["Nepalesisk tid","Nepalesisk tid"]},"Pacific/Noumea":{"long":["Ny Kaledonien-normaltid","Ny Kaledonien-sommertid"]},"Pacific/Auckland":{"long":["Newzealandsk normaltid","Newzealandsk sommertid"]},"Antarctica/McMurdo":{"long":["Newzealandsk normaltid","Newzealandsk sommertid"]},"America/St_Johns":{"long":["Newfoundlandsk normaltid","Newfoundlandsk sommertid"]},"Pacific/Niue":{"long":["Niue-tid","Niue-tid"]},"Pacific/Norfolk":{"long":["Norfolk Island-normaltid","Norfolk Island-sommertid"]},"America/Noronha":{"long":["Fernando de Noronha-normaltid","Fernando de Noronha-sommertid"]},"Asia/Novosibirsk":{"long":["Novosibirsk-normaltid","Novosibirsk-sommertid"]},"Asia/Omsk":{"long":["Omsk-normaltid","Omsk-sommertid"]},"Pacific/Palau":{"long":["Palau-normaltid","Palau-normaltid"]},"Pacific/Port_Moresby":{"long":["Papua Ny Guinea-tid","Papua Ny Guinea-tid"]},"America/Asuncion":{"long":["Paraguayansk normaltid","Paraguayansk sommertid"]},"America/Lima":{"long":["Peruviansk normaltid","Peruviansk sommertid"]},"Asia/Manila":{"long":["Filippinsk normaltid","Filippinsk sommertid"]},"Pacific/Enderbury":{"long":["Phoenixøen-tid","Phoenixøen-tid"]},"America/Miquelon":{"long":["Saint Pierre- og Miquelon-normaltid","Saint Pierre- og Miquelon-sommertid"]},"Pacific/Pitcairn":{"long":["Pitcairn-tid","Pitcairn-tid"]},"Pacific/Ponape":{"long":["Ponape-tid","Ponape-tid"]},"Asia/Pyongyang":{"long":["Pyongyang-tid","Pyongyang-tid"]},"Indian/Reunion":{"long":["Reunion-tid","Reunion-tid"]},"Antarctica/Rothera":{"long":["Rothera-tid","Rothera-tid"]},"Asia/Sakhalin":{"long":["Sakhalin-normaltid","Sakhalin-sommertid"]},"Pacific/Pago_Pago":{"long":["Samoansk normaltid","Samoansk sommertid"]},"Indian/Mahe":{"long":["Seychellisk tid","Seychellisk tid"]},"Asia/Singapore":{"long":["Singapore-tid","Singapore-tid"]},"Pacific/Guadalcanal":{"long":["Salomonøerne-tid","Salomonøerne-tid"]},"Atlantic/South_Georgia":{"long":["South Georgia-tid","South Georgia-tid"]},"Asia/Yekaterinburg":{"long":["Jekaterinburg-normaltid","Jekaterinburg-sommertid"]},"Antarctica/Syowa":{"long":["Syowa-tid","Syowa-tid"]},"Pacific/Tahiti":{"long":["Tahiti-tid","Tahiti-tid"]},"Asia/Taipei":{"long":["Taipei-normaltid","Taipei-sommertid"]},"Asia/Tashkent":{"long":["Usbekisk normaltid","Usbekisk sommertid"]},"Pacific/Fakaofo":{"long":["Tokelau-tid","Tokelau-tid"]},"Pacific/Tongatapu":{"long":["Tongansk normaltid","Tongansk sommertid"]},"Pacific/Truk":{"long":["Chuuk-tid","Chuuk-tid"]},"Pacific/Funafuti":{"long":["Tuvalu-tid","Tuvalu-tid"]},"America/Montevideo":{"long":["Uruguayansk normaltid","Uruguayansk sommertid"]},"Pacific/Efate":{"long":["Vanuatu-normaltid","Vanuatu-sommertid"]},"America/Caracas":{"long":["Venezuelansk tid","Venezuelansk tid"]},"Asia/Vladivostok":{"long":["Vladivostok-normaltid","Vladivostok-sommertid"]},"Europe/Volgograd":{"long":["Volgograd-normaltid","Volgograd-sommertid"]},"Antarctica/Vostok":{"long":["Vostok-tid","Vostok-tid"]},"Pacific/Wake":{"long":["Wake Island-tid","Wake Island-tid"]},"Pacific/Wallis":{"long":["Wallis og Futuna-tid","Wallis og Futuna-tid"]},"Asia/Yakutsk":{"long":["Jakutsk-normaltid","Jakutsk-sommertid"]},"UTC":{"long":["Koordineret universaltid","Koordineret universaltid"],"short":["UTC","UTC"]}},"gmtFormat":"GMT{0}","hourFormat":"+HH.mm;-HH.mm","dateFormat":{"full":"EEEE 'den' d. MMMM y","long":"d. MMMM y","medium":"d. MMM y","short":"dd.MM.y"},"timeFormat":{"full":"HH.mm.ss zzzz","long":"HH.mm.ss z","medium":"HH.mm.ss","short":"HH.mm"},"dateTimeFormat":{"full":"{1} 'kl'. {0}","long":"{1} 'kl'. {0}","medium":"{1} {0}","short":"{1} {0}"},"formats":{"gregory":{"Bh":"h B","Bhm":"h.mm B","Bhms":"h.mm.ss B","d":"d.","E":"ccc","EBhm":"E h.mm B","EBhms":"E h.mm.ss B","Ed":"E 'den' d.","Ehm":"E h.mm a","EHm":"E HH.mm","Ehms":"E h.mm.ss a","EHms":"E HH.mm.ss","Gy":"y G","GyMMM":"MMM y G","GyMMMd":"d. MMM y G","GyMMMEd":"E d. MMM y G","h":"h a","H":"HH","hm":"h.mm a","Hm":"HH.mm","hms":"h.mm.ss a","Hms":"HH.mm.ss","hmsv":"h.mm.ss a v","Hmsv":"HH.mm.ss v","hmv":"h.mm a v","Hmv":"HH.mm v","M":"M","Md":"d.M","MEd":"E d.M","MMdd":"dd.MM","MMM":"MMM","MMMd":"d. MMM","MMMEd":"E d. MMM","MMMMd":"d. MMMM","MMMMEd":"E d. MMMM","ms":"mm.ss","y":"y","yM":"M.y","yMd":"d.M.y","yMEd":"E d.M.y","yMM":"MM.y","yMMM":"MMM y","yMMMd":"d. MMM y","yMMMEd":"E d. MMM y","yMMMM":"MMMM y","EEEE 'den' d. MMMM y":"EEEE 'den' d. MMMM y","d. MMMM y":"d. MMMM y","d. MMM y":"d. MMM y","dd.MM.y":"dd.MM.y","HH.mm.ss zzzz":"HH.mm.ss zzzz","HH.mm.ss z":"HH.mm.ss z","HH.mm.ss":"HH.mm.ss","HH.mm":"HH.mm","EEEE 'den' d. MMMM y 'kl'. HH.mm.ss zzzz":"EEEE 'den' d. MMMM y 'kl'. HH.mm.ss zzzz","d. MMMM y 'kl'. HH.mm.ss zzzz":"d. MMMM y 'kl'. HH.mm.ss zzzz","d. MMM y HH.mm.ss zzzz":"d. MMM y HH.mm.ss zzzz","dd.MM.y HH.mm.ss zzzz":"dd.MM.y HH.mm.ss zzzz","d HH.mm.ss zzzz":"d. HH.mm.ss zzzz","E HH.mm.ss zzzz":"ccc HH.mm.ss zzzz","Ed HH.mm.ss zzzz":"E 'den' d. HH.mm.ss zzzz","Gy HH.mm.ss zzzz":"y G HH.mm.ss zzzz","GyMMM HH.mm.ss zzzz":"MMM y G HH.mm.ss zzzz","GyMMMd HH.mm.ss zzzz":"d. MMM y G HH.mm.ss zzzz","GyMMMEd HH.mm.ss zzzz":"E d. MMM y G HH.mm.ss zzzz","M HH.mm.ss zzzz":"M HH.mm.ss zzzz","Md HH.mm.ss zzzz":"d.M HH.mm.ss zzzz","MEd HH.mm.ss zzzz":"E d.M HH.mm.ss zzzz","MMdd HH.mm.ss zzzz":"dd.MM HH.mm.ss zzzz","MMM HH.mm.ss zzzz":"MMM HH.mm.ss zzzz","MMMd HH.mm.ss zzzz":"d. MMM HH.mm.ss zzzz","MMMEd HH.mm.ss zzzz":"E d. MMM HH.mm.ss zzzz","MMMMd 'kl'. HH.mm.ss zzzz":"d. MMMM 'kl'. HH.mm.ss zzzz","MMMMEd 'kl'. HH.mm.ss zzzz":"E d. MMMM 'kl'. HH.mm.ss zzzz","y HH.mm.ss zzzz":"y HH.mm.ss zzzz","yM HH.mm.ss zzzz":"M.y HH.mm.ss zzzz","yMd HH.mm.ss zzzz":"d.M.y HH.mm.ss zzzz","yMEd HH.mm.ss zzzz":"E d.M.y HH.mm.ss zzzz","yMM HH.mm.ss zzzz":"MM.y HH.mm.ss zzzz","yMMM HH.mm.ss zzzz":"MMM y HH.mm.ss zzzz","yMMMd HH.mm.ss zzzz":"d. MMM y HH.mm.ss zzzz","yMMMEd HH.mm.ss zzzz":"E d. MMM y HH.mm.ss zzzz","yMMMM 'kl'. HH.mm.ss zzzz":"MMMM y 'kl'. HH.mm.ss zzzz","EEEE 'den' d. MMMM y 'kl'. HH.mm.ss z":"EEEE 'den' d. MMMM y 'kl'. HH.mm.ss z","d. MMMM y 'kl'. HH.mm.ss z":"d. MMMM y 'kl'. HH.mm.ss z","d. MMM y HH.mm.ss z":"d. MMM y HH.mm.ss z","dd.MM.y HH.mm.ss z":"dd.MM.y HH.mm.ss z","d HH.mm.ss z":"d. HH.mm.ss z","E HH.mm.ss z":"ccc HH.mm.ss z","Ed HH.mm.ss z":"E 'den' d. HH.mm.ss z","Gy HH.mm.ss z":"y G HH.mm.ss z","GyMMM HH.mm.ss z":"MMM y G HH.mm.ss z","GyMMMd HH.mm.ss z":"d. MMM y G HH.mm.ss z","GyMMMEd HH.mm.ss z":"E d. MMM y G HH.mm.ss z","M HH.mm.ss z":"M HH.mm.ss z","Md HH.mm.ss z":"d.M HH.mm.ss z","MEd HH.mm.ss z":"E d.M HH.mm.ss z","MMdd HH.mm.ss z":"dd.MM HH.mm.ss z","MMM HH.mm.ss z":"MMM HH.mm.ss z","MMMd HH.mm.ss z":"d. MMM HH.mm.ss z","MMMEd HH.mm.ss z":"E d. MMM HH.mm.ss z","MMMMd 'kl'. HH.mm.ss z":"d. MMMM 'kl'. HH.mm.ss z","MMMMEd 'kl'. HH.mm.ss z":"E d. MMMM 'kl'. HH.mm.ss z","y HH.mm.ss z":"y HH.mm.ss z","yM HH.mm.ss z":"M.y HH.mm.ss z","yMd HH.mm.ss z":"d.M.y HH.mm.ss z","yMEd HH.mm.ss z":"E d.M.y HH.mm.ss z","yMM HH.mm.ss z":"MM.y HH.mm.ss z","yMMM HH.mm.ss z":"MMM y HH.mm.ss z","yMMMd HH.mm.ss z":"d. MMM y HH.mm.ss z","yMMMEd HH.mm.ss z":"E d. MMM y HH.mm.ss z","yMMMM 'kl'. HH.mm.ss z":"MMMM y 'kl'. HH.mm.ss z","EEEE 'den' d. MMMM y 'kl'. HH.mm.ss":"EEEE 'den' d. MMMM y 'kl'. HH.mm.ss","d. MMMM y 'kl'. HH.mm.ss":"d. MMMM y 'kl'. HH.mm.ss","d. MMM y HH.mm.ss":"d. MMM y HH.mm.ss","dd.MM.y HH.mm.ss":"dd.MM.y HH.mm.ss","d HH.mm.ss":"d. HH.mm.ss","E HH.mm.ss":"ccc HH.mm.ss","Ed HH.mm.ss":"E 'den' d. HH.mm.ss","Gy HH.mm.ss":"y G HH.mm.ss","GyMMM HH.mm.ss":"MMM y G HH.mm.ss","GyMMMd HH.mm.ss":"d. MMM y G HH.mm.ss","GyMMMEd HH.mm.ss":"E d. MMM y G HH.mm.ss","M HH.mm.ss":"M HH.mm.ss","Md HH.mm.ss":"d.M HH.mm.ss","MEd HH.mm.ss":"E d.M HH.mm.ss","MMdd HH.mm.ss":"dd.MM HH.mm.ss","MMM HH.mm.ss":"MMM HH.mm.ss","MMMd HH.mm.ss":"d. MMM HH.mm.ss","MMMEd HH.mm.ss":"E d. MMM HH.mm.ss","MMMMd 'kl'. HH.mm.ss":"d. MMMM 'kl'. HH.mm.ss","MMMMEd 'kl'. HH.mm.ss":"E d. MMMM 'kl'. HH.mm.ss","y HH.mm.ss":"y HH.mm.ss","yM HH.mm.ss":"M.y HH.mm.ss","yMd HH.mm.ss":"d.M.y HH.mm.ss","yMEd HH.mm.ss":"E d.M.y HH.mm.ss","yMM HH.mm.ss":"MM.y HH.mm.ss","yMMM HH.mm.ss":"MMM y HH.mm.ss","yMMMd HH.mm.ss":"d. MMM y HH.mm.ss","yMMMEd HH.mm.ss":"E d. MMM y HH.mm.ss","yMMMM 'kl'. HH.mm.ss":"MMMM y 'kl'. HH.mm.ss","EEEE 'den' d. MMMM y 'kl'. HH.mm":"EEEE 'den' d. MMMM y 'kl'. HH.mm","d. MMMM y 'kl'. HH.mm":"d. MMMM y 'kl'. HH.mm","d. MMM y HH.mm":"d. MMM y HH.mm","dd.MM.y HH.mm":"dd.MM.y HH.mm","d HH.mm":"d. HH.mm","E HH.mm":"ccc HH.mm","Ed HH.mm":"E 'den' d. HH.mm","Gy HH.mm":"y G HH.mm","GyMMM HH.mm":"MMM y G HH.mm","GyMMMd HH.mm":"d. MMM y G HH.mm","GyMMMEd HH.mm":"E d. MMM y G HH.mm","M HH.mm":"M HH.mm","Md HH.mm":"d.M HH.mm","MEd HH.mm":"E d.M HH.mm","MMdd HH.mm":"dd.MM HH.mm","MMM HH.mm":"MMM HH.mm","MMMd HH.mm":"d. MMM HH.mm","MMMEd HH.mm":"E d. MMM HH.mm","MMMMd 'kl'. HH.mm":"d. MMMM 'kl'. HH.mm","MMMMEd 'kl'. HH.mm":"E d. MMMM 'kl'. HH.mm","y HH.mm":"y HH.mm","yM HH.mm":"M.y HH.mm","yMd HH.mm":"d.M.y HH.mm","yMEd HH.mm":"E d.M.y HH.mm","yMM HH.mm":"MM.y HH.mm","yMMM HH.mm":"MMM y HH.mm","yMMMd HH.mm":"d. MMM y HH.mm","yMMMEd HH.mm":"E d. MMM y HH.mm","yMMMM 'kl'. HH.mm":"MMMM y 'kl'. HH.mm","EEEE 'den' d. MMMM y 'kl'. Bh":"EEEE 'den' d. MMMM y 'kl'. h B","d. MMMM y 'kl'. Bh":"d. MMMM y 'kl'. h B","d. MMM y Bh":"d. MMM y h B","dd.MM.y Bh":"dd.MM.y h B","d Bh":"d. h B","E Bh":"ccc h B","Ed Bh":"E 'den' d. h B","Gy Bh":"y G h B","GyMMM Bh":"MMM y G h B","GyMMMd Bh":"d. MMM y G h B","GyMMMEd Bh":"E d. MMM y G h B","M Bh":"M h B","Md Bh":"d.M h B","MEd Bh":"E d.M h B","MMdd Bh":"dd.MM h B","MMM Bh":"MMM h B","MMMd Bh":"d. MMM h B","MMMEd Bh":"E d. MMM h B","MMMMd 'kl'. Bh":"d. MMMM 'kl'. h B","MMMMEd 'kl'. Bh":"E d. MMMM 'kl'. h B","y Bh":"y h B","yM Bh":"M.y h B","yMd Bh":"d.M.y h B","yMEd Bh":"E d.M.y h B","yMM Bh":"MM.y h B","yMMM Bh":"MMM y h B","yMMMd Bh":"d. MMM y h B","yMMMEd Bh":"E d. MMM y h B","yMMMM 'kl'. Bh":"MMMM y 'kl'. h B","EEEE 'den' d. MMMM y 'kl'. Bhm":"EEEE 'den' d. MMMM y 'kl'. h.mm B","d. MMMM y 'kl'. Bhm":"d. MMMM y 'kl'. h.mm B","d. MMM y Bhm":"d. MMM y h.mm B","dd.MM.y Bhm":"dd.MM.y h.mm B","d Bhm":"d. h.mm B","E Bhm":"ccc h.mm B","Ed Bhm":"E 'den' d. h.mm B","Gy Bhm":"y G h.mm B","GyMMM Bhm":"MMM y G h.mm B","GyMMMd Bhm":"d. MMM y G h.mm B","GyMMMEd Bhm":"E d. MMM y G h.mm B","M Bhm":"M h.mm B","Md Bhm":"d.M h.mm B","MEd Bhm":"E d.M h.mm B","MMdd Bhm":"dd.MM h.mm B","MMM Bhm":"MMM h.mm B","MMMd Bhm":"d. MMM h.mm B","MMMEd Bhm":"E d. MMM h.mm B","MMMMd 'kl'. Bhm":"d. MMMM 'kl'. h.mm B","MMMMEd 'kl'. Bhm":"E d. MMMM 'kl'. h.mm B","y Bhm":"y h.mm B","yM Bhm":"M.y h.mm B","yMd Bhm":"d.M.y h.mm B","yMEd Bhm":"E d.M.y h.mm B","yMM Bhm":"MM.y h.mm B","yMMM Bhm":"MMM y h.mm B","yMMMd Bhm":"d. MMM y h.mm B","yMMMEd Bhm":"E d. MMM y h.mm B","yMMMM 'kl'. Bhm":"MMMM y 'kl'. h.mm B","EEEE 'den' d. MMMM y 'kl'. Bhms":"EEEE 'den' d. MMMM y 'kl'. h.mm.ss B","d. MMMM y 'kl'. Bhms":"d. MMMM y 'kl'. h.mm.ss B","d. MMM y Bhms":"d. MMM y h.mm.ss B","dd.MM.y Bhms":"dd.MM.y h.mm.ss B","d Bhms":"d. h.mm.ss B","E Bhms":"ccc h.mm.ss B","Ed Bhms":"E 'den' d. h.mm.ss B","Gy Bhms":"y G h.mm.ss B","GyMMM Bhms":"MMM y G h.mm.ss B","GyMMMd Bhms":"d. MMM y G h.mm.ss B","GyMMMEd Bhms":"E d. MMM y G h.mm.ss B","M Bhms":"M h.mm.ss B","Md Bhms":"d.M h.mm.ss B","MEd Bhms":"E d.M h.mm.ss B","MMdd Bhms":"dd.MM h.mm.ss B","MMM Bhms":"MMM h.mm.ss B","MMMd Bhms":"d. MMM h.mm.ss B","MMMEd Bhms":"E d. MMM h.mm.ss B","MMMMd 'kl'. Bhms":"d. MMMM 'kl'. h.mm.ss B","MMMMEd 'kl'. Bhms":"E d. MMMM 'kl'. h.mm.ss B","y Bhms":"y h.mm.ss B","yM Bhms":"M.y h.mm.ss B","yMd Bhms":"d.M.y h.mm.ss B","yMEd Bhms":"E d.M.y h.mm.ss B","yMM Bhms":"MM.y h.mm.ss B","yMMM Bhms":"MMM y h.mm.ss B","yMMMd Bhms":"d. MMM y h.mm.ss B","yMMMEd Bhms":"E d. MMM y h.mm.ss B","yMMMM 'kl'. Bhms":"MMMM y 'kl'. h.mm.ss B","EEEE 'den' d. MMMM y 'kl'. h":"EEEE 'den' d. MMMM y 'kl'. h a","d. MMMM y 'kl'. h":"d. MMMM y 'kl'. h a","d. MMM y h":"d. MMM y h a","dd.MM.y h":"dd.MM.y h a","d h":"d. h a","E h":"ccc h a","Ed h":"E 'den' d. h a","Gy h":"y G h a","GyMMM h":"MMM y G h a","GyMMMd h":"d. MMM y G h a","GyMMMEd h":"E d. MMM y G h a","M h":"M h a","Md h":"d.M h a","MEd h":"E d.M h a","MMdd h":"dd.MM h a","MMM h":"MMM h a","MMMd h":"d. MMM h a","MMMEd h":"E d. MMM h a","MMMMd 'kl'. h":"d. MMMM 'kl'. h a","MMMMEd 'kl'. h":"E d. MMMM 'kl'. h a","y h":"y h a","yM h":"M.y h a","yMd h":"d.M.y h a","yMEd h":"E d.M.y h a","yMM h":"MM.y h a","yMMM h":"MMM y h a","yMMMd h":"d. MMM y h a","yMMMEd h":"E d. MMM y h a","yMMMM 'kl'. h":"MMMM y 'kl'. h a","EEEE 'den' d. MMMM y 'kl'. H":"EEEE 'den' d. MMMM y 'kl'. HH","d. MMMM y 'kl'. H":"d. MMMM y 'kl'. HH","d. MMM y H":"d. MMM y HH","dd.MM.y H":"dd.MM.y HH","d H":"d. HH","E H":"ccc HH","Ed H":"E 'den' d. HH","Gy H":"y G HH","GyMMM H":"MMM y G HH","GyMMMd H":"d. MMM y G HH","GyMMMEd H":"E d. MMM y G HH","M H":"M HH","Md H":"d.M HH","MEd H":"E d.M HH","MMdd H":"dd.MM HH","MMM H":"MMM HH","MMMd H":"d. MMM HH","MMMEd H":"E d. MMM HH","MMMMd 'kl'. H":"d. MMMM 'kl'. HH","MMMMEd 'kl'. H":"E d. MMMM 'kl'. HH","y H":"y HH","yM H":"M.y HH","yMd H":"d.M.y HH","yMEd H":"E d.M.y HH","yMM H":"MM.y HH","yMMM H":"MMM y HH","yMMMd H":"d. MMM y HH","yMMMEd H":"E d. MMM y HH","yMMMM 'kl'. H":"MMMM y 'kl'. HH","EEEE 'den' d. MMMM y 'kl'. hm":"EEEE 'den' d. MMMM y 'kl'. h.mm a","d. MMMM y 'kl'. hm":"d. MMMM y 'kl'. h.mm a","d. MMM y hm":"d. MMM y h.mm a","dd.MM.y hm":"dd.MM.y h.mm a","d hm":"d. h.mm a","E hm":"ccc h.mm a","Ed hm":"E 'den' d. h.mm a","Gy hm":"y G h.mm a","GyMMM hm":"MMM y G h.mm a","GyMMMd hm":"d. MMM y G h.mm a","GyMMMEd hm":"E d. MMM y G h.mm a","M hm":"M h.mm a","Md hm":"d.M h.mm a","MEd hm":"E d.M h.mm a","MMdd hm":"dd.MM h.mm a","MMM hm":"MMM h.mm a","MMMd hm":"d. MMM h.mm a","MMMEd hm":"E d. MMM h.mm a","MMMMd 'kl'. hm":"d. MMMM 'kl'. h.mm a","MMMMEd 'kl'. hm":"E d. MMMM 'kl'. h.mm a","y hm":"y h.mm a","yM hm":"M.y h.mm a","yMd hm":"d.M.y h.mm a","yMEd hm":"E d.M.y h.mm a","yMM hm":"MM.y h.mm a","yMMM hm":"MMM y h.mm a","yMMMd hm":"d. MMM y h.mm a","yMMMEd hm":"E d. MMM y h.mm a","yMMMM 'kl'. hm":"MMMM y 'kl'. h.mm a","EEEE 'den' d. MMMM y 'kl'. Hm":"EEEE 'den' d. MMMM y 'kl'. HH.mm","d. MMMM y 'kl'. Hm":"d. MMMM y 'kl'. HH.mm","d. MMM y Hm":"d. MMM y HH.mm","dd.MM.y Hm":"dd.MM.y HH.mm","d Hm":"d. HH.mm","E Hm":"ccc HH.mm","Ed Hm":"E 'den' d. HH.mm","Gy Hm":"y G HH.mm","GyMMM Hm":"MMM y G HH.mm","GyMMMd Hm":"d. MMM y G HH.mm","GyMMMEd Hm":"E d. MMM y G HH.mm","M Hm":"M HH.mm","Md Hm":"d.M HH.mm","MEd Hm":"E d.M HH.mm","MMdd Hm":"dd.MM HH.mm","MMM Hm":"MMM HH.mm","MMMd Hm":"d. MMM HH.mm","MMMEd Hm":"E d. MMM HH.mm","MMMMd 'kl'. Hm":"d. MMMM 'kl'. HH.mm","MMMMEd 'kl'. Hm":"E d. MMMM 'kl'. HH.mm","y Hm":"y HH.mm","yM Hm":"M.y HH.mm","yMd Hm":"d.M.y HH.mm","yMEd Hm":"E d.M.y HH.mm","yMM Hm":"MM.y HH.mm","yMMM Hm":"MMM y HH.mm","yMMMd Hm":"d. MMM y HH.mm","yMMMEd Hm":"E d. MMM y HH.mm","yMMMM 'kl'. Hm":"MMMM y 'kl'. HH.mm","EEEE 'den' d. MMMM y 'kl'. hms":"EEEE 'den' d. MMMM y 'kl'. h.mm.ss a","d. MMMM y 'kl'. hms":"d. MMMM y 'kl'. h.mm.ss a","d. MMM y hms":"d. MMM y h.mm.ss a","dd.MM.y hms":"dd.MM.y h.mm.ss a","d hms":"d. h.mm.ss a","E hms":"ccc h.mm.ss a","Ed hms":"E 'den' d. h.mm.ss a","Gy hms":"y G h.mm.ss a","GyMMM hms":"MMM y G h.mm.ss a","GyMMMd hms":"d. MMM y G h.mm.ss a","GyMMMEd hms":"E d. MMM y G h.mm.ss a","M hms":"M h.mm.ss a","Md hms":"d.M h.mm.ss a","MEd hms":"E d.M h.mm.ss a","MMdd hms":"dd.MM h.mm.ss a","MMM hms":"MMM h.mm.ss a","MMMd hms":"d. MMM h.mm.ss a","MMMEd hms":"E d. MMM h.mm.ss a","MMMMd 'kl'. hms":"d. MMMM 'kl'. h.mm.ss a","MMMMEd 'kl'. hms":"E d. MMMM 'kl'. h.mm.ss a","y hms":"y h.mm.ss a","yM hms":"M.y h.mm.ss a","yMd hms":"d.M.y h.mm.ss a","yMEd hms":"E d.M.y h.mm.ss a","yMM hms":"MM.y h.mm.ss a","yMMM hms":"MMM y h.mm.ss a","yMMMd hms":"d. MMM y h.mm.ss a","yMMMEd hms":"E d. MMM y h.mm.ss a","yMMMM 'kl'. hms":"MMMM y 'kl'. h.mm.ss a","EEEE 'den' d. MMMM y 'kl'. Hms":"EEEE 'den' d. MMMM y 'kl'. HH.mm.ss","d. MMMM y 'kl'. Hms":"d. MMMM y 'kl'. HH.mm.ss","d. MMM y Hms":"d. MMM y HH.mm.ss","dd.MM.y Hms":"dd.MM.y HH.mm.ss","d Hms":"d. HH.mm.ss","E Hms":"ccc HH.mm.ss","Ed Hms":"E 'den' d. HH.mm.ss","Gy Hms":"y G HH.mm.ss","GyMMM Hms":"MMM y G HH.mm.ss","GyMMMd Hms":"d. MMM y G HH.mm.ss","GyMMMEd Hms":"E d. MMM y G HH.mm.ss","M Hms":"M HH.mm.ss","Md Hms":"d.M HH.mm.ss","MEd Hms":"E d.M HH.mm.ss","MMdd Hms":"dd.MM HH.mm.ss","MMM Hms":"MMM HH.mm.ss","MMMd Hms":"d. MMM HH.mm.ss","MMMEd Hms":"E d. MMM HH.mm.ss","MMMMd 'kl'. Hms":"d. MMMM 'kl'. HH.mm.ss","MMMMEd 'kl'. Hms":"E d. MMMM 'kl'. HH.mm.ss","y Hms":"y HH.mm.ss","yM Hms":"M.y HH.mm.ss","yMd Hms":"d.M.y HH.mm.ss","yMEd Hms":"E d.M.y HH.mm.ss","yMM Hms":"MM.y HH.mm.ss","yMMM Hms":"MMM y HH.mm.ss","yMMMd Hms":"d. MMM y HH.mm.ss","yMMMEd Hms":"E d. MMM y HH.mm.ss","yMMMM 'kl'. Hms":"MMMM y 'kl'. HH.mm.ss","EEEE 'den' d. MMMM y 'kl'. hmsv":"EEEE 'den' d. MMMM y 'kl'. h.mm.ss a v","d. MMMM y 'kl'. hmsv":"d. MMMM y 'kl'. h.mm.ss a v","d. MMM y hmsv":"d. MMM y h.mm.ss a v","dd.MM.y hmsv":"dd.MM.y h.mm.ss a v","d hmsv":"d. h.mm.ss a v","E hmsv":"ccc h.mm.ss a v","Ed hmsv":"E 'den' d. h.mm.ss a v","Gy hmsv":"y G h.mm.ss a v","GyMMM hmsv":"MMM y G h.mm.ss a v","GyMMMd hmsv":"d. MMM y G h.mm.ss a v","GyMMMEd hmsv":"E d. MMM y G h.mm.ss a v","M hmsv":"M h.mm.ss a v","Md hmsv":"d.M h.mm.ss a v","MEd hmsv":"E d.M h.mm.ss a v","MMdd hmsv":"dd.MM h.mm.ss a v","MMM hmsv":"MMM h.mm.ss a v","MMMd hmsv":"d. MMM h.mm.ss a v","MMMEd hmsv":"E d. MMM h.mm.ss a v","MMMMd 'kl'. hmsv":"d. MMMM 'kl'. h.mm.ss a v","MMMMEd 'kl'. hmsv":"E d. MMMM 'kl'. h.mm.ss a v","y hmsv":"y h.mm.ss a v","yM hmsv":"M.y h.mm.ss a v","yMd hmsv":"d.M.y h.mm.ss a v","yMEd hmsv":"E d.M.y h.mm.ss a v","yMM hmsv":"MM.y h.mm.ss a v","yMMM hmsv":"MMM y h.mm.ss a v","yMMMd hmsv":"d. MMM y h.mm.ss a v","yMMMEd hmsv":"E d. MMM y h.mm.ss a v","yMMMM 'kl'. hmsv":"MMMM y 'kl'. h.mm.ss a v","EEEE 'den' d. MMMM y 'kl'. Hmsv":"EEEE 'den' d. MMMM y 'kl'. HH.mm.ss v","d. MMMM y 'kl'. Hmsv":"d. MMMM y 'kl'. HH.mm.ss v","d. MMM y Hmsv":"d. MMM y HH.mm.ss v","dd.MM.y Hmsv":"dd.MM.y HH.mm.ss v","d Hmsv":"d. HH.mm.ss v","E Hmsv":"ccc HH.mm.ss v","Ed Hmsv":"E 'den' d. HH.mm.ss v","Gy Hmsv":"y G HH.mm.ss v","GyMMM Hmsv":"MMM y G HH.mm.ss v","GyMMMd Hmsv":"d. MMM y G HH.mm.ss v","GyMMMEd Hmsv":"E d. MMM y G HH.mm.ss v","M Hmsv":"M HH.mm.ss v","Md Hmsv":"d.M HH.mm.ss v","MEd Hmsv":"E d.M HH.mm.ss v","MMdd Hmsv":"dd.MM HH.mm.ss v","MMM Hmsv":"MMM HH.mm.ss v","MMMd Hmsv":"d. MMM HH.mm.ss v","MMMEd Hmsv":"E d. MMM HH.mm.ss v","MMMMd 'kl'. Hmsv":"d. MMMM 'kl'. HH.mm.ss v","MMMMEd 'kl'. Hmsv":"E d. MMMM 'kl'. HH.mm.ss v","y Hmsv":"y HH.mm.ss v","yM Hmsv":"M.y HH.mm.ss v","yMd Hmsv":"d.M.y HH.mm.ss v","yMEd Hmsv":"E d.M.y HH.mm.ss v","yMM Hmsv":"MM.y HH.mm.ss v","yMMM Hmsv":"MMM y HH.mm.ss v","yMMMd Hmsv":"d. MMM y HH.mm.ss v","yMMMEd Hmsv":"E d. MMM y HH.mm.ss v","yMMMM 'kl'. Hmsv":"MMMM y 'kl'. HH.mm.ss v","EEEE 'den' d. MMMM y 'kl'. hmv":"EEEE 'den' d. MMMM y 'kl'. h.mm a v","d. MMMM y 'kl'. hmv":"d. MMMM y 'kl'. h.mm a v","d. MMM y hmv":"d. MMM y h.mm a v","dd.MM.y hmv":"dd.MM.y h.mm a v","d hmv":"d. h.mm a v","E hmv":"ccc h.mm a v","Ed hmv":"E 'den' d. h.mm a v","Gy hmv":"y G h.mm a v","GyMMM hmv":"MMM y G h.mm a v","GyMMMd hmv":"d. MMM y G h.mm a v","GyMMMEd hmv":"E d. MMM y G h.mm a v","M hmv":"M h.mm a v","Md hmv":"d.M h.mm a v","MEd hmv":"E d.M h.mm a v","MMdd hmv":"dd.MM h.mm a v","MMM hmv":"MMM h.mm a v","MMMd hmv":"d. MMM h.mm a v","MMMEd hmv":"E d. MMM h.mm a v","MMMMd 'kl'. hmv":"d. MMMM 'kl'. h.mm a v","MMMMEd 'kl'. hmv":"E d. MMMM 'kl'. h.mm a v","y hmv":"y h.mm a v","yM hmv":"M.y h.mm a v","yMd hmv":"d.M.y h.mm a v","yMEd hmv":"E d.M.y h.mm a v","yMM hmv":"MM.y h.mm a v","yMMM hmv":"MMM y h.mm a v","yMMMd hmv":"d. MMM y h.mm a v","yMMMEd hmv":"E d. MMM y h.mm a v","yMMMM 'kl'. hmv":"MMMM y 'kl'. h.mm a v","EEEE 'den' d. MMMM y 'kl'. Hmv":"EEEE 'den' d. MMMM y 'kl'. HH.mm v","d. MMMM y 'kl'. Hmv":"d. MMMM y 'kl'. HH.mm v","d. MMM y Hmv":"d. MMM y HH.mm v","dd.MM.y Hmv":"dd.MM.y HH.mm v","d Hmv":"d. HH.mm v","E Hmv":"ccc HH.mm v","Ed Hmv":"E 'den' d. HH.mm v","Gy Hmv":"y G HH.mm v","GyMMM Hmv":"MMM y G HH.mm v","GyMMMd Hmv":"d. MMM y G HH.mm v","GyMMMEd Hmv":"E d. MMM y G HH.mm v","M Hmv":"M HH.mm v","Md Hmv":"d.M HH.mm v","MEd Hmv":"E d.M HH.mm v","MMdd Hmv":"dd.MM HH.mm v","MMM Hmv":"MMM HH.mm v","MMMd Hmv":"d. MMM HH.mm v","MMMEd Hmv":"E d. MMM HH.mm v","MMMMd 'kl'. Hmv":"d. MMMM 'kl'. HH.mm v","MMMMEd 'kl'. Hmv":"E d. MMMM 'kl'. HH.mm v","y Hmv":"y HH.mm v","yM Hmv":"M.y HH.mm v","yMd Hmv":"d.M.y HH.mm v","yMEd Hmv":"E d.M.y HH.mm v","yMM Hmv":"MM.y HH.mm v","yMMM Hmv":"MMM y HH.mm v","yMMMd Hmv":"d. MMM y HH.mm v","yMMMEd Hmv":"E d. MMM y HH.mm v","yMMMM 'kl'. Hmv":"MMMM y 'kl'. HH.mm v","EEEE 'den' d. MMMM y 'kl'. ms":"EEEE 'den' d. MMMM y 'kl'. mm.ss","d. MMMM y 'kl'. ms":"d. MMMM y 'kl'. mm.ss","d. MMM y ms":"d. MMM y mm.ss","dd.MM.y ms":"dd.MM.y mm.ss","d ms":"d. mm.ss","E ms":"ccc mm.ss","Ed ms":"E 'den' d. mm.ss","Gy ms":"y G mm.ss","GyMMM ms":"MMM y G mm.ss","GyMMMd ms":"d. MMM y G mm.ss","GyMMMEd ms":"E d. MMM y G mm.ss","M ms":"M mm.ss","Md ms":"d.M mm.ss","MEd ms":"E d.M mm.ss","MMdd ms":"dd.MM mm.ss","MMM ms":"MMM mm.ss","MMMd ms":"d. MMM mm.ss","MMMEd ms":"E d. MMM mm.ss","MMMMd 'kl'. ms":"d. MMMM 'kl'. mm.ss","MMMMEd 'kl'. ms":"E d. MMMM 'kl'. mm.ss","y ms":"y mm.ss","yM ms":"M.y mm.ss","yMd ms":"d.M.y mm.ss","yMEd ms":"E d.M.y mm.ss","yMM ms":"MM.y mm.ss","yMMM ms":"MMM y mm.ss","yMMMd ms":"d. MMM y mm.ss","yMMMEd ms":"E d. MMM y mm.ss","yMMMM 'kl'. ms":"MMMM y 'kl'. mm.ss"}},"intervalFormats":{"intervalFormatFallback":"{0}-{1}","Bh":{"B":"h B–h B","h":"h–h B"},"Bhm":{"B":"h.mm B–h.mm B","h":"h.mm–h.mm B","m":"h.mm–h.mm B"},"d":{"d":"d.–d."},"Gy":{"G":"y G – y G","y":"y–y G"},"GyM":{"G":"MM.y GGGGG–MM.y GGGGG","M":"MM.y–MM.y GGGGG","y":"MM.y–MM.y GGGGG"},"GyMd":{"d":"dd.MM.y–dd.MM.y GGGGG","G":"dd.MM.y GGGGG–dd.MM.y GGGGG","M":"dd.MM.y–dd.MM.y GGGGG","y":"dd.MM.y–dd.MM.y GGGGG"},"GyMEd":{"d":"E dd.MM.y–E dd.MM.y GGGGG","G":"E dd.MM.y GGGGG–E dd.MM.y GGGGG","M":"E dd.MM.y–E dd.MM.y GGGGG","y":"E dd.MM.y–E dd.MM.y GGGGG"},"GyMMM":{"G":"MMM y G–MMM y G","M":"MMM–MMM y G","y":"MMM y–MMM y G"},"GyMMMd":{"d":"d.–d. MMM y G","G":"d. MMM y G–d. MMM y G","M":"d. MMM–d. MMM y G","y":"d. MMM y–d. MMM y G"},"GyMMMEd":{"d":"E d. MMM–E d. MMM y G","G":"E d. MMM y G–E d. MMM y G","M":"E d. MMM–E d. MMM y G","y":"E d. MMM y–E d. MMM y G"},"h":{"a":"h a–h a","h":"h–h a"},"H":{"H":"HH–HH"},"hm":{"a":"h.mm a–h.mm a","h":"h.mm–h.mm a","m":"h.mm–h.mm a"},"Hm":{"H":"HH.mm–HH.mm","m":"HH.mm–HH.mm"},"hmv":{"a":"h.mm a–h.mm a v","h":"h.mm–h.mm a v","m":"h.mm–h.mm a v"},"Hmv":{"H":"HH.mm–HH.mm v","m":"HH.mm–HH.mm v"},"hv":{"a":"h a–h a v","h":"h–h a v"},"Hv":{"H":"HH–HH v"},"M":{"M":"M–M"},"Md":{"d":"dd.MM–dd.MM","M":"dd.MM–dd.MM"},"MEd":{"d":"E dd.MM–E dd.MM","M":"E dd.MM–E dd.MM"},"MMM":{"M":"MMM–MMM"},"MMMd":{"d":"d.–d. MMM","M":"d. MMM–d. MMM"},"MMMEd":{"d":"E d.–E d. MMM","M":"E d. MMM–E d. MMM"},"y":{"y":"y–y"},"yM":{"M":"MM.y–MM.y","y":"MM.y–MM.y"},"yMd":{"d":"dd.MM.y–dd.MM.y","M":"dd.MM.y–dd.MM.y","y":"dd.MM.y–dd.MM.y"},"yMEd":{"d":"E dd.MM.y–E dd.MM.y","M":"E dd.MM.y–E dd.MM.y","y":"E dd.MM.y–E dd.MM.y"},"yMMM":{"M":"MMM–MMM y","y":"MMM y–MMM y"},"yMMMd":{"d":"d.–d. MMM y","M":"d. MMM–d. MMM y","y":"d. MMM y–d. MMM y"},"yMMMEd":{"d":"E d.–E d. MMM y","M":"E d. MMM–E d. MMM y","y":"E d. MMM y–E d. MMM y"},"yMMMM":{"M":"MMMM–MMMM y","y":"MMMM y–MMMM y"}},"hourCycle":"h23","nu":["latn"],"ca":["gregory"],"hc":["h23"]},"locale":"da"}
