{"data":{"am":"ap.","pm":"ip.","weekday":{"narrow":["S","M","T","K","T","P","L"],"short":["su","ma","ti","ke","to","pe","la"],"long":["sunnuntaina","maanantaina","tiistaina","keskiviikkona","torstaina","perjantaina","lauantaina"]},"era":{"narrow":{"BC":"eKr","AD":"jKr"},"short":{"BC":"eKr.","AD":"jKr."},"long":{"BC":"ennen Kristuksen syntymää","AD":"jälkeen Kristuksen syntymän"}},"month":{"narrow":["T","H","M","H","T","K","H","E","S","L","M","J"],"short":["tammik.","helmik.","maalisk.","huhtik.","toukok.","kesäk.","heinäk.","elok.","syysk.","lokak.","marrask.","jouluk."],"long":["tammikuuta","helmikuuta","maaliskuuta","huhtikuuta","toukokuuta","kesäkuuta","heinäkuuta","elokuuta","syyskuuta","lokakuuta","marraskuuta","joulukuuta"]},"timeZoneName":{"America/Rio_Branco":{"long":["Acren normaaliaika","Acren kesäaika"]},"Asia/Kabul":{"long":["Afganistanin aika","Afganistanin aika"]},"Africa/Maputo":{"long":["Keski-Afrikan aika","Keski-Afrikan aika"]},"Africa/Bujumbura":{"long":["Keski-Afrikan aika","Keski-Afrikan aika"]},"Africa/Gaborone":{"long":["Keski-Afrikan aika","Keski-Afrikan aika"]},"Africa/Lubumbashi":{"long":["Keski-Afrikan aika","Keski-Afrikan aika"]},"Africa/Blantyre":{"long":["Keski-Afrikan aika","Keski-Afrikan aika"]},"Africa/Kigali":{"long":["Keski-Afrikan aika","Keski-Afrikan aika"]},"Africa/Lusaka":{"long":["Keski-Afrikan aika","Keski-Afrikan aika"]},"Africa/Harare":{"long":["Keski-Afrikan aika","Keski-Afrikan aika"]},"Africa/Nairobi":{"long":["Itä-Afrikan aika","Itä-Afrikan aika"]},"Africa/Djibouti":{"long":["Itä-Afrikan aika","Itä-Afrikan aika"]},"Africa/Asmera":{"long":["Itä-Afrikan aika","Itä-Afrikan aika"]},"Africa/Addis_Ababa":{"long":["Itä-Afrikan aika","Itä-Afrikan aika"]},"Indian/Comoro":{"long":["Itä-Afrikan aika","Itä-Afrikan aika"]},"Indian/Antananarivo":{"long":["Itä-Afrikan aika","Itä-Afrikan aika"]},"Africa/Mogadishu":{"long":["Itä-Afrikan aika","Itä-Afrikan aika"]},"Africa/Dar_es_Salaam":{"long":["Itä-Afrikan aika","Itä-Afrikan aika"]},"Africa/Kampala":{"long":["Itä-Afrikan aika","Itä-Afrikan aika"]},"Indian/Mayotte":{"long":["Itä-Afrikan aika","Itä-Afrikan aika"]},"Africa/Johannesburg":{"long":["Etelä-Afrikan aika","Etelä-Afrikan aika"]},"Africa/Maseru":{"long":["Etelä-Afrikan aika","Etelä-Afrikan aika"]},"Africa/Mbabane":{"long":["Etelä-Afrikan aika","Etelä-Afrikan aika"]},"Africa/Lagos":{"long":["Länsi-Afrikan normaaliaika","Länsi-Afrikan kesäaika"]},"Africa/Luanda":{"long":["Länsi-Afrikan normaaliaika","Länsi-Afrikan kesäaika"]},"Africa/Porto-Novo":{"long":["Länsi-Afrikan normaaliaika","Länsi-Afrikan kesäaika"]},"Africa/Kinshasa":{"long":["Länsi-Afrikan normaaliaika","Länsi-Afrikan kesäaika"]},"Africa/Bangui":{"long":["Länsi-Afrikan normaaliaika","Länsi-Afrikan kesäaika"]},"Africa/Brazzaville":{"long":["Länsi-Afrikan normaaliaika","Länsi-Afrikan kesäaika"]},"Africa/Douala":{"long":["Länsi-Afrikan normaaliaika","Länsi-Afrikan kesäaika"]},"Africa/Libreville":{"long":["Länsi-Afrikan normaaliaika","Länsi-Afrikan kesäaika"]},"Africa/Malabo":{"long":["Länsi-Afrikan normaaliaika","Länsi-Afrikan kesäaika"]},"Africa/Niamey":{"long":["Länsi-Afrikan normaaliaika","Länsi-Afrikan kesäaika"]},"Africa/Ndjamena":{"long":["Länsi-Afrikan normaaliaika","Länsi-Afrikan kesäaika"]},"Asia/Aqtobe":{"long":["Länsi-Kazakstanin aika","Länsi-Kazakstanin aika"]},"America/Juneau":{"long":["Alaskan normaaliaika","Alaskan kesäaika"]},"Asia/Almaty":{"long":["Itä-Kazakstanin aika","Itä-Kazakstanin aika"]},"America/Manaus":{"long":["Amazonin normaaliaika","Amazonin kesäaika"]},"America/Chicago":{"long":["Yhdysvaltain keskinen normaaliaika","Yhdysvaltain keskinen kesäaika"]},"America/Belize":{"long":["Yhdysvaltain keskinen normaaliaika","Yhdysvaltain keskinen kesäaika"]},"America/Winnipeg":{"long":["Yhdysvaltain keskinen normaaliaika","Yhdysvaltain keskinen kesäaika"]},"America/Costa_Rica":{"long":["Yhdysvaltain keskinen normaaliaika","Yhdysvaltain keskinen kesäaika"]},"America/Guatemala":{"long":["Yhdysvaltain keskinen normaaliaika","Yhdysvaltain keskinen kesäaika"]},"America/Tegucigalpa":{"long":["Yhdysvaltain keskinen normaaliaika","Yhdysvaltain keskinen kesäaika"]},"America/Mexico_City":{"long":["Yhdysvaltain keskinen normaaliaika","Yhdysvaltain keskinen kesäaika"]},"America/El_Salvador":{"long":["Yhdysvaltain keskinen normaaliaika","Yhdysvaltain keskinen kesäaika"]},"America/New_York":{"long":["Yhdysvaltain itäinen normaaliaika","Yhdysvaltain itäinen kesäaika"]},"America/Nassau":{"long":["Yhdysvaltain itäinen normaaliaika","Yhdysvaltain itäinen kesäaika"]},"America/Toronto":{"long":["Yhdysvaltain itäinen normaaliaika","Yhdysvaltain itäinen kesäaika"]},"America/Port-au-Prince":{"long":["Yhdysvaltain itäinen normaaliaika","Yhdysvaltain itäinen kesäaika"]},"America/Jamaica":{"long":["Yhdysvaltain itäinen normaaliaika","Yhdysvaltain itäinen kesäaika"]},"America/Cayman":{"long":["Yhdysvaltain itäinen normaaliaika","Yhdysvaltain itäinen kesäaika"]},"America/Panama":{"long":["Yhdysvaltain itäinen normaaliaika","Yhdysvaltain itäinen kesäaika"]},"America/Denver":{"long":["Kalliovuorten normaaliaika","Kalliovuorten kesäaika"]},"America/Edmonton":{"long":["Kalliovuorten normaaliaika","Kalliovuorten kesäaika"]},"America/Hermosillo":{"long":["Kalliovuorten normaaliaika","Kalliovuorten kesäaika"]},"America/Los_Angeles":{"long":["Yhdysvaltain Tyynenmeren normaaliaika","Yhdysvaltain Tyynenmeren kesäaika"]},"America/Vancouver":{"long":["Yhdysvaltain Tyynenmeren normaaliaika","Yhdysvaltain Tyynenmeren kesäaika"]},"America/Tijuana":{"long":["Yhdysvaltain Tyynenmeren normaaliaika","Yhdysvaltain Tyynenmeren kesäaika"]},"Asia/Anadyr":{"long":["Anadyrin normaaliaika","Anadyrin kesäaika"]},"Pacific/Apia":{"long":["Apian normaaliaika","Apian kesäaika"]},"Asia/Riyadh":{"long":["Saudi-Arabian normaaliaika","Saudi-Arabian kesäaika"]},"Asia/Bahrain":{"long":["Saudi-Arabian normaaliaika","Saudi-Arabian kesäaika"]},"Asia/Baghdad":{"long":["Saudi-Arabian normaaliaika","Saudi-Arabian kesäaika"]},"Asia/Kuwait":{"long":["Saudi-Arabian normaaliaika","Saudi-Arabian kesäaika"]},"Asia/Qatar":{"long":["Saudi-Arabian normaaliaika","Saudi-Arabian kesäaika"]},"Asia/Aden":{"long":["Saudi-Arabian normaaliaika","Saudi-Arabian kesäaika"]},"America/Buenos_Aires":{"long":["Argentiinan normaaliaika","Argentiinan kesäaika"]},"America/Argentina/San_Luis":{"long":["Länsi-Argentiinan normaaliaika","Länsi-Argentiinan kesäaika"]},"Asia/Ashgabat":{"long":["Turkmenistanin normaaliaika","Turkmenistanin kesäaika"]},"America/Halifax":{"long":["Kanadan Atlantin normaaliaika","Kanadan Atlantin kesäaika"]},"America/Antigua":{"long":["Kanadan Atlantin normaaliaika","Kanadan Atlantin kesäaika"]},"America/Anguilla":{"long":["Kanadan Atlantin normaaliaika","Kanadan Atlantin kesäaika"]},"America/Aruba":{"long":["Kanadan Atlantin normaaliaika","Kanadan Atlantin kesäaika"]},"America/Barbados":{"long":["Kanadan Atlantin normaaliaika","Kanadan Atlantin kesäaika"]},"Atlantic/Bermuda":{"long":["Kanadan Atlantin normaaliaika","Kanadan Atlantin kesäaika"]},"America/Kralendijk":{"long":["Kanadan Atlantin normaaliaika","Kanadan Atlantin kesäaika"]},"America/Curacao":{"long":["Kanadan Atlantin normaaliaika","Kanadan Atlantin kesäaika"]},"America/Dominica":{"long":["Kanadan Atlantin normaaliaika","Kanadan Atlantin kesäaika"]},"America/Grenada":{"long":["Kanadan Atlantin normaaliaika","Kanadan Atlantin kesäaika"]},"America/Thule":{"long":["Kanadan Atlantin normaaliaika","Kanadan Atlantin kesäaika"]},"America/Guadeloupe":{"long":["Kanadan Atlantin normaaliaika","Kanadan Atlantin kesäaika"]},"America/St_Kitts":{"long":["Kanadan Atlantin normaaliaika","Kanadan Atlantin kesäaika"]},"America/St_Lucia":{"long":["Kanadan Atlantin normaaliaika","Kanadan Atlantin kesäaika"]},"America/Marigot":{"long":["Kanadan Atlantin normaaliaika","Kanadan Atlantin kesäaika"]},"America/Martinique":{"long":["Kanadan Atlantin normaaliaika","Kanadan Atlantin kesäaika"]},"America/Montserrat":{"long":["Kanadan Atlantin normaaliaika","Kanadan Atlantin kesäaika"]},"America/Puerto_Rico":{"long":["Kanadan Atlantin normaaliaika","Kanadan Atlantin kesäaika"]},"America/Lower_Princes":{"long":["Kanadan Atlantin normaaliaika","Kanadan Atlantin kesäaika"]},"America/Port_of_Spain":{"long":["Kanadan Atlantin normaaliaika","Kanadan Atlantin kesäaika"]},"America/St_Vincent":{"long":["Kanadan Atlantin normaaliaika","Kanadan Atlantin kesäaika"]},"America/Tortola":{"long":["Kanadan Atlantin normaaliaika","Kanadan Atlantin kesäaika"]},"America/St_Thomas":{"long":["Kanadan Atlantin normaaliaika","Kanadan Atlantin kesäaika"]},"Australia/Adelaide":{"long":["Keski-Australian normaaliaika","Keski-Australian kesäaika"]},"Australia/Eucla":{"long":["Läntisen Keski-Australian normaaliaika","Läntisen Keski-Australian kesäaika"]},"Australia/Sydney":{"long":["Itä-Australian normaaliaika","Itä-Australian kesäaika"]},"Australia/Perth":{"long":["Länsi-Australian normaaliaika","Länsi-Australian kesäaika"]},"Atlantic/Azores":{"long":["Azorien normaaliaika","Azorien kesäaika"]},"Asia/Thimphu":{"long":["Bhutanin aika","Bhutanin aika"]},"America/La_Paz":{"long":["Bolivian aika","Bolivian aika"]},"Asia/Kuching":{"long":["Malesian aika","Malesian aika"]},"America/Sao_Paulo":{"long":["Brasilian normaaliaika","Brasilian kesäaika"]},"Europe/London":{"long":["Greenwichin normaaliaika","Greenwichin normaaliaika"]},"Asia/Brunei":{"long":["Brunein aika","Brunein aika"]},"Atlantic/Cape_Verde":{"long":["Kap Verden normaaliaika","Kap Verden kesäaika"]},"Antarctica/Casey":{"long":["Caseyn aika","Caseyn aika"]},"Pacific/Saipan":{"long":["Pohjois-Mariaanien aika","Pohjois-Mariaanien aika"]},"Pacific/Guam":{"long":["Guamin aika","Guamin aika"]},"Pacific/Chatham":{"long":["Chathamin normaaliaika","Chathamin kesäaika"]},"America/Santiago":{"long":["Chilen normaaliaika","Chilen kesäaika"]},"Asia/Shanghai":{"long":["Kiinan normaaliaika","Kiinan kesäaika"]},"Asia/Choibalsan":{"long":["Tšoibalsan normaaliaika","Tšoibalsan kesäaika"]},"Indian/Christmas":{"long":["Joulusaaren aika","Joulusaaren aika"]},"Indian/Cocos":{"long":["Kookossaarten aika","Kookossaarten aika"]},"America/Bogota":{"long":["Kolumbian normaaliaika","Kolumbian kesäaika"]},"Pacific/Rarotonga":{"long":["Cookinsaarten normaaliaika","Cookinsaarten kesäaika"]},"America/Havana":{"long":["Kuuban normaaliaika","Kuuban kesäaika"]},"Antarctica/Davis":{"long":["Davisin aika","Davisin aika"]},"Antarctica/DumontDUrville":{"long":["Dumont d’Urvillen aika","Dumont d’Urvillen aika"]},"Asia/Dushanbe":{"long":["Tadžikistanin aika","Tadžikistanin aika"]},"America/Paramaribo":{"long":["Surinamen aika","Surinamen aika"]},"Asia/Dili":{"long":["Itä-Timorin aika","Itä-Timorin aika"]},"Pacific/Easter":{"long":["Pääsiäissaaren normaaliaika","Pääsiäissaaren kesäaika"]},"America/Guayaquil":{"long":["Ecuadorin aika","Ecuadorin aika"]},"Europe/Paris":{"long":["Keski-Euroopan normaaliaika","Keski-Euroopan kesäaika"]},"Europe/Andorra":{"long":["Keski-Euroopan normaaliaika","Keski-Euroopan kesäaika"]},"Europe/Tirane":{"long":["Keski-Euroopan normaaliaika","Keski-Euroopan kesäaika"]},"Europe/Vienna":{"long":["Keski-Euroopan normaaliaika","Keski-Euroopan kesäaika"]},"Europe/Sarajevo":{"long":["Keski-Euroopan normaaliaika","Keski-Euroopan kesäaika"]},"Europe/Brussels":{"long":["Keski-Euroopan normaaliaika","Keski-Euroopan kesäaika"]},"Europe/Zurich":{"long":["Keski-Euroopan normaaliaika","Keski-Euroopan kesäaika"]},"Europe/Prague":{"long":["Keski-Euroopan normaaliaika","Keski-Euroopan kesäaika"]},"Europe/Berlin":{"long":["Keski-Euroopan normaaliaika","Keski-Euroopan kesäaika"]},"Europe/Copenhagen":{"long":["Keski-Euroopan normaaliaika","Keski-Euroopan kesäaika"]},"Europe/Madrid":{"long":["Keski-Euroopan normaaliaika","Keski-Euroopan kesäaika"]},"Europe/Gibraltar":{"long":["Keski-Euroopan normaaliaika","Keski-Euroopan kesäaika"]},"Europe/Zagreb":{"long":["Keski-Euroopan normaaliaika","Keski-Euroopan kesäaika"]},"Europe/Budapest":{"long":["Keski-Euroopan normaaliaika","Keski-Euroopan kesäaika"]},"Europe/Rome":{"long":["Keski-Euroopan normaaliaika","Keski-Euroopan kesäaika"]},"Europe/Vaduz":{"long":["Keski-Euroopan normaaliaika","Keski-Euroopan kesäaika"]},"Europe/Luxembourg":{"long":["Keski-Euroopan normaaliaika","Keski-Euroopan kesäaika"]},"Europe/Monaco":{"long":["Keski-Euroopan normaaliaika","Keski-Euroopan kesäaika"]},"Europe/Podgorica":{"long":["Keski-Euroopan normaaliaika","Keski-Euroopan kesäaika"]},"Europe/Skopje":{"long":["Keski-Euroopan normaaliaika","Keski-Euroopan kesäaika"]},"Europe/Malta":{"long":["Keski-Euroopan normaaliaika","Keski-Euroopan kesäaika"]},"Europe/Amsterdam":{"long":["Keski-Euroopan normaaliaika","Keski-Euroopan kesäaika"]},"Europe/Oslo":{"long":["Keski-Euroopan normaaliaika","Keski-Euroopan kesäaika"]},"Europe/Warsaw":{"long":["Keski-Euroopan normaaliaika","Keski-Euroopan kesäaika"]},"Europe/Belgrade":{"long":["Keski-Euroopan normaaliaika","Keski-Euroopan kesäaika"]},"Europe/Stockholm":{"long":["Keski-Euroopan normaaliaika","Keski-Euroopan kesäaika"]},"Europe/Ljubljana":{"long":["Keski-Euroopan normaaliaika","Keski-Euroopan kesäaika"]},"Arctic/Longyearbyen":{"long":["Keski-Euroopan normaaliaika","Keski-Euroopan kesäaika"]},"Europe/Bratislava":{"long":["Keski-Euroopan normaaliaika","Keski-Euroopan kesäaika"]},"Europe/San_Marino":{"long":["Keski-Euroopan normaaliaika","Keski-Euroopan kesäaika"]},"Africa/Tunis":{"long":["Keski-Euroopan normaaliaika","Keski-Euroopan kesäaika"]},"Europe/Vatican":{"long":["Keski-Euroopan normaaliaika","Keski-Euroopan kesäaika"]},"Europe/Bucharest":{"long":["Itä-Euroopan normaaliaika","Itä-Euroopan kesäaika"]},"Europe/Mariehamn":{"long":["Itä-Euroopan normaaliaika","Itä-Euroopan kesäaika"]},"Europe/Sofia":{"long":["Itä-Euroopan normaaliaika","Itä-Euroopan kesäaika"]},"Asia/Nicosia":{"long":["Itä-Euroopan normaaliaika","Itä-Euroopan kesäaika"]},"Africa/Cairo":{"long":["Itä-Euroopan normaaliaika","Itä-Euroopan kesäaika"]},"Europe/Helsinki":{"long":["Itä-Euroopan normaaliaika","Itä-Euroopan kesäaika"]},"Europe/Athens":{"long":["Itä-Euroopan normaaliaika","Itä-Euroopan kesäaika"]},"Asia/Amman":{"long":["Itä-Euroopan normaaliaika","Itä-Euroopan kesäaika"]},"Asia/Beirut":{"long":["Itä-Euroopan normaaliaika","Itä-Euroopan kesäaika"]},"Asia/Damascus":{"long":["Itä-Euroopan normaaliaika","Itä-Euroopan kesäaika"]},"Europe/Minsk":{"long":["Itäisemmän Euroopan aika","Itäisemmän Euroopan aika"]},"Europe/Kaliningrad":{"long":["Itäisemmän Euroopan aika","Itäisemmän Euroopan aika"]},"Atlantic/Canary":{"long":["Länsi-Euroopan normaaliaika","Länsi-Euroopan kesäaika"]},"Atlantic/Faeroe":{"long":["Länsi-Euroopan normaaliaika","Länsi-Euroopan kesäaika"]},"Atlantic/Stanley":{"long":["Falklandinsaarten normaaliaika","Falklandinsaarten kesäaika"]},"Pacific/Fiji":{"long":["Fidžin normaaliaika","Fidžin kesäaika"]},"America/Cayenne":{"long":["Ranskan Guayanan aika","Ranskan Guayanan aika"]},"Indian/Kerguelen":{"long":["Ranskan eteläisten ja antarktisten alueiden aika","Ranskan eteläisten ja antarktisten alueiden aika"]},"Asia/Bishkek":{"long":["Kirgisian aika","Kirgisian aika"]},"Pacific/Galapagos":{"long":["Galápagossaarten aika","Galápagossaarten aika"]},"Pacific/Gambier":{"long":["Gambiersaarten aika","Gambiersaarten aika"]},"Pacific/Tarawa":{"long":["Gilbertsaarten aika","Gilbertsaarten aika"]},"Atlantic/Reykjavik":{"long":["Greenwichin normaaliaika","Greenwichin normaaliaika"]},"Africa/Ouagadougou":{"long":["Greenwichin normaaliaika","Greenwichin normaaliaika"]},"Africa/Abidjan":{"long":["Greenwichin normaaliaika","Greenwichin normaaliaika"]},"Africa/Accra":{"long":["Greenwichin normaaliaika","Greenwichin normaaliaika"]},"Africa/Banjul":{"long":["Greenwichin normaaliaika","Greenwichin normaaliaika"]},"Africa/Conakry":{"long":["Greenwichin normaaliaika","Greenwichin normaaliaika"]},"Africa/Bamako":{"long":["Greenwichin normaaliaika","Greenwichin normaaliaika"]},"Africa/Nouakchott":{"long":["Greenwichin normaaliaika","Greenwichin normaaliaika"]},"Atlantic/St_Helena":{"long":["Greenwichin normaaliaika","Greenwichin normaaliaika"]},"Africa/Freetown":{"long":["Greenwichin normaaliaika","Greenwichin normaaliaika"]},"Africa/Dakar":{"long":["Greenwichin normaaliaika","Greenwichin normaaliaika"]},"Africa/Lome":{"long":["Greenwichin normaaliaika","Greenwichin normaaliaika"]},"America/Scoresbysund":{"long":["Itä-Grönlannin normaaliaika","Itä-Grönlannin kesäaika"]},"America/Godthab":{"long":["Länsi-Grönlannin normaaliaika","Länsi-Grönlannin kesäaika"]},"Asia/Dubai":{"long":["Arabiemiirikuntien normaaliaika","Arabiemiirikuntien normaaliaika"]},"Asia/Muscat":{"long":["Arabiemiirikuntien normaaliaika","Arabiemiirikuntien normaaliaika"]},"America/Guyana":{"long":["Guyanan aika","Guyanan aika"]},"Pacific/Honolulu":{"long":["Havaijin-Aleuttien normaaliaika","Havaijin-Aleuttien kesäaika"]},"Asia/Hong_Kong":{"long":["Hongkongin normaaliaika","Hongkongin kesäaika"]},"Asia/Hovd":{"long":["Hovdin normaaliaika","Hovdin kesäaika"]},"Asia/Calcutta":{"long":["Intian aika","Intian aika"]},"Asia/Colombo":{"long":["Sri Lankan aika","Sri Lankan aika"]},"Indian/Chagos":{"long":["Intian valtameren aika","Intian valtameren aika"]},"Asia/Bangkok":{"long":["Indokiinan aika","Indokiinan aika"]},"Asia/Phnom_Penh":{"long":["Indokiinan aika","Indokiinan aika"]},"Asia/Vientiane":{"long":["Indokiinan aika","Indokiinan aika"]},"Asia/Makassar":{"long":["Keski-Indonesian aika","Keski-Indonesian aika"]},"Asia/Jayapura":{"long":["Itä-Indonesian aika","Itä-Indonesian aika"]},"Asia/Jakarta":{"long":["Länsi-Indonesian aika","Länsi-Indonesian aika"]},"Asia/Tehran":{"long":["Iranin normaaliaika","Iranin kesäaika"]},"Asia/Irkutsk":{"long":["Irkutskin normaaliaika","Irkutskin kesäaika"]},"Asia/Jerusalem":{"long":["Israelin normaaliaika","Israelin kesäaika"]},"Asia/Tokyo":{"long":["Japanin normaaliaika","Japanin kesäaika"]},"Asia/Kamchatka":{"long":["Kamtšatkan normaaliaika","Kamtšatkan kesäaika"]},"Asia/Karachi":{"long":["Pakistanin normaaliaika","Pakistanin kesäaika"]},"Asia/Qyzylorda":{"long":["Qızılordan normaaliaika","Qızılordan kesäaika"]},"Asia/Seoul":{"long":["Korean normaaliaika","Korean kesäaika"]},"Pacific/Kosrae":{"long":["Kosraen aika","Kosraen aika"]},"Asia/Krasnoyarsk":{"long":["Krasnojarskin normaaliaika","Krasnojarskin kesäaika"]},"Europe/Samara":{"long":["Samaran normaaliaika","Samaran kesäaika"]},"Pacific/Kiritimati":{"long":["Linesaarten aika","Linesaarten aika"]},"Australia/Lord_Howe":{"long":["Lord Howen normaaliaika","Lord Howen kesäaika"]},"Asia/Macau":{"long":["Macaon normaaliaika","Macaon kesäaika"]},"Antarctica/Macquarie":{"long":["Macquariensaaren aika","Macquariensaaren aika"]},"Asia/Magadan":{"long":["Magadanin normaaliaika","Magadanin kesäaika"]},"Indian/Maldives":{"long":["Malediivien aika","Malediivien aika"]},"Pacific/Marquesas":{"long":["Marquesassaarten aika","Marquesassaarten aika"]},"Pacific/Majuro":{"long":["Marshallinsaarten aika","Marshallinsaarten aika"]},"Indian/Mauritius":{"long":["Mauritiuksen normaaliaika","Mauritiuksen kesäaika"]},"Antarctica/Mawson":{"long":["Mawsonin aika","Mawsonin aika"]},"America/Santa_Isabel":{"long":["Luoteis-Meksikon normaaliaika","Luoteis-Meksikon kesäaika"]},"America/Mazatlan":{"long":["Meksikon Tyynenmeren normaaliaika","Meksikon Tyynenmeren kesäaika"]},"Asia/Ulaanbaatar":{"long":["Ulan Batorin normaaliaika","Ulan Batorin kesäaika"]},"Europe/Moscow":{"long":["Moskovan normaaliaika","Moskovan kesäaika"]},"Asia/Rangoon":{"long":["Myanmarin aika","Myanmarin aika"]},"Pacific/Nauru":{"long":["Naurun aika","Naurun aika"]},"Asia/Katmandu":{"long":["Nepalin aika","Nepalin aika"]},"Pacific/Noumea":{"long":["Uuden-Kaledonian normaaliaika","Uuden-Kaledonian kesäaika"]},"Pacific/Auckland":{"long":["Uuden-Seelannin normaaliaika","Uuden-Seelannin kesäaika"]},"Antarctica/McMurdo":{"long":["Uuden-Seelannin normaaliaika","Uuden-Seelannin kesäaika"]},"America/St_Johns":{"long":["Newfoundlandin normaaliaika","Newfoundlandin kesäaika"]},"Pacific/Niue":{"long":["Niuen aika","Niuen aika"]},"Pacific/Norfolk":{"long":["Norfolkinsaaren normaaliaika","Norfolkinsaaren kesäaika"]},"America/Noronha":{"long":["Fernando de Noronhan normaaliaika","Fernando de Noronhan kesäaika"]},"Asia/Novosibirsk":{"long":["Novosibirskin normaaliaika","Novosibirskin kesäaika"]},"Asia/Omsk":{"long":["Omskin normaaliaika","Omskin kesäaika"]},"Pacific/Palau":{"long":["Palaun aika","Palaun aika"]},"Pacific/Port_Moresby":{"long":["Papua-Uuden-Guinean aika","Papua-Uuden-Guinean aika"]},"America/Asuncion":{"long":["Paraguayn normaaliaika","Paraguayn kesäaika"]},"America/Lima":{"long":["Perun normaaliaika","Perun kesäaika"]},"Asia/Manila":{"long":["Filippiinien normaaliaika","Filippiinien kesäaika"]},"Pacific/Enderbury":{"long":["Phoenixsaarten aika","Phoenixsaarten aika"]},"America/Miquelon":{"long":["Saint-Pierren ja Miquelonin normaaliaika","Saint-Pierren ja Miquelonin kesäaika"]},"Pacific/Pitcairn":{"long":["Pitcairnin aika","Pitcairnin aika"]},"Pacific/Ponape":{"long":["Pohnpein aika","Pohnpein aika"]},"Asia/Pyongyang":{"long":["Pjongjangin aika","Pjongjangin aika"]},"Indian/Reunion":{"long":["Réunionin aika","Réunionin aika"]},"Antarctica/Rothera":{"long":["Rotheran aika","Rotheran aika"]},"Asia/Sakhalin":{"long":["Sahalinin normaaliaika","Sahalinin kesäaika"]},"Pacific/Pago_Pago":{"long":["Samoan normaaliaika","Samoan kesäaika"]},"Indian/Mahe":{"long":["Seychellien aika","Seychellien aika"]},"Asia/Singapore":{"long":["Singaporen aika","Singaporen aika"]},"Pacific/Guadalcanal":{"long":["Salomonsaarten aika","Salomonsaarten aika"]},"Atlantic/South_Georgia":{"long":["Etelä-Georgian aika","Etelä-Georgian aika"]},"Asia/Yekaterinburg":{"long":["Jekaterinburgin normaaliaika","Jekaterinburgin kesäaika"]},"Antarctica/Syowa":{"long":["Syowan aika","Syowan aika"]},"Pacific/Tahiti":{"long":["Tahitin aika","Tahitin aika"]},"Asia/Taipei":{"long":["Taipein normaaliaika","Taipein kesäaika"]},"Asia/Tashkent":{"long":["Uzbekistanin normaaliaika","Uzbekistanin kesäaika"]},"Pacific/Fakaofo":{"long":["Tokelaun aika","Tokelaun aika"]},"Pacific/Tongatapu":{"long":["Tongan normaaliaika","Tongan kesäaika"]},"Pacific/Truk":{"long":["Chuukin aika","Chuukin aika"]},"Pacific/Funafuti":{"long":["Tuvalun aika","Tuvalun aika"]},"America/Montevideo":{"long":["Uruguayn normaaliaika","Uruguayn kesäaika"]},"Pacific/Efate":{"long":["Vanuatun normaaliaika","Vanuatun kesäaika"]},"America/Caracas":{"long":["Venezuelan aika","Venezuelan aika"]},"Asia/Vladivostok":{"long":["Vladivostokin normaaliaika","Vladivostokin kesäaika"]},"Europe/Volgograd":{"long":["Volgogradin normaaliaika","Volgogradin kesäaika"]},"Antarctica/Vostok":{"long":["Vostokin aika","Vostokin aika"]},"Pacific/Wake":{"long":["Waken aika","Waken aika"]},"Pacific/Wallis":{"long":["Wallisin ja Futunan aika","Wallisin ja Futunan aika"]},"Asia/Yakutsk":{"long":["Jakutskin normaaliaika","Jakutskin kesäaika"]},"UTC":{"long":["UTC-yleisaika","UTC-yleisaika"],"short":["UTC","UTC"]}},"gmtFormat":"UTC{0}","hourFormat":"+H.mm;-H.mm","dateFormat":{"full":"cccc d. MMMM y","long":"d. MMMM y","medium":"d.M.y","short":"d.M.y"},"timeFormat":{"full":"H.mm.ss zzzz","long":"H.mm.ss z","medium":"H.mm.ss","short":"H.mm"},"dateTimeFormat":{"full":"{1} 'klo' {0}","long":"{1} 'klo' {0}","medium":"{1} 'klo' {0}","short":"{1} {0}"},"formats":{"gregory":{"Bh":"h B","Bhm":"h.mm B","Bhms":"h.mm.ss B","d":"d","E":"ccc","EBhm":"E h.mm B","EBhms":"E h.mm.ss B","Ed":"E d.","Ehm":"E h.mm a","EHm":"E H.mm","Ehms":"E h.mm.ss a","EHms":"E H.mm.ss","Gy":"y G","GyMMM":"LLL y G","GyMMMd":"d. MMM y G","GyMMMEd":"E d. MMM y G","GyMMMMd":"d. MMMM y G","GyMMMMEd":"E d. MMMM y G","h":"h a","H":"H","hm":"h.mm a","Hm":"H.mm","hms":"h.mm.ss a","Hms":"H.mm.ss","hmsv":"h.mm.ss a v","Hmsv":"H.mm.ss v","hmv":"h.mm a v","Hmv":"H.mm v","M":"L","Md":"d.M.","MEd":"E d.M.","MMM":"LLL","MMMd":"d. MMM","MMMEd":"ccc d. MMM","MMMMd":"d. MMMM","MMMMEd":"ccc d. MMMM","ms":"m.ss","y":"y","yM":"L.y","yMd":"d.M.y","yMEd":"E d.M.y","yMM":"M.y","yMMM":"LLL y","yMMMd":"d. MMM y","yMMMEd":"E d. MMM y","yMMMM":"LLLL y","yMMMMccccd":"cccc d. MMMM y","yMMMMd":"d. MMMM y","yMMMMEd":"E d. MMMM y","cccc d. MMMM y":"cccc d. MMMM y","d. MMMM y":"d. MMMM y","d.M.y":"d.M.y","H.mm.ss zzzz":"H.mm.ss zzzz","H.mm.ss z":"H.mm.ss z","H.mm.ss":"H.mm.ss","H.mm":"H.mm","cccc d. MMMM y 'klo' H.mm.ss zzzz":"cccc d. MMMM y 'klo' H.mm.ss zzzz","d. MMMM y 'klo' H.mm.ss zzzz":"d. MMMM y 'klo' H.mm.ss zzzz","d.M.y H.mm.ss zzzz":"d.M.y H.mm.ss zzzz","d H.mm.ss zzzz":"d H.mm.ss zzzz","E H.mm.ss zzzz":"ccc H.mm.ss zzzz","Ed H.mm.ss zzzz":"E d. H.mm.ss zzzz","Gy H.mm.ss zzzz":"y G H.mm.ss zzzz","GyMMM 'klo' H.mm.ss zzzz":"LLL y G 'klo' H.mm.ss zzzz","GyMMMd 'klo' H.mm.ss zzzz":"d. MMM y G 'klo' H.mm.ss zzzz","GyMMMEd 'klo' H.mm.ss zzzz":"E d. MMM y G 'klo' H.mm.ss zzzz","GyMMMMd 'klo' H.mm.ss zzzz":"d. MMMM y G 'klo' H.mm.ss zzzz","GyMMMMEd 'klo' H.mm.ss zzzz":"E d. MMMM y G 'klo' H.mm.ss zzzz","M H.mm.ss zzzz":"L H.mm.ss zzzz","Md H.mm.ss zzzz":"d.M. H.mm.ss zzzz","MEd H.mm.ss zzzz":"E d.M. H.mm.ss zzzz","MMM 'klo' H.mm.ss zzzz":"LLL 'klo' H.mm.ss zzzz","MMMd 'klo' H.mm.ss zzzz":"d. MMM 'klo' H.mm.ss zzzz","MMMEd 'klo' H.mm.ss zzzz":"ccc d. MMM 'klo' H.mm.ss zzzz","MMMMd 'klo' H.mm.ss zzzz":"d. MMMM 'klo' H.mm.ss zzzz","MMMMEd 'klo' H.mm.ss zzzz":"ccc d. MMMM 'klo' H.mm.ss zzzz","y H.mm.ss zzzz":"y H.mm.ss zzzz","yM H.mm.ss zzzz":"L.y H.mm.ss zzzz","yMd H.mm.ss zzzz":"d.M.y H.mm.ss zzzz","yMEd H.mm.ss zzzz":"E d.M.y H.mm.ss zzzz","yMM H.mm.ss zzzz":"M.y H.mm.ss zzzz","yMMM 'klo' H.mm.ss zzzz":"LLL y 'klo' H.mm.ss zzzz","yMMMd 'klo' H.mm.ss zzzz":"d. MMM y 'klo' H.mm.ss zzzz","yMMMEd 'klo' H.mm.ss zzzz":"E d. MMM y 'klo' H.mm.ss zzzz","yMMMM 'klo' H.mm.ss zzzz":"LLLL y 'klo' H.mm.ss zzzz","yMMMMccccd 'klo' H.mm.ss zzzz":"cccc d. MMMM y 'klo' H.mm.ss zzzz","yMMMMd 'klo' H.mm.ss zzzz":"d. MMMM y 'klo' H.mm.ss zzzz","yMMMMEd 'klo' H.mm.ss zzzz":"E d. MMMM y 'klo' H.mm.ss zzzz","cccc d. MMMM y 'klo' H.mm.ss z":"cccc d. MMMM y 'klo' H.mm.ss z","d. MMMM y 'klo' H.mm.ss z":"d. MMMM y 'klo' H.mm.ss z","d.M.y H.mm.ss z":"d.M.y H.mm.ss z","d H.mm.ss z":"d H.mm.ss z","E H.mm.ss z":"ccc H.mm.ss z","Ed H.mm.ss z":"E d. H.mm.ss z","Gy H.mm.ss z":"y G H.mm.ss z","GyMMM 'klo' H.mm.ss z":"LLL y G 'klo' H.mm.ss z","GyMMMd 'klo' H.mm.ss z":"d. MMM y G 'klo' H.mm.ss z","GyMMMEd 'klo' H.mm.ss z":"E d. MMM y G 'klo' H.mm.ss z","GyMMMMd 'klo' H.mm.ss z":"d. MMMM y G 'klo' H.mm.ss z","GyMMMMEd 'klo' H.mm.ss z":"E d. MMMM y G 'klo' H.mm.ss z","M H.mm.ss z":"L H.mm.ss z","Md H.mm.ss z":"d.M. H.mm.ss z","MEd H.mm.ss z":"E d.M. H.mm.ss z","MMM 'klo' H.mm.ss z":"LLL 'klo' H.mm.ss z","MMMd 'klo' H.mm.ss z":"d. MMM 'klo' H.mm.ss z","MMMEd 'klo' H.mm.ss z":"ccc d. MMM 'klo' H.mm.ss z","MMMMd 'klo' H.mm.ss z":"d. MMMM 'klo' H.mm.ss z","MMMMEd 'klo' H.mm.ss z":"ccc d. MMMM 'klo' H.mm.ss z","y H.mm.ss z":"y H.mm.ss z","yM H.mm.ss z":"L.y H.mm.ss z","yMd H.mm.ss z":"d.M.y H.mm.ss z","yMEd H.mm.ss z":"E d.M.y H.mm.ss z","yMM H.mm.ss z":"M.y H.mm.ss z","yMMM 'klo' H.mm.ss z":"LLL y 'klo' H.mm.ss z","yMMMd 'klo' H.mm.ss z":"d. MMM y 'klo' H.mm.ss z","yMMMEd 'klo' H.mm.ss z":"E d. MMM y 'klo' H.mm.ss z","yMMMM 'klo' H.mm.ss z":"LLLL y 'klo' H.mm.ss z","yMMMMccccd 'klo' H.mm.ss z":"cccc d. MMMM y 'klo' H.mm.ss z","yMMMMd 'klo' H.mm.ss z":"d. MMMM y 'klo' H.mm.ss z","yMMMMEd 'klo' H.mm.ss z":"E d. MMMM y 'klo' H.mm.ss z","cccc d. MMMM y 'klo' H.mm.ss":"cccc d. MMMM y 'klo' H.mm.ss","d. MMMM y 'klo' H.mm.ss":"d. MMMM y 'klo' H.mm.ss","d.M.y H.mm.ss":"d.M.y H.mm.ss","d H.mm.ss":"d H.mm.ss","E H.mm.ss":"ccc H.mm.ss","Ed H.mm.ss":"E d. H.mm.ss","Gy H.mm.ss":"y G H.mm.ss","GyMMM 'klo' H.mm.ss":"LLL y G 'klo' H.mm.ss","GyMMMd 'klo' H.mm.ss":"d. MMM y G 'klo' H.mm.ss","GyMMMEd 'klo' H.mm.ss":"E d. MMM y G 'klo' H.mm.ss","GyMMMMd 'klo' H.mm.ss":"d. MMMM y G 'klo' H.mm.ss","GyMMMMEd 'klo' H.mm.ss":"E d. MMMM y G 'klo' H.mm.ss","M H.mm.ss":"L H.mm.ss","Md H.mm.ss":"d.M. H.mm.ss","MEd H.mm.ss":"E d.M. H.mm.ss","MMM 'klo' H.mm.ss":"LLL 'klo' H.mm.ss","MMMd 'klo' H.mm.ss":"d. MMM 'klo' H.mm.ss","MMMEd 'klo' H.mm.ss":"ccc d. MMM 'klo' H.mm.ss","MMMMd 'klo' H.mm.ss":"d. MMMM 'klo' H.mm.ss","MMMMEd 'klo' H.mm.ss":"ccc d. MMMM 'klo' H.mm.ss","y H.mm.ss":"y H.mm.ss","yM H.mm.ss":"L.y H.mm.ss","yMd H.mm.ss":"d.M.y H.mm.ss","yMEd H.mm.ss":"E d.M.y H.mm.ss","yMM H.mm.ss":"M.y H.mm.ss","yMMM 'klo' H.mm.ss":"LLL y 'klo' H.mm.ss","yMMMd 'klo' H.mm.ss":"d. MMM y 'klo' H.mm.ss","yMMMEd 'klo' H.mm.ss":"E d. MMM y 'klo' H.mm.ss","yMMMM 'klo' H.mm.ss":"LLLL y 'klo' H.mm.ss","yMMMMccccd 'klo' H.mm.ss":"cccc d. MMMM y 'klo' H.mm.ss","yMMMMd 'klo' H.mm.ss":"d. MMMM y 'klo' H.mm.ss","yMMMMEd 'klo' H.mm.ss":"E d. MMMM y 'klo' H.mm.ss","cccc d. MMMM y 'klo' H.mm":"cccc d. MMMM y 'klo' H.mm","d. MMMM y 'klo' H.mm":"d. MMMM y 'klo' H.mm","d.M.y H.mm":"d.M.y H.mm","d H.mm":"d H.mm","E H.mm":"ccc H.mm","Ed H.mm":"E d. H.mm","Gy H.mm":"y G H.mm","GyMMM 'klo' H.mm":"LLL y G 'klo' H.mm","GyMMMd 'klo' H.mm":"d. MMM y G 'klo' H.mm","GyMMMEd 'klo' H.mm":"E d. MMM y G 'klo' H.mm","GyMMMMd 'klo' H.mm":"d. MMMM y G 'klo' H.mm","GyMMMMEd 'klo' H.mm":"E d. MMMM y G 'klo' H.mm","M H.mm":"L H.mm","Md H.mm":"d.M. H.mm","MEd H.mm":"E d.M. H.mm","MMM 'klo' H.mm":"LLL 'klo' H.mm","MMMd 'klo' H.mm":"d. MMM 'klo' H.mm","MMMEd 'klo' H.mm":"ccc d. MMM 'klo' H.mm","MMMMd 'klo' H.mm":"d. MMMM 'klo' H.mm","MMMMEd 'klo' H.mm":"ccc d. MMMM 'klo' H.mm","y H.mm":"y H.mm","yM H.mm":"L.y H.mm","yMd H.mm":"d.M.y H.mm","yMEd H.mm":"E d.M.y H.mm","yMM H.mm":"M.y H.mm","yMMM 'klo' H.mm":"LLL y 'klo' H.mm","yMMMd 'klo' H.mm":"d. MMM y 'klo' H.mm","yMMMEd 'klo' H.mm":"E d. MMM y 'klo' H.mm","yMMMM 'klo' H.mm":"LLLL y 'klo' H.mm","yMMMMccccd 'klo' H.mm":"cccc d. MMMM y 'klo' H.mm","yMMMMd 'klo' H.mm":"d. MMMM y 'klo' H.mm","yMMMMEd 'klo' H.mm":"E d. MMMM y 'klo' H.mm","cccc d. MMMM y 'klo' Bh":"cccc d. MMMM y 'klo' h B","d. MMMM y 'klo' Bh":"d. MMMM y 'klo' h B","d.M.y Bh":"d.M.y h B","d Bh":"d h B","E Bh":"ccc h B","Ed Bh":"E d. h B","Gy Bh":"y G h B","GyMMM 'klo' Bh":"LLL y G 'klo' h B","GyMMMd 'klo' Bh":"d. MMM y G 'klo' h B","GyMMMEd 'klo' Bh":"E d. MMM y G 'klo' h B","GyMMMMd 'klo' Bh":"d. MMMM y G 'klo' h B","GyMMMMEd 'klo' Bh":"E d. MMMM y G 'klo' h B","M Bh":"L h B","Md Bh":"d.M. h B","MEd Bh":"E d.M. h B","MMM 'klo' Bh":"LLL 'klo' h B","MMMd 'klo' Bh":"d. MMM 'klo' h B","MMMEd 'klo' Bh":"ccc d. MMM 'klo' h B","MMMMd 'klo' Bh":"d. MMMM 'klo' h B","MMMMEd 'klo' Bh":"ccc d. MMMM 'klo' h B","y Bh":"y h B","yM Bh":"L.y h B","yMd Bh":"d.M.y h B","yMEd Bh":"E d.M.y h B","yMM Bh":"M.y h B","yMMM 'klo' Bh":"LLL y 'klo' h B","yMMMd 'klo' Bh":"d. MMM y 'klo' h B","yMMMEd 'klo' Bh":"E d. MMM y 'klo' h B","yMMMM 'klo' Bh":"LLLL y 'klo' h B","yMMMMccccd 'klo' Bh":"cccc d. MMMM y 'klo' h B","yMMMMd 'klo' Bh":"d. MMMM y 'klo' h B","yMMMMEd 'klo' Bh":"E d. MMMM y 'klo' h B","cccc d. MMMM y 'klo' Bhm":"cccc d. MMMM y 'klo' h.mm B","d. MMMM y 'klo' Bhm":"d. MMMM y 'klo' h.mm B","d.M.y Bhm":"d.M.y h.mm B","d Bhm":"d h.mm B","E Bhm":"ccc h.mm B","Ed Bhm":"E d. h.mm B","Gy Bhm":"y G h.mm B","GyMMM 'klo' Bhm":"LLL y G 'klo' h.mm B","GyMMMd 'klo' Bhm":"d. MMM y G 'klo' h.mm B","GyMMMEd 'klo' Bhm":"E d. MMM y G 'klo' h.mm B","GyMMMMd 'klo' Bhm":"d. MMMM y G 'klo' h.mm B","GyMMMMEd 'klo' Bhm":"E d. MMMM y G 'klo' h.mm B","M Bhm":"L h.mm B","Md Bhm":"d.M. h.mm B","MEd Bhm":"E d.M. h.mm B","MMM 'klo' Bhm":"LLL 'klo' h.mm B","MMMd 'klo' Bhm":"d. MMM 'klo' h.mm B","MMMEd 'klo' Bhm":"ccc d. MMM 'klo' h.mm B","MMMMd 'klo' Bhm":"d. MMMM 'klo' h.mm B","MMMMEd 'klo' Bhm":"ccc d. MMMM 'klo' h.mm B","y Bhm":"y h.mm B","yM Bhm":"L.y h.mm B","yMd Bhm":"d.M.y h.mm B","yMEd Bhm":"E d.M.y h.mm B","yMM Bhm":"M.y h.mm B","yMMM 'klo' Bhm":"LLL y 'klo' h.mm B","yMMMd 'klo' Bhm":"d. MMM y 'klo' h.mm B","yMMMEd 'klo' Bhm":"E d. MMM y 'klo' h.mm B","yMMMM 'klo' Bhm":"LLLL y 'klo' h.mm B","yMMMMccccd 'klo' Bhm":"cccc d. MMMM y 'klo' h.mm B","yMMMMd 'klo' Bhm":"d. MMMM y 'klo' h.mm B","yMMMMEd 'klo' Bhm":"E d. MMMM y 'klo' h.mm B","cccc d. MMMM y 'klo' Bhms":"cccc d. MMMM y 'klo' h.mm.ss B","d. MMMM y 'klo' Bhms":"d. MMMM y 'klo' h.mm.ss B","d.M.y Bhms":"d.M.y h.mm.ss B","d Bhms":"d h.mm.ss B","E Bhms":"ccc h.mm.ss B","Ed Bhms":"E d. h.mm.ss B","Gy Bhms":"y G h.mm.ss B","GyMMM 'klo' Bhms":"LLL y G 'klo' h.mm.ss B","GyMMMd 'klo' Bhms":"d. MMM y G 'klo' h.mm.ss B","GyMMMEd 'klo' Bhms":"E d. MMM y G 'klo' h.mm.ss B","GyMMMMd 'klo' Bhms":"d. MMMM y G 'klo' h.mm.ss B","GyMMMMEd 'klo' Bhms":"E d. MMMM y G 'klo' h.mm.ss B","M Bhms":"L h.mm.ss B","Md Bhms":"d.M. h.mm.ss B","MEd Bhms":"E d.M. h.mm.ss B","MMM 'klo' Bhms":"LLL 'klo' h.mm.ss B","MMMd 'klo' Bhms":"d. MMM 'klo' h.mm.ss B","MMMEd 'klo' Bhms":"ccc d. MMM 'klo' h.mm.ss B","MMMMd 'klo' Bhms":"d. MMMM 'klo' h.mm.ss B","MMMMEd 'klo' Bhms":"ccc d. MMMM 'klo' h.mm.ss B","y Bhms":"y h.mm.ss B","yM Bhms":"L.y h.mm.ss B","yMd Bhms":"d.M.y h.mm.ss B","yMEd Bhms":"E d.M.y h.mm.ss B","yMM Bhms":"M.y h.mm.ss B","yMMM 'klo' Bhms":"LLL y 'klo' h.mm.ss B","yMMMd 'klo' Bhms":"d. MMM y 'klo' h.mm.ss B","yMMMEd 'klo' Bhms":"E d. MMM y 'klo' h.mm.ss B","yMMMM 'klo' Bhms":"LLLL y 'klo' h.mm.ss B","yMMMMccccd 'klo' Bhms":"cccc d. MMMM y 'klo' h.mm.ss B","yMMMMd 'klo' Bhms":"d. MMMM y 'klo' h.mm.ss B","yMMMMEd 'klo' Bhms":"E d. MMMM y 'klo' h.mm.ss B","cccc d. MMMM y 'klo' h":"cccc d. MMMM y 'klo' h a","d. MMMM y 'klo' h":"d. MMMM y 'klo' h a","d.M.y h":"d.M.y h a","d h":"d h a","E h":"ccc h a","Ed h":"E d. h a","Gy h":"y G h a","GyMMM 'klo' h":"LLL y G 'klo' h a","GyMMMd 'klo' h":"d. MMM y G 'klo' h a","GyMMMEd 'klo' h":"E d. MMM y G 'klo' h a","GyMMMMd 'klo' h":"d. MMMM y G 'klo' h a","GyMMMMEd 'klo' h":"E d. MMMM y G 'klo' h a","M h":"L h a","Md h":"d.M. h a","MEd h":"E d.M. h a","MMM 'klo' h":"LLL 'klo' h a","MMMd 'klo' h":"d. MMM 'klo' h a","MMMEd 'klo' h":"ccc d. MMM 'klo' h a","MMMMd 'klo' h":"d. MMMM 'klo' h a","MMMMEd 'klo' h":"ccc d. MMMM 'klo' h a","y h":"y h a","yM h":"L.y h a","yMd h":"d.M.y h a","yMEd h":"E d.M.y h a","yMM h":"M.y h a","yMMM 'klo' h":"LLL y 'klo' h a","yMMMd 'klo' h":"d. MMM y 'klo' h a","yMMMEd 'klo' h":"E d. MMM y 'klo' h a","yMMMM 'klo' h":"LLLL y 'klo' h a","yMMMMccccd 'klo' h":"cccc d. MMMM y 'klo' h a","yMMMMd 'klo' h":"d. MMMM y 'klo' h a","yMMMMEd 'klo' h":"E d. MMMM y 'klo' h a","cccc d. MMMM y 'klo' H":"cccc d. MMMM y 'klo' H","d. MMMM y 'klo' H":"d. MMMM y 'klo' H","d.M.y H":"d.M.y H","d H":"d H","E H":"ccc H","Ed H":"E d. H","Gy H":"y G H","GyMMM 'klo' H":"LLL y G 'klo' H","GyMMMd 'klo' H":"d. MMM y G 'klo' H","GyMMMEd 'klo' H":"E d. MMM y G 'klo' H","GyMMMMd 'klo' H":"d. MMMM y G 'klo' H","GyMMMMEd 'klo' H":"E d. MMMM y G 'klo' H","M H":"L H","Md H":"d.M. H","MEd H":"E d.M. H","MMM 'klo' H":"LLL 'klo' H","MMMd 'klo' H":"d. MMM 'klo' H","MMMEd 'klo' H":"ccc d. MMM 'klo' H","MMMMd 'klo' H":"d. MMMM 'klo' H","MMMMEd 'klo' H":"ccc d. MMMM 'klo' H","y H":"y H","yM H":"L.y H","yMd H":"d.M.y H","yMEd H":"E d.M.y H","yMM H":"M.y H","yMMM 'klo' H":"LLL y 'klo' H","yMMMd 'klo' H":"d. MMM y 'klo' H","yMMMEd 'klo' H":"E d. MMM y 'klo' H","yMMMM 'klo' H":"LLLL y 'klo' H","yMMMMccccd 'klo' H":"cccc d. MMMM y 'klo' H","yMMMMd 'klo' H":"d. MMMM y 'klo' H","yMMMMEd 'klo' H":"E d. MMMM y 'klo' H","cccc d. MMMM y 'klo' hm":"cccc d. MMMM y 'klo' h.mm a","d. MMMM y 'klo' hm":"d. MMMM y 'klo' h.mm a","d.M.y hm":"d.M.y h.mm a","d hm":"d h.mm a","E hm":"ccc h.mm a","Ed hm":"E d. h.mm a","Gy hm":"y G h.mm a","GyMMM 'klo' hm":"LLL y G 'klo' h.mm a","GyMMMd 'klo' hm":"d. MMM y G 'klo' h.mm a","GyMMMEd 'klo' hm":"E d. MMM y G 'klo' h.mm a","GyMMMMd 'klo' hm":"d. MMMM y G 'klo' h.mm a","GyMMMMEd 'klo' hm":"E d. MMMM y G 'klo' h.mm a","M hm":"L h.mm a","Md hm":"d.M. h.mm a","MEd hm":"E d.M. h.mm a","MMM 'klo' hm":"LLL 'klo' h.mm a","MMMd 'klo' hm":"d. MMM 'klo' h.mm a","MMMEd 'klo' hm":"ccc d. MMM 'klo' h.mm a","MMMMd 'klo' hm":"d. MMMM 'klo' h.mm a","MMMMEd 'klo' hm":"ccc d. MMMM 'klo' h.mm a","y hm":"y h.mm a","yM hm":"L.y h.mm a","yMd hm":"d.M.y h.mm a","yMEd hm":"E d.M.y h.mm a","yMM hm":"M.y h.mm a","yMMM 'klo' hm":"LLL y 'klo' h.mm a","yMMMd 'klo' hm":"d. MMM y 'klo' h.mm a","yMMMEd 'klo' hm":"E d. MMM y 'klo' h.mm a","yMMMM 'klo' hm":"LLLL y 'klo' h.mm a","yMMMMccccd 'klo' hm":"cccc d. MMMM y 'klo' h.mm a","yMMMMd 'klo' hm":"d. MMMM y 'klo' h.mm a","yMMMMEd 'klo' hm":"E d. MMMM y 'klo' h.mm a","cccc d. MMMM y 'klo' Hm":"cccc d. MMMM y 'klo' H.mm","d. MMMM y 'klo' Hm":"d. MMMM y 'klo' H.mm","d.M.y Hm":"d.M.y H.mm","d Hm":"d H.mm","E Hm":"ccc H.mm","Ed Hm":"E d. H.mm","Gy Hm":"y G H.mm","GyMMM 'klo' Hm":"LLL y G 'klo' H.mm","GyMMMd 'klo' Hm":"d. MMM y G 'klo' H.mm","GyMMMEd 'klo' Hm":"E d. MMM y G 'klo' H.mm","GyMMMMd 'klo' Hm":"d. MMMM y G 'klo' H.mm","GyMMMMEd 'klo' Hm":"E d. MMMM y G 'klo' H.mm","M Hm":"L H.mm","Md Hm":"d.M. H.mm","MEd Hm":"E d.M. H.mm","MMM 'klo' Hm":"LLL 'klo' H.mm","MMMd 'klo' Hm":"d. MMM 'klo' H.mm","MMMEd 'klo' Hm":"ccc d. MMM 'klo' H.mm","MMMMd 'klo' Hm":"d. MMMM 'klo' H.mm","MMMMEd 'klo' Hm":"ccc d. MMMM 'klo' H.mm","y Hm":"y H.mm","yM Hm":"L.y H.mm","yMd Hm":"d.M.y H.mm","yMEd Hm":"E d.M.y H.mm","yMM Hm":"M.y H.mm","yMMM 'klo' Hm":"LLL y 'klo' H.mm","yMMMd 'klo' Hm":"d. MMM y 'klo' H.mm","yMMMEd 'klo' Hm":"E d. MMM y 'klo' H.mm","yMMMM 'klo' Hm":"LLLL y 'klo' H.mm","yMMMMccccd 'klo' Hm":"cccc d. MMMM y 'klo' H.mm","yMMMMd 'klo' Hm":"d. MMMM y 'klo' H.mm","yMMMMEd 'klo' Hm":"E d. MMMM y 'klo' H.mm","cccc d. MMMM y 'klo' hms":"cccc d. MMMM y 'klo' h.mm.ss a","d. MMMM y 'klo' hms":"d. MMMM y 'klo' h.mm.ss a","d.M.y hms":"d.M.y h.mm.ss a","d hms":"d h.mm.ss a","E hms":"ccc h.mm.ss a","Ed hms":"E d. h.mm.ss a","Gy hms":"y G h.mm.ss a","GyMMM 'klo' hms":"LLL y G 'klo' h.mm.ss a","GyMMMd 'klo' hms":"d. MMM y G 'klo' h.mm.ss a","GyMMMEd 'klo' hms":"E d. MMM y G 'klo' h.mm.ss a","GyMMMMd 'klo' hms":"d. MMMM y G 'klo' h.mm.ss a","GyMMMMEd 'klo' hms":"E d. MMMM y G 'klo' h.mm.ss a","M hms":"L h.mm.ss a","Md hms":"d.M. h.mm.ss a","MEd hms":"E d.M. h.mm.ss a","MMM 'klo' hms":"LLL 'klo' h.mm.ss a","MMMd 'klo' hms":"d. MMM 'klo' h.mm.ss a","MMMEd 'klo' hms":"ccc d. MMM 'klo' h.mm.ss a","MMMMd 'klo' hms":"d. MMMM 'klo' h.mm.ss a","MMMMEd 'klo' hms":"ccc d. MMMM 'klo' h.mm.ss a","y hms":"y h.mm.ss a","yM hms":"L.y h.mm.ss a","yMd hms":"d.M.y h.mm.ss a","yMEd hms":"E d.M.y h.mm.ss a","yMM hms":"M.y h.mm.ss a","yMMM 'klo' hms":"LLL y 'klo' h.mm.ss a","yMMMd 'klo' hms":"d. MMM y 'klo' h.mm.ss a","yMMMEd 'klo' hms":"E d. MMM y 'klo' h.mm.ss a","yMMMM 'klo' hms":"LLLL y 'klo' h.mm.ss a","yMMMMccccd 'klo' hms":"cccc d. MMMM y 'klo' h.mm.ss a","yMMMMd 'klo' hms":"d. MMMM y 'klo' h.mm.ss a","yMMMMEd 'klo' hms":"E d. MMMM y 'klo' h.mm.ss a","cccc d. MMMM y 'klo' Hms":"cccc d. MMMM y 'klo' H.mm.ss","d. MMMM y 'klo' Hms":"d. MMMM y 'klo' H.mm.ss","d.M.y Hms":"d.M.y H.mm.ss","d Hms":"d H.mm.ss","E Hms":"ccc H.mm.ss","Ed Hms":"E d. H.mm.ss","Gy Hms":"y G H.mm.ss","GyMMM 'klo' Hms":"LLL y G 'klo' H.mm.ss","GyMMMd 'klo' Hms":"d. MMM y G 'klo' H.mm.ss","GyMMMEd 'klo' Hms":"E d. MMM y G 'klo' H.mm.ss","GyMMMMd 'klo' Hms":"d. MMMM y G 'klo' H.mm.ss","GyMMMMEd 'klo' Hms":"E d. MMMM y G 'klo' H.mm.ss","M Hms":"L H.mm.ss","Md Hms":"d.M. H.mm.ss","MEd Hms":"E d.M. H.mm.ss","MMM 'klo' Hms":"LLL 'klo' H.mm.ss","MMMd 'klo' Hms":"d. MMM 'klo' H.mm.ss","MMMEd 'klo' Hms":"ccc d. MMM 'klo' H.mm.ss","MMMMd 'klo' Hms":"d. MMMM 'klo' H.mm.ss","MMMMEd 'klo' Hms":"ccc d. MMMM 'klo' H.mm.ss","y Hms":"y H.mm.ss","yM Hms":"L.y H.mm.ss","yMd Hms":"d.M.y H.mm.ss","yMEd Hms":"E d.M.y H.mm.ss","yMM Hms":"M.y H.mm.ss","yMMM 'klo' Hms":"LLL y 'klo' H.mm.ss","yMMMd 'klo' Hms":"d. MMM y 'klo' H.mm.ss","yMMMEd 'klo' Hms":"E d. MMM y 'klo' H.mm.ss","yMMMM 'klo' Hms":"LLLL y 'klo' H.mm.ss","yMMMMccccd 'klo' Hms":"cccc d. MMMM y 'klo' H.mm.ss","yMMMMd 'klo' Hms":"d. MMMM y 'klo' H.mm.ss","yMMMMEd 'klo' Hms":"E d. MMMM y 'klo' H.mm.ss","cccc d. MMMM y 'klo' hmsv":"cccc d. MMMM y 'klo' h.mm.ss a v","d. MMMM y 'klo' hmsv":"d. MMMM y 'klo' h.mm.ss a v","d.M.y hmsv":"d.M.y h.mm.ss a v","d hmsv":"d h.mm.ss a v","E hmsv":"ccc h.mm.ss a v","Ed hmsv":"E d. h.mm.ss a v","Gy hmsv":"y G h.mm.ss a v","GyMMM 'klo' hmsv":"LLL y G 'klo' h.mm.ss a v","GyMMMd 'klo' hmsv":"d. MMM y G 'klo' h.mm.ss a v","GyMMMEd 'klo' hmsv":"E d. MMM y G 'klo' h.mm.ss a v","GyMMMMd 'klo' hmsv":"d. MMMM y G 'klo' h.mm.ss a v","GyMMMMEd 'klo' hmsv":"E d. MMMM y G 'klo' h.mm.ss a v","M hmsv":"L h.mm.ss a v","Md hmsv":"d.M. h.mm.ss a v","MEd hmsv":"E d.M. h.mm.ss a v","MMM 'klo' hmsv":"LLL 'klo' h.mm.ss a v","MMMd 'klo' hmsv":"d. MMM 'klo' h.mm.ss a v","MMMEd 'klo' hmsv":"ccc d. MMM 'klo' h.mm.ss a v","MMMMd 'klo' hmsv":"d. MMMM 'klo' h.mm.ss a v","MMMMEd 'klo' hmsv":"ccc d. MMMM 'klo' h.mm.ss a v","y hmsv":"y h.mm.ss a v","yM hmsv":"L.y h.mm.ss a v","yMd hmsv":"d.M.y h.mm.ss a v","yMEd hmsv":"E d.M.y h.mm.ss a v","yMM hmsv":"M.y h.mm.ss a v","yMMM 'klo' hmsv":"LLL y 'klo' h.mm.ss a v","yMMMd 'klo' hmsv":"d. MMM y 'klo' h.mm.ss a v","yMMMEd 'klo' hmsv":"E d. MMM y 'klo' h.mm.ss a v","yMMMM 'klo' hmsv":"LLLL y 'klo' h.mm.ss a v","yMMMMccccd 'klo' hmsv":"cccc d. MMMM y 'klo' h.mm.ss a v","yMMMMd 'klo' hmsv":"d. MMMM y 'klo' h.mm.ss a v","yMMMMEd 'klo' hmsv":"E d. MMMM y 'klo' h.mm.ss a v","cccc d. MMMM y 'klo' Hmsv":"cccc d. MMMM y 'klo' H.mm.ss v","d. MMMM y 'klo' Hmsv":"d. MMMM y 'klo' H.mm.ss v","d.M.y Hmsv":"d.M.y H.mm.ss v","d Hmsv":"d H.mm.ss v","E Hmsv":"ccc H.mm.ss v","Ed Hmsv":"E d. H.mm.ss v","Gy Hmsv":"y G H.mm.ss v","GyMMM 'klo' Hmsv":"LLL y G 'klo' H.mm.ss v","GyMMMd 'klo' Hmsv":"d. MMM y G 'klo' H.mm.ss v","GyMMMEd 'klo' Hmsv":"E d. MMM y G 'klo' H.mm.ss v","GyMMMMd 'klo' Hmsv":"d. MMMM y G 'klo' H.mm.ss v","GyMMMMEd 'klo' Hmsv":"E d. MMMM y G 'klo' H.mm.ss v","M Hmsv":"L H.mm.ss v","Md Hmsv":"d.M. H.mm.ss v","MEd Hmsv":"E d.M. H.mm.ss v","MMM 'klo' Hmsv":"LLL 'klo' H.mm.ss v","MMMd 'klo' Hmsv":"d. MMM 'klo' H.mm.ss v","MMMEd 'klo' Hmsv":"ccc d. MMM 'klo' H.mm.ss v","MMMMd 'klo' Hmsv":"d. MMMM 'klo' H.mm.ss v","MMMMEd 'klo' Hmsv":"ccc d. MMMM 'klo' H.mm.ss v","y Hmsv":"y H.mm.ss v","yM Hmsv":"L.y H.mm.ss v","yMd Hmsv":"d.M.y H.mm.ss v","yMEd Hmsv":"E d.M.y H.mm.ss v","yMM Hmsv":"M.y H.mm.ss v","yMMM 'klo' Hmsv":"LLL y 'klo' H.mm.ss v","yMMMd 'klo' Hmsv":"d. MMM y 'klo' H.mm.ss v","yMMMEd 'klo' Hmsv":"E d. MMM y 'klo' H.mm.ss v","yMMMM 'klo' Hmsv":"LLLL y 'klo' H.mm.ss v","yMMMMccccd 'klo' Hmsv":"cccc d. MMMM y 'klo' H.mm.ss v","yMMMMd 'klo' Hmsv":"d. MMMM y 'klo' H.mm.ss v","yMMMMEd 'klo' Hmsv":"E d. MMMM y 'klo' H.mm.ss v","cccc d. MMMM y 'klo' hmv":"cccc d. MMMM y 'klo' h.mm a v","d. MMMM y 'klo' hmv":"d. MMMM y 'klo' h.mm a v","d.M.y hmv":"d.M.y h.mm a v","d hmv":"d h.mm a v","E hmv":"ccc h.mm a v","Ed hmv":"E d. h.mm a v","Gy hmv":"y G h.mm a v","GyMMM 'klo' hmv":"LLL y G 'klo' h.mm a v","GyMMMd 'klo' hmv":"d. MMM y G 'klo' h.mm a v","GyMMMEd 'klo' hmv":"E d. MMM y G 'klo' h.mm a v","GyMMMMd 'klo' hmv":"d. MMMM y G 'klo' h.mm a v","GyMMMMEd 'klo' hmv":"E d. MMMM y G 'klo' h.mm a v","M hmv":"L h.mm a v","Md hmv":"d.M. h.mm a v","MEd hmv":"E d.M. h.mm a v","MMM 'klo' hmv":"LLL 'klo' h.mm a v","MMMd 'klo' hmv":"d. MMM 'klo' h.mm a v","MMMEd 'klo' hmv":"ccc d. MMM 'klo' h.mm a v","MMMMd 'klo' hmv":"d. MMMM 'klo' h.mm a v","MMMMEd 'klo' hmv":"ccc d. MMMM 'klo' h.mm a v","y hmv":"y h.mm a v","yM hmv":"L.y h.mm a v","yMd hmv":"d.M.y h.mm a v","yMEd hmv":"E d.M.y h.mm a v","yMM hmv":"M.y h.mm a v","yMMM 'klo' hmv":"LLL y 'klo' h.mm a v","yMMMd 'klo' hmv":"d. MMM y 'klo' h.mm a v","yMMMEd 'klo' hmv":"E d. MMM y 'klo' h.mm a v","yMMMM 'klo' hmv":"LLLL y 'klo' h.mm a v","yMMMMccccd 'klo' hmv":"cccc d. MMMM y 'klo' h.mm a v","yMMMMd 'klo' hmv":"d. MMMM y 'klo' h.mm a v","yMMMMEd 'klo' hmv":"E d. MMMM y 'klo' h.mm a v","cccc d. MMMM y 'klo' Hmv":"cccc d. MMMM y 'klo' H.mm v","d. MMMM y 'klo' Hmv":"d. MMMM y 'klo' H.mm v","d.M.y Hmv":"d.M.y H.mm v","d Hmv":"d H.mm v","E Hmv":"ccc H.mm v","Ed Hmv":"E d. H.mm v","Gy Hmv":"y G H.mm v","GyMMM 'klo' Hmv":"LLL y G 'klo' H.mm v","GyMMMd 'klo' Hmv":"d. MMM y G 'klo' H.mm v","GyMMMEd 'klo' Hmv":"E d. MMM y G 'klo' H.mm v","GyMMMMd 'klo' Hmv":"d. MMMM y G 'klo' H.mm v","GyMMMMEd 'klo' Hmv":"E d. MMMM y G 'klo' H.mm v","M Hmv":"L H.mm v","Md Hmv":"d.M. H.mm v","MEd Hmv":"E d.M. H.mm v","MMM 'klo' Hmv":"LLL 'klo' H.mm v","MMMd 'klo' Hmv":"d. MMM 'klo' H.mm v","MMMEd 'klo' Hmv":"ccc d. MMM 'klo' H.mm v","MMMMd 'klo' Hmv":"d. MMMM 'klo' H.mm v","MMMMEd 'klo' Hmv":"ccc d. MMMM 'klo' H.mm v","y Hmv":"y H.mm v","yM Hmv":"L.y H.mm v","yMd Hmv":"d.M.y H.mm v","yMEd Hmv":"E d.M.y H.mm v","yMM Hmv":"M.y H.mm v","yMMM 'klo' Hmv":"LLL y 'klo' H.mm v","yMMMd 'klo' Hmv":"d. MMM y 'klo' H.mm v","yMMMEd 'klo' Hmv":"E d. MMM y 'klo' H.mm v","yMMMM 'klo' Hmv":"LLLL y 'klo' H.mm v","yMMMMccccd 'klo' Hmv":"cccc d. MMMM y 'klo' H.mm v","yMMMMd 'klo' Hmv":"d. MMMM y 'klo' H.mm v","yMMMMEd 'klo' Hmv":"E d. MMMM y 'klo' H.mm v","cccc d. MMMM y 'klo' ms":"cccc d. MMMM y 'klo' m.ss","d. MMMM y 'klo' ms":"d. MMMM y 'klo' m.ss","d.M.y ms":"d.M.y m.ss","d ms":"d m.ss","E ms":"ccc m.ss","Ed ms":"E d. m.ss","Gy ms":"y G m.ss","GyMMM 'klo' ms":"LLL y G 'klo' m.ss","GyMMMd 'klo' ms":"d. MMM y G 'klo' m.ss","GyMMMEd 'klo' ms":"E d. MMM y G 'klo' m.ss","GyMMMMd 'klo' ms":"d. MMMM y G 'klo' m.ss","GyMMMMEd 'klo' ms":"E d. MMMM y G 'klo' m.ss","M ms":"L m.ss","Md ms":"d.M. m.ss","MEd ms":"E d.M. m.ss","MMM 'klo' ms":"LLL 'klo' m.ss","MMMd 'klo' ms":"d. MMM 'klo' m.ss","MMMEd 'klo' ms":"ccc d. MMM 'klo' m.ss","MMMMd 'klo' ms":"d. MMMM 'klo' m.ss","MMMMEd 'klo' ms":"ccc d. MMMM 'klo' m.ss","y ms":"y m.ss","yM ms":"L.y m.ss","yMd ms":"d.M.y m.ss","yMEd ms":"E d.M.y m.ss","yMM ms":"M.y m.ss","yMMM 'klo' ms":"LLL y 'klo' m.ss","yMMMd 'klo' ms":"d. MMM y 'klo' m.ss","yMMMEd 'klo' ms":"E d. MMM y 'klo' m.ss","yMMMM 'klo' ms":"LLLL y 'klo' m.ss","yMMMMccccd 'klo' ms":"cccc d. MMMM y 'klo' m.ss","yMMMMd 'klo' ms":"d. MMMM y 'klo' m.ss","yMMMMEd 'klo' ms":"E d. MMMM y 'klo' m.ss"}},"intervalFormats":{"intervalFormatFallback":"{0}–{1}","Bh":{"B":"h B – h B","h":"h–h B"},"Bhm":{"B":"h.mm B – h.mm B","h":"h.mm–h.mm B","m":"h.mm–h.mm B"},"d":{"d":"d.–d."},"Gy":{"G":"y G – y G","y":"y–y G"},"GyM":{"G":"M/y GGGGG – M/y GGGGG","M":"M/y–M/y GGGGG","y":"M/y–M/y GGGGG"},"GyMd":{"d":"d.M.y–d.M.y GGGGG","G":"d.M.y GGGGG – d.M.y GGGGG","M":"d.M.y–d.M.y GGGGG","y":"d.M.y–d.M.y GGGGG"},"GyMEd":{"d":"E d.M.y – E d.M.y GGGGG","G":"E d.M.y GGGGG – E d.M.y GGGGG","M":"E d.M.y – E d.M.y GGGGG","y":"E d.M.y – E d.M.y GGGGG"},"GyMMM":{"G":"M.y G – M.y G","M":"M.–M.y G","y":"M.y–M.y G"},"GyMMMd":{"d":"d.–d.M.y G","G":"d.M.y. G – d.M.y G","M":"d.M–d.M.y G","y":"d.M.y–d.M.y G"},"GyMMMEd":{"d":"E d.M – E d.M.y G","G":"E d.M.y – E d.M.y G","M":"E d.M. – E d.M.y G","y":"E d.M.y – E d.M.y G"},"GyMMMM":{"G":"LLLL y G – LLLL y G","M":"LLLL–LLLL y G","y":"LLLL y – LLLL y G"},"GyMMMMd":{"d":"d.–d. MMMM y G","G":"d. MMMM y G – d. MMMM y G","M":"d. MMMM – d. MMMM y G","y":"d. MMMM y – d. MMMM y G"},"GyMMMMEd":{"d":"E d. – E d. MMMM y G","G":"E d. MMMM y G – E d. MMMM y G","M":"E d. MMMM – E d. MMMM y G","y":"E d. MMMM y – E d. MMMM y G"},"h":{"a":"h a – h a","h":"h–h a"},"H":{"H":"H–H"},"hm":{"a":"h.mm a – h.mm a","h":"h.mm–h.mm a","m":"h.mm–h.mm a"},"Hm":{"H":"H.mm–H.mm","m":"H.mm–H.mm"},"hmv":{"a":"h.mm a – h.mm a v","h":"h.mm–h.mm a v","m":"h.mm–h.mm a v"},"Hmv":{"H":"H.mm–H.mm v","m":"H.mm–H.mm v"},"hv":{"a":"h a – h a v","h":"h–h a v"},"Hv":{"H":"H–H v"},"M":{"M":"L.–L."},"Md":{"d":"d.–d.M.","M":"d.M.–d.M."},"MEd":{"d":"E d. – E d.M.","M":"E d.M. – E d.M."},"MMM":{"M":"LLL–LLLL"},"MMMd":{"d":"d.–d. MMMM","M":"d. MMMM – d. MMMM"},"MMMEd":{"d":"E d. – E d. MMMM","M":"E d. MMMM – E d. MMMM"},"MMMM":{"M":"LLL–LLLL"},"MMMMd":{"d":"d.–d. MMMM","M":"d. MMMM – d. MMMM"},"MMMMEd":{"d":"E d. – E d. MMMM","M":"E d. MMMM – E d. MMMM"},"y":{"y":"y–y"},"yM":{"M":"LLL–LLLL y","y":"LLLL y – LLLL y"},"yMd":{"d":"d.–d.M.y","M":"d.M.–d.M.y","y":"d.M.y–d.M.y"},"yMEd":{"d":"E d.M.y – E d.M.y","M":"E d.M.y – E d.M.y","y":"E d.M.y – E d.M.y"},"yMMM":{"M":"LLL–LLLL y","y":"LLLL y – LLLL y"},"yMMMd":{"d":"d.–d. MMMM y","M":"d. MMMM – d. MMMM y","y":"d. MMMM y – d. MMMM y"},"yMMMEd":{"d":"E d. – E d. MMMM y","M":"E d. MMMM – E d. MMMM y","y":"E d. MMMM y – E d. MMMM y"},"yMMMM":{"M":"LLL–LLLL y","y":"LLLL y – LLLL y"},"yMMMMd":{"d":"d.–d. MMMM y","M":"d. MMMM – d. MMMM y","y":"d. MMMM y – d. MMMM y"},"yMMMMEd":{"d":"E d. – E d. MMMM y","M":"E d. MMMM – E d. MMMM y","y":"E d. MMMM y – E d. MMMM y"}},"hourCycle":"h23","nu":["latn"],"ca":["gregory"],"hc":["h23"]},"locale":"fi"}
