{"data":{"am":"AM","pm":"PM","weekday":{"narrow":["D","L","M","M","J","V","S"],"short":["dim.","lun.","mar.","mer.","jeu.","ven.","sam."],"long":["dimanche","lundi","mardi","mercredi","jeudi","vendredi","samedi"]},"era":{"narrow":{"BC":"av. J.-C.","AD":"ap. J.-C."},"short":{"BC":"av. J.-C.","AD":"ap. J.-C."},"long":{"BC":"avant Jésus-Christ","AD":"après Jésus-Christ"}},"month":{"narrow":["J","F","M","A","M","J","J","A","S","O","N","D"],"short":["janv.","févr.","mars","avr.","mai","juin","juil.","août","sept.","oct.","nov.","déc."],"long":["janvier","février","mars","avril","mai","juin","juillet","août","septembre","octobre","novembre","décembre"]},"timeZoneName":{"America/Rio_Branco":{"long":["heure normale de l’Acre","heure d’été de l’Acre"]},"Asia/Kabul":{"long":["heure de l’Afghanistan","heure de l’Afghanistan"]},"Africa/Maputo":{"long":["heure normale d’Afrique centrale","heure normale d’Afrique centrale"]},"Africa/Bujumbura":{"long":["heure normale d’Afrique centrale","heure normale d’Afrique centrale"]},"Africa/Gaborone":{"long":["heure normale d’Afrique centrale","heure normale d’Afrique centrale"]},"Africa/Lubumbashi":{"long":["heure normale d’Afrique centrale","heure normale d’Afrique centrale"]},"Africa/Blantyre":{"long":["heure normale d’Afrique centrale","heure normale d’Afrique centrale"]},"Africa/Kigali":{"long":["heure normale d’Afrique centrale","heure normale d’Afrique centrale"]},"Africa/Lusaka":{"long":["heure normale d’Afrique centrale","heure normale d’Afrique centrale"]},"Africa/Harare":{"long":["heure normale d’Afrique centrale","heure normale d’Afrique centrale"]},"Africa/Nairobi":{"long":["heure normale d’Afrique de l’Est","heure normale d’Afrique de l’Est"]},"Africa/Djibouti":{"long":["heure normale d’Afrique de l’Est","heure normale d’Afrique de l’Est"]},"Africa/Asmera":{"long":["heure normale d’Afrique de l’Est","heure normale d’Afrique de l’Est"]},"Africa/Addis_Ababa":{"long":["heure normale d’Afrique de l’Est","heure normale d’Afrique de l’Est"]},"Indian/Comoro":{"long":["heure normale d’Afrique de l’Est","heure normale d’Afrique de l’Est"]},"Indian/Antananarivo":{"long":["heure normale d’Afrique de l’Est","heure normale d’Afrique de l’Est"]},"Africa/Mogadishu":{"long":["heure normale d’Afrique de l’Est","heure normale d’Afrique de l’Est"]},"Africa/Dar_es_Salaam":{"long":["heure normale d’Afrique de l’Est","heure normale d’Afrique de l’Est"]},"Africa/Kampala":{"long":["heure normale d’Afrique de l’Est","heure normale d’Afrique de l’Est"]},"Indian/Mayotte":{"long":["heure normale d’Afrique de l’Est","heure normale d’Afrique de l’Est"]},"Africa/Johannesburg":{"long":["heure normale d’Afrique méridionale","heure normale d’Afrique méridionale"]},"Africa/Maseru":{"long":["heure normale d’Afrique méridionale","heure normale d’Afrique méridionale"]},"Africa/Mbabane":{"long":["heure normale d’Afrique méridionale","heure normale d’Afrique méridionale"]},"Africa/Lagos":{"long":["heure normale d’Afrique de l’Ouest","heure d’été d’Afrique de l’Ouest"]},"Africa/Luanda":{"long":["heure normale d’Afrique de l’Ouest","heure d’été d’Afrique de l’Ouest"]},"Africa/Porto-Novo":{"long":["heure normale d’Afrique de l’Ouest","heure d’été d’Afrique de l’Ouest"]},"Africa/Kinshasa":{"long":["heure normale d’Afrique de l’Ouest","heure d’été d’Afrique de l’Ouest"]},"Africa/Bangui":{"long":["heure normale d’Afrique de l’Ouest","heure d’été d’Afrique de l’Ouest"]},"Africa/Brazzaville":{"long":["heure normale d’Afrique de l’Ouest","heure d’été d’Afrique de l’Ouest"]},"Africa/Douala":{"long":["heure normale d’Afrique de l’Ouest","heure d’été d’Afrique de l’Ouest"]},"Africa/Libreville":{"long":["heure normale d’Afrique de l’Ouest","heure d’été d’Afrique de l’Ouest"]},"Africa/Malabo":{"long":["heure normale d’Afrique de l’Ouest","heure d’été d’Afrique de l’Ouest"]},"Africa/Niamey":{"long":["heure normale d’Afrique de l’Ouest","heure d’été d’Afrique de l’Ouest"]},"Africa/Ndjamena":{"long":["heure normale d’Afrique de l’Ouest","heure d’été d’Afrique de l’Ouest"]},"Asia/Aqtobe":{"long":["heure de l’Ouest du Kazakhstan","heure de l’Ouest du Kazakhstan"]},"America/Juneau":{"long":["heure normale de l’Alaska","heure d’été de l’Alaska"]},"Asia/Almaty":{"long":["heure de l’Est du Kazakhstan","heure de l’Est du Kazakhstan"]},"America/Manaus":{"long":["heure normale de l’Amazonie","heure d’été de l’Amazonie"]},"America/Chicago":{"long":["heure normale du centre nord-américain","heure d’été du Centre"]},"America/Belize":{"long":["heure normale du centre nord-américain","heure d’été du Centre"]},"America/Winnipeg":{"long":["heure normale du centre nord-américain","heure d’été du Centre"]},"America/Costa_Rica":{"long":["heure normale du centre nord-américain","heure d’été du Centre"]},"America/Guatemala":{"long":["heure normale du centre nord-américain","heure d’été du Centre"]},"America/Tegucigalpa":{"long":["heure normale du centre nord-américain","heure d’été du Centre"]},"America/Mexico_City":{"long":["heure normale du centre nord-américain","heure d’été du Centre"]},"America/El_Salvador":{"long":["heure normale du centre nord-américain","heure d’été du Centre"]},"America/New_York":{"long":["heure normale de l’Est nord-américain","heure d’été de l’Est"]},"America/Nassau":{"long":["heure normale de l’Est nord-américain","heure d’été de l’Est"]},"America/Toronto":{"long":["heure normale de l’Est nord-américain","heure d’été de l’Est"]},"America/Port-au-Prince":{"long":["heure normale de l’Est nord-américain","heure d’été de l’Est"]},"America/Jamaica":{"long":["heure normale de l’Est nord-américain","heure d’été de l’Est"]},"America/Cayman":{"long":["heure normale de l’Est nord-américain","heure d’été de l’Est"]},"America/Panama":{"long":["heure normale de l’Est nord-américain","heure d’été de l’Est"]},"America/Denver":{"long":["heure normale des Rocheuses","heure d’été des Rocheuses"]},"America/Edmonton":{"long":["heure normale des Rocheuses","heure d’été des Rocheuses"]},"America/Hermosillo":{"long":["heure normale des Rocheuses","heure d’été des Rocheuses"]},"America/Los_Angeles":{"long":["heure normale du Pacifique nord-américain","heure d’été du Pacifique"]},"America/Vancouver":{"long":["heure normale du Pacifique nord-américain","heure d’été du Pacifique"]},"America/Tijuana":{"long":["heure normale du Pacifique nord-américain","heure d’été du Pacifique"]},"Asia/Anadyr":{"long":["heure normale d’Anadyr","heure d’été d’Anadyr"]},"Pacific/Apia":{"long":["heure normale d’Apia","heure d’été d’Apia"]},"Asia/Riyadh":{"long":["heure normale de l’Arabie","heure d’été de l’Arabie"]},"Asia/Bahrain":{"long":["heure normale de l’Arabie","heure d’été de l’Arabie"]},"Asia/Baghdad":{"long":["heure normale de l’Arabie","heure d’été de l’Arabie"]},"Asia/Kuwait":{"long":["heure normale de l’Arabie","heure d’été de l’Arabie"]},"Asia/Qatar":{"long":["heure normale de l’Arabie","heure d’été de l’Arabie"]},"Asia/Aden":{"long":["heure normale de l’Arabie","heure d’été de l’Arabie"]},"America/Buenos_Aires":{"long":["heure normale d’Argentine","heure d’été de l’Argentine"]},"America/Argentina/San_Luis":{"long":["heure normale de l’Ouest argentin","heure d’été de l’Ouest argentin"]},"Asia/Ashgabat":{"long":["heure normale du Turkménistan","heure d’été du Turkménistan"]},"America/Halifax":{"long":["heure normale de l’Atlantique","heure d’été de l’Atlantique"]},"America/Antigua":{"long":["heure normale de l’Atlantique","heure d’été de l’Atlantique"]},"America/Anguilla":{"long":["heure normale de l’Atlantique","heure d’été de l’Atlantique"]},"America/Aruba":{"long":["heure normale de l’Atlantique","heure d’été de l’Atlantique"]},"America/Barbados":{"long":["heure normale de l’Atlantique","heure d’été de l’Atlantique"]},"Atlantic/Bermuda":{"long":["heure normale de l’Atlantique","heure d’été de l’Atlantique"]},"America/Kralendijk":{"long":["heure normale de l’Atlantique","heure d’été de l’Atlantique"]},"America/Curacao":{"long":["heure normale de l’Atlantique","heure d’été de l’Atlantique"]},"America/Dominica":{"long":["heure normale de l’Atlantique","heure d’été de l’Atlantique"]},"America/Grenada":{"long":["heure normale de l’Atlantique","heure d’été de l’Atlantique"]},"America/Thule":{"long":["heure normale de l’Atlantique","heure d’été de l’Atlantique"]},"America/Guadeloupe":{"long":["heure normale de l’Atlantique","heure d’été de l’Atlantique"]},"America/St_Kitts":{"long":["heure normale de l’Atlantique","heure d’été de l’Atlantique"]},"America/St_Lucia":{"long":["heure normale de l’Atlantique","heure d’été de l’Atlantique"]},"America/Marigot":{"long":["heure normale de l’Atlantique","heure d’été de l’Atlantique"]},"America/Martinique":{"long":["heure normale de l’Atlantique","heure d’été de l’Atlantique"]},"America/Montserrat":{"long":["heure normale de l’Atlantique","heure d’été de l’Atlantique"]},"America/Puerto_Rico":{"long":["heure normale de l’Atlantique","heure d’été de l’Atlantique"]},"America/Lower_Princes":{"long":["heure normale de l’Atlantique","heure d’été de l’Atlantique"]},"America/Port_of_Spain":{"long":["heure normale de l’Atlantique","heure d’été de l’Atlantique"]},"America/St_Vincent":{"long":["heure normale de l’Atlantique","heure d’été de l’Atlantique"]},"America/Tortola":{"long":["heure normale de l’Atlantique","heure d’été de l’Atlantique"]},"America/St_Thomas":{"long":["heure normale de l’Atlantique","heure d’été de l’Atlantique"]},"Australia/Adelaide":{"long":["heure normale du centre de l’Australie","heure d’été du centre de l’Australie"]},"Australia/Eucla":{"long":["heure normale du centre-ouest de l’Australie","heure d’été du centre-ouest de l’Australie"]},"Australia/Sydney":{"long":["heure normale de l’Est de l’Australie","heure d’été de l’Est de l’Australie"]},"Australia/Perth":{"long":["heure normale de l’Ouest de l’Australie","heure d’été de l’Ouest de l’Australie"]},"Atlantic/Azores":{"long":["heure normale des Açores","heure d’été des Açores"]},"Asia/Thimphu":{"long":["heure du Bhoutan","heure du Bhoutan"]},"America/La_Paz":{"long":["heure de Bolivie","heure de Bolivie"]},"Asia/Kuching":{"long":["heure de la Malaisie","heure de la Malaisie"]},"America/Sao_Paulo":{"long":["heure normale de Brasilia","heure d’été de Brasilia"]},"Europe/London":{"long":["heure moyenne de Greenwich","heure moyenne de Greenwich"]},"Asia/Brunei":{"long":["heure du Brunéi","heure du Brunéi"]},"Atlantic/Cape_Verde":{"long":["heure normale du Cap-Vert","heure d’été du Cap-Vert"]},"Pacific/Saipan":{"long":["heure des îles Mariannes du Nord","heure des îles Mariannes du Nord"]},"Pacific/Guam":{"long":["heure de Guam","heure de Guam"]},"Pacific/Chatham":{"long":["heure normale des îles Chatham","heure d’été des îles Chatham"]},"America/Santiago":{"long":["heure normale du Chili","heure d’été du Chili"]},"Asia/Shanghai":{"long":["heure normale de la Chine","heure d’été de Chine"]},"Asia/Choibalsan":{"long":["heure normale de Choibalsan","heure d’été de Choibalsan"]},"Indian/Christmas":{"long":["heure de l’île Christmas","heure de l’île Christmas"]},"Indian/Cocos":{"long":["heure des îles Cocos","heure des îles Cocos"]},"America/Bogota":{"long":["heure normale de Colombie","heure d’été de Colombie"]},"Pacific/Rarotonga":{"long":["heure normale des îles Cook","heure d’été des îles Cook"]},"America/Havana":{"long":["heure normale de Cuba","heure d’été de Cuba"]},"Antarctica/Davis":{"long":["heure de Davis","heure de Davis"]},"Antarctica/DumontDUrville":{"long":["heure de Dumont-d’Urville","heure de Dumont-d’Urville"]},"Asia/Dushanbe":{"long":["heure du Tadjikistan","heure du Tadjikistan"]},"America/Paramaribo":{"long":["heure du Suriname","heure du Suriname"]},"Asia/Dili":{"long":["heure du Timor oriental","heure du Timor oriental"]},"Pacific/Easter":{"long":["heure normale de l’île de Pâques","heure d’été de l’île de Pâques"]},"America/Guayaquil":{"long":["heure de l’Équateur","heure de l’Équateur"]},"Europe/Paris":{"long":["heure normale d’Europe centrale","heure d’été d’Europe centrale"]},"Europe/Andorra":{"long":["heure normale d’Europe centrale","heure d’été d’Europe centrale"]},"Europe/Tirane":{"long":["heure normale d’Europe centrale","heure d’été d’Europe centrale"]},"Europe/Vienna":{"long":["heure normale d’Europe centrale","heure d’été d’Europe centrale"]},"Europe/Sarajevo":{"long":["heure normale d’Europe centrale","heure d’été d’Europe centrale"]},"Europe/Brussels":{"long":["heure normale d’Europe centrale","heure d’été d’Europe centrale"]},"Europe/Zurich":{"long":["heure normale d’Europe centrale","heure d’été d’Europe centrale"]},"Europe/Prague":{"long":["heure normale d’Europe centrale","heure d’été d’Europe centrale"]},"Europe/Berlin":{"long":["heure normale d’Europe centrale","heure d’été d’Europe centrale"]},"Europe/Copenhagen":{"long":["heure normale d’Europe centrale","heure d’été d’Europe centrale"]},"Europe/Madrid":{"long":["heure normale d’Europe centrale","heure d’été d’Europe centrale"]},"Europe/Gibraltar":{"long":["heure normale d’Europe centrale","heure d’été d’Europe centrale"]},"Europe/Zagreb":{"long":["heure normale d’Europe centrale","heure d’été d’Europe centrale"]},"Europe/Budapest":{"long":["heure normale d’Europe centrale","heure d’été d’Europe centrale"]},"Europe/Rome":{"long":["heure normale d’Europe centrale","heure d’été d’Europe centrale"]},"Europe/Vaduz":{"long":["heure normale d’Europe centrale","heure d’été d’Europe centrale"]},"Europe/Luxembourg":{"long":["heure normale d’Europe centrale","heure d’été d’Europe centrale"]},"Europe/Monaco":{"long":["heure normale d’Europe centrale","heure d’été d’Europe centrale"]},"Europe/Podgorica":{"long":["heure normale d’Europe centrale","heure d’été d’Europe centrale"]},"Europe/Skopje":{"long":["heure normale d’Europe centrale","heure d’été d’Europe centrale"]},"Europe/Malta":{"long":["heure normale d’Europe centrale","heure d’été d’Europe centrale"]},"Europe/Amsterdam":{"long":["heure normale d’Europe centrale","heure d’été d’Europe centrale"]},"Europe/Oslo":{"long":["heure normale d’Europe centrale","heure d’été d’Europe centrale"]},"Europe/Warsaw":{"long":["heure normale d’Europe centrale","heure d’été d’Europe centrale"]},"Europe/Belgrade":{"long":["heure normale d’Europe centrale","heure d’été d’Europe centrale"]},"Europe/Stockholm":{"long":["heure normale d’Europe centrale","heure d’été d’Europe centrale"]},"Europe/Ljubljana":{"long":["heure normale d’Europe centrale","heure d’été d’Europe centrale"]},"Arctic/Longyearbyen":{"long":["heure normale d’Europe centrale","heure d’été d’Europe centrale"]},"Europe/Bratislava":{"long":["heure normale d’Europe centrale","heure d’été d’Europe centrale"]},"Europe/San_Marino":{"long":["heure normale d’Europe centrale","heure d’été d’Europe centrale"]},"Africa/Tunis":{"long":["heure normale d’Europe centrale","heure d’été d’Europe centrale"]},"Europe/Vatican":{"long":["heure normale d’Europe centrale","heure d’été d’Europe centrale"]},"Europe/Bucharest":{"long":["heure normale d’Europe de l’Est","heure d’été d’Europe de l’Est"]},"Europe/Mariehamn":{"long":["heure normale d’Europe de l’Est","heure d’été d’Europe de l’Est"]},"Europe/Sofia":{"long":["heure normale d’Europe de l’Est","heure d’été d’Europe de l’Est"]},"Asia/Nicosia":{"long":["heure normale d’Europe de l’Est","heure d’été d’Europe de l’Est"]},"Africa/Cairo":{"long":["heure normale d’Europe de l’Est","heure d’été d’Europe de l’Est"]},"Europe/Helsinki":{"long":["heure normale d’Europe de l’Est","heure d’été d’Europe de l’Est"]},"Europe/Athens":{"long":["heure normale d’Europe de l’Est","heure d’été d’Europe de l’Est"]},"Asia/Amman":{"long":["heure normale d’Europe de l’Est","heure d’été d’Europe de l’Est"]},"Asia/Beirut":{"long":["heure normale d’Europe de l’Est","heure d’été d’Europe de l’Est"]},"Asia/Damascus":{"long":["heure normale d’Europe de l’Est","heure d’été d’Europe de l’Est"]},"Europe/Minsk":{"long":["heure de Kaliningrad","heure de Kaliningrad"]},"Europe/Kaliningrad":{"long":["heure de Kaliningrad","heure de Kaliningrad"]},"Atlantic/Canary":{"long":["heure normale d’Europe de l’Ouest","heure d’été d’Europe de l’Ouest"]},"Atlantic/Faeroe":{"long":["heure normale d’Europe de l’Ouest","heure d’été d’Europe de l’Ouest"]},"Atlantic/Stanley":{"long":["heure normale des îles Malouines","heure d’été des îles Malouines"]},"Pacific/Fiji":{"long":["heure normale des îles Fidji","heure d’été des îles Fidji"]},"America/Cayenne":{"long":["heure de la Guyane française","heure de la Guyane française"]},"Indian/Kerguelen":{"long":["heure des Terres australes et antarctiques françaises","heure des Terres australes et antarctiques françaises"]},"Asia/Bishkek":{"long":["heure du Kirghizistan","heure du Kirghizistan"]},"Pacific/Galapagos":{"long":["heure des îles Galápagos","heure des îles Galápagos"]},"Pacific/Gambier":{"long":["heure des îles Gambier","heure des îles Gambier"]},"Pacific/Tarawa":{"long":["heure des îles Gilbert","heure des îles Gilbert"]},"Atlantic/Reykjavik":{"long":["heure moyenne de Greenwich","heure moyenne de Greenwich"]},"Africa/Ouagadougou":{"long":["heure moyenne de Greenwich","heure moyenne de Greenwich"]},"Africa/Abidjan":{"long":["heure moyenne de Greenwich","heure moyenne de Greenwich"]},"Africa/Accra":{"long":["heure moyenne de Greenwich","heure moyenne de Greenwich"]},"Africa/Banjul":{"long":["heure moyenne de Greenwich","heure moyenne de Greenwich"]},"Africa/Conakry":{"long":["heure moyenne de Greenwich","heure moyenne de Greenwich"]},"Africa/Bamako":{"long":["heure moyenne de Greenwich","heure moyenne de Greenwich"]},"Africa/Nouakchott":{"long":["heure moyenne de Greenwich","heure moyenne de Greenwich"]},"Atlantic/St_Helena":{"long":["heure moyenne de Greenwich","heure moyenne de Greenwich"]},"Africa/Freetown":{"long":["heure moyenne de Greenwich","heure moyenne de Greenwich"]},"Africa/Dakar":{"long":["heure moyenne de Greenwich","heure moyenne de Greenwich"]},"Africa/Lome":{"long":["heure moyenne de Greenwich","heure moyenne de Greenwich"]},"America/Scoresbysund":{"long":["heure normale de l’Est du Groenland","heure d’été de l’Est du Groenland"]},"America/Godthab":{"long":["heure normale de l’Ouest du Groenland","heure d’été de l’Ouest du Groenland"]},"Asia/Dubai":{"long":["heure du Golfe","heure du Golfe"]},"Asia/Muscat":{"long":["heure du Golfe","heure du Golfe"]},"America/Guyana":{"long":["heure du Guyana","heure du Guyana"]},"Pacific/Honolulu":{"long":["heure normale d’Hawaii - Aléoutiennes","heure d’été d’Hawaii - Aléoutiennes"]},"Asia/Hong_Kong":{"long":["heure normale de Hong Kong","heure d’été de Hong Kong"]},"Asia/Hovd":{"long":["heure normale de Hovd","heure d’été de Hovd"]},"Asia/Calcutta":{"long":["heure de l’Inde","heure de l’Inde"]},"Indian/Chagos":{"long":["heure de l’Océan Indien","heure de l’Océan Indien"]},"Asia/Bangkok":{"long":["heure d’Indochine","heure d’Indochine"]},"Asia/Phnom_Penh":{"long":["heure d’Indochine","heure d’Indochine"]},"Asia/Vientiane":{"long":["heure d’Indochine","heure d’Indochine"]},"Asia/Makassar":{"long":["heure du Centre indonésien","heure du Centre indonésien"]},"Asia/Jayapura":{"long":["heure de l’Est indonésien","heure de l’Est indonésien"]},"Asia/Jakarta":{"long":["heure de l’Ouest indonésien","heure de l’Ouest indonésien"]},"Asia/Tehran":{"long":["heure normale d’Iran","heure d’été d’Iran"]},"Asia/Irkutsk":{"long":["heure normale d’Irkoutsk","heure d’été d’Irkoutsk"]},"Asia/Jerusalem":{"long":["heure normale d’Israël","heure d’été d’Israël"]},"Asia/Tokyo":{"long":["heure normale du Japon","heure d’été du Japon"]},"Asia/Kamchatka":{"long":["heure normale de Petropavlovsk-Kamchatski","heure d’été de Petropavlovsk-Kamchatski"]},"Asia/Karachi":{"long":["heure normale du Pakistan","heure d’été du Pakistan"]},"Asia/Seoul":{"long":["heure normale de la Corée","heure d’été de Corée"]},"Pacific/Kosrae":{"long":["heure de Kosrae","heure de Kosrae"]},"Asia/Krasnoyarsk":{"long":["heure normale de Krasnoïarsk","heure d’été de Krasnoïarsk"]},"Europe/Samara":{"long":["heure normale de Samara","heure d’été de Samara"]},"Pacific/Kiritimati":{"long":["heure des îles de la Ligne","heure des îles de la Ligne"]},"Australia/Lord_Howe":{"long":["heure normale de Lord Howe","heure d’été de Lord Howe"]},"Antarctica/Macquarie":{"long":["heure de l’île Macquarie","heure de l’île Macquarie"]},"Asia/Magadan":{"long":["heure normale de Magadan","heure d’été de Magadan"]},"Indian/Maldives":{"long":["heure des Maldives","heure des Maldives"]},"Pacific/Marquesas":{"long":["heure des îles Marquises","heure des îles Marquises"]},"Pacific/Majuro":{"long":["heure des îles Marshall","heure des îles Marshall"]},"Indian/Mauritius":{"long":["heure normale de Maurice","heure d’été de Maurice"]},"Antarctica/Mawson":{"long":["heure de Mawson","heure de Mawson"]},"America/Santa_Isabel":{"long":["heure normale du Nord-Ouest du Mexique","heure d’été du Nord-Ouest du Mexique"]},"America/Mazatlan":{"long":["heure normale du Pacifique mexicain","heure d’été du Pacifique mexicain"]},"Asia/Ulaanbaatar":{"long":["heure normale d’Oulan-Bator","heure d’été d’Oulan-Bator"]},"Europe/Moscow":{"long":["heure normale de Moscou","heure d’été de Moscou"]},"Asia/Rangoon":{"long":["heure du Myanmar","heure du Myanmar"]},"Pacific/Nauru":{"long":["heure de Nauru","heure de Nauru"]},"Asia/Katmandu":{"long":["heure du Népal","heure du Népal"]},"Pacific/Noumea":{"long":["heure normale de la Nouvelle-Calédonie","heure d’été de Nouvelle-Calédonie"]},"Pacific/Auckland":{"long":["heure normale de la Nouvelle-Zélande","heure d’été de la Nouvelle-Zélande"]},"Antarctica/McMurdo":{"long":["heure normale de la Nouvelle-Zélande","heure d’été de la Nouvelle-Zélande"]},"America/St_Johns":{"long":["heure normale de Terre-Neuve","heure d’été de Terre-Neuve"]},"Pacific/Niue":{"long":["heure de Nioué","heure de Nioué"]},"Pacific/Norfolk":{"long":["heure normale de l’île Norfolk","heure d’été de l’île Norfolk"]},"America/Noronha":{"long":["heure normale de Fernando de Noronha","heure d’été de Fernando de Noronha"]},"Asia/Novosibirsk":{"long":["heure normale de Novossibirsk","heure d’été de Novossibirsk"]},"Asia/Omsk":{"long":["heure normale de Omsk","heure d’été de Omsk"]},"Pacific/Palau":{"long":["heure des Palaos","heure des Palaos"]},"Pacific/Port_Moresby":{"long":["heure de la Papouasie-Nouvelle-Guinée","heure de la Papouasie-Nouvelle-Guinée"]},"America/Asuncion":{"long":["heure normale du Paraguay","heure d’été du Paraguay"]},"America/Lima":{"long":["heure normale du Pérou","heure d’été du Pérou"]},"Asia/Manila":{"long":["heure normale des Philippines","heure d’été des Philippines"]},"Pacific/Enderbury":{"long":["heure des îles Phoenix","heure des îles Phoenix"]},"America/Miquelon":{"long":["heure normale de Saint-Pierre-et-Miquelon","heure d’été de Saint-Pierre-et-Miquelon"]},"Pacific/Pitcairn":{"long":["heure des îles Pitcairn","heure des îles Pitcairn"]},"Pacific/Ponape":{"long":["heure de l’île de Pohnpei","heure de l’île de Pohnpei"]},"Asia/Pyongyang":{"long":["heure de Pyongyang","heure de Pyongyang"]},"Indian/Reunion":{"long":["heure de La Réunion","heure de La Réunion"]},"Antarctica/Rothera":{"long":["heure de Rothera","heure de Rothera"]},"Asia/Sakhalin":{"long":["heure normale de Sakhaline","heure d’été de Sakhaline"]},"Pacific/Pago_Pago":{"long":["heure normale des Samoa","heure d’été des Samoa"]},"Indian/Mahe":{"long":["heure des Seychelles","heure des Seychelles"]},"Asia/Singapore":{"long":["heure de Singapour","heure de Singapour"]},"Pacific/Guadalcanal":{"long":["heure des îles Salomon","heure des îles Salomon"]},"Atlantic/South_Georgia":{"long":["heure de Géorgie du Sud","heure de Géorgie du Sud"]},"Asia/Yekaterinburg":{"long":["heure normale d’Ekaterinbourg","heure d’été d’Ekaterinbourg"]},"Antarctica/Syowa":{"long":["heure de Syowa","heure de Syowa"]},"Pacific/Tahiti":{"long":["heure de Tahiti","heure de Tahiti"]},"Asia/Taipei":{"long":["heure normale de Taipei","heure d’été de Taipei"]},"Asia/Tashkent":{"long":["heure normale de l’Ouzbékistan","heure d’été de l’Ouzbékistan"]},"Pacific/Fakaofo":{"long":["heure de Tokelau","heure de Tokelau"]},"Pacific/Tongatapu":{"long":["heure normale des Tonga","heure d’été de Tonga"]},"Pacific/Truk":{"long":["heure de Chuuk","heure de Chuuk"]},"Pacific/Funafuti":{"long":["heure des Tuvalu","heure des Tuvalu"]},"America/Montevideo":{"long":["heure normale de l’Uruguay","heure d’été de l’Uruguay"]},"Pacific/Efate":{"long":["heure normale du Vanuatu","heure d’été de Vanuatu"]},"America/Caracas":{"long":["heure du Venezuela","heure du Venezuela"]},"Asia/Vladivostok":{"long":["heure normale de Vladivostok","heure d’été de Vladivostok"]},"Europe/Volgograd":{"long":["heure normale de Volgograd","heure d’été de Volgograd"]},"Antarctica/Vostok":{"long":["heure de Vostok","heure de Vostok"]},"Pacific/Wake":{"long":["heure de l’île Wake","heure de l’île Wake"]},"Pacific/Wallis":{"long":["heure de Wallis-et-Futuna","heure de Wallis-et-Futuna"]},"Asia/Yakutsk":{"long":["heure normale de Iakoutsk","heure d’été de Iakoutsk"]},"UTC":{"long":["Temps universel coordonné","Temps universel coordonné"],"short":["UTC","UTC"]}},"gmtFormat":"UTC{0}","hourFormat":"+HH:mm;−HH:mm","dateFormat":{"full":"EEEE d MMMM y","long":"d MMMM y","medium":"d MMM y","short":"dd/MM/y"},"timeFormat":{"full":"HH:mm:ss zzzz","long":"HH:mm:ss z","medium":"HH:mm:ss","short":"HH:mm"},"dateTimeFormat":{"full":"{1} 'à' {0}","long":"{1} 'à' {0}","medium":"{1}, {0}","short":"{1} {0}"},"formats":{"gregory":{"Bh":"h B","Bhm":"h:mm B","Bhms":"h:mm:ss B","d":"d","E":"E","EBhm":"E h:mm B","EBhms":"E h:mm:ss B","Ed":"E d","Ehm":"E h:mm a","EHm":"E HH:mm","Ehms":"E h:mm:ss a","EHms":"E HH:mm:ss","Gy":"y G","GyMMM":"MMM y G","GyMMMd":"d MMM y G","GyMMMEd":"E d MMM y G","h":"h a","H":"HH 'h'","hm":"h:mm a","Hm":"HH:mm","hms":"h:mm:ss a","Hms":"HH:mm:ss","hmsv":"h:mm:ss a v","Hmsv":"HH:mm:ss v","hmv":"h:mm a v","Hmv":"HH:mm v","M":"L","Md":"dd/MM","MEd":"E dd/MM","MMM":"LLL","MMMd":"d MMM","MMMEd":"E d MMM","MMMMd":"d MMMM","ms":"mm:ss","y":"y","yM":"MM/y","yMd":"dd/MM/y","yMEd":"E dd/MM/y","yMMM":"MMM y","yMMMd":"d MMM y","yMMMEd":"E d MMM y","yMMMM":"MMMM y","EEEE d MMMM y":"EEEE d MMMM y","d MMMM y":"d MMMM y","d MMM y":"d MMM y","dd/MM/y":"dd/MM/y","HH:mm:ss zzzz":"HH:mm:ss zzzz","HH:mm:ss z":"HH:mm:ss z","HH:mm:ss":"HH:mm:ss","HH:mm":"HH:mm","EEEE d MMMM y 'à' HH:mm:ss zzzz":"EEEE d MMMM y 'à' HH:mm:ss zzzz","d MMMM y 'à' HH:mm:ss zzzz":"d MMMM y 'à' HH:mm:ss zzzz","d MMM y, HH:mm:ss zzzz":"d MMM y, HH:mm:ss zzzz","dd/MM/y HH:mm:ss zzzz":"dd/MM/y HH:mm:ss zzzz","d HH:mm:ss zzzz":"d HH:mm:ss zzzz","E HH:mm:ss zzzz":"E HH:mm:ss zzzz","Ed HH:mm:ss zzzz":"E d HH:mm:ss zzzz","Gy HH:mm:ss zzzz":"y G HH:mm:ss zzzz","GyMMM, HH:mm:ss zzzz":"MMM y G, HH:mm:ss zzzz","GyMMMd, HH:mm:ss zzzz":"d MMM y G, HH:mm:ss zzzz","GyMMMEd, HH:mm:ss zzzz":"E d MMM y G, HH:mm:ss zzzz","M HH:mm:ss zzzz":"L HH:mm:ss zzzz","Md HH:mm:ss zzzz":"dd/MM HH:mm:ss zzzz","MEd HH:mm:ss zzzz":"E dd/MM HH:mm:ss zzzz","MMM, HH:mm:ss zzzz":"LLL, HH:mm:ss zzzz","MMMd, HH:mm:ss zzzz":"d MMM, HH:mm:ss zzzz","MMMEd, HH:mm:ss zzzz":"E d MMM, HH:mm:ss zzzz","MMMMd 'à' HH:mm:ss zzzz":"d MMMM 'à' HH:mm:ss zzzz","y HH:mm:ss zzzz":"y HH:mm:ss zzzz","yM HH:mm:ss zzzz":"MM/y HH:mm:ss zzzz","yMd HH:mm:ss zzzz":"dd/MM/y HH:mm:ss zzzz","yMEd HH:mm:ss zzzz":"E dd/MM/y HH:mm:ss zzzz","yMMM, HH:mm:ss zzzz":"MMM y, HH:mm:ss zzzz","yMMMd, HH:mm:ss zzzz":"d MMM y, HH:mm:ss zzzz","yMMMEd, HH:mm:ss zzzz":"E d MMM y, HH:mm:ss zzzz","yMMMM 'à' HH:mm:ss zzzz":"MMMM y 'à' HH:mm:ss zzzz","EEEE d MMMM y 'à' HH:mm:ss z":"EEEE d MMMM y 'à' HH:mm:ss z","d MMMM y 'à' HH:mm:ss z":"d MMMM y 'à' HH:mm:ss z","d MMM y, HH:mm:ss z":"d MMM y, HH:mm:ss z","dd/MM/y HH:mm:ss z":"dd/MM/y HH:mm:ss z","d HH:mm:ss z":"d HH:mm:ss z","E HH:mm:ss z":"E HH:mm:ss z","Ed HH:mm:ss z":"E d HH:mm:ss z","Gy HH:mm:ss z":"y G HH:mm:ss z","GyMMM, HH:mm:ss z":"MMM y G, HH:mm:ss z","GyMMMd, HH:mm:ss z":"d MMM y G, HH:mm:ss z","GyMMMEd, HH:mm:ss z":"E d MMM y G, HH:mm:ss z","M HH:mm:ss z":"L HH:mm:ss z","Md HH:mm:ss z":"dd/MM HH:mm:ss z","MEd HH:mm:ss z":"E dd/MM HH:mm:ss z","MMM, HH:mm:ss z":"LLL, HH:mm:ss z","MMMd, HH:mm:ss z":"d MMM, HH:mm:ss z","MMMEd, HH:mm:ss z":"E d MMM, HH:mm:ss z","MMMMd 'à' HH:mm:ss z":"d MMMM 'à' HH:mm:ss z","y HH:mm:ss z":"y HH:mm:ss z","yM HH:mm:ss z":"MM/y HH:mm:ss z","yMd HH:mm:ss z":"dd/MM/y HH:mm:ss z","yMEd HH:mm:ss z":"E dd/MM/y HH:mm:ss z","yMMM, HH:mm:ss z":"MMM y, HH:mm:ss z","yMMMd, HH:mm:ss z":"d MMM y, HH:mm:ss z","yMMMEd, HH:mm:ss z":"E d MMM y, HH:mm:ss z","yMMMM 'à' HH:mm:ss z":"MMMM y 'à' HH:mm:ss z","EEEE d MMMM y 'à' HH:mm:ss":"EEEE d MMMM y 'à' HH:mm:ss","d MMMM y 'à' HH:mm:ss":"d MMMM y 'à' HH:mm:ss","d MMM y, HH:mm:ss":"d MMM y, HH:mm:ss","dd/MM/y HH:mm:ss":"dd/MM/y HH:mm:ss","d HH:mm:ss":"d HH:mm:ss","E HH:mm:ss":"E HH:mm:ss","Ed HH:mm:ss":"E d HH:mm:ss","Gy HH:mm:ss":"y G HH:mm:ss","GyMMM, HH:mm:ss":"MMM y G, HH:mm:ss","GyMMMd, HH:mm:ss":"d MMM y G, HH:mm:ss","GyMMMEd, HH:mm:ss":"E d MMM y G, HH:mm:ss","M HH:mm:ss":"L HH:mm:ss","Md HH:mm:ss":"dd/MM HH:mm:ss","MEd HH:mm:ss":"E dd/MM HH:mm:ss","MMM, HH:mm:ss":"LLL, HH:mm:ss","MMMd, HH:mm:ss":"d MMM, HH:mm:ss","MMMEd, HH:mm:ss":"E d MMM, HH:mm:ss","MMMMd 'à' HH:mm:ss":"d MMMM 'à' HH:mm:ss","y HH:mm:ss":"y HH:mm:ss","yM HH:mm:ss":"MM/y HH:mm:ss","yMd HH:mm:ss":"dd/MM/y HH:mm:ss","yMEd HH:mm:ss":"E dd/MM/y HH:mm:ss","yMMM, HH:mm:ss":"MMM y, HH:mm:ss","yMMMd, HH:mm:ss":"d MMM y, HH:mm:ss","yMMMEd, HH:mm:ss":"E d MMM y, HH:mm:ss","yMMMM 'à' HH:mm:ss":"MMMM y 'à' HH:mm:ss","EEEE d MMMM y 'à' HH:mm":"EEEE d MMMM y 'à' HH:mm","d MMMM y 'à' HH:mm":"d MMMM y 'à' HH:mm","d MMM y, HH:mm":"d MMM y, HH:mm","dd/MM/y HH:mm":"dd/MM/y HH:mm","d HH:mm":"d HH:mm","E HH:mm":"E HH:mm","Ed HH:mm":"E d HH:mm","Gy HH:mm":"y G HH:mm","GyMMM, HH:mm":"MMM y G, HH:mm","GyMMMd, HH:mm":"d MMM y G, HH:mm","GyMMMEd, HH:mm":"E d MMM y G, HH:mm","M HH:mm":"L HH:mm","Md HH:mm":"dd/MM HH:mm","MEd HH:mm":"E dd/MM HH:mm","MMM, HH:mm":"LLL, HH:mm","MMMd, HH:mm":"d MMM, HH:mm","MMMEd, HH:mm":"E d MMM, HH:mm","MMMMd 'à' HH:mm":"d MMMM 'à' HH:mm","y HH:mm":"y HH:mm","yM HH:mm":"MM/y HH:mm","yMd HH:mm":"dd/MM/y HH:mm","yMEd HH:mm":"E dd/MM/y HH:mm","yMMM, HH:mm":"MMM y, HH:mm","yMMMd, HH:mm":"d MMM y, HH:mm","yMMMEd, HH:mm":"E d MMM y, HH:mm","yMMMM 'à' HH:mm":"MMMM y 'à' HH:mm","EEEE d MMMM y 'à' Bh":"EEEE d MMMM y 'à' h B","d MMMM y 'à' Bh":"d MMMM y 'à' h B","d MMM y, Bh":"d MMM y, h B","dd/MM/y Bh":"dd/MM/y h B","d Bh":"d h B","E Bh":"E h B","Ed Bh":"E d h B","Gy Bh":"y G h B","GyMMM, Bh":"MMM y G, h B","GyMMMd, Bh":"d MMM y G, h B","GyMMMEd, Bh":"E d MMM y G, h B","M Bh":"L h B","Md Bh":"dd/MM h B","MEd Bh":"E dd/MM h B","MMM, Bh":"LLL, h B","MMMd, Bh":"d MMM, h B","MMMEd, Bh":"E d MMM, h B","MMMMd 'à' Bh":"d MMMM 'à' h B","y Bh":"y h B","yM Bh":"MM/y h B","yMd Bh":"dd/MM/y h B","yMEd Bh":"E dd/MM/y h B","yMMM, Bh":"MMM y, h B","yMMMd, Bh":"d MMM y, h B","yMMMEd, Bh":"E d MMM y, h B","yMMMM 'à' Bh":"MMMM y 'à' h B","EEEE d MMMM y 'à' Bhm":"EEEE d MMMM y 'à' h:mm B","d MMMM y 'à' Bhm":"d MMMM y 'à' h:mm B","d MMM y, Bhm":"d MMM y, h:mm B","dd/MM/y Bhm":"dd/MM/y h:mm B","d Bhm":"d h:mm B","E Bhm":"E h:mm B","Ed Bhm":"E d h:mm B","Gy Bhm":"y G h:mm B","GyMMM, Bhm":"MMM y G, h:mm B","GyMMMd, Bhm":"d MMM y G, h:mm B","GyMMMEd, Bhm":"E d MMM y G, h:mm B","M Bhm":"L h:mm B","Md Bhm":"dd/MM h:mm B","MEd Bhm":"E dd/MM h:mm B","MMM, Bhm":"LLL, h:mm B","MMMd, Bhm":"d MMM, h:mm B","MMMEd, Bhm":"E d MMM, h:mm B","MMMMd 'à' Bhm":"d MMMM 'à' h:mm B","y Bhm":"y h:mm B","yM Bhm":"MM/y h:mm B","yMd Bhm":"dd/MM/y h:mm B","yMEd Bhm":"E dd/MM/y h:mm B","yMMM, Bhm":"MMM y, h:mm B","yMMMd, Bhm":"d MMM y, h:mm B","yMMMEd, Bhm":"E d MMM y, h:mm B","yMMMM 'à' Bhm":"MMMM y 'à' h:mm B","EEEE d MMMM y 'à' Bhms":"EEEE d MMMM y 'à' h:mm:ss B","d MMMM y 'à' Bhms":"d MMMM y 'à' h:mm:ss B","d MMM y, Bhms":"d MMM y, h:mm:ss B","dd/MM/y Bhms":"dd/MM/y h:mm:ss B","d Bhms":"d h:mm:ss B","E Bhms":"E h:mm:ss B","Ed Bhms":"E d h:mm:ss B","Gy Bhms":"y G h:mm:ss B","GyMMM, Bhms":"MMM y G, h:mm:ss B","GyMMMd, Bhms":"d MMM y G, h:mm:ss B","GyMMMEd, Bhms":"E d MMM y G, h:mm:ss B","M Bhms":"L h:mm:ss B","Md Bhms":"dd/MM h:mm:ss B","MEd Bhms":"E dd/MM h:mm:ss B","MMM, Bhms":"LLL, h:mm:ss B","MMMd, Bhms":"d MMM, h:mm:ss B","MMMEd, Bhms":"E d MMM, h:mm:ss B","MMMMd 'à' Bhms":"d MMMM 'à' h:mm:ss B","y Bhms":"y h:mm:ss B","yM Bhms":"MM/y h:mm:ss B","yMd Bhms":"dd/MM/y h:mm:ss B","yMEd Bhms":"E dd/MM/y h:mm:ss B","yMMM, Bhms":"MMM y, h:mm:ss B","yMMMd, Bhms":"d MMM y, h:mm:ss B","yMMMEd, Bhms":"E d MMM y, h:mm:ss B","yMMMM 'à' Bhms":"MMMM y 'à' h:mm:ss B","EEEE d MMMM y 'à' h":"EEEE d MMMM y 'à' h a","d MMMM y 'à' h":"d MMMM y 'à' h a","d MMM y, h":"d MMM y, h a","dd/MM/y h":"dd/MM/y h a","d h":"d h a","E h":"E h a","Ed h":"E d h a","Gy h":"y G h a","GyMMM, h":"MMM y G, h a","GyMMMd, h":"d MMM y G, h a","GyMMMEd, h":"E d MMM y G, h a","M h":"L h a","Md h":"dd/MM h a","MEd h":"E dd/MM h a","MMM, h":"LLL, h a","MMMd, h":"d MMM, h a","MMMEd, h":"E d MMM, h a","MMMMd 'à' h":"d MMMM 'à' h a","y h":"y h a","yM h":"MM/y h a","yMd h":"dd/MM/y h a","yMEd h":"E dd/MM/y h a","yMMM, h":"MMM y, h a","yMMMd, h":"d MMM y, h a","yMMMEd, h":"E d MMM y, h a","yMMMM 'à' h":"MMMM y 'à' h a","EEEE d MMMM y 'à' H":"EEEE d MMMM y 'à' HH 'h'","d MMMM y 'à' H":"d MMMM y 'à' HH 'h'","d MMM y, H":"d MMM y, HH 'h'","dd/MM/y H":"dd/MM/y HH 'h'","d H":"d HH 'h'","E H":"E HH 'h'","Ed H":"E d HH 'h'","Gy H":"y G HH 'h'","GyMMM, H":"MMM y G, HH 'h'","GyMMMd, H":"d MMM y G, HH 'h'","GyMMMEd, H":"E d MMM y G, HH 'h'","M H":"L HH 'h'","Md H":"dd/MM HH 'h'","MEd H":"E dd/MM HH 'h'","MMM, H":"LLL, HH 'h'","MMMd, H":"d MMM, HH 'h'","MMMEd, H":"E d MMM, HH 'h'","MMMMd 'à' H":"d MMMM 'à' HH 'h'","y H":"y HH 'h'","yM H":"MM/y HH 'h'","yMd H":"dd/MM/y HH 'h'","yMEd H":"E dd/MM/y HH 'h'","yMMM, H":"MMM y, HH 'h'","yMMMd, H":"d MMM y, HH 'h'","yMMMEd, H":"E d MMM y, HH 'h'","yMMMM 'à' H":"MMMM y 'à' HH 'h'","EEEE d MMMM y 'à' hm":"EEEE d MMMM y 'à' h:mm a","d MMMM y 'à' hm":"d MMMM y 'à' h:mm a","d MMM y, hm":"d MMM y, h:mm a","dd/MM/y hm":"dd/MM/y h:mm a","d hm":"d h:mm a","E hm":"E h:mm a","Ed hm":"E d h:mm a","Gy hm":"y G h:mm a","GyMMM, hm":"MMM y G, h:mm a","GyMMMd, hm":"d MMM y G, h:mm a","GyMMMEd, hm":"E d MMM y G, h:mm a","M hm":"L h:mm a","Md hm":"dd/MM h:mm a","MEd hm":"E dd/MM h:mm a","MMM, hm":"LLL, h:mm a","MMMd, hm":"d MMM, h:mm a","MMMEd, hm":"E d MMM, h:mm a","MMMMd 'à' hm":"d MMMM 'à' h:mm a","y hm":"y h:mm a","yM hm":"MM/y h:mm a","yMd hm":"dd/MM/y h:mm a","yMEd hm":"E dd/MM/y h:mm a","yMMM, hm":"MMM y, h:mm a","yMMMd, hm":"d MMM y, h:mm a","yMMMEd, hm":"E d MMM y, h:mm a","yMMMM 'à' hm":"MMMM y 'à' h:mm a","EEEE d MMMM y 'à' Hm":"EEEE d MMMM y 'à' HH:mm","d MMMM y 'à' Hm":"d MMMM y 'à' HH:mm","d MMM y, Hm":"d MMM y, HH:mm","dd/MM/y Hm":"dd/MM/y HH:mm","d Hm":"d HH:mm","E Hm":"E HH:mm","Ed Hm":"E d HH:mm","Gy Hm":"y G HH:mm","GyMMM, Hm":"MMM y G, HH:mm","GyMMMd, Hm":"d MMM y G, HH:mm","GyMMMEd, Hm":"E d MMM y G, HH:mm","M Hm":"L HH:mm","Md Hm":"dd/MM HH:mm","MEd Hm":"E dd/MM HH:mm","MMM, Hm":"LLL, HH:mm","MMMd, Hm":"d MMM, HH:mm","MMMEd, Hm":"E d MMM, HH:mm","MMMMd 'à' Hm":"d MMMM 'à' HH:mm","y Hm":"y HH:mm","yM Hm":"MM/y HH:mm","yMd Hm":"dd/MM/y HH:mm","yMEd Hm":"E dd/MM/y HH:mm","yMMM, Hm":"MMM y, HH:mm","yMMMd, Hm":"d MMM y, HH:mm","yMMMEd, Hm":"E d MMM y, HH:mm","yMMMM 'à' Hm":"MMMM y 'à' HH:mm","EEEE d MMMM y 'à' hms":"EEEE d MMMM y 'à' h:mm:ss a","d MMMM y 'à' hms":"d MMMM y 'à' h:mm:ss a","d MMM y, hms":"d MMM y, h:mm:ss a","dd/MM/y hms":"dd/MM/y h:mm:ss a","d hms":"d h:mm:ss a","E hms":"E h:mm:ss a","Ed hms":"E d h:mm:ss a","Gy hms":"y G h:mm:ss a","GyMMM, hms":"MMM y G, h:mm:ss a","GyMMMd, hms":"d MMM y G, h:mm:ss a","GyMMMEd, hms":"E d MMM y G, h:mm:ss a","M hms":"L h:mm:ss a","Md hms":"dd/MM h:mm:ss a","MEd hms":"E dd/MM h:mm:ss a","MMM, hms":"LLL, h:mm:ss a","MMMd, hms":"d MMM, h:mm:ss a","MMMEd, hms":"E d MMM, h:mm:ss a","MMMMd 'à' hms":"d MMMM 'à' h:mm:ss a","y hms":"y h:mm:ss a","yM hms":"MM/y h:mm:ss a","yMd hms":"dd/MM/y h:mm:ss a","yMEd hms":"E dd/MM/y h:mm:ss a","yMMM, hms":"MMM y, h:mm:ss a","yMMMd, hms":"d MMM y, h:mm:ss a","yMMMEd, hms":"E d MMM y, h:mm:ss a","yMMMM 'à' hms":"MMMM y 'à' h:mm:ss a","EEEE d MMMM y 'à' Hms":"EEEE d MMMM y 'à' HH:mm:ss","d MMMM y 'à' Hms":"d MMMM y 'à' HH:mm:ss","d MMM y, Hms":"d MMM y, HH:mm:ss","dd/MM/y Hms":"dd/MM/y HH:mm:ss","d Hms":"d HH:mm:ss","E Hms":"E HH:mm:ss","Ed Hms":"E d HH:mm:ss","Gy Hms":"y G HH:mm:ss","GyMMM, Hms":"MMM y G, HH:mm:ss","GyMMMd, Hms":"d MMM y G, HH:mm:ss","GyMMMEd, Hms":"E d MMM y G, HH:mm:ss","M Hms":"L HH:mm:ss","Md Hms":"dd/MM HH:mm:ss","MEd Hms":"E dd/MM HH:mm:ss","MMM, Hms":"LLL, HH:mm:ss","MMMd, Hms":"d MMM, HH:mm:ss","MMMEd, Hms":"E d MMM, HH:mm:ss","MMMMd 'à' Hms":"d MMMM 'à' HH:mm:ss","y Hms":"y HH:mm:ss","yM Hms":"MM/y HH:mm:ss","yMd Hms":"dd/MM/y HH:mm:ss","yMEd Hms":"E dd/MM/y HH:mm:ss","yMMM, Hms":"MMM y, HH:mm:ss","yMMMd, Hms":"d MMM y, HH:mm:ss","yMMMEd, Hms":"E d MMM y, HH:mm:ss","yMMMM 'à' Hms":"MMMM y 'à' HH:mm:ss","EEEE d MMMM y 'à' hmsv":"EEEE d MMMM y 'à' h:mm:ss a v","d MMMM y 'à' hmsv":"d MMMM y 'à' h:mm:ss a v","d MMM y, hmsv":"d MMM y, h:mm:ss a v","dd/MM/y hmsv":"dd/MM/y h:mm:ss a v","d hmsv":"d h:mm:ss a v","E hmsv":"E h:mm:ss a v","Ed hmsv":"E d h:mm:ss a v","Gy hmsv":"y G h:mm:ss a v","GyMMM, hmsv":"MMM y G, h:mm:ss a v","GyMMMd, hmsv":"d MMM y G, h:mm:ss a v","GyMMMEd, hmsv":"E d MMM y G, h:mm:ss a v","M hmsv":"L h:mm:ss a v","Md hmsv":"dd/MM h:mm:ss a v","MEd hmsv":"E dd/MM h:mm:ss a v","MMM, hmsv":"LLL, h:mm:ss a v","MMMd, hmsv":"d MMM, h:mm:ss a v","MMMEd, hmsv":"E d MMM, h:mm:ss a v","MMMMd 'à' hmsv":"d MMMM 'à' h:mm:ss a v","y hmsv":"y h:mm:ss a v","yM hmsv":"MM/y h:mm:ss a v","yMd hmsv":"dd/MM/y h:mm:ss a v","yMEd hmsv":"E dd/MM/y h:mm:ss a v","yMMM, hmsv":"MMM y, h:mm:ss a v","yMMMd, hmsv":"d MMM y, h:mm:ss a v","yMMMEd, hmsv":"E d MMM y, h:mm:ss a v","yMMMM 'à' hmsv":"MMMM y 'à' h:mm:ss a v","EEEE d MMMM y 'à' Hmsv":"EEEE d MMMM y 'à' HH:mm:ss v","d MMMM y 'à' Hmsv":"d MMMM y 'à' HH:mm:ss v","d MMM y, Hmsv":"d MMM y, HH:mm:ss v","dd/MM/y Hmsv":"dd/MM/y HH:mm:ss v","d Hmsv":"d HH:mm:ss v","E Hmsv":"E HH:mm:ss v","Ed Hmsv":"E d HH:mm:ss v","Gy Hmsv":"y G HH:mm:ss v","GyMMM, Hmsv":"MMM y G, HH:mm:ss v","GyMMMd, Hmsv":"d MMM y G, HH:mm:ss v","GyMMMEd, Hmsv":"E d MMM y G, HH:mm:ss v","M Hmsv":"L HH:mm:ss v","Md Hmsv":"dd/MM HH:mm:ss v","MEd Hmsv":"E dd/MM HH:mm:ss v","MMM, Hmsv":"LLL, HH:mm:ss v","MMMd, Hmsv":"d MMM, HH:mm:ss v","MMMEd, Hmsv":"E d MMM, HH:mm:ss v","MMMMd 'à' Hmsv":"d MMMM 'à' HH:mm:ss v","y Hmsv":"y HH:mm:ss v","yM Hmsv":"MM/y HH:mm:ss v","yMd Hmsv":"dd/MM/y HH:mm:ss v","yMEd Hmsv":"E dd/MM/y HH:mm:ss v","yMMM, Hmsv":"MMM y, HH:mm:ss v","yMMMd, Hmsv":"d MMM y, HH:mm:ss v","yMMMEd, Hmsv":"E d MMM y, HH:mm:ss v","yMMMM 'à' Hmsv":"MMMM y 'à' HH:mm:ss v","EEEE d MMMM y 'à' hmv":"EEEE d MMMM y 'à' h:mm a v","d MMMM y 'à' hmv":"d MMMM y 'à' h:mm a v","d MMM y, hmv":"d MMM y, h:mm a v","dd/MM/y hmv":"dd/MM/y h:mm a v","d hmv":"d h:mm a v","E hmv":"E h:mm a v","Ed hmv":"E d h:mm a v","Gy hmv":"y G h:mm a v","GyMMM, hmv":"MMM y G, h:mm a v","GyMMMd, hmv":"d MMM y G, h:mm a v","GyMMMEd, hmv":"E d MMM y G, h:mm a v","M hmv":"L h:mm a v","Md hmv":"dd/MM h:mm a v","MEd hmv":"E dd/MM h:mm a v","MMM, hmv":"LLL, h:mm a v","MMMd, hmv":"d MMM, h:mm a v","MMMEd, hmv":"E d MMM, h:mm a v","MMMMd 'à' hmv":"d MMMM 'à' h:mm a v","y hmv":"y h:mm a v","yM hmv":"MM/y h:mm a v","yMd hmv":"dd/MM/y h:mm a v","yMEd hmv":"E dd/MM/y h:mm a v","yMMM, hmv":"MMM y, h:mm a v","yMMMd, hmv":"d MMM y, h:mm a v","yMMMEd, hmv":"E d MMM y, h:mm a v","yMMMM 'à' hmv":"MMMM y 'à' h:mm a v","EEEE d MMMM y 'à' Hmv":"EEEE d MMMM y 'à' HH:mm v","d MMMM y 'à' Hmv":"d MMMM y 'à' HH:mm v","d MMM y, Hmv":"d MMM y, HH:mm v","dd/MM/y Hmv":"dd/MM/y HH:mm v","d Hmv":"d HH:mm v","E Hmv":"E HH:mm v","Ed Hmv":"E d HH:mm v","Gy Hmv":"y G HH:mm v","GyMMM, Hmv":"MMM y G, HH:mm v","GyMMMd, Hmv":"d MMM y G, HH:mm v","GyMMMEd, Hmv":"E d MMM y G, HH:mm v","M Hmv":"L HH:mm v","Md Hmv":"dd/MM HH:mm v","MEd Hmv":"E dd/MM HH:mm v","MMM, Hmv":"LLL, HH:mm v","MMMd, Hmv":"d MMM, HH:mm v","MMMEd, Hmv":"E d MMM, HH:mm v","MMMMd 'à' Hmv":"d MMMM 'à' HH:mm v","y Hmv":"y HH:mm v","yM Hmv":"MM/y HH:mm v","yMd Hmv":"dd/MM/y HH:mm v","yMEd Hmv":"E dd/MM/y HH:mm v","yMMM, Hmv":"MMM y, HH:mm v","yMMMd, Hmv":"d MMM y, HH:mm v","yMMMEd, Hmv":"E d MMM y, HH:mm v","yMMMM 'à' Hmv":"MMMM y 'à' HH:mm v","EEEE d MMMM y 'à' ms":"EEEE d MMMM y 'à' mm:ss","d MMMM y 'à' ms":"d MMMM y 'à' mm:ss","d MMM y, ms":"d MMM y, mm:ss","dd/MM/y ms":"dd/MM/y mm:ss","d ms":"d mm:ss","E ms":"E mm:ss","Ed ms":"E d mm:ss","Gy ms":"y G mm:ss","GyMMM, ms":"MMM y G, mm:ss","GyMMMd, ms":"d MMM y G, mm:ss","GyMMMEd, ms":"E d MMM y G, mm:ss","M ms":"L mm:ss","Md ms":"dd/MM mm:ss","MEd ms":"E dd/MM mm:ss","MMM, ms":"LLL, mm:ss","MMMd, ms":"d MMM, mm:ss","MMMEd, ms":"E d MMM, mm:ss","MMMMd 'à' ms":"d MMMM 'à' mm:ss","y ms":"y mm:ss","yM ms":"MM/y mm:ss","yMd ms":"dd/MM/y mm:ss","yMEd ms":"E dd/MM/y mm:ss","yMMM, ms":"MMM y, mm:ss","yMMMd, ms":"d MMM y, mm:ss","yMMMEd, ms":"E d MMM y, mm:ss","yMMMM 'à' ms":"MMMM y 'à' mm:ss"}},"intervalFormats":{"intervalFormatFallback":"{0} – {1}","Bh":{"B":"h B – h B","h":"h – h B"},"Bhm":{"B":"h:mm B – h:mm B","h":"h:mm – h:mm B","m":"h:mm – h:mm B"},"d":{"d":"d–d"},"Gy":{"G":"y G 'à' y G","y":"y–y G"},"GyM":{"G":"M/y G 'à' M/y G","M":"M–M/y G","y":"M/y 'à' M/y G"},"GyMd":{"d":"d–d/M/y G","G":"d/M/y G 'à' d/M/y G","M":"d/M 'à' d/M/y G","y":"d/M/y 'à' d/M/y G"},"GyMEd":{"d":"E d 'à' E d/M/y G","G":"E d/M/y G 'à' E d/M/y G","M":"E d/M 'à' E d/M/y G","y":"E d/M/y 'à' E d/M/y G"},"GyMMM":{"G":"MMM y G 'à' MMM y G","M":"MMM 'à' MMM y G","y":"MMM y 'à' MMM y G"},"GyMMMd":{"d":"d–d MMM y G","G":"d MMM y G 'à' d MMM y G","M":"d MMM 'à' d MMM y G","y":"d MMM y 'à' d MMM y G"},"GyMMMEd":{"d":"E d 'à' E d MMM y G","G":"E d MMM y G 'à' E d MMM y G","M":"E d MMM 'à' E d MMM y G","y":"E d MMM y 'à' E d MMM y G"},"h":{"a":"h a – h a","h":"h – h a"},"H":{"H":"HH – HH"},"hm":{"a":"h:mm a – h:mm a","h":"h:mm – h:mm a","m":"h:mm – h:mm a"},"Hm":{"H":"HH:mm – HH:mm","m":"HH:mm – HH:mm"},"hmv":{"a":"h:mm a – h:mm a v","h":"h:mm – h:mm a v","m":"h:mm – h:mm a v"},"Hmv":{"H":"HH:mm – HH:mm v","m":"HH:mm – HH:mm v"},"hv":{"a":"h a – h a v","h":"h – h a v"},"Hv":{"H":"HH – HH v"},"M":{"M":"M–M"},"Md":{"d":"dd/MM – dd/MM","M":"dd/MM – dd/MM"},"MEd":{"d":"E dd/MM – E dd/MM","M":"E dd/MM – E dd/MM"},"MMM":{"M":"MMM–MMM"},"MMMd":{"d":"d–d MMM","M":"d MMM – d MMM"},"MMMEd":{"d":"E d – E d MMM","M":"E d MMM – E d MMM"},"y":{"y":"y–y"},"yM":{"M":"MM/y – MM/y","y":"MM/y – MM/y"},"yMd":{"d":"dd/MM/y – dd/MM/y","M":"dd/MM/y – dd/MM/y","y":"dd/MM/y – dd/MM/y"},"yMEd":{"d":"E dd/MM/y – E dd/MM/y","M":"E dd/MM/y – E dd/MM/y","y":"E dd/MM/y – E dd/MM/y"},"yMMM":{"M":"MMM–MMM y","y":"MMM y – MMM y"},"yMMMd":{"d":"d–d MMM y","M":"d MMM – d MMM y","y":"d MMM y – d MMM y"},"yMMMEd":{"d":"E d – E d MMM y","M":"E d MMM – E d MMM y","y":"E d MMM y – E d MMM y"},"yMMMM":{"M":"MMMM – MMMM y","y":"MMMM y – MMMM y"}},"hourCycle":"h23","nu":["latn"],"ca":["gregory"],"hc":["h23",""]},"locale":"fr"}
