{"data":{"am":"de.","pm":"du.","weekday":{"narrow":["V","H","K","Sz","Cs","P","Sz"],"short":["V","H","K","Sze","Cs","P","Szo"],"long":["vasárnap","hétfő","kedd","szerda","csütörtök","péntek","szombat"]},"era":{"narrow":{"BC":"ie.","AD":"isz."},"short":{"BC":"i. e.","AD":"i. sz."},"long":{"BC":"Krisztus előtt","AD":"időszámításunk szerint"}},"month":{"narrow":["J","F","M","Á","M","J","J","A","Sz","O","N","D"],"short":["jan.","febr.","márc.","ápr.","máj.","jún.","júl.","aug.","szept.","okt.","nov.","dec."],"long":["január","február","március","április","május","június","július","augusztus","szeptember","október","november","december"]},"timeZoneName":{"America/Rio_Branco":{"long":["Acre zónaidő","Acre nyári idő"]},"Asia/Kabul":{"long":["afganisztáni idő","afganisztáni idő"]},"Africa/Maputo":{"long":["közép-afrikai téli idő","közép-afrikai téli idő"]},"Africa/Bujumbura":{"long":["közép-afrikai téli idő","közép-afrikai téli idő"]},"Africa/Gaborone":{"long":["közép-afrikai téli idő","közép-afrikai téli idő"]},"Africa/Lubumbashi":{"long":["közép-afrikai téli idő","közép-afrikai téli idő"]},"Africa/Blantyre":{"long":["közép-afrikai téli idő","közép-afrikai téli idő"]},"Africa/Kigali":{"long":["közép-afrikai téli idő","közép-afrikai téli idő"]},"Africa/Lusaka":{"long":["közép-afrikai téli idő","közép-afrikai téli idő"]},"Africa/Harare":{"long":["közép-afrikai téli idő","közép-afrikai téli idő"]},"Africa/Nairobi":{"long":["kelet-afrikai téli idő","kelet-afrikai téli idő"]},"Africa/Djibouti":{"long":["kelet-afrikai téli idő","kelet-afrikai téli idő"]},"Africa/Asmera":{"long":["kelet-afrikai téli idő","kelet-afrikai téli idő"]},"Africa/Addis_Ababa":{"long":["kelet-afrikai téli idő","kelet-afrikai téli idő"]},"Indian/Comoro":{"long":["kelet-afrikai téli idő","kelet-afrikai téli idő"]},"Indian/Antananarivo":{"long":["kelet-afrikai téli idő","kelet-afrikai téli idő"]},"Africa/Mogadishu":{"long":["kelet-afrikai téli idő","kelet-afrikai téli idő"]},"Africa/Dar_es_Salaam":{"long":["kelet-afrikai téli idő","kelet-afrikai téli idő"]},"Africa/Kampala":{"long":["kelet-afrikai téli idő","kelet-afrikai téli idő"]},"Indian/Mayotte":{"long":["kelet-afrikai téli idő","kelet-afrikai téli idő"]},"Africa/Johannesburg":{"long":["dél-afrikai téli idő","dél-afrikai téli idő"]},"Africa/Maseru":{"long":["dél-afrikai téli idő","dél-afrikai téli idő"]},"Africa/Mbabane":{"long":["dél-afrikai téli idő","dél-afrikai téli idő"]},"Africa/Lagos":{"long":["nyugat-afrikai téli idő","nyugat-afrikai nyári idő"]},"Africa/Luanda":{"long":["nyugat-afrikai téli idő","nyugat-afrikai nyári idő"]},"Africa/Porto-Novo":{"long":["nyugat-afrikai téli idő","nyugat-afrikai nyári idő"]},"Africa/Kinshasa":{"long":["nyugat-afrikai téli idő","nyugat-afrikai nyári idő"]},"Africa/Bangui":{"long":["nyugat-afrikai téli idő","nyugat-afrikai nyári idő"]},"Africa/Brazzaville":{"long":["nyugat-afrikai téli idő","nyugat-afrikai nyári idő"]},"Africa/Douala":{"long":["nyugat-afrikai téli idő","nyugat-afrikai nyári idő"]},"Africa/Libreville":{"long":["nyugat-afrikai téli idő","nyugat-afrikai nyári idő"]},"Africa/Malabo":{"long":["nyugat-afrikai téli idő","nyugat-afrikai nyári idő"]},"Africa/Niamey":{"long":["nyugat-afrikai téli idő","nyugat-afrikai nyári idő"]},"Africa/Ndjamena":{"long":["nyugat-afrikai téli idő","nyugat-afrikai nyári idő"]},"Asia/Aqtobe":{"long":["nyugat-kazahsztáni idő","nyugat-kazahsztáni idő"]},"America/Juneau":{"long":["alaszkai zónaidő","alaszkai nyári idő"]},"Asia/Almaty":{"long":["kelet-kazahsztáni idő","kelet-kazahsztáni idő"]},"America/Manaus":{"long":["amazóniai téli idő","amazóniai nyári idő"]},"America/Chicago":{"long":["középső államokbeli zónaidő","középső államokbeli nyári idő"]},"America/Belize":{"long":["középső államokbeli zónaidő","középső államokbeli nyári idő"]},"America/Winnipeg":{"long":["középső államokbeli zónaidő","középső államokbeli nyári idő"]},"America/Costa_Rica":{"long":["középső államokbeli zónaidő","középső államokbeli nyári idő"]},"America/Guatemala":{"long":["középső államokbeli zónaidő","középső államokbeli nyári idő"]},"America/Tegucigalpa":{"long":["középső államokbeli zónaidő","középső államokbeli nyári idő"]},"America/Mexico_City":{"long":["középső államokbeli zónaidő","középső államokbeli nyári idő"]},"America/El_Salvador":{"long":["középső államokbeli zónaidő","középső államokbeli nyári idő"]},"America/New_York":{"long":["keleti államokbeli zónaidő","keleti államokbeli nyári idő"]},"America/Nassau":{"long":["keleti államokbeli zónaidő","keleti államokbeli nyári idő"]},"America/Toronto":{"long":["keleti államokbeli zónaidő","keleti államokbeli nyári idő"]},"America/Port-au-Prince":{"long":["keleti államokbeli zónaidő","keleti államokbeli nyári idő"]},"America/Jamaica":{"long":["keleti államokbeli zónaidő","keleti államokbeli nyári idő"]},"America/Cayman":{"long":["keleti államokbeli zónaidő","keleti államokbeli nyári idő"]},"America/Panama":{"long":["keleti államokbeli zónaidő","keleti államokbeli nyári idő"]},"America/Denver":{"long":["hegyvidéki zónaidő","hegyvidéki nyári idő"]},"America/Edmonton":{"long":["hegyvidéki zónaidő","hegyvidéki nyári idő"]},"America/Hermosillo":{"long":["hegyvidéki zónaidő","hegyvidéki nyári idő"]},"America/Los_Angeles":{"long":["csendes-óceáni zónaidő","csendes-óceáni nyári idő"]},"America/Vancouver":{"long":["csendes-óceáni zónaidő","csendes-óceáni nyári idő"]},"America/Tijuana":{"long":["csendes-óceáni zónaidő","csendes-óceáni nyári idő"]},"Asia/Anadyr":{"long":["Anadíri zónaidő","Anadíri nyári idő"]},"Pacific/Apia":{"long":["apiai téli idő","apiai nyári idő"]},"Asia/Riyadh":{"long":["arab téli idő","arab nyári idő"]},"Asia/Bahrain":{"long":["arab téli idő","arab nyári idő"]},"Asia/Baghdad":{"long":["arab téli idő","arab nyári idő"]},"Asia/Kuwait":{"long":["arab téli idő","arab nyári idő"]},"Asia/Qatar":{"long":["arab téli idő","arab nyári idő"]},"Asia/Aden":{"long":["arab téli idő","arab nyári idő"]},"America/Buenos_Aires":{"long":["argentínai téli idő","argentínai nyári idő"]},"America/Argentina/San_Luis":{"long":["nyugat-argentínai téli idő","nyugat-argentínai nyári idő"]},"Asia/Ashgabat":{"long":["türkmenisztáni téli idő","türkmenisztáni nyári idő"]},"America/Halifax":{"long":["atlanti-óceáni zónaidő","atlanti-óceáni nyári idő"]},"America/Antigua":{"long":["atlanti-óceáni zónaidő","atlanti-óceáni nyári idő"]},"America/Anguilla":{"long":["atlanti-óceáni zónaidő","atlanti-óceáni nyári idő"]},"America/Aruba":{"long":["atlanti-óceáni zónaidő","atlanti-óceáni nyári idő"]},"America/Barbados":{"long":["atlanti-óceáni zónaidő","atlanti-óceáni nyári idő"]},"Atlantic/Bermuda":{"long":["atlanti-óceáni zónaidő","atlanti-óceáni nyári idő"]},"America/Kralendijk":{"long":["atlanti-óceáni zónaidő","atlanti-óceáni nyári idő"]},"America/Curacao":{"long":["atlanti-óceáni zónaidő","atlanti-óceáni nyári idő"]},"America/Dominica":{"long":["atlanti-óceáni zónaidő","atlanti-óceáni nyári idő"]},"America/Grenada":{"long":["atlanti-óceáni zónaidő","atlanti-óceáni nyári idő"]},"America/Thule":{"long":["atlanti-óceáni zónaidő","atlanti-óceáni nyári idő"]},"America/Guadeloupe":{"long":["atlanti-óceáni zónaidő","atlanti-óceáni nyári idő"]},"America/St_Kitts":{"long":["atlanti-óceáni zónaidő","atlanti-óceáni nyári idő"]},"America/St_Lucia":{"long":["atlanti-óceáni zónaidő","atlanti-óceáni nyári idő"]},"America/Marigot":{"long":["atlanti-óceáni zónaidő","atlanti-óceáni nyári idő"]},"America/Martinique":{"long":["atlanti-óceáni zónaidő","atlanti-óceáni nyári idő"]},"America/Montserrat":{"long":["atlanti-óceáni zónaidő","atlanti-óceáni nyári idő"]},"America/Puerto_Rico":{"long":["atlanti-óceáni zónaidő","atlanti-óceáni nyári idő"]},"America/Lower_Princes":{"long":["atlanti-óceáni zónaidő","atlanti-óceáni nyári idő"]},"America/Port_of_Spain":{"long":["atlanti-óceáni zónaidő","atlanti-óceáni nyári idő"]},"America/St_Vincent":{"long":["atlanti-óceáni zónaidő","atlanti-óceáni nyári idő"]},"America/Tortola":{"long":["atlanti-óceáni zónaidő","atlanti-óceáni nyári idő"]},"America/St_Thomas":{"long":["atlanti-óceáni zónaidő","atlanti-óceáni nyári idő"]},"Australia/Adelaide":{"long":["közép-ausztráliai téli idő","közép-ausztráliai nyári idő"]},"Australia/Eucla":{"long":["közép-nyugat-ausztráliai téli idő","közép-nyugat-ausztráliai nyári idő"]},"Australia/Sydney":{"long":["kelet-ausztráliai téli idő","kelet-ausztráliai nyári idő"]},"Australia/Perth":{"long":["nyugat-ausztráliai téli idő","nyugat-ausztráliai nyári idő"]},"Atlantic/Azores":{"long":["azori téli idő","azori nyári idő"]},"Asia/Thimphu":{"long":["butáni idő","butáni idő"]},"America/La_Paz":{"long":["bolíviai téli idő","bolíviai téli idő"]},"Asia/Kuching":{"long":["malajziai idő","malajziai idő"]},"America/Sao_Paulo":{"long":["brazíliai téli idő","brazíliai nyári idő"]},"Europe/London":{"long":["greenwichi középidő, téli idő","greenwichi középidő, téli idő"],"short":["GMT","GMT"]},"Asia/Brunei":{"long":["Brunei Darussalam-i idő","Brunei Darussalam-i idő"]},"Atlantic/Cape_Verde":{"long":["zöld-foki-szigeteki téli idő","zöld-foki-szigeteki nyári idő"]},"Pacific/Saipan":{"long":["Észak-mariana-szigeteki idő","Észak-mariana-szigeteki idő"]},"Pacific/Guam":{"long":["Guami zónaidő","Guami zónaidő"]},"Pacific/Chatham":{"long":["chathami téli idő","chathami nyári idő"]},"America/Santiago":{"long":["chilei téli idő","chilei nyári idő"]},"Asia/Shanghai":{"long":["kínai téli idő","kínai nyári idő"]},"Asia/Choibalsan":{"long":["csojbalszani téli idő","csojbalszani nyári idő"]},"Indian/Christmas":{"long":["karácsony-szigeti téli idő","karácsony-szigeti téli idő"]},"Indian/Cocos":{"long":["kókusz-szigeteki téli idő","kókusz-szigeteki téli idő"]},"America/Bogota":{"long":["kolumbiai téli idő","kolumbiai nyári idő"]},"Pacific/Rarotonga":{"long":["cook-szigeteki téli idő","cook-szigeteki fél nyári idő"]},"America/Havana":{"long":["kubai téli idő","kubai nyári idő"]},"Antarctica/Davis":{"long":["davisi idő","davisi idő"]},"Antarctica/DumontDUrville":{"long":["dumont-d’Urville-i idő","dumont-d’Urville-i idő"]},"Asia/Dushanbe":{"long":["tádzsikisztáni idő","tádzsikisztáni idő"]},"America/Paramaribo":{"long":["szurinámi idő","szurinámi idő"]},"Asia/Dili":{"long":["kelet-timori téli idő","kelet-timori téli idő"]},"Pacific/Easter":{"long":["húsvét-szigeti téli idő","húsvét-szigeti nyári idő"]},"America/Guayaquil":{"long":["ecuadori téli idő","ecuadori téli idő"]},"Europe/Paris":{"long":["közép-európai téli idő","közép-európai nyári idő"],"short":["CET","CEST"]},"Europe/Andorra":{"long":["közép-európai téli idő","közép-európai nyári idő"],"short":["CET","CEST"]},"Europe/Tirane":{"long":["közép-európai téli idő","közép-európai nyári idő"],"short":["CET","CEST"]},"Europe/Vienna":{"long":["közép-európai téli idő","közép-európai nyári idő"],"short":["CET","CEST"]},"Europe/Sarajevo":{"long":["közép-európai téli idő","közép-európai nyári idő"],"short":["CET","CEST"]},"Europe/Brussels":{"long":["közép-európai téli idő","közép-európai nyári idő"],"short":["CET","CEST"]},"Europe/Zurich":{"long":["közép-európai téli idő","közép-európai nyári idő"],"short":["CET","CEST"]},"Europe/Prague":{"long":["közép-európai téli idő","közép-európai nyári idő"],"short":["CET","CEST"]},"Europe/Berlin":{"long":["közép-európai téli idő","közép-európai nyári idő"],"short":["CET","CEST"]},"Europe/Copenhagen":{"long":["közép-európai téli idő","közép-európai nyári idő"],"short":["CET","CEST"]},"Europe/Madrid":{"long":["közép-európai téli idő","közép-európai nyári idő"],"short":["CET","CEST"]},"Europe/Gibraltar":{"long":["közép-európai téli idő","közép-európai nyári idő"],"short":["CET","CEST"]},"Europe/Zagreb":{"long":["közép-európai téli idő","közép-európai nyári idő"],"short":["CET","CEST"]},"Europe/Budapest":{"long":["közép-európai téli idő","közép-európai nyári idő"],"short":["CET","CEST"]},"Europe/Rome":{"long":["közép-európai téli idő","közép-európai nyári idő"],"short":["CET","CEST"]},"Europe/Vaduz":{"long":["közép-európai téli idő","közép-európai nyári idő"],"short":["CET","CEST"]},"Europe/Luxembourg":{"long":["közép-európai téli idő","közép-európai nyári idő"],"short":["CET","CEST"]},"Europe/Monaco":{"long":["közép-európai téli idő","közép-európai nyári idő"],"short":["CET","CEST"]},"Europe/Podgorica":{"long":["közép-európai téli idő","közép-európai nyári idő"],"short":["CET","CEST"]},"Europe/Skopje":{"long":["közép-európai téli idő","közép-európai nyári idő"],"short":["CET","CEST"]},"Europe/Malta":{"long":["közép-európai téli idő","közép-európai nyári idő"],"short":["CET","CEST"]},"Europe/Amsterdam":{"long":["közép-európai téli idő","közép-európai nyári idő"],"short":["CET","CEST"]},"Europe/Oslo":{"long":["közép-európai téli idő","közép-európai nyári idő"],"short":["CET","CEST"]},"Europe/Warsaw":{"long":["közép-európai téli idő","közép-európai nyári idő"],"short":["CET","CEST"]},"Europe/Belgrade":{"long":["közép-európai téli idő","közép-európai nyári idő"],"short":["CET","CEST"]},"Europe/Stockholm":{"long":["közép-európai téli idő","közép-európai nyári idő"],"short":["CET","CEST"]},"Europe/Ljubljana":{"long":["közép-európai téli idő","közép-európai nyári idő"],"short":["CET","CEST"]},"Arctic/Longyearbyen":{"long":["közép-európai téli idő","közép-európai nyári idő"],"short":["CET","CEST"]},"Europe/Bratislava":{"long":["közép-európai téli idő","közép-európai nyári idő"],"short":["CET","CEST"]},"Europe/San_Marino":{"long":["közép-európai téli idő","közép-európai nyári idő"],"short":["CET","CEST"]},"Africa/Tunis":{"long":["közép-európai téli idő","közép-európai nyári idő"],"short":["CET","CEST"]},"Europe/Vatican":{"long":["közép-európai téli idő","közép-európai nyári idő"],"short":["CET","CEST"]},"Europe/Bucharest":{"long":["kelet-európai téli idő","kelet-európai nyári idő"],"short":["EET","EEST"]},"Europe/Mariehamn":{"long":["kelet-európai téli idő","kelet-európai nyári idő"],"short":["EET","EEST"]},"Europe/Sofia":{"long":["kelet-európai téli idő","kelet-európai nyári idő"],"short":["EET","EEST"]},"Asia/Nicosia":{"long":["kelet-európai téli idő","kelet-európai nyári idő"],"short":["EET","EEST"]},"Africa/Cairo":{"long":["kelet-európai téli idő","kelet-európai nyári idő"],"short":["EET","EEST"]},"Europe/Helsinki":{"long":["kelet-európai téli idő","kelet-európai nyári idő"],"short":["EET","EEST"]},"Europe/Athens":{"long":["kelet-európai téli idő","kelet-európai nyári idő"],"short":["EET","EEST"]},"Asia/Amman":{"long":["kelet-európai téli idő","kelet-európai nyári idő"],"short":["EET","EEST"]},"Asia/Beirut":{"long":["kelet-európai téli idő","kelet-európai nyári idő"],"short":["EET","EEST"]},"Asia/Damascus":{"long":["kelet-európai téli idő","kelet-európai nyári idő"],"short":["EET","EEST"]},"Europe/Minsk":{"long":["minszki idő","minszki idő"]},"Europe/Kaliningrad":{"long":["minszki idő","minszki idő"]},"Atlantic/Canary":{"long":["nyugat-európai téli idő","nyugat-európai nyári idő"],"short":["WET","WEST"]},"Atlantic/Faeroe":{"long":["nyugat-európai téli idő","nyugat-európai nyári idő"],"short":["WET","WEST"]},"Atlantic/Stanley":{"long":["falkland-szigeteki téli idő","falkland-szigeteki nyári idő"]},"Pacific/Fiji":{"long":["fidzsi téli idő","fidzsi nyári idő"]},"America/Cayenne":{"long":["francia-guyanai idő","francia-guyanai idő"]},"Indian/Kerguelen":{"long":["francia déli és antarktiszi idő","francia déli és antarktiszi idő"]},"Asia/Bishkek":{"long":["kirgizisztáni idő","kirgizisztáni idő"]},"Pacific/Galapagos":{"long":["galápagosi téli idő","galápagosi téli idő"]},"Pacific/Gambier":{"long":["gambieri idő","gambieri idő"]},"Pacific/Tarawa":{"long":["gilbert-szigeteki idő","gilbert-szigeteki idő"]},"Atlantic/Reykjavik":{"long":["greenwichi középidő, téli idő","greenwichi középidő, téli idő"],"short":["GMT","GMT"]},"Africa/Ouagadougou":{"long":["greenwichi középidő, téli idő","greenwichi középidő, téli idő"],"short":["GMT","GMT"]},"Africa/Abidjan":{"long":["greenwichi középidő, téli idő","greenwichi középidő, téli idő"],"short":["GMT","GMT"]},"Africa/Accra":{"long":["greenwichi középidő, téli idő","greenwichi középidő, téli idő"],"short":["GMT","GMT"]},"Africa/Banjul":{"long":["greenwichi középidő, téli idő","greenwichi középidő, téli idő"],"short":["GMT","GMT"]},"Africa/Conakry":{"long":["greenwichi középidő, téli idő","greenwichi középidő, téli idő"],"short":["GMT","GMT"]},"Africa/Bamako":{"long":["greenwichi középidő, téli idő","greenwichi középidő, téli idő"],"short":["GMT","GMT"]},"Africa/Nouakchott":{"long":["greenwichi középidő, téli idő","greenwichi középidő, téli idő"],"short":["GMT","GMT"]},"Atlantic/St_Helena":{"long":["greenwichi középidő, téli idő","greenwichi középidő, téli idő"],"short":["GMT","GMT"]},"Africa/Freetown":{"long":["greenwichi középidő, téli idő","greenwichi középidő, téli idő"],"short":["GMT","GMT"]},"Africa/Dakar":{"long":["greenwichi középidő, téli idő","greenwichi középidő, téli idő"],"short":["GMT","GMT"]},"Africa/Lome":{"long":["greenwichi középidő, téli idő","greenwichi középidő, téli idő"],"short":["GMT","GMT"]},"America/Scoresbysund":{"long":["kelet-grönlandi téli idő","kelet-grönlandi nyári idő"]},"America/Godthab":{"long":["nyugat-grönlandi téli idő","nyugat-grönlandi nyári idő"]},"Asia/Dubai":{"long":["öbölbeli téli idő","öbölbeli téli idő"]},"Asia/Muscat":{"long":["öbölbeli téli idő","öbölbeli téli idő"]},"America/Guyana":{"long":["guyanai téli idő","guyanai téli idő"]},"Pacific/Honolulu":{"long":["hawaii-aleuti téli idő","hawaii-aleuti nyári idő"]},"Asia/Hong_Kong":{"long":["hongkongi téli idő","hongkongi nyári idő"]},"Asia/Hovd":{"long":["hovdi téli idő","hovdi nyári idő"]},"Asia/Calcutta":{"long":["indiai téli idő","indiai téli idő"]},"Asia/Colombo":{"long":["Lankai idő","Lankai idő"]},"Indian/Chagos":{"long":["indiai-óceáni idő","indiai-óceáni idő"]},"Asia/Bangkok":{"long":["indokínai idő","indokínai idő"]},"Asia/Phnom_Penh":{"long":["indokínai idő","indokínai idő"]},"Asia/Vientiane":{"long":["indokínai idő","indokínai idő"]},"Asia/Makassar":{"long":["közép-indonéziai idő","közép-indonéziai idő"]},"Asia/Jayapura":{"long":["kelet-indonéziai idő","kelet-indonéziai idő"]},"Asia/Jakarta":{"long":["nyugat-indonéziai téli idő","nyugat-indonéziai téli idő"]},"Asia/Tehran":{"long":["iráni téli idő","iráni nyári idő"]},"Asia/Irkutsk":{"long":["irkutszki téli idő","irkutszki nyári idő"]},"Asia/Jerusalem":{"long":["izraeli téli idő","izraeli nyári idő"]},"Asia/Tokyo":{"long":["japán téli idő","japán nyári idő"]},"Asia/Kamchatka":{"long":["Petropavlovszk-kamcsatkai zónaidő","Petropavlovszk-kamcsatkai nyári idő"]},"Asia/Karachi":{"long":["pakisztáni téli idő","pakisztáni nyári idő"]},"Asia/Qyzylorda":{"long":["Qyzylordai zónaidő","Qyzylordai nyári idő"]},"Asia/Seoul":{"long":["koreai téli idő","koreai nyári idő"]},"Pacific/Kosrae":{"long":["kosraei idő","kosraei idő"]},"Asia/Krasnoyarsk":{"long":["krasznojarszki téli idő","krasznojarszki nyári idő"]},"Europe/Samara":{"long":["Szamarai zónaidő","Szamarai nyári idő"]},"Pacific/Kiritimati":{"long":["sor-szigeteki idő","sor-szigeteki idő"]},"Australia/Lord_Howe":{"long":["Lord Howe-szigeti téli idő","Lord Howe-szigeti nyári idő"]},"Asia/Macau":{"long":["Macaui zónaidő","Macaui nyári idő"]},"Antarctica/Macquarie":{"long":["macquarie-szigeti téli idő","macquarie-szigeti téli idő"]},"Asia/Magadan":{"long":["magadani téli idő","magadáni nyári idő"]},"Indian/Maldives":{"long":["maldív-szigeteki idő","maldív-szigeteki idő"]},"Pacific/Marquesas":{"long":["marquises-szigeteki idő","marquises-szigeteki idő"]},"Pacific/Majuro":{"long":["marshall-szigeteki idő","marshall-szigeteki idő"]},"Indian/Mauritius":{"long":["mauritiusi téli idő","mauritiusi nyári idő"]},"Antarctica/Mawson":{"long":["mawsoni idő","mawsoni idő"]},"America/Santa_Isabel":{"long":["északnyugat-mexikói zónaidő","északnyugat-mexikói nyári idő"]},"America/Mazatlan":{"long":["mexikói csendes-óceáni zónaidő","mexikói csendes-óceáni nyári idő"]},"Asia/Ulaanbaatar":{"long":["ulánbátori téli idő","ulánbátori nyári idő"]},"Europe/Moscow":{"long":["moszkvai téli idő","moszkvai nyári idő"]},"Asia/Rangoon":{"long":["mianmari idő","mianmari idő"]},"Pacific/Nauru":{"long":["naurui idő","naurui idő"]},"Asia/Katmandu":{"long":["nepáli idő","nepáli idő"]},"Pacific/Noumea":{"long":["új-kaledóniai téli idő","új-kaledóniai nyári idő"]},"Pacific/Auckland":{"long":["új-zélandi téli idő","új-zélandi nyári idő"]},"Antarctica/McMurdo":{"long":["új-zélandi téli idő","új-zélandi nyári idő"]},"America/St_Johns":{"long":["új-fundlandi zónaidő","új-fundlandi nyári idő"]},"Pacific/Niue":{"long":["niuei idő","niuei idő"]},"Pacific/Norfolk":{"long":["norfolk-szigeteki téli idő","norfolk-szigeteki nyári idő"]},"America/Noronha":{"long":["Fernando de Noronha-i téli idő","Fernando de Noronha-i nyári idő"]},"Asia/Novosibirsk":{"long":["novoszibirszki téli idő","novoszibirszki nyári idő"]},"Asia/Omsk":{"long":["omszki téli idő","omszki nyári idő"]},"Pacific/Palau":{"long":["palaui idő","palaui idő"]},"Pacific/Port_Moresby":{"long":["pápua új-guineai idő","pápua új-guineai idő"]},"America/Asuncion":{"long":["paraguayi téli idő","paraguayi nyári idő"]},"America/Lima":{"long":["perui téli idő","perui nyári idő"]},"Asia/Manila":{"long":["fülöp-szigeteki téli idő","fülöp-szigeteki nyári idő"]},"Pacific/Enderbury":{"long":["phoenix-szigeteki téli idő","phoenix-szigeteki téli idő"]},"America/Miquelon":{"long":["Saint-Pierre és Miquelon-i zónaidő","Saint-Pierre és Miquelon-i nyári idő"]},"Pacific/Pitcairn":{"long":["pitcairn-szigeteki idő","pitcairn-szigeteki idő"]},"Pacific/Ponape":{"long":["ponape-szigeti idő","ponape-szigeti idő"]},"Asia/Pyongyang":{"long":["phenjani idő","phenjani idő"]},"Indian/Reunion":{"long":["réunioni idő","réunioni idő"]},"Antarctica/Rothera":{"long":["rotherai idő","rotherai idő"]},"Asia/Sakhalin":{"long":["szahalini téli idő","szahalini nyári idő"]},"Pacific/Pago_Pago":{"long":["szamoai téli idő","szamoai nyári idő"]},"Indian/Mahe":{"long":["seychelle-szigeteki idő","seychelle-szigeteki idő"]},"Asia/Singapore":{"long":["szingapúri téli idő","szingapúri téli idő"]},"Pacific/Guadalcanal":{"long":["salamon-szigeteki idő","salamon-szigeteki idő"]},"Atlantic/South_Georgia":{"long":["déli-georgiai idő","déli-georgiai idő"]},"Asia/Yekaterinburg":{"long":["jekatyerinburgi téli idő","jekatyerinburgi nyári idő"]},"Antarctica/Syowa":{"long":["syowai idő","syowai idő"]},"Pacific/Tahiti":{"long":["tahiti idő","tahiti idő"]},"Asia/Taipei":{"long":["taipei téli idő","taipei nyári idő"]},"Asia/Tashkent":{"long":["üzbegisztáni téli idő","üzbegisztáni nyári idő"]},"Pacific/Fakaofo":{"long":["tokelaui idő","tokelaui idő"]},"Pacific/Tongatapu":{"long":["tongai téli idő","tongai nyári idő"]},"Pacific/Truk":{"long":["truki idő","truki idő"]},"Pacific/Funafuti":{"long":["tuvalui idő","tuvalui idő"]},"America/Montevideo":{"long":["uruguayi téli idő","uruguayi nyári idő"]},"Pacific/Efate":{"long":["vanuatui téli idő","vanuatui nyári idő"]},"America/Caracas":{"long":["venezuelai idő","venezuelai idő"]},"Asia/Vladivostok":{"long":["vlagyivosztoki téli idő","vlagyivosztoki nyári idő"]},"Europe/Volgograd":{"long":["volgográdi téli idő","volgográdi nyári idő"]},"Antarctica/Vostok":{"long":["vosztoki idő","vosztoki idő"]},"Pacific/Wake":{"long":["wake-szigeti idő","wake-szigeti idő"]},"Pacific/Wallis":{"long":["Wallis és Futuna-i idő","Wallis és Futuna-i idő"]},"Asia/Yakutsk":{"long":["jakutszki téli idő","jakutszki nyári idő"]},"UTC":{"long":["koordinált világidő","koordinált világidő"],"short":["UTC","UTC"]}},"gmtFormat":"GMT{0}","hourFormat":"+HH:mm;-HH:mm","dateFormat":{"full":"y. MMMM d., EEEE","long":"y. MMMM d.","medium":"y. MMM d.","short":"y. MM. dd."},"timeFormat":{"full":"H:mm:ss zzzz","long":"H:mm:ss z","medium":"H:mm:ss","short":"H:mm"},"dateTimeFormat":{"full":"{1} {0}","long":"{1} {0}","medium":"{1} {0}","short":"{1} {0}"},"formats":{"gregory":{"Bh":"B h","Bhm":"B h:mm","Bhms":"B h:mm:ss","d":"d","E":"ccc","EBhm":"E B h:mm","EBhms":"E B h:mm:ss","Ed":"d., E","Ehm":"E h:mm a","EHm":"E HH:mm","Ehms":"E h:mm:ss a","EHms":"E HH:mm:ss","Gy":"G y.","GyMMM":"G y. MMM","GyMMMd":"G y. MMM d.","GyMMMEd":"G y. MMM d., E","h":"a h","H":"H","hm":"a h:mm","Hm":"H:mm","hms":"a h:mm:ss","Hms":"H:mm:ss","hmsv":"a h:mm:ss v","Hmsv":"HH:mm:ss v","hmv":"a h:mm v","Hmv":"HH:mm v","M":"L","Md":"M. d.","MEd":"M. d., E","MMM":"LLL","MMMd":"MMM d.","MMMEd":"MMM d., E","MMMMd":"MMMM d.","mmss":"mm:ss","ms":"mm:ss","y":"y.","yM":"y. M.","yMd":"y. MM. dd.","yMEd":"y. MM. dd., E","yMMM":"y. MMM","yMMMd":"y. MMM d.","yMMMEd":"y. MMM d., E","yMMMM":"y. MMMM","y. MMMM d., EEEE":"y. MMMM d., EEEE","y. MMMM d.":"y. MMMM d.","y. MMM d.":"y. MMM d.","y. MM. dd.":"y. MM. dd.","H:mm:ss zzzz":"H:mm:ss zzzz","H:mm:ss z":"H:mm:ss z","H:mm:ss":"H:mm:ss","H:mm":"H:mm","y. MMMM d., EEEE H:mm:ss zzzz":"y. MMMM d., EEEE H:mm:ss zzzz","y. MMMM d. H:mm:ss zzzz":"y. MMMM d. H:mm:ss zzzz","y. MMM d. H:mm:ss zzzz":"y. MMM d. H:mm:ss zzzz","y. MM. dd. H:mm:ss zzzz":"y. MM. dd. H:mm:ss zzzz","d H:mm:ss zzzz":"d H:mm:ss zzzz","E H:mm:ss zzzz":"ccc H:mm:ss zzzz","Ed H:mm:ss zzzz":"d., E H:mm:ss zzzz","Gy H:mm:ss zzzz":"G y. H:mm:ss zzzz","GyMMM H:mm:ss zzzz":"G y. MMM H:mm:ss zzzz","GyMMMd H:mm:ss zzzz":"G y. MMM d. H:mm:ss zzzz","GyMMMEd H:mm:ss zzzz":"G y. MMM d., E H:mm:ss zzzz","M H:mm:ss zzzz":"L H:mm:ss zzzz","Md H:mm:ss zzzz":"M. d. H:mm:ss zzzz","MEd H:mm:ss zzzz":"M. d., E H:mm:ss zzzz","MMM H:mm:ss zzzz":"LLL H:mm:ss zzzz","MMMd H:mm:ss zzzz":"MMM d. H:mm:ss zzzz","MMMEd H:mm:ss zzzz":"MMM d., E H:mm:ss zzzz","MMMMd H:mm:ss zzzz":"MMMM d. H:mm:ss zzzz","y H:mm:ss zzzz":"y. H:mm:ss zzzz","yM H:mm:ss zzzz":"y. M. H:mm:ss zzzz","yMd H:mm:ss zzzz":"y. MM. dd. H:mm:ss zzzz","yMEd H:mm:ss zzzz":"y. MM. dd., E H:mm:ss zzzz","yMMM H:mm:ss zzzz":"y. MMM H:mm:ss zzzz","yMMMd H:mm:ss zzzz":"y. MMM d. H:mm:ss zzzz","yMMMEd H:mm:ss zzzz":"y. MMM d., E H:mm:ss zzzz","yMMMM H:mm:ss zzzz":"y. MMMM H:mm:ss zzzz","y. MMMM d., EEEE H:mm:ss z":"y. MMMM d., EEEE H:mm:ss z","y. MMMM d. H:mm:ss z":"y. MMMM d. H:mm:ss z","y. MMM d. H:mm:ss z":"y. MMM d. H:mm:ss z","y. MM. dd. H:mm:ss z":"y. MM. dd. H:mm:ss z","d H:mm:ss z":"d H:mm:ss z","E H:mm:ss z":"ccc H:mm:ss z","Ed H:mm:ss z":"d., E H:mm:ss z","Gy H:mm:ss z":"G y. H:mm:ss z","GyMMM H:mm:ss z":"G y. MMM H:mm:ss z","GyMMMd H:mm:ss z":"G y. MMM d. H:mm:ss z","GyMMMEd H:mm:ss z":"G y. MMM d., E H:mm:ss z","M H:mm:ss z":"L H:mm:ss z","Md H:mm:ss z":"M. d. H:mm:ss z","MEd H:mm:ss z":"M. d., E H:mm:ss z","MMM H:mm:ss z":"LLL H:mm:ss z","MMMd H:mm:ss z":"MMM d. H:mm:ss z","MMMEd H:mm:ss z":"MMM d., E H:mm:ss z","MMMMd H:mm:ss z":"MMMM d. H:mm:ss z","y H:mm:ss z":"y. H:mm:ss z","yM H:mm:ss z":"y. M. H:mm:ss z","yMd H:mm:ss z":"y. MM. dd. H:mm:ss z","yMEd H:mm:ss z":"y. MM. dd., E H:mm:ss z","yMMM H:mm:ss z":"y. MMM H:mm:ss z","yMMMd H:mm:ss z":"y. MMM d. H:mm:ss z","yMMMEd H:mm:ss z":"y. MMM d., E H:mm:ss z","yMMMM H:mm:ss z":"y. MMMM H:mm:ss z","y. MMMM d., EEEE H:mm:ss":"y. MMMM d., EEEE H:mm:ss","y. MMMM d. H:mm:ss":"y. MMMM d. H:mm:ss","y. MMM d. H:mm:ss":"y. MMM d. H:mm:ss","y. MM. dd. H:mm:ss":"y. MM. dd. H:mm:ss","d H:mm:ss":"d H:mm:ss","E H:mm:ss":"ccc H:mm:ss","Ed H:mm:ss":"d., E H:mm:ss","Gy H:mm:ss":"G y. H:mm:ss","GyMMM H:mm:ss":"G y. MMM H:mm:ss","GyMMMd H:mm:ss":"G y. MMM d. H:mm:ss","GyMMMEd H:mm:ss":"G y. MMM d., E H:mm:ss","M H:mm:ss":"L H:mm:ss","Md H:mm:ss":"M. d. H:mm:ss","MEd H:mm:ss":"M. d., E H:mm:ss","MMM H:mm:ss":"LLL H:mm:ss","MMMd H:mm:ss":"MMM d. H:mm:ss","MMMEd H:mm:ss":"MMM d., E H:mm:ss","MMMMd H:mm:ss":"MMMM d. H:mm:ss","y H:mm:ss":"y. H:mm:ss","yM H:mm:ss":"y. M. H:mm:ss","yMd H:mm:ss":"y. MM. dd. H:mm:ss","yMEd H:mm:ss":"y. MM. dd., E H:mm:ss","yMMM H:mm:ss":"y. MMM H:mm:ss","yMMMd H:mm:ss":"y. MMM d. H:mm:ss","yMMMEd H:mm:ss":"y. MMM d., E H:mm:ss","yMMMM H:mm:ss":"y. MMMM H:mm:ss","y. MMMM d., EEEE H:mm":"y. MMMM d., EEEE H:mm","y. MMMM d. H:mm":"y. MMMM d. H:mm","y. MMM d. H:mm":"y. MMM d. H:mm","y. MM. dd. H:mm":"y. MM. dd. H:mm","d H:mm":"d H:mm","E H:mm":"ccc H:mm","Ed H:mm":"d., E H:mm","Gy H:mm":"G y. H:mm","GyMMM H:mm":"G y. MMM H:mm","GyMMMd H:mm":"G y. MMM d. H:mm","GyMMMEd H:mm":"G y. MMM d., E H:mm","M H:mm":"L H:mm","Md H:mm":"M. d. H:mm","MEd H:mm":"M. d., E H:mm","MMM H:mm":"LLL H:mm","MMMd H:mm":"MMM d. H:mm","MMMEd H:mm":"MMM d., E H:mm","MMMMd H:mm":"MMMM d. H:mm","y H:mm":"y. H:mm","yM H:mm":"y. M. H:mm","yMd H:mm":"y. MM. dd. H:mm","yMEd H:mm":"y. MM. dd., E H:mm","yMMM H:mm":"y. MMM H:mm","yMMMd H:mm":"y. MMM d. H:mm","yMMMEd H:mm":"y. MMM d., E H:mm","yMMMM H:mm":"y. MMMM H:mm","y. MMMM d., EEEE Bh":"y. MMMM d., EEEE B h","y. MMMM d. Bh":"y. MMMM d. B h","y. MMM d. Bh":"y. MMM d. B h","y. MM. dd. Bh":"y. MM. dd. B h","d Bh":"d B h","E Bh":"ccc B h","Ed Bh":"d., E B h","Gy Bh":"G y. B h","GyMMM Bh":"G y. MMM B h","GyMMMd Bh":"G y. MMM d. B h","GyMMMEd Bh":"G y. MMM d., E B h","M Bh":"L B h","Md Bh":"M. d. B h","MEd Bh":"M. d., E B h","MMM Bh":"LLL B h","MMMd Bh":"MMM d. B h","MMMEd Bh":"MMM d., E B h","MMMMd Bh":"MMMM d. B h","y Bh":"y. B h","yM Bh":"y. M. B h","yMd Bh":"y. MM. dd. B h","yMEd Bh":"y. MM. dd., E B h","yMMM Bh":"y. MMM B h","yMMMd Bh":"y. MMM d. B h","yMMMEd Bh":"y. MMM d., E B h","yMMMM Bh":"y. MMMM B h","y. MMMM d., EEEE Bhm":"y. MMMM d., EEEE B h:mm","y. MMMM d. Bhm":"y. MMMM d. B h:mm","y. MMM d. Bhm":"y. MMM d. B h:mm","y. MM. dd. Bhm":"y. MM. dd. B h:mm","d Bhm":"d B h:mm","E Bhm":"ccc B h:mm","Ed Bhm":"d., E B h:mm","Gy Bhm":"G y. B h:mm","GyMMM Bhm":"G y. MMM B h:mm","GyMMMd Bhm":"G y. MMM d. B h:mm","GyMMMEd Bhm":"G y. MMM d., E B h:mm","M Bhm":"L B h:mm","Md Bhm":"M. d. B h:mm","MEd Bhm":"M. d., E B h:mm","MMM Bhm":"LLL B h:mm","MMMd Bhm":"MMM d. B h:mm","MMMEd Bhm":"MMM d., E B h:mm","MMMMd Bhm":"MMMM d. B h:mm","y Bhm":"y. B h:mm","yM Bhm":"y. M. B h:mm","yMd Bhm":"y. MM. dd. B h:mm","yMEd Bhm":"y. MM. dd., E B h:mm","yMMM Bhm":"y. MMM B h:mm","yMMMd Bhm":"y. MMM d. B h:mm","yMMMEd Bhm":"y. MMM d., E B h:mm","yMMMM Bhm":"y. MMMM B h:mm","y. MMMM d., EEEE Bhms":"y. MMMM d., EEEE B h:mm:ss","y. MMMM d. Bhms":"y. MMMM d. B h:mm:ss","y. MMM d. Bhms":"y. MMM d. B h:mm:ss","y. MM. dd. Bhms":"y. MM. dd. B h:mm:ss","d Bhms":"d B h:mm:ss","E Bhms":"ccc B h:mm:ss","Ed Bhms":"d., E B h:mm:ss","Gy Bhms":"G y. B h:mm:ss","GyMMM Bhms":"G y. MMM B h:mm:ss","GyMMMd Bhms":"G y. MMM d. B h:mm:ss","GyMMMEd Bhms":"G y. MMM d., E B h:mm:ss","M Bhms":"L B h:mm:ss","Md Bhms":"M. d. B h:mm:ss","MEd Bhms":"M. d., E B h:mm:ss","MMM Bhms":"LLL B h:mm:ss","MMMd Bhms":"MMM d. B h:mm:ss","MMMEd Bhms":"MMM d., E B h:mm:ss","MMMMd Bhms":"MMMM d. B h:mm:ss","y Bhms":"y. B h:mm:ss","yM Bhms":"y. M. B h:mm:ss","yMd Bhms":"y. MM. dd. B h:mm:ss","yMEd Bhms":"y. MM. dd., E B h:mm:ss","yMMM Bhms":"y. MMM B h:mm:ss","yMMMd Bhms":"y. MMM d. B h:mm:ss","yMMMEd Bhms":"y. MMM d., E B h:mm:ss","yMMMM Bhms":"y. MMMM B h:mm:ss","y. MMMM d., EEEE h":"y. MMMM d., EEEE a h","y. MMMM d. h":"y. MMMM d. a h","y. MMM d. h":"y. MMM d. a h","y. MM. dd. h":"y. MM. dd. a h","d h":"d a h","E h":"ccc a h","Ed h":"d., E a h","Gy h":"G y. a h","GyMMM h":"G y. MMM a h","GyMMMd h":"G y. MMM d. a h","GyMMMEd h":"G y. MMM d., E a h","M h":"L a h","Md h":"M. d. a h","MEd h":"M. d., E a h","MMM h":"LLL a h","MMMd h":"MMM d. a h","MMMEd h":"MMM d., E a h","MMMMd h":"MMMM d. a h","y h":"y. a h","yM h":"y. M. a h","yMd h":"y. MM. dd. a h","yMEd h":"y. MM. dd., E a h","yMMM h":"y. MMM a h","yMMMd h":"y. MMM d. a h","yMMMEd h":"y. MMM d., E a h","yMMMM h":"y. MMMM a h","y. MMMM d., EEEE H":"y. MMMM d., EEEE H","y. MMMM d. H":"y. MMMM d. H","y. MMM d. H":"y. MMM d. H","y. MM. dd. H":"y. MM. dd. H","d H":"d H","E H":"ccc H","Ed H":"d., E H","Gy H":"G y. H","GyMMM H":"G y. MMM H","GyMMMd H":"G y. MMM d. H","GyMMMEd H":"G y. MMM d., E H","M H":"L H","Md H":"M. d. H","MEd H":"M. d., E H","MMM H":"LLL H","MMMd H":"MMM d. H","MMMEd H":"MMM d., E H","MMMMd H":"MMMM d. H","y H":"y. H","yM H":"y. M. H","yMd H":"y. MM. dd. H","yMEd H":"y. MM. dd., E H","yMMM H":"y. MMM H","yMMMd H":"y. MMM d. H","yMMMEd H":"y. MMM d., E H","yMMMM H":"y. MMMM H","y. MMMM d., EEEE hm":"y. MMMM d., EEEE a h:mm","y. MMMM d. hm":"y. MMMM d. a h:mm","y. MMM d. hm":"y. MMM d. a h:mm","y. MM. dd. hm":"y. MM. dd. a h:mm","d hm":"d a h:mm","E hm":"ccc a h:mm","Ed hm":"d., E a h:mm","Gy hm":"G y. a h:mm","GyMMM hm":"G y. MMM a h:mm","GyMMMd hm":"G y. MMM d. a h:mm","GyMMMEd hm":"G y. MMM d., E a h:mm","M hm":"L a h:mm","Md hm":"M. d. a h:mm","MEd hm":"M. d., E a h:mm","MMM hm":"LLL a h:mm","MMMd hm":"MMM d. a h:mm","MMMEd hm":"MMM d., E a h:mm","MMMMd hm":"MMMM d. a h:mm","y hm":"y. a h:mm","yM hm":"y. M. a h:mm","yMd hm":"y. MM. dd. a h:mm","yMEd hm":"y. MM. dd., E a h:mm","yMMM hm":"y. MMM a h:mm","yMMMd hm":"y. MMM d. a h:mm","yMMMEd hm":"y. MMM d., E a h:mm","yMMMM hm":"y. MMMM a h:mm","y. MMMM d., EEEE Hm":"y. MMMM d., EEEE H:mm","y. MMMM d. Hm":"y. MMMM d. H:mm","y. MMM d. Hm":"y. MMM d. H:mm","y. MM. dd. Hm":"y. MM. dd. H:mm","d Hm":"d H:mm","E Hm":"ccc H:mm","Ed Hm":"d., E H:mm","Gy Hm":"G y. H:mm","GyMMM Hm":"G y. MMM H:mm","GyMMMd Hm":"G y. MMM d. H:mm","GyMMMEd Hm":"G y. MMM d., E H:mm","M Hm":"L H:mm","Md Hm":"M. d. H:mm","MEd Hm":"M. d., E H:mm","MMM Hm":"LLL H:mm","MMMd Hm":"MMM d. H:mm","MMMEd Hm":"MMM d., E H:mm","MMMMd Hm":"MMMM d. H:mm","y Hm":"y. H:mm","yM Hm":"y. M. H:mm","yMd Hm":"y. MM. dd. H:mm","yMEd Hm":"y. MM. dd., E H:mm","yMMM Hm":"y. MMM H:mm","yMMMd Hm":"y. MMM d. H:mm","yMMMEd Hm":"y. MMM d., E H:mm","yMMMM Hm":"y. MMMM H:mm","y. MMMM d., EEEE hms":"y. MMMM d., EEEE a h:mm:ss","y. MMMM d. hms":"y. MMMM d. a h:mm:ss","y. MMM d. hms":"y. MMM d. a h:mm:ss","y. MM. dd. hms":"y. MM. dd. a h:mm:ss","d hms":"d a h:mm:ss","E hms":"ccc a h:mm:ss","Ed hms":"d., E a h:mm:ss","Gy hms":"G y. a h:mm:ss","GyMMM hms":"G y. MMM a h:mm:ss","GyMMMd hms":"G y. MMM d. a h:mm:ss","GyMMMEd hms":"G y. MMM d., E a h:mm:ss","M hms":"L a h:mm:ss","Md hms":"M. d. a h:mm:ss","MEd hms":"M. d., E a h:mm:ss","MMM hms":"LLL a h:mm:ss","MMMd hms":"MMM d. a h:mm:ss","MMMEd hms":"MMM d., E a h:mm:ss","MMMMd hms":"MMMM d. a h:mm:ss","y hms":"y. a h:mm:ss","yM hms":"y. M. a h:mm:ss","yMd hms":"y. MM. dd. a h:mm:ss","yMEd hms":"y. MM. dd., E a h:mm:ss","yMMM hms":"y. MMM a h:mm:ss","yMMMd hms":"y. MMM d. a h:mm:ss","yMMMEd hms":"y. MMM d., E a h:mm:ss","yMMMM hms":"y. MMMM a h:mm:ss","y. MMMM d., EEEE Hms":"y. MMMM d., EEEE H:mm:ss","y. MMMM d. Hms":"y. MMMM d. H:mm:ss","y. MMM d. Hms":"y. MMM d. H:mm:ss","y. MM. dd. Hms":"y. MM. dd. H:mm:ss","d Hms":"d H:mm:ss","E Hms":"ccc H:mm:ss","Ed Hms":"d., E H:mm:ss","Gy Hms":"G y. H:mm:ss","GyMMM Hms":"G y. MMM H:mm:ss","GyMMMd Hms":"G y. MMM d. H:mm:ss","GyMMMEd Hms":"G y. MMM d., E H:mm:ss","M Hms":"L H:mm:ss","Md Hms":"M. d. H:mm:ss","MEd Hms":"M. d., E H:mm:ss","MMM Hms":"LLL H:mm:ss","MMMd Hms":"MMM d. H:mm:ss","MMMEd Hms":"MMM d., E H:mm:ss","MMMMd Hms":"MMMM d. H:mm:ss","y Hms":"y. H:mm:ss","yM Hms":"y. M. H:mm:ss","yMd Hms":"y. MM. dd. H:mm:ss","yMEd Hms":"y. MM. dd., E H:mm:ss","yMMM Hms":"y. MMM H:mm:ss","yMMMd Hms":"y. MMM d. H:mm:ss","yMMMEd Hms":"y. MMM d., E H:mm:ss","yMMMM Hms":"y. MMMM H:mm:ss","y. MMMM d., EEEE hmsv":"y. MMMM d., EEEE a h:mm:ss v","y. MMMM d. hmsv":"y. MMMM d. a h:mm:ss v","y. MMM d. hmsv":"y. MMM d. a h:mm:ss v","y. MM. dd. hmsv":"y. MM. dd. a h:mm:ss v","d hmsv":"d a h:mm:ss v","E hmsv":"ccc a h:mm:ss v","Ed hmsv":"d., E a h:mm:ss v","Gy hmsv":"G y. a h:mm:ss v","GyMMM hmsv":"G y. MMM a h:mm:ss v","GyMMMd hmsv":"G y. MMM d. a h:mm:ss v","GyMMMEd hmsv":"G y. MMM d., E a h:mm:ss v","M hmsv":"L a h:mm:ss v","Md hmsv":"M. d. a h:mm:ss v","MEd hmsv":"M. d., E a h:mm:ss v","MMM hmsv":"LLL a h:mm:ss v","MMMd hmsv":"MMM d. a h:mm:ss v","MMMEd hmsv":"MMM d., E a h:mm:ss v","MMMMd hmsv":"MMMM d. a h:mm:ss v","y hmsv":"y. a h:mm:ss v","yM hmsv":"y. M. a h:mm:ss v","yMd hmsv":"y. MM. dd. a h:mm:ss v","yMEd hmsv":"y. MM. dd., E a h:mm:ss v","yMMM hmsv":"y. MMM a h:mm:ss v","yMMMd hmsv":"y. MMM d. a h:mm:ss v","yMMMEd hmsv":"y. MMM d., E a h:mm:ss v","yMMMM hmsv":"y. MMMM a h:mm:ss v","y. MMMM d., EEEE Hmsv":"y. MMMM d., EEEE HH:mm:ss v","y. MMMM d. Hmsv":"y. MMMM d. HH:mm:ss v","y. MMM d. Hmsv":"y. MMM d. HH:mm:ss v","y. MM. dd. Hmsv":"y. MM. dd. HH:mm:ss v","d Hmsv":"d HH:mm:ss v","E Hmsv":"ccc HH:mm:ss v","Ed Hmsv":"d., E HH:mm:ss v","Gy Hmsv":"G y. HH:mm:ss v","GyMMM Hmsv":"G y. MMM HH:mm:ss v","GyMMMd Hmsv":"G y. MMM d. HH:mm:ss v","GyMMMEd Hmsv":"G y. MMM d., E HH:mm:ss v","M Hmsv":"L HH:mm:ss v","Md Hmsv":"M. d. HH:mm:ss v","MEd Hmsv":"M. d., E HH:mm:ss v","MMM Hmsv":"LLL HH:mm:ss v","MMMd Hmsv":"MMM d. HH:mm:ss v","MMMEd Hmsv":"MMM d., E HH:mm:ss v","MMMMd Hmsv":"MMMM d. HH:mm:ss v","y Hmsv":"y. HH:mm:ss v","yM Hmsv":"y. M. HH:mm:ss v","yMd Hmsv":"y. MM. dd. HH:mm:ss v","yMEd Hmsv":"y. MM. dd., E HH:mm:ss v","yMMM Hmsv":"y. MMM HH:mm:ss v","yMMMd Hmsv":"y. MMM d. HH:mm:ss v","yMMMEd Hmsv":"y. MMM d., E HH:mm:ss v","yMMMM Hmsv":"y. MMMM HH:mm:ss v","y. MMMM d., EEEE hmv":"y. MMMM d., EEEE a h:mm v","y. MMMM d. hmv":"y. MMMM d. a h:mm v","y. MMM d. hmv":"y. MMM d. a h:mm v","y. MM. dd. hmv":"y. MM. dd. a h:mm v","d hmv":"d a h:mm v","E hmv":"ccc a h:mm v","Ed hmv":"d., E a h:mm v","Gy hmv":"G y. a h:mm v","GyMMM hmv":"G y. MMM a h:mm v","GyMMMd hmv":"G y. MMM d. a h:mm v","GyMMMEd hmv":"G y. MMM d., E a h:mm v","M hmv":"L a h:mm v","Md hmv":"M. d. a h:mm v","MEd hmv":"M. d., E a h:mm v","MMM hmv":"LLL a h:mm v","MMMd hmv":"MMM d. a h:mm v","MMMEd hmv":"MMM d., E a h:mm v","MMMMd hmv":"MMMM d. a h:mm v","y hmv":"y. a h:mm v","yM hmv":"y. M. a h:mm v","yMd hmv":"y. MM. dd. a h:mm v","yMEd hmv":"y. MM. dd., E a h:mm v","yMMM hmv":"y. MMM a h:mm v","yMMMd hmv":"y. MMM d. a h:mm v","yMMMEd hmv":"y. MMM d., E a h:mm v","yMMMM hmv":"y. MMMM a h:mm v","y. MMMM d., EEEE Hmv":"y. MMMM d., EEEE HH:mm v","y. MMMM d. Hmv":"y. MMMM d. HH:mm v","y. MMM d. Hmv":"y. MMM d. HH:mm v","y. MM. dd. Hmv":"y. MM. dd. HH:mm v","d Hmv":"d HH:mm v","E Hmv":"ccc HH:mm v","Ed Hmv":"d., E HH:mm v","Gy Hmv":"G y. HH:mm v","GyMMM Hmv":"G y. MMM HH:mm v","GyMMMd Hmv":"G y. MMM d. HH:mm v","GyMMMEd Hmv":"G y. MMM d., E HH:mm v","M Hmv":"L HH:mm v","Md Hmv":"M. d. HH:mm v","MEd Hmv":"M. d., E HH:mm v","MMM Hmv":"LLL HH:mm v","MMMd Hmv":"MMM d. HH:mm v","MMMEd Hmv":"MMM d., E HH:mm v","MMMMd Hmv":"MMMM d. HH:mm v","y Hmv":"y. HH:mm v","yM Hmv":"y. M. HH:mm v","yMd Hmv":"y. MM. dd. HH:mm v","yMEd Hmv":"y. MM. dd., E HH:mm v","yMMM Hmv":"y. MMM HH:mm v","yMMMd Hmv":"y. MMM d. HH:mm v","yMMMEd Hmv":"y. MMM d., E HH:mm v","yMMMM Hmv":"y. MMMM HH:mm v","y. MMMM d., EEEE mmss":"y. MMMM d., EEEE mm:ss","y. MMMM d. mmss":"y. MMMM d. mm:ss","y. MMM d. mmss":"y. MMM d. mm:ss","y. MM. dd. mmss":"y. MM. dd. mm:ss","d mmss":"d mm:ss","E mmss":"ccc mm:ss","Ed mmss":"d., E mm:ss","Gy mmss":"G y. mm:ss","GyMMM mmss":"G y. MMM mm:ss","GyMMMd mmss":"G y. MMM d. mm:ss","GyMMMEd mmss":"G y. MMM d., E mm:ss","M mmss":"L mm:ss","Md mmss":"M. d. mm:ss","MEd mmss":"M. d., E mm:ss","MMM mmss":"LLL mm:ss","MMMd mmss":"MMM d. mm:ss","MMMEd mmss":"MMM d., E mm:ss","MMMMd mmss":"MMMM d. mm:ss","y mmss":"y. mm:ss","yM mmss":"y. M. mm:ss","yMd mmss":"y. MM. dd. mm:ss","yMEd mmss":"y. MM. dd., E mm:ss","yMMM mmss":"y. MMM mm:ss","yMMMd mmss":"y. MMM d. mm:ss","yMMMEd mmss":"y. MMM d., E mm:ss","yMMMM mmss":"y. MMMM mm:ss","y. MMMM d., EEEE ms":"y. MMMM d., EEEE mm:ss","y. MMMM d. ms":"y. MMMM d. mm:ss","y. MMM d. ms":"y. MMM d. mm:ss","y. MM. dd. ms":"y. MM. dd. mm:ss","d ms":"d mm:ss","E ms":"ccc mm:ss","Ed ms":"d., E mm:ss","Gy ms":"G y. mm:ss","GyMMM ms":"G y. MMM mm:ss","GyMMMd ms":"G y. MMM d. mm:ss","GyMMMEd ms":"G y. MMM d., E mm:ss","M ms":"L mm:ss","Md ms":"M. d. mm:ss","MEd ms":"M. d., E mm:ss","MMM ms":"LLL mm:ss","MMMd ms":"MMM d. mm:ss","MMMEd ms":"MMM d., E mm:ss","MMMMd ms":"MMMM d. mm:ss","y ms":"y. mm:ss","yM ms":"y. M. mm:ss","yMd ms":"y. MM. dd. mm:ss","yMEd ms":"y. MM. dd., E mm:ss","yMMM ms":"y. MMM mm:ss","yMMMd ms":"y. MMM d. mm:ss","yMMMEd ms":"y. MMM d., E mm:ss","yMMMM ms":"y. MMMM mm:ss"}},"intervalFormats":{"intervalFormatFallback":"{0} – {1}","Bh":{"B":"h B – h B","h":"h–h B"},"Bhm":{"B":"h:mm B – h:mm B","h":"h:mm–h:mm B","m":"h:mm–h:mm B"},"d":{"d":"d–d."},"Gy":{"G":"G y – G y","y":"G y–y"},"GyM":{"G":"GGGGG y-MM – GGGGG y-MM","M":"GGGGG y-MM – y-MM","y":"GGGGG y-MM – y-MM"},"GyMd":{"d":"GGGGG y-MM-dd – y-MM-dd","G":"GGGGG y-MM-dd – GGGGG y-MM-dd","M":"GGGGG y-MM-dd – y-MM-dd","y":"GGGGG y-MM-dd – y-MM-dd"},"GyMEd":{"d":"GGGGG y-MM-dd, E – y-MM-dd, E","G":"GGGGG y-MM-dd, E – GGGGG y-MM-dd, E","M":"GGGGG y-MM-dd, E – y-MM-dd, E","y":"GGGGG y-MM-dd, E – y-MM-dd, E"},"GyMMM":{"G":"G y MMM – G y MMM","M":"G y MMM–MMM","y":"G y MMM – y MMM"},"GyMMMd":{"d":"G y MMM d–d","G":"G y MMM d – G y MMM d","M":"G y MMM d – MMM d","y":"G y MMM d – y MMM d"},"GyMMMEd":{"d":"G y MMM d, E – MMM d, E","G":"G y MMM d, E – G y MMM d, E","M":"G y MMM d, E – MMM d, E","y":"G y MMM d, E – y MMM d, E"},"h":{"a":"a h – a h","h":"a h–h"},"H":{"H":"H–H"},"hm":{"a":"a h:mm – a h:mm","h":"a h:mm–h:mm","m":"a h:mm–h:mm"},"Hm":{"H":"H:mm–H:mm","m":"H:mm–H:mm"},"hmv":{"a":"a h:mm – a h:mm v","h":"a h:mm–h:mm v","m":"a h:mm–h:mm v"},"Hmv":{"H":"H:mm–H:mm v","m":"H:mm–H:mm v"},"hv":{"a":"a h – a h v","h":"a h–h v"},"Hv":{"H":"H–H v"},"M":{"M":"M–M."},"Md":{"d":"M. d–d.","M":"M. d. – M. d."},"MEd":{"d":"M. dd., E – M. d., E","M":"M. d., E – M. d., E"},"MMM":{"M":"MMM–MMM"},"MMMd":{"d":"MMM d–d.","M":"MMM d. – MMM d."},"MMMEd":{"d":"MMM d., E – d., E","M":"MMM d., E – MMM d., E"},"y":{"y":"y–y"},"yM":{"M":"y. MM–MM.","y":"y. MM. – y. MM."},"yMd":{"d":"y. MM. dd–dd.","M":"y. MM. dd. – MM. dd.","y":"y. MM. dd. – y. MM. dd."},"yMEd":{"d":"y. MM. dd., E – dd., E","M":"y. MM. dd., E – MM. dd., E","y":"y. MM. dd., E – y. MM. dd., E"},"yMMM":{"M":"y. MMM–MMM","y":"y. MMM – y. MMM"},"yMMMd":{"d":"y. MMM d–d.","M":"y. MMM d. – MMM d.","y":"y. MMM d. – y. MMM d."},"yMMMEd":{"d":"y. MMM d., E – d., E","M":"y. MMM d., E – MMM d., E","y":"y. MMM d., E – y. MMM d., E"},"yMMMM":{"M":"y. MMMM–MMMM","y":"y. MMMM – y. MMMM"}},"hourCycle":"h23","nu":["latn"],"ca":["gregory"],"hc":["h23","h12"]},"locale":"hu"}
