{"data":{"am":"AM","pm":"PM","weekday":{"narrow":["Կ","Ե","Ե","Չ","Հ","Ո","Շ"],"short":["կիր","երկ","երք","չրք","հնգ","ուր","շբթ"],"long":["կիրակի","երկուշաբթի","երեքշաբթի","չորեքշաբթի","հինգշաբթի","ուրբաթ","շաբաթ"]},"era":{"narrow":{"BC":"մ.թ.ա.","AD":"մ.թ."},"short":{"BC":"մ.թ.ա.","AD":"մ.թ."},"long":{"BC":"Քրիստոսից առաջ","AD":"Քրիստոսից հետո"}},"month":{"narrow":["Հ","Փ","Մ","Ա","Մ","Հ","Հ","Օ","Ս","Հ","Ն","Դ"],"short":["հնվ","փտվ","մրտ","ապր","մյս","հնս","հլս","օգս","սեպ","հոկ","նոյ","դեկ"],"long":["հունվարի","փետրվարի","մարտի","ապրիլի","մայիսի","հունիսի","հուլիսի","օգոստոսի","սեպտեմբերի","հոկտեմբերի","նոյեմբերի","դեկտեմբերի"]},"timeZoneName":{"Asia/Kabul":{"long":["Աֆղանստանի ժամանակ","Աֆղանստանի ժամանակ"]},"Africa/Maputo":{"long":["Կենտրոնական Աֆրիկայի ժամանակ","Կենտրոնական Աֆրիկայի ժամանակ"]},"Africa/Bujumbura":{"long":["Կենտրոնական Աֆրիկայի ժամանակ","Կենտրոնական Աֆրիկայի ժամանակ"]},"Africa/Gaborone":{"long":["Կենտրոնական Աֆրիկայի ժամանակ","Կենտրոնական Աֆրիկայի ժամանակ"]},"Africa/Lubumbashi":{"long":["Կենտրոնական Աֆրիկայի ժամանակ","Կենտրոնական Աֆրիկայի ժամանակ"]},"Africa/Blantyre":{"long":["Կենտրոնական Աֆրիկայի ժամանակ","Կենտրոնական Աֆրիկայի ժամանակ"]},"Africa/Kigali":{"long":["Կենտրոնական Աֆրիկայի ժամանակ","Կենտրոնական Աֆրիկայի ժամանակ"]},"Africa/Lusaka":{"long":["Կենտրոնական Աֆրիկայի ժամանակ","Կենտրոնական Աֆրիկայի ժամանակ"]},"Africa/Harare":{"long":["Կենտրոնական Աֆրիկայի ժամանակ","Կենտրոնական Աֆրիկայի ժամանակ"]},"Africa/Nairobi":{"long":["Արևելյան Աֆրիկայի ժամանակ","Արևելյան Աֆրիկայի ժամանակ"]},"Africa/Djibouti":{"long":["Արևելյան Աֆրիկայի ժամանակ","Արևելյան Աֆրիկայի ժամանակ"]},"Africa/Asmera":{"long":["Արևելյան Աֆրիկայի ժամանակ","Արևելյան Աֆրիկայի ժամանակ"]},"Africa/Addis_Ababa":{"long":["Արևելյան Աֆրիկայի ժամանակ","Արևելյան Աֆրիկայի ժամանակ"]},"Indian/Comoro":{"long":["Արևելյան Աֆրիկայի ժամանակ","Արևելյան Աֆրիկայի ժամանակ"]},"Indian/Antananarivo":{"long":["Արևելյան Աֆրիկայի ժամանակ","Արևելյան Աֆրիկայի ժամանակ"]},"Africa/Mogadishu":{"long":["Արևելյան Աֆրիկայի ժամանակ","Արևելյան Աֆրիկայի ժամանակ"]},"Africa/Dar_es_Salaam":{"long":["Արևելյան Աֆրիկայի ժամանակ","Արևելյան Աֆրիկայի ժամանակ"]},"Africa/Kampala":{"long":["Արևելյան Աֆրիկայի ժամանակ","Արևելյան Աֆրիկայի ժամանակ"]},"Indian/Mayotte":{"long":["Արևելյան Աֆրիկայի ժամանակ","Արևելյան Աֆրիկայի ժամանակ"]},"Africa/Johannesburg":{"long":["Հարավային Աֆրիկայի ժամանակ","Հարավային Աֆրիկայի ժամանակ"]},"Africa/Maseru":{"long":["Հարավային Աֆրիկայի ժամանակ","Հարավային Աֆրիկայի ժամանակ"]},"Africa/Mbabane":{"long":["Հարավային Աֆրիկայի ժամանակ","Հարավային Աֆրիկայի ժամանակ"]},"Africa/Lagos":{"long":["Արևմտյան Աֆրիկայի ստանդարտ ժամանակ","Արևմտյան Աֆրիկայի ամառային ժամանակ"]},"Africa/Luanda":{"long":["Արևմտյան Աֆրիկայի ստանդարտ ժամանակ","Արևմտյան Աֆրիկայի ամառային ժամանակ"]},"Africa/Porto-Novo":{"long":["Արևմտյան Աֆրիկայի ստանդարտ ժամանակ","Արևմտյան Աֆրիկայի ամառային ժամանակ"]},"Africa/Kinshasa":{"long":["Արևմտյան Աֆրիկայի ստանդարտ ժամանակ","Արևմտյան Աֆրիկայի ամառային ժամանակ"]},"Africa/Bangui":{"long":["Արևմտյան Աֆրիկայի ստանդարտ ժամանակ","Արևմտյան Աֆրիկայի ամառային ժամանակ"]},"Africa/Brazzaville":{"long":["Արևմտյան Աֆրիկայի ստանդարտ ժամանակ","Արևմտյան Աֆրիկայի ամառային ժամանակ"]},"Africa/Douala":{"long":["Արևմտյան Աֆրիկայի ստանդարտ ժամանակ","Արևմտյան Աֆրիկայի ամառային ժամանակ"]},"Africa/Libreville":{"long":["Արևմտյան Աֆրիկայի ստանդարտ ժամանակ","Արևմտյան Աֆրիկայի ամառային ժամանակ"]},"Africa/Malabo":{"long":["Արևմտյան Աֆրիկայի ստանդարտ ժամանակ","Արևմտյան Աֆրիկայի ամառային ժամանակ"]},"Africa/Niamey":{"long":["Արևմտյան Աֆրիկայի ստանդարտ ժամանակ","Արևմտյան Աֆրիկայի ամառային ժամանակ"]},"Africa/Ndjamena":{"long":["Արևմտյան Աֆրիկայի ստանդարտ ժամանակ","Արևմտյան Աֆրիկայի ամառային ժամանակ"]},"Asia/Aqtobe":{"long":["Արևմտյան Ղազախստանի ժամանակ","Արևմտյան Ղազախստանի ժամանակ"]},"America/Juneau":{"long":["Ալյասկայի ստանդարտ ժամանակ","Ալյասկայի ամառային ժամանակ"]},"Asia/Almaty":{"long":["Արևելյան Ղազախստանի ժամանակ","Արևելյան Ղազախստանի ժամանակ"]},"America/Manaus":{"long":["Ամազոնյան ստանդարտ ժամանակ","Ամազոնյան ամառային ժամանակ"]},"America/Chicago":{"long":["Կենտրոնական Ամերիկայի ստանդարտ ժամանակ","Կենտրոնական Ամերիկայի ամառային ժամանակ"]},"America/Belize":{"long":["Կենտրոնական Ամերիկայի ստանդարտ ժամանակ","Կենտրոնական Ամերիկայի ամառային ժամանակ"]},"America/Winnipeg":{"long":["Կենտրոնական Ամերիկայի ստանդարտ ժամանակ","Կենտրոնական Ամերիկայի ամառային ժամանակ"]},"America/Costa_Rica":{"long":["Կենտրոնական Ամերիկայի ստանդարտ ժամանակ","Կենտրոնական Ամերիկայի ամառային ժամանակ"]},"America/Guatemala":{"long":["Կենտրոնական Ամերիկայի ստանդարտ ժամանակ","Կենտրոնական Ամերիկայի ամառային ժամանակ"]},"America/Tegucigalpa":{"long":["Կենտրոնական Ամերիկայի ստանդարտ ժամանակ","Կենտրոնական Ամերիկայի ամառային ժամանակ"]},"America/Mexico_City":{"long":["Կենտրոնական Ամերիկայի ստանդարտ ժամանակ","Կենտրոնական Ամերիկայի ամառային ժամանակ"]},"America/El_Salvador":{"long":["Կենտրոնական Ամերիկայի ստանդարտ ժամանակ","Կենտրոնական Ամերիկայի ամառային ժամանակ"]},"America/New_York":{"long":["Արևելյան Ամերիկայի ստանդարտ ժամանակ","Արևելյան Ամերիկայի ամառային ժամանակ"]},"America/Nassau":{"long":["Արևելյան Ամերիկայի ստանդարտ ժամանակ","Արևելյան Ամերիկայի ամառային ժամանակ"]},"America/Toronto":{"long":["Արևելյան Ամերիկայի ստանդարտ ժամանակ","Արևելյան Ամերիկայի ամառային ժամանակ"]},"America/Port-au-Prince":{"long":["Արևելյան Ամերիկայի ստանդարտ ժամանակ","Արևելյան Ամերիկայի ամառային ժամանակ"]},"America/Jamaica":{"long":["Արևելյան Ամերիկայի ստանդարտ ժամանակ","Արևելյան Ամերիկայի ամառային ժամանակ"]},"America/Cayman":{"long":["Արևելյան Ամերիկայի ստանդարտ ժամանակ","Արևելյան Ամերիկայի ամառային ժամանակ"]},"America/Panama":{"long":["Արևելյան Ամերիկայի ստանդարտ ժամանակ","Արևելյան Ամերիկայի ամառային ժամանակ"]},"America/Denver":{"long":["Լեռնային ստանդարտ ժամանակ (ԱՄՆ)","Լեռնային ամառային ժամանակ (ԱՄՆ)"]},"America/Edmonton":{"long":["Լեռնային ստանդարտ ժամանակ (ԱՄՆ)","Լեռնային ամառային ժամանակ (ԱՄՆ)"]},"America/Hermosillo":{"long":["Լեռնային ստանդարտ ժամանակ (ԱՄՆ)","Լեռնային ամառային ժամանակ (ԱՄՆ)"]},"America/Los_Angeles":{"long":["Խաղաղօվկիանոսյան ստանդարտ ժամանակ","Խաղաղօվկիանոսյան ամառային ժամանակ"]},"America/Vancouver":{"long":["Խաղաղօվկիանոսյան ստանդարտ ժամանակ","Խաղաղօվկիանոսյան ամառային ժամանակ"]},"America/Tijuana":{"long":["Խաղաղօվկիանոսյան ստանդարտ ժամանակ","Խաղաղօվկիանոսյան ամառային ժամանակ"]},"Pacific/Apia":{"long":["Ապիայի ստանդարտ ժամանակ","Ապիայի ամառային ժամանակ"]},"Asia/Riyadh":{"long":["Սաուդյան Արաբիայի ստանդարտ ժամանակ","Սաուդյան Արաբիայի ամառային ժամանակ"]},"Asia/Bahrain":{"long":["Սաուդյան Արաբիայի ստանդարտ ժամանակ","Սաուդյան Արաբիայի ամառային ժամանակ"]},"Asia/Baghdad":{"long":["Սաուդյան Արաբիայի ստանդարտ ժամանակ","Սաուդյան Արաբիայի ամառային ժամանակ"]},"Asia/Kuwait":{"long":["Սաուդյան Արաբիայի ստանդարտ ժամանակ","Սաուդյան Արաբիայի ամառային ժամանակ"]},"Asia/Qatar":{"long":["Սաուդյան Արաբիայի ստանդարտ ժամանակ","Սաուդյան Արաբիայի ամառային ժամանակ"]},"Asia/Aden":{"long":["Սաուդյան Արաբիայի ստանդարտ ժամանակ","Սաուդյան Արաբիայի ամառային ժամանակ"]},"America/Buenos_Aires":{"long":["Արգենտինայի ստնադարտ ժամանակ","Արգենտինայի ամառային ժամանակ"]},"America/Argentina/San_Luis":{"long":["Արևմտյան Արգենտինայի ստնադարտ ժամանակ","Արևմտյան Արգենտինայի ամառային ժամանակ"]},"Asia/Ashgabat":{"long":["Թուրքմենստանի ստանդարտ ժամանակ","Թուրքմենստանի ամառային ժամանակ"]},"America/Halifax":{"long":["Ատլանտյան ստանդարտ ժամանակ","Ատլանտյան ամառային ժամանակ"]},"America/Antigua":{"long":["Ատլանտյան ստանդարտ ժամանակ","Ատլանտյան ամառային ժամանակ"]},"America/Anguilla":{"long":["Ատլանտյան ստանդարտ ժամանակ","Ատլանտյան ամառային ժամանակ"]},"America/Aruba":{"long":["Ատլանտյան ստանդարտ ժամանակ","Ատլանտյան ամառային ժամանակ"]},"America/Barbados":{"long":["Ատլանտյան ստանդարտ ժամանակ","Ատլանտյան ամառային ժամանակ"]},"Atlantic/Bermuda":{"long":["Ատլանտյան ստանդարտ ժամանակ","Ատլանտյան ամառային ժամանակ"]},"America/Kralendijk":{"long":["Ատլանտյան ստանդարտ ժամանակ","Ատլանտյան ամառային ժամանակ"]},"America/Curacao":{"long":["Ատլանտյան ստանդարտ ժամանակ","Ատլանտյան ամառային ժամանակ"]},"America/Dominica":{"long":["Ատլանտյան ստանդարտ ժամանակ","Ատլանտյան ամառային ժամանակ"]},"America/Grenada":{"long":["Ատլանտյան ստանդարտ ժամանակ","Ատլանտյան ամառային ժամանակ"]},"America/Thule":{"long":["Ատլանտյան ստանդարտ ժամանակ","Ատլանտյան ամառային ժամանակ"]},"America/Guadeloupe":{"long":["Ատլանտյան ստանդարտ ժամանակ","Ատլանտյան ամառային ժամանակ"]},"America/St_Kitts":{"long":["Ատլանտյան ստանդարտ ժամանակ","Ատլանտյան ամառային ժամանակ"]},"America/St_Lucia":{"long":["Ատլանտյան ստանդարտ ժամանակ","Ատլանտյան ամառային ժամանակ"]},"America/Marigot":{"long":["Ատլանտյան ստանդարտ ժամանակ","Ատլանտյան ամառային ժամանակ"]},"America/Martinique":{"long":["Ատլանտյան ստանդարտ ժամանակ","Ատլանտյան ամառային ժամանակ"]},"America/Montserrat":{"long":["Ատլանտյան ստանդարտ ժամանակ","Ատլանտյան ամառային ժամանակ"]},"America/Puerto_Rico":{"long":["Ատլանտյան ստանդարտ ժամանակ","Ատլանտյան ամառային ժամանակ"]},"America/Lower_Princes":{"long":["Ատլանտյան ստանդարտ ժամանակ","Ատլանտյան ամառային ժամանակ"]},"America/Port_of_Spain":{"long":["Ատլանտյան ստանդարտ ժամանակ","Ատլանտյան ամառային ժամանակ"]},"America/St_Vincent":{"long":["Ատլանտյան ստանդարտ ժամանակ","Ատլանտյան ամառային ժամանակ"]},"America/Tortola":{"long":["Ատլանտյան ստանդարտ ժամանակ","Ատլանտյան ամառային ժամանակ"]},"America/St_Thomas":{"long":["Ատլանտյան ստանդարտ ժամանակ","Ատլանտյան ամառային ժամանակ"]},"Australia/Adelaide":{"long":["Կենտրոնական Ավստրալիայի ստանդարտ ժամանակ","Կենտրոնական Ավստրալիայի ամառային ժամանակ"]},"Australia/Eucla":{"long":["Կենտրոնական Ավստրալիայի արևմտյան ստանդարտ ժամանակ","Կենտրոնական Ավստրալիայի արևմտյան ամառային ժամանակ"]},"Australia/Sydney":{"long":["Արևելյան Ավստրալիայի ստանդարտ ժամանակ","Արևելյան Ավստրալիայի ամառային ժամանակ"]},"Australia/Perth":{"long":["Արևմտյան Ավստրալիայի ստանդարտ ժամանակ","Արևմտյան Ավստրալիայի ամառային ժամանակ"]},"Atlantic/Azores":{"long":["Ազորյան կղզիների ստանդարտ ժամանակ","Ազորյան կղզիների ամառային ժամանակ"]},"Asia/Thimphu":{"long":["Բութանի ժամանակ","Բութանի ժամանակ"]},"America/La_Paz":{"long":["Բոլիվիայի ժամանակ","Բոլիվիայի ժամանակ"]},"Asia/Kuching":{"long":["Մալայզիայի ժամանակ","Մալայզիայի ժամանակ"]},"America/Sao_Paulo":{"long":["Բրազիլիայի ստանդարտ ժամանակ","Բրազիլիայի ամառային ժամանակ"]},"Europe/London":{"long":["Գրինվիչի ժամանակ","Գրինվիչի ժամանակ"]},"Asia/Brunei":{"long":["Բրունեյի ժամանակ","Բրունեյի ժամանակ"]},"Atlantic/Cape_Verde":{"long":["Կաբո Վերդեի ստանդարտ ժամանակ","Կաբո Վերդեի ամառային ժամանակ"]},"Pacific/Chatham":{"long":["Չաթեմ կղզու ստանդարտ ժամանակ","Չաթեմ կղզու ամառային ժամանակ"]},"America/Santiago":{"long":["Չիլիի ստանդարտ ժամանակ","Չիլիի ամառային ժամանակ"]},"Asia/Shanghai":{"long":["Չինաստանի ստանդարտ ժամանակ","Չինաստանի ամառային ժամանակ"]},"Asia/Choibalsan":{"long":["Չոյբալսանի ստանդարտ ժամանակ","Չոյբալսանի ամառային ժամանակ"]},"Indian/Christmas":{"long":["Սուրբ Ծննդյան կղզու ժամանակ","Սուրբ Ծննդյան կղզու ժամանակ"]},"Indian/Cocos":{"long":["Կոկոսյան կղզիների ժամանակ","Կոկոսյան կղզիների ժամանակ"]},"America/Bogota":{"long":["Կոլումբիայի ստանդարտ ժամանակ","Կոլումբիայի ամառային ժամանակ"]},"Pacific/Rarotonga":{"long":["Կուկի կղզիների ստանդարտ ժամանակ","Կուկի կղզիների կիսաամառային ժամանակ"]},"America/Havana":{"long":["Կուբայի ստանդարտ ժամանակ","Կուբայի ամառային ժամանակ"]},"Antarctica/Davis":{"long":["Դեյվիսի ժամանակ","Դեյվիսի ժամանակ"]},"Antarctica/DumontDUrville":{"long":["Դյումոն դ’Յուրվիլի ժամանակ","Դյումոն դ’Յուրվիլի ժամանակ"]},"Asia/Dushanbe":{"long":["Տաջիկստանի ժամանակ","Տաջիկստանի ժամանակ"]},"America/Paramaribo":{"long":["Սուրինամի ժամանակ","Սուրինամի ժամանակ"]},"Asia/Dili":{"long":["Արևելյան Թիմորի ժամանակ","Արևելյան Թիմորի ժամանակ"]},"Pacific/Easter":{"long":["Զատկի կղզու ստանդարտ ժամանակ","Զատկի կղզու ամառային ժամանակ"]},"America/Guayaquil":{"long":["Էկվադորի ժամանակ","Էկվադորի ժամանակ"]},"Europe/Paris":{"long":["Կենտրոնական Եվրոպայի ստանդարտ ժամանակ","Կենտրոնական Եվրոպայի ամառային ժամանակ"]},"Europe/Andorra":{"long":["Կենտրոնական Եվրոպայի ստանդարտ ժամանակ","Կենտրոնական Եվրոպայի ամառային ժամանակ"]},"Europe/Tirane":{"long":["Կենտրոնական Եվրոպայի ստանդարտ ժամանակ","Կենտրոնական Եվրոպայի ամառային ժամանակ"]},"Europe/Vienna":{"long":["Կենտրոնական Եվրոպայի ստանդարտ ժամանակ","Կենտրոնական Եվրոպայի ամառային ժամանակ"]},"Europe/Sarajevo":{"long":["Կենտրոնական Եվրոպայի ստանդարտ ժամանակ","Կենտրոնական Եվրոպայի ամառային ժամանակ"]},"Europe/Brussels":{"long":["Կենտրոնական Եվրոպայի ստանդարտ ժամանակ","Կենտրոնական Եվրոպայի ամառային ժամանակ"]},"Europe/Zurich":{"long":["Կենտրոնական Եվրոպայի ստանդարտ ժամանակ","Կենտրոնական Եվրոպայի ամառային ժամանակ"]},"Europe/Prague":{"long":["Կենտրոնական Եվրոպայի ստանդարտ ժամանակ","Կենտրոնական Եվրոպայի ամառային ժամանակ"]},"Europe/Berlin":{"long":["Կենտրոնական Եվրոպայի ստանդարտ ժամանակ","Կենտրոնական Եվրոպայի ամառային ժամանակ"]},"Europe/Copenhagen":{"long":["Կենտրոնական Եվրոպայի ստանդարտ ժամանակ","Կենտրոնական Եվրոպայի ամառային ժամանակ"]},"Europe/Madrid":{"long":["Կենտրոնական Եվրոպայի ստանդարտ ժամանակ","Կենտրոնական Եվրոպայի ամառային ժամանակ"]},"Europe/Gibraltar":{"long":["Կենտրոնական Եվրոպայի ստանդարտ ժամանակ","Կենտրոնական Եվրոպայի ամառային ժամանակ"]},"Europe/Zagreb":{"long":["Կենտրոնական Եվրոպայի ստանդարտ ժամանակ","Կենտրոնական Եվրոպայի ամառային ժամանակ"]},"Europe/Budapest":{"long":["Կենտրոնական Եվրոպայի ստանդարտ ժամանակ","Կենտրոնական Եվրոպայի ամառային ժամանակ"]},"Europe/Rome":{"long":["Կենտրոնական Եվրոպայի ստանդարտ ժամանակ","Կենտրոնական Եվրոպայի ամառային ժամանակ"]},"Europe/Vaduz":{"long":["Կենտրոնական Եվրոպայի ստանդարտ ժամանակ","Կենտրոնական Եվրոպայի ամառային ժամանակ"]},"Europe/Luxembourg":{"long":["Կենտրոնական Եվրոպայի ստանդարտ ժամանակ","Կենտրոնական Եվրոպայի ամառային ժամանակ"]},"Europe/Monaco":{"long":["Կենտրոնական Եվրոպայի ստանդարտ ժամանակ","Կենտրոնական Եվրոպայի ամառային ժամանակ"]},"Europe/Podgorica":{"long":["Կենտրոնական Եվրոպայի ստանդարտ ժամանակ","Կենտրոնական Եվրոպայի ամառային ժամանակ"]},"Europe/Skopje":{"long":["Կենտրոնական Եվրոպայի ստանդարտ ժամանակ","Կենտրոնական Եվրոպայի ամառային ժամանակ"]},"Europe/Malta":{"long":["Կենտրոնական Եվրոպայի ստանդարտ ժամանակ","Կենտրոնական Եվրոպայի ամառային ժամանակ"]},"Europe/Amsterdam":{"long":["Կենտրոնական Եվրոպայի ստանդարտ ժամանակ","Կենտրոնական Եվրոպայի ամառային ժամանակ"]},"Europe/Oslo":{"long":["Կենտրոնական Եվրոպայի ստանդարտ ժամանակ","Կենտրոնական Եվրոպայի ամառային ժամանակ"]},"Europe/Warsaw":{"long":["Կենտրոնական Եվրոպայի ստանդարտ ժամանակ","Կենտրոնական Եվրոպայի ամառային ժամանակ"]},"Europe/Belgrade":{"long":["Կենտրոնական Եվրոպայի ստանդարտ ժամանակ","Կենտրոնական Եվրոպայի ամառային ժամանակ"]},"Europe/Stockholm":{"long":["Կենտրոնական Եվրոպայի ստանդարտ ժամանակ","Կենտրոնական Եվրոպայի ամառային ժամանակ"]},"Europe/Ljubljana":{"long":["Կենտրոնական Եվրոպայի ստանդարտ ժամանակ","Կենտրոնական Եվրոպայի ամառային ժամանակ"]},"Arctic/Longyearbyen":{"long":["Կենտրոնական Եվրոպայի ստանդարտ ժամանակ","Կենտրոնական Եվրոպայի ամառային ժամանակ"]},"Europe/Bratislava":{"long":["Կենտրոնական Եվրոպայի ստանդարտ ժամանակ","Կենտրոնական Եվրոպայի ամառային ժամանակ"]},"Europe/San_Marino":{"long":["Կենտրոնական Եվրոպայի ստանդարտ ժամանակ","Կենտրոնական Եվրոպայի ամառային ժամանակ"]},"Africa/Tunis":{"long":["Կենտրոնական Եվրոպայի ստանդարտ ժամանակ","Կենտրոնական Եվրոպայի ամառային ժամանակ"]},"Europe/Vatican":{"long":["Կենտրոնական Եվրոպայի ստանդարտ ժամանակ","Կենտրոնական Եվրոպայի ամառային ժամանակ"]},"Europe/Bucharest":{"long":["Արևելյան Եվրոպայի ստանդարտ ժամանակ","Արևելյան Եվրոպայի ամառային ժամանակ"]},"Europe/Mariehamn":{"long":["Արևելյան Եվրոպայի ստանդարտ ժամանակ","Արևելյան Եվրոպայի ամառային ժամանակ"]},"Europe/Sofia":{"long":["Արևելյան Եվրոպայի ստանդարտ ժամանակ","Արևելյան Եվրոպայի ամառային ժամանակ"]},"Asia/Nicosia":{"long":["Արևելյան Եվրոպայի ստանդարտ ժամանակ","Արևելյան Եվրոպայի ամառային ժամանակ"]},"Africa/Cairo":{"long":["Արևելյան Եվրոպայի ստանդարտ ժամանակ","Արևելյան Եվրոպայի ամառային ժամանակ"]},"Europe/Helsinki":{"long":["Արևելյան Եվրոպայի ստանդարտ ժամանակ","Արևելյան Եվրոպայի ամառային ժամանակ"]},"Europe/Athens":{"long":["Արևելյան Եվրոպայի ստանդարտ ժամանակ","Արևելյան Եվրոպայի ամառային ժամանակ"]},"Asia/Amman":{"long":["Արևելյան Եվրոպայի ստանդարտ ժամանակ","Արևելյան Եվրոպայի ամառային ժամանակ"]},"Asia/Beirut":{"long":["Արևելյան Եվրոպայի ստանդարտ ժամանակ","Արևելյան Եվրոպայի ամառային ժամանակ"]},"Asia/Damascus":{"long":["Արևելյան Եվրոպայի ստանդարտ ժամանակ","Արևելյան Եվրոպայի ամառային ժամանակ"]},"Europe/Minsk":{"long":["Մինսկի ժամանակ","Մինսկի ժամանակ"]},"Europe/Kaliningrad":{"long":["Մինսկի ժամանակ","Մինսկի ժամանակ"]},"Atlantic/Canary":{"long":["Արևմտյան Եվրոպայի ստանդարտ ժամանակ","Արևմտյան Եվրոպայի ամառային ժամանակ"]},"Atlantic/Faeroe":{"long":["Արևմտյան Եվրոպայի ստանդարտ ժամանակ","Արևմտյան Եվրոպայի ամառային ժամանակ"]},"Atlantic/Stanley":{"long":["Ֆոլքլենդյան կղզիների ստանդարտ ժամանակ","Ֆոլքլենդյան կղզիների ամառային ժամանակ"]},"Pacific/Fiji":{"long":["Ֆիջիի ստանդարտ ժամանակ","Ֆիջիի ամառային ժամանակ"]},"America/Cayenne":{"long":["Ֆրանսիական Գվիանայի ժամանակ","Ֆրանսիական Գվիանայի ժամանակ"]},"Indian/Kerguelen":{"long":["Ֆրանսիական հարավային և անտարկտիդյան ժամանակ","Ֆրանսիական հարավային և անտարկտիդյան ժամանակ"]},"Asia/Bishkek":{"long":["Ղրղզստանի ժամանակ","Ղրղզստանի ժամանակ"]},"Pacific/Galapagos":{"long":["Գալապագոսյան կղզիների ժամանակ","Գալապագոսյան կղզիների ժամանակ"]},"Pacific/Gambier":{"long":["Գամբյե կղզիների ժամանակ","Գամբյե կղզիների ժամանակ"]},"Pacific/Tarawa":{"long":["Ջիլբերթի կղզիների ժամանակ","Ջիլբերթի կղզիների ժամանակ"]},"Atlantic/Reykjavik":{"long":["Գրինվիչի ժամանակ","Գրինվիչի ժամանակ"]},"Africa/Ouagadougou":{"long":["Գրինվիչի ժամանակ","Գրինվիչի ժամանակ"]},"Africa/Abidjan":{"long":["Գրինվիչի ժամանակ","Գրինվիչի ժամանակ"]},"Africa/Accra":{"long":["Գրինվիչի ժամանակ","Գրինվիչի ժամանակ"]},"Africa/Banjul":{"long":["Գրինվիչի ժամանակ","Գրինվիչի ժամանակ"]},"Africa/Conakry":{"long":["Գրինվիչի ժամանակ","Գրինվիչի ժամանակ"]},"Africa/Bamako":{"long":["Գրինվիչի ժամանակ","Գրինվիչի ժամանակ"]},"Africa/Nouakchott":{"long":["Գրինվիչի ժամանակ","Գրինվիչի ժամանակ"]},"Atlantic/St_Helena":{"long":["Գրինվիչի ժամանակ","Գրինվիչի ժամանակ"]},"Africa/Freetown":{"long":["Գրինվիչի ժամանակ","Գրինվիչի ժամանակ"]},"Africa/Dakar":{"long":["Գրինվիչի ժամանակ","Գրինվիչի ժամանակ"]},"Africa/Lome":{"long":["Գրինվիչի ժամանակ","Գրինվիչի ժամանակ"]},"America/Scoresbysund":{"long":["Արևելյան Գրենլանդիայի ստանդարտ ժամանակ","Արևելյան Գրենլանդիայի ամառային ժամանակ"]},"America/Godthab":{"long":["Արևմտյան Գրենլանդիայի ստանդարտ ժամանակ","Արևմտյան Գրենլանդիայի ամառային ժամանակ"]},"Asia/Dubai":{"long":["Պարսից ծոցի ստանդարտ ժամանակ","Պարսից ծոցի ստանդարտ ժամանակ"]},"Asia/Muscat":{"long":["Պարսից ծոցի ստանդարտ ժամանակ","Պարսից ծոցի ստանդարտ ժամանակ"]},"America/Guyana":{"long":["Գայանայի ժամանակ","Գայանայի ժամանակ"]},"Pacific/Honolulu":{"long":["Հավայան-ալեության ստանդարտ ժամանակ","Հավայան-ալեության ամառային ժամանակ"]},"Asia/Hong_Kong":{"long":["Հոնկոնգի ստանդարտ ժամանակ","Հոնկոնգի ամառային ժամանակ"]},"Asia/Hovd":{"long":["Հովդի ստանդարտ ժամանակ","Հովդի ամառային ժամանակ"]},"Asia/Calcutta":{"long":["Հնդկաստանի ստանդարտ ժամանակ","Հնդկաստանի ստանդարտ ժամանակ"]},"Indian/Chagos":{"long":["Հնդկական օվկիանոսի ժամանակ","Հնդկական օվկիանոսի ժամանակ"]},"Asia/Bangkok":{"long":["Հնդկաչինական ժամանակ","Հնդկաչինական ժամանակ"]},"Asia/Phnom_Penh":{"long":["Հնդկաչինական ժամանակ","Հնդկաչինական ժամանակ"]},"Asia/Vientiane":{"long":["Հնդկաչինական ժամանակ","Հնդկաչինական ժամանակ"]},"Asia/Makassar":{"long":["Կենտրոնական Ինդոնեզիայի ժամանակ","Կենտրոնական Ինդոնեզիայի ժամանակ"]},"Asia/Jayapura":{"long":["Արևելյան Ինդոնեզիայի ժամանակ","Արևելյան Ինդոնեզիայի ժամանակ"]},"Asia/Jakarta":{"long":["Արևմտյան Ինդոնեզիայի ժամանակ","Արևմտյան Ինդոնեզիայի ժամանակ"]},"Asia/Tehran":{"long":["Իրանի ստանդարտ ժամանակ","Իրանի ամառային ժամանակ"]},"Asia/Irkutsk":{"long":["Իրկուտսկի ստանդարտ ժամանակ","Իրկուտսկի ամառային ժամանակ"]},"Asia/Jerusalem":{"long":["Իսրայելի ստանդարտ ժամանակ","Իսրայելի ամառային ժամանակ"]},"Asia/Tokyo":{"long":["Ճապոնիայի ստանդարտ ժամանակ","Ճապոնիայի ամառային ժամանակ"]},"Asia/Karachi":{"long":["Պակիստանի ստանդարտ ժամանակ","Պակիստանի ամառային ժամանակ"]},"Asia/Seoul":{"long":["Կորեայի ստանդարտ ժամանակ","Կորեայի ամառային ժամանակ"]},"Pacific/Kosrae":{"long":["Կոսրաեյի ժամանակ","Կոսրաեյի ժամանակ"]},"Asia/Krasnoyarsk":{"long":["Կրասնոյարսկի ստանդարտ ժամանակ","Կրասնոյարսկի ամառային ժամանակ"]},"Pacific/Kiritimati":{"long":["Լայն կղզիների ժամանակ","Լայն կղզիների ժամանակ"]},"Australia/Lord_Howe":{"long":["Լորդ Հաուի ստանդարտ ժամանակ","Լորդ Հաուի ամառային ժամանակ"]},"Antarctica/Macquarie":{"long":["Մակկուորի կղզու ժամանակ","Մակկուորի կղզու ժամանակ"]},"Asia/Magadan":{"long":["Մագադանի ստանդարտ ժամանակ","Մագադանի ամառային ժամանակ"]},"Indian/Maldives":{"long":["Մալդիվների ժամանակ","Մալդիվների ժամանակ"]},"Pacific/Marquesas":{"long":["Մարկիզյան կղզիների ժամանակ","Մարկիզյան կղզիների ժամանակ"]},"Pacific/Majuro":{"long":["Մարշալյան կղզիների ժամանակ","Մարշալյան կղզիների ժամանակ"]},"Indian/Mauritius":{"long":["Մավրիկիոսի ստանդարտ ժամանակ","Մավրիկիոսի ամառային ժամանակ"]},"Antarctica/Mawson":{"long":["Մոուսոնի ժամանակ","Մոուսոնի ժամանակ"]},"America/Santa_Isabel":{"long":["Հյուսիսարևմտյան Մեքսիկայի ստանդարտ ժամանակ","Հյուսիսարևմտյան Մեքսիկայի ամառային ժամանակ"]},"America/Mazatlan":{"long":["Մեքսիկայի խաղաղօվկիանոսյան ստանդարտ ժամանակ","Մեքսիկայի խաղաղօվկիանոսյան ամառային ժամանակ"]},"Asia/Ulaanbaatar":{"long":["Ուլան Բատորի ստանդարտ ժամանակ","Ուլան Բատորի ամառային ժամանակ"]},"Europe/Moscow":{"long":["Մոսկվայի ստանդարտ ժամանակ","Մոսկվայի ամառային ժամանակ"]},"Asia/Rangoon":{"long":["Մյանմայի ժամանակ","Մյանմայի ժամանակ"]},"Pacific/Nauru":{"long":["Նաուրուի ժամանակ","Նաուրուի ժամանակ"]},"Asia/Katmandu":{"long":["Նեպալի ժամանակ","Նեպալի ժամանակ"]},"Pacific/Noumea":{"long":["Նոր Կալեդոնիայի ստանդարտ ժամանակ","Նոր Կալեդոնիայի ամառային ժամանակ"]},"Pacific/Auckland":{"long":["Նոր Զելանդիայի ստանդարտ ժամանակ","Նոր Զելանդիայի ամառային ժամանակ"]},"Antarctica/McMurdo":{"long":["Նոր Զելանդիայի ստանդարտ ժամանակ","Նոր Զելանդիայի ամառային ժամանակ"]},"America/St_Johns":{"long":["Նյուֆաունդլենդի ստանդարտ ժամանակ","Նյուֆաունդլենդի ամառային ժամանակ"]},"Pacific/Niue":{"long":["Նիուեյի ժամանակ","Նիուեյի ժամանակ"]},"Pacific/Norfolk":{"long":["Նորֆոլկ կղզու ստանդարտ ժամանակ","Նորֆոլկ կղզու ամառային ժամանակ"]},"America/Noronha":{"long":["Ֆերնանդու դի Նորոնյայի ստանդարտ ժամանակ","Ֆերնանդու դի Նորոնյայի ամառային ժամանակ"]},"Asia/Novosibirsk":{"long":["Նովոսիբիրսկի ստանդարտ ժամանակ","Նովոսիբիրսկի ամառային ժամանակ"]},"Asia/Omsk":{"long":["Օմսկի ստանդարտ ժամանակ","Օմսկի ամառային ժամանակ"]},"Pacific/Palau":{"long":["Պալաույի ժամանակ","Պալաույի ժամանակ"]},"Pacific/Port_Moresby":{"long":["Պապուա Նոր Գվինեայի ժամանակ","Պապուա Նոր Գվինեայի ժամանակ"]},"America/Asuncion":{"long":["Պարագվայի ստանդարտ ժամանակ","Պարագվայի ամառային ժամանակ"]},"America/Lima":{"long":["Պերուի ստանդարտ ժամանակ","Պերուի ամառային ժամանակ"]},"Asia/Manila":{"long":["Ֆիլիպինների ստանդարտ ժամանակ","Ֆիլիպինների ամառային ժամանակ"]},"Pacific/Enderbury":{"long":["Ֆինիքս կղզիների ժամանակ","Ֆինիքս կղզիների ժամանակ"]},"America/Miquelon":{"long":["Սեն Պիեռ և Միքելոնի ստանդարտ ժամանակ","Սեն Պիեռ և Միքելոնի ամառային ժամանակ"]},"Pacific/Pitcairn":{"long":["Պիտկեռնի ժամանակ","Պիտկեռնի ժամանակ"]},"Pacific/Ponape":{"long":["Պոնապե կղզու ժամանակ","Պոնապե կղզու ժամանակ"]},"Asia/Pyongyang":{"long":["Փխենյանի ժամանակ","Փխենյանի ժամանակ"]},"Indian/Reunion":{"long":["Ռեյունիոնի ժամանակ","Ռեյունիոնի ժամանակ"]},"Antarctica/Rothera":{"long":["Ռոտերայի ժամանակ","Ռոտերայի ժամանակ"]},"Asia/Sakhalin":{"long":["Սախալինի ստանդարտ ժամանակ","Սախալինի ամառային ժամանակ"]},"Pacific/Pago_Pago":{"long":["Սամոայի ստանդարտ ժամանակ","Սամոայի ամառային ժամանակ"]},"Indian/Mahe":{"long":["Սեյշելյան կղզիների ժամանակ","Սեյշելյան կղզիների ժամանակ"]},"Asia/Singapore":{"long":["Սինգապուրի ժամանակ","Սինգապուրի ժամանակ"]},"Pacific/Guadalcanal":{"long":["Սողոմոնի կղզիների ժամանակ","Սողոմոնի կղզիների ժամանակ"]},"Atlantic/South_Georgia":{"long":["Հարավային Ջորջիայի ժամանակ","Հարավային Ջորջիայի ժամանակ"]},"Asia/Yekaterinburg":{"long":["Եկատերինբուրգի ստանդարտ ժամանակ","Եկատերինբուրգի ամառային ժամանակ"]},"Antarctica/Syowa":{"long":["Սյովայի ժամանակ","Սյովայի ժամանակ"]},"Pacific/Tahiti":{"long":["Թաիթիի ժամանակ","Թաիթիի ժամանակ"]},"Asia/Taipei":{"long":["Թայպեյի ստանդարտ ժամանակ","Թայպեյի ամառային ժամանակ"]},"Asia/Tashkent":{"long":["Ուզբեկստանի ստանդարտ ժամանակ","Ուզբեկստանի ամառային ժամանակ"]},"Pacific/Fakaofo":{"long":["Տոկելաույի ժամանակ","Տոկելաույի ժամանակ"]},"Pacific/Tongatapu":{"long":["Տոնգայի ստանդարտ ժամանակ","Տոնգայի ամառային ժամանակ"]},"Pacific/Truk":{"long":["Տրուկի ժամանակ","Տրուկի ժամանակ"]},"Pacific/Funafuti":{"long":["Տուվալույի ժամանակ","Տուվալույի ժամանակ"]},"America/Montevideo":{"long":["Ուրուգվայի ստանդարտ ժամանակ","Ուրուգվայի ամառային ժամանակ"]},"Pacific/Efate":{"long":["Վանուատույի ստանդարտ ժամանակ","Վանուատույի ամառային ժամանակ"]},"America/Caracas":{"long":["Վենեսուելայի ժամանակ","Վենեսուելայի ժամանակ"]},"Asia/Vladivostok":{"long":["Վլադիվոստոկի ստանդարտ ժամանակ","Վլադիվոստոկի ամառային ժամանակ"]},"Europe/Volgograd":{"long":["Վոլգոգրադի ստանդարտ ժամանակ","Վոլգոգրադի ամառային ժամանակ"]},"Antarctica/Vostok":{"long":["Վոստոկի ժամանակ","Վոստոկի ժամանակ"]},"Pacific/Wake":{"long":["Ուեյք կղզու ժամանակ","Ուեյք կղզու ժամանակ"]},"Pacific/Wallis":{"long":["Ուոլիս և Ֆուտունայի ժամանակ","Ուոլիս և Ֆուտունայի ժամանակ"]},"Asia/Yakutsk":{"long":["Յակուտսկի ստանդարտ ժամանակ","Յակուտսկի ամառային ժամանակ"]},"UTC":{"long":["Համաշխարհային կոորդինացված ժամանակ","Համաշխարհային կոորդինացված ժամանակ"],"short":["UTC","UTC"]}},"gmtFormat":"GMT{0}","hourFormat":"+HH:mm;-HH:mm","dateFormat":{"full":"y թ. MMMM d, EEEE","long":"dd MMMM, y թ.","medium":"dd MMM, y թ.","short":"dd.MM.yy"},"timeFormat":{"full":"HH:mm:ss zzzz","long":"HH:mm:ss z","medium":"HH:mm:ss","short":"HH:mm"},"dateTimeFormat":{"full":"{1}, {0}","long":"{1}, {0}","medium":"{1}, {0}","short":"{1}, {0}"},"formats":{"gregory":{"Bh":"B h-ին","Bhm":"B h:mm-ին","Bhms":"B h:mm:ss","d":"d","E":"ccc","EBhm":"E B h:mm-ին","EBhms":"E B h:mm:ss","Ed":"d, ccc","Ehm":"E, h:mm a","EHm":"E, HH:mm","Ehms":"E, h:mm:ss a","EHms":"E, HH:mm:ss","Gy":"G y թ.","GyMMM":"G y թ. MMM","GyMMMd":"d MMM, y թ.","GyMMMEd":"G y թ. MMM d, E","h":"h a","H":"H","hm":"h:mm a","Hm":"H:mm","hms":"h:mm:ss a","Hms":"H:mm:ss","hmsv":"h:mm:ss a v","Hmsv":"HH:mm:ss v","hmv":"h:mm a v","Hmv":"HH:mm v","M":"L","Md":"dd.MM","MEd":"dd.MM, E","MMM":"LLL","MMMd":"d MMM","MMMEd":"d MMM, E","MMMMd":"MMMM d","ms":"mm:ss","y":"y","yM":"MM.y","yMd":"dd.MM.y","yMEd":"d.MM.y թ., E","yMMM":"y թ. LLL","yMMMd":"d MMM, y թ.","yMMMEd":"y թ. MMM d, E","yMMMM":"y թ․ LLLL","y թ. MMMM d, EEEE":"y թ. MMMM d, EEEE","dd MMMM, y թ.":"dd MMMM, y թ.","dd MMM, y թ.":"dd MMM, y թ.","dd.MM.yy":"dd.MM.yy","HH:mm:ss zzzz":"HH:mm:ss zzzz","HH:mm:ss z":"HH:mm:ss z","HH:mm:ss":"HH:mm:ss","HH:mm":"HH:mm","y թ. MMMM d, EEEE, HH:mm:ss zzzz":"y թ. MMMM d, EEEE, HH:mm:ss zzzz","dd MMMM, y թ., HH:mm:ss zzzz":"dd MMMM, y թ., HH:mm:ss zzzz","dd MMM, y թ., HH:mm:ss zzzz":"dd MMM, y թ., HH:mm:ss zzzz","dd.MM.yy, HH:mm:ss zzzz":"dd.MM.yy, HH:mm:ss zzzz","d, HH:mm:ss zzzz":"d, HH:mm:ss zzzz","E, HH:mm:ss zzzz":"ccc, HH:mm:ss zzzz","Ed, HH:mm:ss zzzz":"d, ccc, HH:mm:ss zzzz","Gy, HH:mm:ss zzzz":"G y թ., HH:mm:ss zzzz","GyMMM, HH:mm:ss zzzz":"G y թ. MMM, HH:mm:ss zzzz","GyMMMd, HH:mm:ss zzzz":"d MMM, y թ., HH:mm:ss zzzz","GyMMMEd, HH:mm:ss zzzz":"G y թ. MMM d, E, HH:mm:ss zzzz","M, HH:mm:ss zzzz":"L, HH:mm:ss zzzz","Md, HH:mm:ss zzzz":"dd.MM, HH:mm:ss zzzz","MEd, HH:mm:ss zzzz":"dd.MM, E, HH:mm:ss zzzz","MMM, HH:mm:ss zzzz":"LLL, HH:mm:ss zzzz","MMMd, HH:mm:ss zzzz":"d MMM, HH:mm:ss zzzz","MMMEd, HH:mm:ss zzzz":"d MMM, E, HH:mm:ss zzzz","MMMMd, HH:mm:ss zzzz":"MMMM d, HH:mm:ss zzzz","y, HH:mm:ss zzzz":"y, HH:mm:ss zzzz","yM, HH:mm:ss zzzz":"MM.y, HH:mm:ss zzzz","yMd, HH:mm:ss zzzz":"dd.MM.y, HH:mm:ss zzzz","yMEd, HH:mm:ss zzzz":"d.MM.y թ., E, HH:mm:ss zzzz","yMMM, HH:mm:ss zzzz":"y թ. LLL, HH:mm:ss zzzz","yMMMd, HH:mm:ss zzzz":"d MMM, y թ., HH:mm:ss zzzz","yMMMEd, HH:mm:ss zzzz":"y թ. MMM d, E, HH:mm:ss zzzz","yMMMM, HH:mm:ss zzzz":"y թ․ LLLL, HH:mm:ss zzzz","y թ. MMMM d, EEEE, HH:mm:ss z":"y թ. MMMM d, EEEE, HH:mm:ss z","dd MMMM, y թ., HH:mm:ss z":"dd MMMM, y թ., HH:mm:ss z","dd MMM, y թ., HH:mm:ss z":"dd MMM, y թ., HH:mm:ss z","dd.MM.yy, HH:mm:ss z":"dd.MM.yy, HH:mm:ss z","d, HH:mm:ss z":"d, HH:mm:ss z","E, HH:mm:ss z":"ccc, HH:mm:ss z","Ed, HH:mm:ss z":"d, ccc, HH:mm:ss z","Gy, HH:mm:ss z":"G y թ., HH:mm:ss z","GyMMM, HH:mm:ss z":"G y թ. MMM, HH:mm:ss z","GyMMMd, HH:mm:ss z":"d MMM, y թ., HH:mm:ss z","GyMMMEd, HH:mm:ss z":"G y թ. MMM d, E, HH:mm:ss z","M, HH:mm:ss z":"L, HH:mm:ss z","Md, HH:mm:ss z":"dd.MM, HH:mm:ss z","MEd, HH:mm:ss z":"dd.MM, E, HH:mm:ss z","MMM, HH:mm:ss z":"LLL, HH:mm:ss z","MMMd, HH:mm:ss z":"d MMM, HH:mm:ss z","MMMEd, HH:mm:ss z":"d MMM, E, HH:mm:ss z","MMMMd, HH:mm:ss z":"MMMM d, HH:mm:ss z","y, HH:mm:ss z":"y, HH:mm:ss z","yM, HH:mm:ss z":"MM.y, HH:mm:ss z","yMd, HH:mm:ss z":"dd.MM.y, HH:mm:ss z","yMEd, HH:mm:ss z":"d.MM.y թ., E, HH:mm:ss z","yMMM, HH:mm:ss z":"y թ. LLL, HH:mm:ss z","yMMMd, HH:mm:ss z":"d MMM, y թ., HH:mm:ss z","yMMMEd, HH:mm:ss z":"y թ. MMM d, E, HH:mm:ss z","yMMMM, HH:mm:ss z":"y թ․ LLLL, HH:mm:ss z","y թ. MMMM d, EEEE, HH:mm:ss":"y թ. MMMM d, EEEE, HH:mm:ss","dd MMMM, y թ., HH:mm:ss":"dd MMMM, y թ., HH:mm:ss","dd MMM, y թ., HH:mm:ss":"dd MMM, y թ., HH:mm:ss","dd.MM.yy, HH:mm:ss":"dd.MM.yy, HH:mm:ss","d, HH:mm:ss":"d, HH:mm:ss","E, HH:mm:ss":"ccc, HH:mm:ss","Ed, HH:mm:ss":"d, ccc, HH:mm:ss","Gy, HH:mm:ss":"G y թ., HH:mm:ss","GyMMM, HH:mm:ss":"G y թ. MMM, HH:mm:ss","GyMMMd, HH:mm:ss":"d MMM, y թ., HH:mm:ss","GyMMMEd, HH:mm:ss":"G y թ. MMM d, E, HH:mm:ss","M, HH:mm:ss":"L, HH:mm:ss","Md, HH:mm:ss":"dd.MM, HH:mm:ss","MEd, HH:mm:ss":"dd.MM, E, HH:mm:ss","MMM, HH:mm:ss":"LLL, HH:mm:ss","MMMd, HH:mm:ss":"d MMM, HH:mm:ss","MMMEd, HH:mm:ss":"d MMM, E, HH:mm:ss","MMMMd, HH:mm:ss":"MMMM d, HH:mm:ss","y, HH:mm:ss":"y, HH:mm:ss","yM, HH:mm:ss":"MM.y, HH:mm:ss","yMd, HH:mm:ss":"dd.MM.y, HH:mm:ss","yMEd, HH:mm:ss":"d.MM.y թ., E, HH:mm:ss","yMMM, HH:mm:ss":"y թ. LLL, HH:mm:ss","yMMMd, HH:mm:ss":"d MMM, y թ., HH:mm:ss","yMMMEd, HH:mm:ss":"y թ. MMM d, E, HH:mm:ss","yMMMM, HH:mm:ss":"y թ․ LLLL, HH:mm:ss","y թ. MMMM d, EEEE, HH:mm":"y թ. MMMM d, EEEE, HH:mm","dd MMMM, y թ., HH:mm":"dd MMMM, y թ., HH:mm","dd MMM, y թ., HH:mm":"dd MMM, y թ., HH:mm","dd.MM.yy, HH:mm":"dd.MM.yy, HH:mm","d, HH:mm":"d, HH:mm","E, HH:mm":"ccc, HH:mm","Ed, HH:mm":"d, ccc, HH:mm","Gy, HH:mm":"G y թ., HH:mm","GyMMM, HH:mm":"G y թ. MMM, HH:mm","GyMMMd, HH:mm":"d MMM, y թ., HH:mm","GyMMMEd, HH:mm":"G y թ. MMM d, E, HH:mm","M, HH:mm":"L, HH:mm","Md, HH:mm":"dd.MM, HH:mm","MEd, HH:mm":"dd.MM, E, HH:mm","MMM, HH:mm":"LLL, HH:mm","MMMd, HH:mm":"d MMM, HH:mm","MMMEd, HH:mm":"d MMM, E, HH:mm","MMMMd, HH:mm":"MMMM d, HH:mm","y, HH:mm":"y, HH:mm","yM, HH:mm":"MM.y, HH:mm","yMd, HH:mm":"dd.MM.y, HH:mm","yMEd, HH:mm":"d.MM.y թ., E, HH:mm","yMMM, HH:mm":"y թ. LLL, HH:mm","yMMMd, HH:mm":"d MMM, y թ., HH:mm","yMMMEd, HH:mm":"y թ. MMM d, E, HH:mm","yMMMM, HH:mm":"y թ․ LLLL, HH:mm","y թ. MMMM d, EEEE, Bh":"y թ. MMMM d, EEEE, B h-ին","dd MMMM, y թ., Bh":"dd MMMM, y թ., B h-ին","dd MMM, y թ., Bh":"dd MMM, y թ., B h-ին","dd.MM.yy, Bh":"dd.MM.yy, B h-ին","d, Bh":"d, B h-ին","E, Bh":"ccc, B h-ին","Ed, Bh":"d, ccc, B h-ին","Gy, Bh":"G y թ., B h-ին","GyMMM, Bh":"G y թ. MMM, B h-ին","GyMMMd, Bh":"d MMM, y թ., B h-ին","GyMMMEd, Bh":"G y թ. MMM d, E, B h-ին","M, Bh":"L, B h-ին","Md, Bh":"dd.MM, B h-ին","MEd, Bh":"dd.MM, E, B h-ին","MMM, Bh":"LLL, B h-ին","MMMd, Bh":"d MMM, B h-ին","MMMEd, Bh":"d MMM, E, B h-ին","MMMMd, Bh":"MMMM d, B h-ին","y, Bh":"y, B h-ին","yM, Bh":"MM.y, B h-ին","yMd, Bh":"dd.MM.y, B h-ին","yMEd, Bh":"d.MM.y թ., E, B h-ին","yMMM, Bh":"y թ. LLL, B h-ին","yMMMd, Bh":"d MMM, y թ., B h-ին","yMMMEd, Bh":"y թ. MMM d, E, B h-ին","yMMMM, Bh":"y թ․ LLLL, B h-ին","y թ. MMMM d, EEEE, Bhm":"y թ. MMMM d, EEEE, B h:mm-ին","dd MMMM, y թ., Bhm":"dd MMMM, y թ., B h:mm-ին","dd MMM, y թ., Bhm":"dd MMM, y թ., B h:mm-ին","dd.MM.yy, Bhm":"dd.MM.yy, B h:mm-ին","d, Bhm":"d, B h:mm-ին","E, Bhm":"ccc, B h:mm-ին","Ed, Bhm":"d, ccc, B h:mm-ին","Gy, Bhm":"G y թ., B h:mm-ին","GyMMM, Bhm":"G y թ. MMM, B h:mm-ին","GyMMMd, Bhm":"d MMM, y թ., B h:mm-ին","GyMMMEd, Bhm":"G y թ. MMM d, E, B h:mm-ին","M, Bhm":"L, B h:mm-ին","Md, Bhm":"dd.MM, B h:mm-ին","MEd, Bhm":"dd.MM, E, B h:mm-ին","MMM, Bhm":"LLL, B h:mm-ին","MMMd, Bhm":"d MMM, B h:mm-ին","MMMEd, Bhm":"d MMM, E, B h:mm-ին","MMMMd, Bhm":"MMMM d, B h:mm-ին","y, Bhm":"y, B h:mm-ին","yM, Bhm":"MM.y, B h:mm-ին","yMd, Bhm":"dd.MM.y, B h:mm-ին","yMEd, Bhm":"d.MM.y թ., E, B h:mm-ին","yMMM, Bhm":"y թ. LLL, B h:mm-ին","yMMMd, Bhm":"d MMM, y թ., B h:mm-ին","yMMMEd, Bhm":"y թ. MMM d, E, B h:mm-ին","yMMMM, Bhm":"y թ․ LLLL, B h:mm-ին","y թ. MMMM d, EEEE, Bhms":"y թ. MMMM d, EEEE, B h:mm:ss","dd MMMM, y թ., Bhms":"dd MMMM, y թ., B h:mm:ss","dd MMM, y թ., Bhms":"dd MMM, y թ., B h:mm:ss","dd.MM.yy, Bhms":"dd.MM.yy, B h:mm:ss","d, Bhms":"d, B h:mm:ss","E, Bhms":"ccc, B h:mm:ss","Ed, Bhms":"d, ccc, B h:mm:ss","Gy, Bhms":"G y թ., B h:mm:ss","GyMMM, Bhms":"G y թ. MMM, B h:mm:ss","GyMMMd, Bhms":"d MMM, y թ., B h:mm:ss","GyMMMEd, Bhms":"G y թ. MMM d, E, B h:mm:ss","M, Bhms":"L, B h:mm:ss","Md, Bhms":"dd.MM, B h:mm:ss","MEd, Bhms":"dd.MM, E, B h:mm:ss","MMM, Bhms":"LLL, B h:mm:ss","MMMd, Bhms":"d MMM, B h:mm:ss","MMMEd, Bhms":"d MMM, E, B h:mm:ss","MMMMd, Bhms":"MMMM d, B h:mm:ss","y, Bhms":"y, B h:mm:ss","yM, Bhms":"MM.y, B h:mm:ss","yMd, Bhms":"dd.MM.y, B h:mm:ss","yMEd, Bhms":"d.MM.y թ., E, B h:mm:ss","yMMM, Bhms":"y թ. LLL, B h:mm:ss","yMMMd, Bhms":"d MMM, y թ., B h:mm:ss","yMMMEd, Bhms":"y թ. MMM d, E, B h:mm:ss","yMMMM, Bhms":"y թ․ LLLL, B h:mm:ss","y թ. MMMM d, EEEE, h":"y թ. MMMM d, EEEE, h a","dd MMMM, y թ., h":"dd MMMM, y թ., h a","dd MMM, y թ., h":"dd MMM, y թ., h a","dd.MM.yy, h":"dd.MM.yy, h a","d, h":"d, h a","E, h":"ccc, h a","Ed, h":"d, ccc, h a","Gy, h":"G y թ., h a","GyMMM, h":"G y թ. MMM, h a","GyMMMd, h":"d MMM, y թ., h a","GyMMMEd, h":"G y թ. MMM d, E, h a","M, h":"L, h a","Md, h":"dd.MM, h a","MEd, h":"dd.MM, E, h a","MMM, h":"LLL, h a","MMMd, h":"d MMM, h a","MMMEd, h":"d MMM, E, h a","MMMMd, h":"MMMM d, h a","y, h":"y, h a","yM, h":"MM.y, h a","yMd, h":"dd.MM.y, h a","yMEd, h":"d.MM.y թ., E, h a","yMMM, h":"y թ. LLL, h a","yMMMd, h":"d MMM, y թ., h a","yMMMEd, h":"y թ. MMM d, E, h a","yMMMM, h":"y թ․ LLLL, h a","y թ. MMMM d, EEEE, H":"y թ. MMMM d, EEEE, H","dd MMMM, y թ., H":"dd MMMM, y թ., H","dd MMM, y թ., H":"dd MMM, y թ., H","dd.MM.yy, H":"dd.MM.yy, H","d, H":"d, H","E, H":"ccc, H","Ed, H":"d, ccc, H","Gy, H":"G y թ., H","GyMMM, H":"G y թ. MMM, H","GyMMMd, H":"d MMM, y թ., H","GyMMMEd, H":"G y թ. MMM d, E, H","M, H":"L, H","Md, H":"dd.MM, H","MEd, H":"dd.MM, E, H","MMM, H":"LLL, H","MMMd, H":"d MMM, H","MMMEd, H":"d MMM, E, H","MMMMd, H":"MMMM d, H","y, H":"y, H","yM, H":"MM.y, H","yMd, H":"dd.MM.y, H","yMEd, H":"d.MM.y թ., E, H","yMMM, H":"y թ. LLL, H","yMMMd, H":"d MMM, y թ., H","yMMMEd, H":"y թ. MMM d, E, H","yMMMM, H":"y թ․ LLLL, H","y թ. MMMM d, EEEE, hm":"y թ. MMMM d, EEEE, h:mm a","dd MMMM, y թ., hm":"dd MMMM, y թ., h:mm a","dd MMM, y թ., hm":"dd MMM, y թ., h:mm a","dd.MM.yy, hm":"dd.MM.yy, h:mm a","d, hm":"d, h:mm a","E, hm":"ccc, h:mm a","Ed, hm":"d, ccc, h:mm a","Gy, hm":"G y թ., h:mm a","GyMMM, hm":"G y թ. MMM, h:mm a","GyMMMd, hm":"d MMM, y թ., h:mm a","GyMMMEd, hm":"G y թ. MMM d, E, h:mm a","M, hm":"L, h:mm a","Md, hm":"dd.MM, h:mm a","MEd, hm":"dd.MM, E, h:mm a","MMM, hm":"LLL, h:mm a","MMMd, hm":"d MMM, h:mm a","MMMEd, hm":"d MMM, E, h:mm a","MMMMd, hm":"MMMM d, h:mm a","y, hm":"y, h:mm a","yM, hm":"MM.y, h:mm a","yMd, hm":"dd.MM.y, h:mm a","yMEd, hm":"d.MM.y թ., E, h:mm a","yMMM, hm":"y թ. LLL, h:mm a","yMMMd, hm":"d MMM, y թ., h:mm a","yMMMEd, hm":"y թ. MMM d, E, h:mm a","yMMMM, hm":"y թ․ LLLL, h:mm a","y թ. MMMM d, EEEE, Hm":"y թ. MMMM d, EEEE, H:mm","dd MMMM, y թ., Hm":"dd MMMM, y թ., H:mm","dd MMM, y թ., Hm":"dd MMM, y թ., H:mm","dd.MM.yy, Hm":"dd.MM.yy, H:mm","d, Hm":"d, H:mm","E, Hm":"ccc, H:mm","Ed, Hm":"d, ccc, H:mm","Gy, Hm":"G y թ., H:mm","GyMMM, Hm":"G y թ. MMM, H:mm","GyMMMd, Hm":"d MMM, y թ., H:mm","GyMMMEd, Hm":"G y թ. MMM d, E, H:mm","M, Hm":"L, H:mm","Md, Hm":"dd.MM, H:mm","MEd, Hm":"dd.MM, E, H:mm","MMM, Hm":"LLL, H:mm","MMMd, Hm":"d MMM, H:mm","MMMEd, Hm":"d MMM, E, H:mm","MMMMd, Hm":"MMMM d, H:mm","y, Hm":"y, H:mm","yM, Hm":"MM.y, H:mm","yMd, Hm":"dd.MM.y, H:mm","yMEd, Hm":"d.MM.y թ., E, H:mm","yMMM, Hm":"y թ. LLL, H:mm","yMMMd, Hm":"d MMM, y թ., H:mm","yMMMEd, Hm":"y թ. MMM d, E, H:mm","yMMMM, Hm":"y թ․ LLLL, H:mm","y թ. MMMM d, EEEE, hms":"y թ. MMMM d, EEEE, h:mm:ss a","dd MMMM, y թ., hms":"dd MMMM, y թ., h:mm:ss a","dd MMM, y թ., hms":"dd MMM, y թ., h:mm:ss a","dd.MM.yy, hms":"dd.MM.yy, h:mm:ss a","d, hms":"d, h:mm:ss a","E, hms":"ccc, h:mm:ss a","Ed, hms":"d, ccc, h:mm:ss a","Gy, hms":"G y թ., h:mm:ss a","GyMMM, hms":"G y թ. MMM, h:mm:ss a","GyMMMd, hms":"d MMM, y թ., h:mm:ss a","GyMMMEd, hms":"G y թ. MMM d, E, h:mm:ss a","M, hms":"L, h:mm:ss a","Md, hms":"dd.MM, h:mm:ss a","MEd, hms":"dd.MM, E, h:mm:ss a","MMM, hms":"LLL, h:mm:ss a","MMMd, hms":"d MMM, h:mm:ss a","MMMEd, hms":"d MMM, E, h:mm:ss a","MMMMd, hms":"MMMM d, h:mm:ss a","y, hms":"y, h:mm:ss a","yM, hms":"MM.y, h:mm:ss a","yMd, hms":"dd.MM.y, h:mm:ss a","yMEd, hms":"d.MM.y թ., E, h:mm:ss a","yMMM, hms":"y թ. LLL, h:mm:ss a","yMMMd, hms":"d MMM, y թ., h:mm:ss a","yMMMEd, hms":"y թ. MMM d, E, h:mm:ss a","yMMMM, hms":"y թ․ LLLL, h:mm:ss a","y թ. MMMM d, EEEE, Hms":"y թ. MMMM d, EEEE, H:mm:ss","dd MMMM, y թ., Hms":"dd MMMM, y թ., H:mm:ss","dd MMM, y թ., Hms":"dd MMM, y թ., H:mm:ss","dd.MM.yy, Hms":"dd.MM.yy, H:mm:ss","d, Hms":"d, H:mm:ss","E, Hms":"ccc, H:mm:ss","Ed, Hms":"d, ccc, H:mm:ss","Gy, Hms":"G y թ., H:mm:ss","GyMMM, Hms":"G y թ. MMM, H:mm:ss","GyMMMd, Hms":"d MMM, y թ., H:mm:ss","GyMMMEd, Hms":"G y թ. MMM d, E, H:mm:ss","M, Hms":"L, H:mm:ss","Md, Hms":"dd.MM, H:mm:ss","MEd, Hms":"dd.MM, E, H:mm:ss","MMM, Hms":"LLL, H:mm:ss","MMMd, Hms":"d MMM, H:mm:ss","MMMEd, Hms":"d MMM, E, H:mm:ss","MMMMd, Hms":"MMMM d, H:mm:ss","y, Hms":"y, H:mm:ss","yM, Hms":"MM.y, H:mm:ss","yMd, Hms":"dd.MM.y, H:mm:ss","yMEd, Hms":"d.MM.y թ., E, H:mm:ss","yMMM, Hms":"y թ. LLL, H:mm:ss","yMMMd, Hms":"d MMM, y թ., H:mm:ss","yMMMEd, Hms":"y թ. MMM d, E, H:mm:ss","yMMMM, Hms":"y թ․ LLLL, H:mm:ss","y թ. MMMM d, EEEE, hmsv":"y թ. MMMM d, EEEE, h:mm:ss a v","dd MMMM, y թ., hmsv":"dd MMMM, y թ., h:mm:ss a v","dd MMM, y թ., hmsv":"dd MMM, y թ., h:mm:ss a v","dd.MM.yy, hmsv":"dd.MM.yy, h:mm:ss a v","d, hmsv":"d, h:mm:ss a v","E, hmsv":"ccc, h:mm:ss a v","Ed, hmsv":"d, ccc, h:mm:ss a v","Gy, hmsv":"G y թ., h:mm:ss a v","GyMMM, hmsv":"G y թ. MMM, h:mm:ss a v","GyMMMd, hmsv":"d MMM, y թ., h:mm:ss a v","GyMMMEd, hmsv":"G y թ. MMM d, E, h:mm:ss a v","M, hmsv":"L, h:mm:ss a v","Md, hmsv":"dd.MM, h:mm:ss a v","MEd, hmsv":"dd.MM, E, h:mm:ss a v","MMM, hmsv":"LLL, h:mm:ss a v","MMMd, hmsv":"d MMM, h:mm:ss a v","MMMEd, hmsv":"d MMM, E, h:mm:ss a v","MMMMd, hmsv":"MMMM d, h:mm:ss a v","y, hmsv":"y, h:mm:ss a v","yM, hmsv":"MM.y, h:mm:ss a v","yMd, hmsv":"dd.MM.y, h:mm:ss a v","yMEd, hmsv":"d.MM.y թ., E, h:mm:ss a v","yMMM, hmsv":"y թ. LLL, h:mm:ss a v","yMMMd, hmsv":"d MMM, y թ., h:mm:ss a v","yMMMEd, hmsv":"y թ. MMM d, E, h:mm:ss a v","yMMMM, hmsv":"y թ․ LLLL, h:mm:ss a v","y թ. MMMM d, EEEE, Hmsv":"y թ. MMMM d, EEEE, HH:mm:ss v","dd MMMM, y թ., Hmsv":"dd MMMM, y թ., HH:mm:ss v","dd MMM, y թ., Hmsv":"dd MMM, y թ., HH:mm:ss v","dd.MM.yy, Hmsv":"dd.MM.yy, HH:mm:ss v","d, Hmsv":"d, HH:mm:ss v","E, Hmsv":"ccc, HH:mm:ss v","Ed, Hmsv":"d, ccc, HH:mm:ss v","Gy, Hmsv":"G y թ., HH:mm:ss v","GyMMM, Hmsv":"G y թ. MMM, HH:mm:ss v","GyMMMd, Hmsv":"d MMM, y թ., HH:mm:ss v","GyMMMEd, Hmsv":"G y թ. MMM d, E, HH:mm:ss v","M, Hmsv":"L, HH:mm:ss v","Md, Hmsv":"dd.MM, HH:mm:ss v","MEd, Hmsv":"dd.MM, E, HH:mm:ss v","MMM, Hmsv":"LLL, HH:mm:ss v","MMMd, Hmsv":"d MMM, HH:mm:ss v","MMMEd, Hmsv":"d MMM, E, HH:mm:ss v","MMMMd, Hmsv":"MMMM d, HH:mm:ss v","y, Hmsv":"y, HH:mm:ss v","yM, Hmsv":"MM.y, HH:mm:ss v","yMd, Hmsv":"dd.MM.y, HH:mm:ss v","yMEd, Hmsv":"d.MM.y թ., E, HH:mm:ss v","yMMM, Hmsv":"y թ. LLL, HH:mm:ss v","yMMMd, Hmsv":"d MMM, y թ., HH:mm:ss v","yMMMEd, Hmsv":"y թ. MMM d, E, HH:mm:ss v","yMMMM, Hmsv":"y թ․ LLLL, HH:mm:ss v","y թ. MMMM d, EEEE, hmv":"y թ. MMMM d, EEEE, h:mm a v","dd MMMM, y թ., hmv":"dd MMMM, y թ., h:mm a v","dd MMM, y թ., hmv":"dd MMM, y թ., h:mm a v","dd.MM.yy, hmv":"dd.MM.yy, h:mm a v","d, hmv":"d, h:mm a v","E, hmv":"ccc, h:mm a v","Ed, hmv":"d, ccc, h:mm a v","Gy, hmv":"G y թ., h:mm a v","GyMMM, hmv":"G y թ. MMM, h:mm a v","GyMMMd, hmv":"d MMM, y թ., h:mm a v","GyMMMEd, hmv":"G y թ. MMM d, E, h:mm a v","M, hmv":"L, h:mm a v","Md, hmv":"dd.MM, h:mm a v","MEd, hmv":"dd.MM, E, h:mm a v","MMM, hmv":"LLL, h:mm a v","MMMd, hmv":"d MMM, h:mm a v","MMMEd, hmv":"d MMM, E, h:mm a v","MMMMd, hmv":"MMMM d, h:mm a v","y, hmv":"y, h:mm a v","yM, hmv":"MM.y, h:mm a v","yMd, hmv":"dd.MM.y, h:mm a v","yMEd, hmv":"d.MM.y թ., E, h:mm a v","yMMM, hmv":"y թ. LLL, h:mm a v","yMMMd, hmv":"d MMM, y թ., h:mm a v","yMMMEd, hmv":"y թ. MMM d, E, h:mm a v","yMMMM, hmv":"y թ․ LLLL, h:mm a v","y թ. MMMM d, EEEE, Hmv":"y թ. MMMM d, EEEE, HH:mm v","dd MMMM, y թ., Hmv":"dd MMMM, y թ., HH:mm v","dd MMM, y թ., Hmv":"dd MMM, y թ., HH:mm v","dd.MM.yy, Hmv":"dd.MM.yy, HH:mm v","d, Hmv":"d, HH:mm v","E, Hmv":"ccc, HH:mm v","Ed, Hmv":"d, ccc, HH:mm v","Gy, Hmv":"G y թ., HH:mm v","GyMMM, Hmv":"G y թ. MMM, HH:mm v","GyMMMd, Hmv":"d MMM, y թ., HH:mm v","GyMMMEd, Hmv":"G y թ. MMM d, E, HH:mm v","M, Hmv":"L, HH:mm v","Md, Hmv":"dd.MM, HH:mm v","MEd, Hmv":"dd.MM, E, HH:mm v","MMM, Hmv":"LLL, HH:mm v","MMMd, Hmv":"d MMM, HH:mm v","MMMEd, Hmv":"d MMM, E, HH:mm v","MMMMd, Hmv":"MMMM d, HH:mm v","y, Hmv":"y, HH:mm v","yM, Hmv":"MM.y, HH:mm v","yMd, Hmv":"dd.MM.y, HH:mm v","yMEd, Hmv":"d.MM.y թ., E, HH:mm v","yMMM, Hmv":"y թ. LLL, HH:mm v","yMMMd, Hmv":"d MMM, y թ., HH:mm v","yMMMEd, Hmv":"y թ. MMM d, E, HH:mm v","yMMMM, Hmv":"y թ․ LLLL, HH:mm v","y թ. MMMM d, EEEE, ms":"y թ. MMMM d, EEEE, mm:ss","dd MMMM, y թ., ms":"dd MMMM, y թ., mm:ss","dd MMM, y թ., ms":"dd MMM, y թ., mm:ss","dd.MM.yy, ms":"dd.MM.yy, mm:ss","d, ms":"d, mm:ss","E, ms":"ccc, mm:ss","Ed, ms":"d, ccc, mm:ss","Gy, ms":"G y թ., mm:ss","GyMMM, ms":"G y թ. MMM, mm:ss","GyMMMd, ms":"d MMM, y թ., mm:ss","GyMMMEd, ms":"G y թ. MMM d, E, mm:ss","M, ms":"L, mm:ss","Md, ms":"dd.MM, mm:ss","MEd, ms":"dd.MM, E, mm:ss","MMM, ms":"LLL, mm:ss","MMMd, ms":"d MMM, mm:ss","MMMEd, ms":"d MMM, E, mm:ss","MMMMd, ms":"MMMM d, mm:ss","y, ms":"y, mm:ss","yM, ms":"MM.y, mm:ss","yMd, ms":"dd.MM.y, mm:ss","yMEd, ms":"d.MM.y թ., E, mm:ss","yMMM, ms":"y թ. LLL, mm:ss","yMMMd, ms":"d MMM, y թ., mm:ss","yMMMEd, ms":"y թ. MMM d, E, mm:ss","yMMMM, ms":"y թ․ LLLL, mm:ss"}},"intervalFormats":{"intervalFormatFallback":"{0} – {1}","Bh":{"B":"B h–ից B h-ը","h":"B h–ից h-ը"},"Bhm":{"B":"B h:mm – B h:mm","h":"B h:mm–h:mm","m":"B h:mm – h:mm"},"d":{"d":"d–d"},"Gy":{"G":"G y – G y","y":"G y–y թթ․"},"GyM":{"G":"GGGGG MM.y – GGGGG MM.y","M":"GGGGG MM.y – MM.y","y":"GGGGG MM.y – MM.y"},"GyMd":{"d":"GGGGG dd.MM.y – dd.MM.y","G":"GGGGG dd.MM.y – GGGGG dd.MM.y","M":"GGGGG dd.MM.y – dd.MM.y","y":"GGGGG dd.MM.y – dd.MM.y"},"GyMEd":{"d":"GGGGG dd.MM.y, ccc – dd.MM.y, ccc","G":"GGGGG dd.MM.y ccc – GGGGG dd.MM.y ccc","M":"GGGGG dd.MM.y ccc – dd.MM.y ccc","y":"GGGGG dd.MM.y ccc – dd.MM.y ccc"},"GyMMM":{"G":"G y MMM – G y MMM","M":"G y թ. MMM – MMM","y":"G y MMM – y MMM"},"GyMMMd":{"d":"G y թ. MMM dd–dd","G":"G y թ․ MMM dd – G y թ. MMM dd","M":"G y թ. MMM dd – MMM dd","y":"G y թ․ MMM dd – G y թ. MMM dd"},"GyMMMEd":{"d":"G y թ. MMM d E – MMM d E","G":"G y թ. MMM d E – G MMM d E","M":"G y թ. MMM d E – MMM d E","y":"G y թ. MMM d E – y թ. MMM d E"},"h":{"a":"h a – h a","h":"h–h a"},"H":{"H":"H–H"},"hm":{"a":"h:mm a – h:mm a","h":"h:mm–h:mm a","m":"h:mm–h:mm a"},"Hm":{"H":"H:mm–H:mm","m":"H:mm–H:mm"},"hmv":{"a":"h:mm a – h:mm a v","h":"h:mm–h:mm a v","m":"h:mm–h:mm a v"},"Hmv":{"H":"H:mm–H:mm, v","m":"H:mm–H:mm, v"},"hv":{"a":"h a – h a v","h":"h–h a v"},"Hv":{"H":"H–H, v"},"M":{"M":"M–M"},"Md":{"d":"dd.MM – dd.MM","M":"dd.MM – dd.MM"},"MEd":{"d":"E, dd.MM – E, dd.MM","M":"E, dd.MM – E, dd.MM"},"MMM":{"M":"MMM–MMM"},"MMMd":{"d":"MMM dd–dd","M":"MMM dd – MMM dd"},"MMMEd":{"d":"E, MMM dd – E, MMM dd","M":"E, MMM dd – E, MMM dd"},"y":{"y":"y–y"},"yM":{"M":"MM.y – MM.y","y":"MM.y – MM.y"},"yMd":{"d":"dd.MM.y – dd.MM.y","M":"dd.MM.y – dd.MM.y","y":"dd.MM.y – dd.MM.y"},"yMEd":{"d":"ccc, dd.MM.y – ccc, dd.MM.y","M":"ccc, dd.MM.y – ccc, dd.MM.y","y":"ccc, dd.MM.y – ccc, dd.MM.y"},"yMMM":{"M":"y թ. MMM – MMM","y":"y MMM – y MMM"},"yMMMd":{"d":"dd–dd MMM, y թ.","M":"dd MMM – dd MMM, y թ.","y":"dd MMM, y թ․ – dd MMM, y թ."},"yMMMEd":{"d":"E, d MMM – E, d MMM, y թ.","M":"E, d MMM – E, d MMM, y թ.","y":"E, d MMM, y – E, d MMM, y թ."},"yMMMM":{"M":"y թ․ LLLL – LLLL","y":"y թ․ LLLL – y թ․ LLLL"}},"hourCycle":"h23","nu":["latn"],"ca":["gregory"],"hc":["h23",""]},"locale":"hy"}
