{"data":{"am":"AM","pm":"PM","weekday":{"narrow":["M","S","S","R","K","J","S"],"short":["Min","Sen","Sel","Rab","Kam","Jum","Sab"],"long":["Minggu","Senin","Selasa","Rabu","Kamis","Jumat","Sabtu"]},"era":{"narrow":{"BC":"SM","AD":"M"},"short":{"BC":"SM","AD":"M"},"long":{"BC":"Sebelum Masehi","AD":"Masehi"}},"month":{"narrow":["J","F","M","A","M","J","J","A","S","O","N","D"],"short":["Jan","Feb","Mar","Apr","Mei","Jun","Jul","Agu","Sep","Okt","Nov","Des"],"long":["Januari","Februari","Maret","April","Mei","Juni","Juli","Agustus","September","Oktober","November","Desember"]},"timeZoneName":{"America/Rio_Branco":{"long":["Waktu Standar Acre","Waktu Musim Panas Acre"]},"Asia/Kabul":{"long":["Waktu Afganistan","Waktu Afganistan"]},"Africa/Maputo":{"long":["Waktu Afrika Tengah","Waktu Afrika Tengah"]},"Africa/Bujumbura":{"long":["Waktu Afrika Tengah","Waktu Afrika Tengah"]},"Africa/Gaborone":{"long":["Waktu Afrika Tengah","Waktu Afrika Tengah"]},"Africa/Lubumbashi":{"long":["Waktu Afrika Tengah","Waktu Afrika Tengah"]},"Africa/Blantyre":{"long":["Waktu Afrika Tengah","Waktu Afrika Tengah"]},"Africa/Kigali":{"long":["Waktu Afrika Tengah","Waktu Afrika Tengah"]},"Africa/Lusaka":{"long":["Waktu Afrika Tengah","Waktu Afrika Tengah"]},"Africa/Harare":{"long":["Waktu Afrika Tengah","Waktu Afrika Tengah"]},"Africa/Nairobi":{"long":["Waktu Afrika Timur","Waktu Afrika Timur"]},"Africa/Djibouti":{"long":["Waktu Afrika Timur","Waktu Afrika Timur"]},"Africa/Asmera":{"long":["Waktu Afrika Timur","Waktu Afrika Timur"]},"Africa/Addis_Ababa":{"long":["Waktu Afrika Timur","Waktu Afrika Timur"]},"Indian/Comoro":{"long":["Waktu Afrika Timur","Waktu Afrika Timur"]},"Indian/Antananarivo":{"long":["Waktu Afrika Timur","Waktu Afrika Timur"]},"Africa/Mogadishu":{"long":["Waktu Afrika Timur","Waktu Afrika Timur"]},"Africa/Dar_es_Salaam":{"long":["Waktu Afrika Timur","Waktu Afrika Timur"]},"Africa/Kampala":{"long":["Waktu Afrika Timur","Waktu Afrika Timur"]},"Indian/Mayotte":{"long":["Waktu Afrika Timur","Waktu Afrika Timur"]},"Africa/Johannesburg":{"long":["Waktu Standar Afrika Selatan","Waktu Standar Afrika Selatan"]},"Africa/Maseru":{"long":["Waktu Standar Afrika Selatan","Waktu Standar Afrika Selatan"]},"Africa/Mbabane":{"long":["Waktu Standar Afrika Selatan","Waktu Standar Afrika Selatan"]},"Africa/Lagos":{"long":["Waktu Standar Afrika Barat","Waktu Musim Panas Afrika Barat"]},"Africa/Luanda":{"long":["Waktu Standar Afrika Barat","Waktu Musim Panas Afrika Barat"]},"Africa/Porto-Novo":{"long":["Waktu Standar Afrika Barat","Waktu Musim Panas Afrika Barat"]},"Africa/Kinshasa":{"long":["Waktu Standar Afrika Barat","Waktu Musim Panas Afrika Barat"]},"Africa/Bangui":{"long":["Waktu Standar Afrika Barat","Waktu Musim Panas Afrika Barat"]},"Africa/Brazzaville":{"long":["Waktu Standar Afrika Barat","Waktu Musim Panas Afrika Barat"]},"Africa/Douala":{"long":["Waktu Standar Afrika Barat","Waktu Musim Panas Afrika Barat"]},"Africa/Libreville":{"long":["Waktu Standar Afrika Barat","Waktu Musim Panas Afrika Barat"]},"Africa/Malabo":{"long":["Waktu Standar Afrika Barat","Waktu Musim Panas Afrika Barat"]},"Africa/Niamey":{"long":["Waktu Standar Afrika Barat","Waktu Musim Panas Afrika Barat"]},"Africa/Ndjamena":{"long":["Waktu Standar Afrika Barat","Waktu Musim Panas Afrika Barat"]},"Asia/Aqtobe":{"long":["Waktu Kazakhstan Barat","Waktu Kazakhstan Barat"]},"America/Juneau":{"long":["Waktu Standar Alaska","Waktu Musim Panas Alaska"]},"Asia/Almaty":{"long":["Waktu Kazakhstan Timur","Waktu Kazakhstan Timur"]},"America/Manaus":{"long":["Waktu Standar Amazon","Waktu Musim Panas Amazon"]},"America/Chicago":{"long":["Waktu Standar Tengah","Waktu Musim Panas Tengah"]},"America/Belize":{"long":["Waktu Standar Tengah","Waktu Musim Panas Tengah"]},"America/Winnipeg":{"long":["Waktu Standar Tengah","Waktu Musim Panas Tengah"]},"America/Costa_Rica":{"long":["Waktu Standar Tengah","Waktu Musim Panas Tengah"]},"America/Guatemala":{"long":["Waktu Standar Tengah","Waktu Musim Panas Tengah"]},"America/Tegucigalpa":{"long":["Waktu Standar Tengah","Waktu Musim Panas Tengah"]},"America/Mexico_City":{"long":["Waktu Standar Tengah","Waktu Musim Panas Tengah"]},"America/El_Salvador":{"long":["Waktu Standar Tengah","Waktu Musim Panas Tengah"]},"America/New_York":{"long":["Waktu Standar Timur","Waktu Musim Panas Timur"]},"America/Nassau":{"long":["Waktu Standar Timur","Waktu Musim Panas Timur"]},"America/Toronto":{"long":["Waktu Standar Timur","Waktu Musim Panas Timur"]},"America/Port-au-Prince":{"long":["Waktu Standar Timur","Waktu Musim Panas Timur"]},"America/Jamaica":{"long":["Waktu Standar Timur","Waktu Musim Panas Timur"]},"America/Cayman":{"long":["Waktu Standar Timur","Waktu Musim Panas Timur"]},"America/Panama":{"long":["Waktu Standar Timur","Waktu Musim Panas Timur"]},"America/Denver":{"long":["Waktu Standar Pegunungan","Waktu Musim Panas Pegunungan"]},"America/Edmonton":{"long":["Waktu Standar Pegunungan","Waktu Musim Panas Pegunungan"]},"America/Hermosillo":{"long":["Waktu Standar Pegunungan","Waktu Musim Panas Pegunungan"]},"America/Los_Angeles":{"long":["Waktu Standar Pasifik","Waktu Musim Panas Pasifik"]},"America/Vancouver":{"long":["Waktu Standar Pasifik","Waktu Musim Panas Pasifik"]},"America/Tijuana":{"long":["Waktu Standar Pasifik","Waktu Musim Panas Pasifik"]},"Asia/Anadyr":{"long":["Waktu Standar Anadyr","Waktu Musim Panas Anadyr"]},"Pacific/Apia":{"long":["Waktu Standar Apia","Waktu Musim Panas Apia"]},"Asia/Riyadh":{"long":["Waktu Standar Arab","Waktu Musim Panas Arab"]},"Asia/Bahrain":{"long":["Waktu Standar Arab","Waktu Musim Panas Arab"]},"Asia/Baghdad":{"long":["Waktu Standar Arab","Waktu Musim Panas Arab"]},"Asia/Kuwait":{"long":["Waktu Standar Arab","Waktu Musim Panas Arab"]},"Asia/Qatar":{"long":["Waktu Standar Arab","Waktu Musim Panas Arab"]},"Asia/Aden":{"long":["Waktu Standar Arab","Waktu Musim Panas Arab"]},"America/Buenos_Aires":{"long":["Waktu Standar Argentina","Waktu Musim Panas Argentina"]},"America/Argentina/San_Luis":{"long":["Waktu Standar Argentina Bagian Barat","Waktu Musim Panas Argentina Bagian Barat"]},"Asia/Ashgabat":{"long":["Waktu Standar Turkmenistan","Waktu Musim Panas Turkmenistan"]},"America/Halifax":{"long":["Waktu Standar Atlantik","Waktu Musim Panas Atlantik"]},"America/Antigua":{"long":["Waktu Standar Atlantik","Waktu Musim Panas Atlantik"]},"America/Anguilla":{"long":["Waktu Standar Atlantik","Waktu Musim Panas Atlantik"]},"America/Aruba":{"long":["Waktu Standar Atlantik","Waktu Musim Panas Atlantik"]},"America/Barbados":{"long":["Waktu Standar Atlantik","Waktu Musim Panas Atlantik"]},"Atlantic/Bermuda":{"long":["Waktu Standar Atlantik","Waktu Musim Panas Atlantik"]},"America/Kralendijk":{"long":["Waktu Standar Atlantik","Waktu Musim Panas Atlantik"]},"America/Curacao":{"long":["Waktu Standar Atlantik","Waktu Musim Panas Atlantik"]},"America/Dominica":{"long":["Waktu Standar Atlantik","Waktu Musim Panas Atlantik"]},"America/Grenada":{"long":["Waktu Standar Atlantik","Waktu Musim Panas Atlantik"]},"America/Thule":{"long":["Waktu Standar Atlantik","Waktu Musim Panas Atlantik"]},"America/Guadeloupe":{"long":["Waktu Standar Atlantik","Waktu Musim Panas Atlantik"]},"America/St_Kitts":{"long":["Waktu Standar Atlantik","Waktu Musim Panas Atlantik"]},"America/St_Lucia":{"long":["Waktu Standar Atlantik","Waktu Musim Panas Atlantik"]},"America/Marigot":{"long":["Waktu Standar Atlantik","Waktu Musim Panas Atlantik"]},"America/Martinique":{"long":["Waktu Standar Atlantik","Waktu Musim Panas Atlantik"]},"America/Montserrat":{"long":["Waktu Standar Atlantik","Waktu Musim Panas Atlantik"]},"America/Puerto_Rico":{"long":["Waktu Standar Atlantik","Waktu Musim Panas Atlantik"]},"America/Lower_Princes":{"long":["Waktu Standar Atlantik","Waktu Musim Panas Atlantik"]},"America/Port_of_Spain":{"long":["Waktu Standar Atlantik","Waktu Musim Panas Atlantik"]},"America/St_Vincent":{"long":["Waktu Standar Atlantik","Waktu Musim Panas Atlantik"]},"America/Tortola":{"long":["Waktu Standar Atlantik","Waktu Musim Panas Atlantik"]},"America/St_Thomas":{"long":["Waktu Standar Atlantik","Waktu Musim Panas Atlantik"]},"Australia/Adelaide":{"long":["Waktu Standar Tengah Australia","Waktu Musim Panas Tengah Australia"]},"Australia/Eucla":{"long":["Waktu Standar Barat Tengah Australia","Waktu Musim Panas Barat Tengah Australia"]},"Australia/Sydney":{"long":["Waktu Standar Timur Australia","Waktu Musim Panas Timur Australia"]},"Australia/Perth":{"long":["Waktu Standar Barat Australia","Waktu Musim Panas Barat Australia"]},"Atlantic/Azores":{"long":["Waktu Standar Azores","Waktu Musim Panas Azores"]},"Asia/Thimphu":{"long":["Waktu Bhutan","Waktu Bhutan"]},"America/La_Paz":{"long":["Waktu Bolivia","Waktu Bolivia"]},"Asia/Kuching":{"long":["Waktu Malaysia","Waktu Malaysia"]},"America/Sao_Paulo":{"long":["Waktu Standar Brasil","Waktu Musim Panas Brasil"]},"Europe/London":{"long":["Greenwich Mean Time","Greenwich Mean Time"]},"Asia/Brunei":{"long":["Waktu Brunei Darussalam","Waktu Brunei Darussalam"]},"Atlantic/Cape_Verde":{"long":["Waktu Standar Tanjung Verde","Waktu Musim Panas Tanjung Verde"]},"Antarctica/Casey":{"long":["Waktu Casey","Waktu Casey"]},"Pacific/Saipan":{"long":["Waktu Kep. Mariana Utara","Waktu Kep. Mariana Utara"]},"Pacific/Guam":{"long":["Waktu Guam","Waktu Guam"]},"Pacific/Chatham":{"long":["Waktu Standar Chatham","Waktu Musim Panas Chatham"]},"America/Santiago":{"long":["Waktu Standar Cile","Waktu Musim Panas Cile"]},"Asia/Shanghai":{"long":["Waktu Standar Tiongkok","Waktu Musim Panas Tiongkok"]},"Asia/Choibalsan":{"long":["Waktu Standar Choibalsan","Waktu Musim Panas Choibalsan"]},"Indian/Christmas":{"long":["Waktu Pulau Natal","Waktu Pulau Natal"]},"Indian/Cocos":{"long":["Waktu Kepulauan Cocos","Waktu Kepulauan Cocos"]},"America/Bogota":{"long":["Waktu Standar Kolombia","Waktu Musim Panas Kolombia"]},"Pacific/Rarotonga":{"long":["Waktu Standar Kep. Cook","Waktu Tengah Musim Panas Kep. Cook"]},"America/Havana":{"long":["Waktu Standar Kuba","Waktu Musim Panas Kuba"]},"Antarctica/Davis":{"long":["Waktu Davis","Waktu Davis"]},"Antarctica/DumontDUrville":{"long":["Waktu Dumont-d’Urville","Waktu Dumont-d’Urville"]},"Asia/Dushanbe":{"long":["Waktu Tajikistan","Waktu Tajikistan"]},"America/Paramaribo":{"long":["Waktu Suriname","Waktu Suriname"]},"Asia/Dili":{"long":["Waktu Timor Leste","Waktu Timor Leste"]},"Pacific/Easter":{"long":["Waktu Standar Pulau Paskah","Waktu Musim Panas Pulau Paskah"]},"America/Guayaquil":{"long":["Waktu Ekuador","Waktu Ekuador"]},"Europe/Paris":{"long":["Waktu Standar Eropa Tengah","Waktu Musim Panas Eropa Tengah"]},"Europe/Andorra":{"long":["Waktu Standar Eropa Tengah","Waktu Musim Panas Eropa Tengah"]},"Europe/Tirane":{"long":["Waktu Standar Eropa Tengah","Waktu Musim Panas Eropa Tengah"]},"Europe/Vienna":{"long":["Waktu Standar Eropa Tengah","Waktu Musim Panas Eropa Tengah"]},"Europe/Sarajevo":{"long":["Waktu Standar Eropa Tengah","Waktu Musim Panas Eropa Tengah"]},"Europe/Brussels":{"long":["Waktu Standar Eropa Tengah","Waktu Musim Panas Eropa Tengah"]},"Europe/Zurich":{"long":["Waktu Standar Eropa Tengah","Waktu Musim Panas Eropa Tengah"]},"Europe/Prague":{"long":["Waktu Standar Eropa Tengah","Waktu Musim Panas Eropa Tengah"]},"Europe/Berlin":{"long":["Waktu Standar Eropa Tengah","Waktu Musim Panas Eropa Tengah"]},"Europe/Copenhagen":{"long":["Waktu Standar Eropa Tengah","Waktu Musim Panas Eropa Tengah"]},"Europe/Madrid":{"long":["Waktu Standar Eropa Tengah","Waktu Musim Panas Eropa Tengah"]},"Europe/Gibraltar":{"long":["Waktu Standar Eropa Tengah","Waktu Musim Panas Eropa Tengah"]},"Europe/Zagreb":{"long":["Waktu Standar Eropa Tengah","Waktu Musim Panas Eropa Tengah"]},"Europe/Budapest":{"long":["Waktu Standar Eropa Tengah","Waktu Musim Panas Eropa Tengah"]},"Europe/Rome":{"long":["Waktu Standar Eropa Tengah","Waktu Musim Panas Eropa Tengah"]},"Europe/Vaduz":{"long":["Waktu Standar Eropa Tengah","Waktu Musim Panas Eropa Tengah"]},"Europe/Luxembourg":{"long":["Waktu Standar Eropa Tengah","Waktu Musim Panas Eropa Tengah"]},"Europe/Monaco":{"long":["Waktu Standar Eropa Tengah","Waktu Musim Panas Eropa Tengah"]},"Europe/Podgorica":{"long":["Waktu Standar Eropa Tengah","Waktu Musim Panas Eropa Tengah"]},"Europe/Skopje":{"long":["Waktu Standar Eropa Tengah","Waktu Musim Panas Eropa Tengah"]},"Europe/Malta":{"long":["Waktu Standar Eropa Tengah","Waktu Musim Panas Eropa Tengah"]},"Europe/Amsterdam":{"long":["Waktu Standar Eropa Tengah","Waktu Musim Panas Eropa Tengah"]},"Europe/Oslo":{"long":["Waktu Standar Eropa Tengah","Waktu Musim Panas Eropa Tengah"]},"Europe/Warsaw":{"long":["Waktu Standar Eropa Tengah","Waktu Musim Panas Eropa Tengah"]},"Europe/Belgrade":{"long":["Waktu Standar Eropa Tengah","Waktu Musim Panas Eropa Tengah"]},"Europe/Stockholm":{"long":["Waktu Standar Eropa Tengah","Waktu Musim Panas Eropa Tengah"]},"Europe/Ljubljana":{"long":["Waktu Standar Eropa Tengah","Waktu Musim Panas Eropa Tengah"]},"Arctic/Longyearbyen":{"long":["Waktu Standar Eropa Tengah","Waktu Musim Panas Eropa Tengah"]},"Europe/Bratislava":{"long":["Waktu Standar Eropa Tengah","Waktu Musim Panas Eropa Tengah"]},"Europe/San_Marino":{"long":["Waktu Standar Eropa Tengah","Waktu Musim Panas Eropa Tengah"]},"Africa/Tunis":{"long":["Waktu Standar Eropa Tengah","Waktu Musim Panas Eropa Tengah"]},"Europe/Vatican":{"long":["Waktu Standar Eropa Tengah","Waktu Musim Panas Eropa Tengah"]},"Europe/Bucharest":{"long":["Waktu Standar Eropa Timur","Waktu Musim Panas Eropa Timur"]},"Europe/Mariehamn":{"long":["Waktu Standar Eropa Timur","Waktu Musim Panas Eropa Timur"]},"Europe/Sofia":{"long":["Waktu Standar Eropa Timur","Waktu Musim Panas Eropa Timur"]},"Asia/Nicosia":{"long":["Waktu Standar Eropa Timur","Waktu Musim Panas Eropa Timur"]},"Africa/Cairo":{"long":["Waktu Standar Eropa Timur","Waktu Musim Panas Eropa Timur"]},"Europe/Helsinki":{"long":["Waktu Standar Eropa Timur","Waktu Musim Panas Eropa Timur"]},"Europe/Athens":{"long":["Waktu Standar Eropa Timur","Waktu Musim Panas Eropa Timur"]},"Asia/Amman":{"long":["Waktu Standar Eropa Timur","Waktu Musim Panas Eropa Timur"]},"Asia/Beirut":{"long":["Waktu Standar Eropa Timur","Waktu Musim Panas Eropa Timur"]},"Asia/Damascus":{"long":["Waktu Standar Eropa Timur","Waktu Musim Panas Eropa Timur"]},"Europe/Minsk":{"long":["Waktu Eropa Timur Jauh","Waktu Eropa Timur Jauh"]},"Europe/Kaliningrad":{"long":["Waktu Eropa Timur Jauh","Waktu Eropa Timur Jauh"]},"Atlantic/Canary":{"long":["Waktu Standar Eropa Barat","Waktu Musim Panas Eropa Barat"]},"Atlantic/Faeroe":{"long":["Waktu Standar Eropa Barat","Waktu Musim Panas Eropa Barat"]},"Atlantic/Stanley":{"long":["Waktu Standar Kepulauan Falkland","Waktu Musim Panas Kepulauan Falkland"]},"Pacific/Fiji":{"long":["Waktu Standar Fiji","Waktu Musim Panas Fiji"]},"America/Cayenne":{"long":["Waktu Guyana Prancis","Waktu Guyana Prancis"]},"Indian/Kerguelen":{"long":["Waktu Wilayah Selatan dan Antarktika Prancis","Waktu Wilayah Selatan dan Antarktika Prancis"]},"Asia/Bishkek":{"long":["Waktu Kirgizstan","Waktu Kirgizstan"]},"Pacific/Galapagos":{"long":["Waktu Galapagos","Waktu Galapagos"]},"Pacific/Gambier":{"long":["Waktu Gambier","Waktu Gambier"]},"Pacific/Tarawa":{"long":["Waktu Kep. Gilbert","Waktu Kep. Gilbert"]},"Atlantic/Reykjavik":{"long":["Greenwich Mean Time","Greenwich Mean Time"]},"Africa/Ouagadougou":{"long":["Greenwich Mean Time","Greenwich Mean Time"]},"Africa/Abidjan":{"long":["Greenwich Mean Time","Greenwich Mean Time"]},"Africa/Accra":{"long":["Greenwich Mean Time","Greenwich Mean Time"]},"Africa/Banjul":{"long":["Greenwich Mean Time","Greenwich Mean Time"]},"Africa/Conakry":{"long":["Greenwich Mean Time","Greenwich Mean Time"]},"Africa/Bamako":{"long":["Greenwich Mean Time","Greenwich Mean Time"]},"Africa/Nouakchott":{"long":["Greenwich Mean Time","Greenwich Mean Time"]},"Atlantic/St_Helena":{"long":["Greenwich Mean Time","Greenwich Mean Time"]},"Africa/Freetown":{"long":["Greenwich Mean Time","Greenwich Mean Time"]},"Africa/Dakar":{"long":["Greenwich Mean Time","Greenwich Mean Time"]},"Africa/Lome":{"long":["Greenwich Mean Time","Greenwich Mean Time"]},"America/Scoresbysund":{"long":["Waktu Standar Greenland Timur","Waktu Musim Panas Greenland Timur"]},"America/Godthab":{"long":["Waktu Standar Greenland Barat","Waktu Musim Panas Greenland Barat"]},"Asia/Dubai":{"long":["Waktu Standar Teluk","Waktu Standar Teluk"]},"Asia/Muscat":{"long":["Waktu Standar Teluk","Waktu Standar Teluk"]},"America/Guyana":{"long":["Waktu Guyana","Waktu Guyana"]},"Pacific/Honolulu":{"long":["Waktu Standar Hawaii-Aleutian","Waktu Musim Panas Hawaii-Aleutian"]},"Asia/Hong_Kong":{"long":["Waktu Standar Hong Kong","Waktu Musim Panas Hong Kong"]},"Asia/Hovd":{"long":["Waktu Standar Hovd","Waktu Musim Panas Hovd"]},"Asia/Calcutta":{"long":["Waktu India","Waktu India"]},"Asia/Colombo":{"long":["Waktu Lanka","Waktu Lanka"]},"Indian/Chagos":{"long":["Waktu Samudera Hindia","Waktu Samudera Hindia"]},"Asia/Bangkok":{"long":["Waktu Indochina","Waktu Indochina"]},"Asia/Phnom_Penh":{"long":["Waktu Indochina","Waktu Indochina"]},"Asia/Vientiane":{"long":["Waktu Indochina","Waktu Indochina"]},"Asia/Makassar":{"long":["Waktu Indonesia Tengah","Waktu Indonesia Tengah"],"short":["WITA","WITA"]},"Asia/Jayapura":{"long":["Waktu Indonesia Timur","Waktu Indonesia Timur"],"short":["WIT","WIT"]},"Asia/Jakarta":{"long":["Waktu Indonesia Barat","Waktu Indonesia Barat"],"short":["WIB","WIB"]},"Asia/Tehran":{"long":["Waktu Standar Iran","Waktu Musim Panas Iran"]},"Asia/Irkutsk":{"long":["Waktu Standar Irkutsk","Waktu Musim Panas Irkutsk"]},"Asia/Jerusalem":{"long":["Waktu Standar Israel","Waktu Musim Panas Israel"]},"Asia/Tokyo":{"long":["Waktu Standar Jepang","Waktu Musim Panas Jepang"]},"Asia/Kamchatka":{"long":["Waktu Standar Petropavlovsk-Kamchatsky","Waktu Musim Panas Petropavlovsk-Kamchatski"]},"Asia/Karachi":{"long":["Waktu Standar Pakistan","Waktu Musim Panas Pakistan"]},"Asia/Qyzylorda":{"long":["Waktu Standar Qyzylorda","Waktu Musim Panas Qyzylorda"]},"Asia/Seoul":{"long":["Waktu Standar Korea","Waktu Musim Panas Korea"]},"Pacific/Kosrae":{"long":["Waktu Kosrae","Waktu Kosrae"]},"Asia/Krasnoyarsk":{"long":["Waktu Standar Krasnoyarsk","Waktu Musim Panas Krasnoyarsk"]},"Europe/Samara":{"long":["Waktu Standar Samara","Waktu Musim Panas Samara"]},"Pacific/Kiritimati":{"long":["Waktu Kep. Line","Waktu Kep. Line"]},"Australia/Lord_Howe":{"long":["Waktu Standar Lord Howe","Waktu Musim Panas Lord Howe"]},"Asia/Macau":{"long":["Waktu Standar Makau","Waktu Musim Panas Makau"]},"Antarctica/Macquarie":{"long":["Waktu Kepulauan Macquarie","Waktu Kepulauan Macquarie"]},"Asia/Magadan":{"long":["Waktu Standar Magadan","Waktu Musim Panas Magadan"]},"Indian/Maldives":{"long":["Waktu Maladewa","Waktu Maladewa"]},"Pacific/Marquesas":{"long":["Waktu Marquesas","Waktu Marquesas"]},"Pacific/Majuro":{"long":["Waktu Kep. Marshall","Waktu Kep. Marshall"]},"Indian/Mauritius":{"long":["Waktu Standar Mauritius","Waktu Musim Panas Mauritius"]},"Antarctica/Mawson":{"long":["Waktu Mawson","Waktu Mawson"]},"America/Santa_Isabel":{"long":["Waktu Standar Meksiko Barat Laut","Waktu Musim Panas Meksiko Barat Laut"]},"America/Mazatlan":{"long":["Waktu Standar Pasifik Meksiko","Waktu Musim Panas Pasifik Meksiko"]},"Asia/Ulaanbaatar":{"long":["Waktu Standar Ulan Bator","Waktu Musim Panas Ulan Bator"]},"Europe/Moscow":{"long":["Waktu Standar Moskow","Waktu Musim Panas Moskow"]},"Asia/Rangoon":{"long":["Waktu Myanmar","Waktu Myanmar"]},"Pacific/Nauru":{"long":["Waktu Nauru","Waktu Nauru"]},"Asia/Katmandu":{"long":["Waktu Nepal","Waktu Nepal"]},"Pacific/Noumea":{"long":["Waktu Standar Kaledonia Baru","Waktu Musim Panas Kaledonia Baru"]},"Pacific/Auckland":{"long":["Waktu Standar Selandia Baru","Waktu Musim Panas Selandia Baru"]},"Antarctica/McMurdo":{"long":["Waktu Standar Selandia Baru","Waktu Musim Panas Selandia Baru"]},"America/St_Johns":{"long":["Waktu Standar Newfoundland","Waktu Musim Panas Newfoundland"]},"Pacific/Niue":{"long":["Waktu Niue","Waktu Niue"]},"Pacific/Norfolk":{"long":["Waktu Standar Pulau Norfolk","Waktu Musim Panas Pulau Norfolk"]},"America/Noronha":{"long":["Waktu Standar Fernando de Noronha","Waktu Musim Panas Fernando de Noronha"]},"Asia/Novosibirsk":{"long":["Waktu Standar Novosibirsk","Waktu Musim Panas Novosibirsk"]},"Asia/Omsk":{"long":["Waktu Standar Omsk","Waktu Musim Panas Omsk"]},"Pacific/Palau":{"long":["Waktu Palau","Waktu Palau"]},"Pacific/Port_Moresby":{"long":["Waktu Papua Nugini","Waktu Papua Nugini"]},"America/Asuncion":{"long":["Waktu Standar Paraguay","Waktu Musim Panas Paraguay"]},"America/Lima":{"long":["Waktu Standar Peru","Waktu Musim Panas Peru"]},"Asia/Manila":{"long":["Waktu Standar Filipina","Waktu Musim Panas Filipina"]},"Pacific/Enderbury":{"long":["Waktu Kepulauan Phoenix","Waktu Kepulauan Phoenix"]},"America/Miquelon":{"long":["Waktu Standar Saint Pierre dan Miquelon","Waktu Musim Panas Saint Pierre dan Miquelon"]},"Pacific/Pitcairn":{"long":["Waktu Pitcairn","Waktu Pitcairn"]},"Pacific/Ponape":{"long":["Waktu Ponape","Waktu Ponape"]},"Asia/Pyongyang":{"long":["Waktu Pyongyang","Waktu Pyongyang"]},"Indian/Reunion":{"long":["Waktu Reunion","Waktu Reunion"]},"Antarctica/Rothera":{"long":["Waktu Rothera","Waktu Rothera"]},"Asia/Sakhalin":{"long":["Waktu Standar Sakhalin","Waktu Musim Panas Sakhalin"]},"Pacific/Pago_Pago":{"long":["Waktu Standar Samoa","Waktu Musim Panas Samoa"]},"Indian/Mahe":{"long":["Waktu Seychelles","Waktu Seychelles"]},"Asia/Singapore":{"long":["Waktu Standar Singapura","Waktu Standar Singapura"]},"Pacific/Guadalcanal":{"long":["Waktu Kepulauan Solomon","Waktu Kepulauan Solomon"]},"Atlantic/South_Georgia":{"long":["Waktu Georgia Selatan","Waktu Georgia Selatan"]},"Asia/Yekaterinburg":{"long":["Waktu Standar Yekaterinburg","Waktu Musim Panas Yekaterinburg"]},"Antarctica/Syowa":{"long":["Waktu Syowa","Waktu Syowa"]},"Pacific/Tahiti":{"long":["Waktu Tahiti","Waktu Tahiti"]},"Asia/Taipei":{"long":["Waktu Standar Taipei","Waktu Musim Panas Taipei"]},"Asia/Tashkent":{"long":["Waktu Standar Uzbekistan","Waktu Musim Panas Uzbekistan"]},"Pacific/Fakaofo":{"long":["Waktu Tokelau","Waktu Tokelau"]},"Pacific/Tongatapu":{"long":["Waktu Standar Tonga","Waktu Musim Panas Tonga"]},"Pacific/Truk":{"long":["Waktu Chuuk","Waktu Chuuk"]},"Pacific/Funafuti":{"long":["Waktu Tuvalu","Waktu Tuvalu"]},"America/Montevideo":{"long":["Waktu Standar Uruguay","Waktu Musim Panas Uruguay"]},"Pacific/Efate":{"long":["Waktu Standar Vanuatu","Waktu Musim Panas Vanuatu"]},"America/Caracas":{"long":["Waktu Venezuela","Waktu Venezuela"]},"Asia/Vladivostok":{"long":["Waktu Standar Vladivostok","Waktu Musim Panas Vladivostok"]},"Europe/Volgograd":{"long":["Waktu Standar Volgograd","Waktu Musim Panas Volgograd"]},"Antarctica/Vostok":{"long":["Waktu Vostok","Waktu Vostok"]},"Pacific/Wake":{"long":["Waktu Kepulauan Wake","Waktu Kepulauan Wake"]},"Pacific/Wallis":{"long":["Waktu Wallis dan Futuna","Waktu Wallis dan Futuna"]},"Asia/Yakutsk":{"long":["Waktu Standar Yakutsk","Waktu Musim Panas Yakutsk"]},"UTC":{"long":["Waktu Universal Terkoordinasi","Waktu Universal Terkoordinasi"],"short":["UTC","UTC"]}},"gmtFormat":"GMT{0}","hourFormat":"+HH.mm;-HH.mm","dateFormat":{"full":"EEEE, dd MMMM y","long":"d MMMM y","medium":"d MMM y","short":"dd/MM/yy"},"timeFormat":{"full":"HH.mm.ss zzzz","long":"HH.mm.ss z","medium":"HH.mm.ss","short":"HH.mm"},"dateTimeFormat":{"full":"{1} {0}","long":"{1} {0}","medium":"{1} {0}","short":"{1} {0}"},"formats":{"gregory":{"Bh":"h B","Bhm":"h.mm B","Bhms":"h.mm.ss B","d":"d","E":"ccc","EBhm":"E h.mm B","EBhms":"E h.mm.ss B","Ed":"E, d","Ehm":"E h.mm a","EHm":"E HH.mm","Ehms":"E h.mm.ss a","EHms":"E HH.mm.ss","Gy":"y G","GyMMM":"MMM y G","GyMMMd":"d MMM y G","GyMMMEd":"E, d MMM y G","h":"h a","H":"HH","hm":"h.mm a","Hm":"HH.mm","hms":"h.mm.ss a","Hms":"HH.mm.ss","hmsv":"h.mm.ss. a v","Hmsv":"HH.mm.ss v","hmv":"h.mm a v","Hmv":"HH.mm v","M":"L","Md":"d/M","MEd":"E, d/M","MMM":"LLL","MMMd":"d MMM","MMMEd":"E, d MMM","MMMMd":"d MMMM","MMMMEd":"E, d MMMM","ms":"mm.ss","y":"y","yM":"M/y","yMd":"d/M/y","yMEd":"E, d/M/y","yMMM":"MMM y","yMMMd":"d MMM y","yMMMEd":"E, d MMM y","yMMMM":"MMMM y","EEEE, dd MMMM y":"EEEE, dd MMMM y","d MMMM y":"d MMMM y","d MMM y":"d MMM y","dd/MM/yy":"dd/MM/yy","HH.mm.ss zzzz":"HH.mm.ss zzzz","HH.mm.ss z":"HH.mm.ss z","HH.mm.ss":"HH.mm.ss","HH.mm":"HH.mm","EEEE, dd MMMM y HH.mm.ss zzzz":"EEEE, dd MMMM y HH.mm.ss zzzz","d MMMM y HH.mm.ss zzzz":"d MMMM y HH.mm.ss zzzz","d MMM y HH.mm.ss zzzz":"d MMM y HH.mm.ss zzzz","dd/MM/yy HH.mm.ss zzzz":"dd/MM/yy HH.mm.ss zzzz","d HH.mm.ss zzzz":"d HH.mm.ss zzzz","E HH.mm.ss zzzz":"ccc HH.mm.ss zzzz","Ed HH.mm.ss zzzz":"E, d HH.mm.ss zzzz","Gy HH.mm.ss zzzz":"y G HH.mm.ss zzzz","GyMMM HH.mm.ss zzzz":"MMM y G HH.mm.ss zzzz","GyMMMd HH.mm.ss zzzz":"d MMM y G HH.mm.ss zzzz","GyMMMEd HH.mm.ss zzzz":"E, d MMM y G HH.mm.ss zzzz","M HH.mm.ss zzzz":"L HH.mm.ss zzzz","Md HH.mm.ss zzzz":"d/M HH.mm.ss zzzz","MEd HH.mm.ss zzzz":"E, d/M HH.mm.ss zzzz","MMM HH.mm.ss zzzz":"LLL HH.mm.ss zzzz","MMMd HH.mm.ss zzzz":"d MMM HH.mm.ss zzzz","MMMEd HH.mm.ss zzzz":"E, d MMM HH.mm.ss zzzz","MMMMd HH.mm.ss zzzz":"d MMMM HH.mm.ss zzzz","MMMMEd HH.mm.ss zzzz":"E, d MMMM HH.mm.ss zzzz","y HH.mm.ss zzzz":"y HH.mm.ss zzzz","yM HH.mm.ss zzzz":"M/y HH.mm.ss zzzz","yMd HH.mm.ss zzzz":"d/M/y HH.mm.ss zzzz","yMEd HH.mm.ss zzzz":"E, d/M/y HH.mm.ss zzzz","yMMM HH.mm.ss zzzz":"MMM y HH.mm.ss zzzz","yMMMd HH.mm.ss zzzz":"d MMM y HH.mm.ss zzzz","yMMMEd HH.mm.ss zzzz":"E, d MMM y HH.mm.ss zzzz","yMMMM HH.mm.ss zzzz":"MMMM y HH.mm.ss zzzz","EEEE, dd MMMM y HH.mm.ss z":"EEEE, dd MMMM y HH.mm.ss z","d MMMM y HH.mm.ss z":"d MMMM y HH.mm.ss z","d MMM y HH.mm.ss z":"d MMM y HH.mm.ss z","dd/MM/yy HH.mm.ss z":"dd/MM/yy HH.mm.ss z","d HH.mm.ss z":"d HH.mm.ss z","E HH.mm.ss z":"ccc HH.mm.ss z","Ed HH.mm.ss z":"E, d HH.mm.ss z","Gy HH.mm.ss z":"y G HH.mm.ss z","GyMMM HH.mm.ss z":"MMM y G HH.mm.ss z","GyMMMd HH.mm.ss z":"d MMM y G HH.mm.ss z","GyMMMEd HH.mm.ss z":"E, d MMM y G HH.mm.ss z","M HH.mm.ss z":"L HH.mm.ss z","Md HH.mm.ss z":"d/M HH.mm.ss z","MEd HH.mm.ss z":"E, d/M HH.mm.ss z","MMM HH.mm.ss z":"LLL HH.mm.ss z","MMMd HH.mm.ss z":"d MMM HH.mm.ss z","MMMEd HH.mm.ss z":"E, d MMM HH.mm.ss z","MMMMd HH.mm.ss z":"d MMMM HH.mm.ss z","MMMMEd HH.mm.ss z":"E, d MMMM HH.mm.ss z","y HH.mm.ss z":"y HH.mm.ss z","yM HH.mm.ss z":"M/y HH.mm.ss z","yMd HH.mm.ss z":"d/M/y HH.mm.ss z","yMEd HH.mm.ss z":"E, d/M/y HH.mm.ss z","yMMM HH.mm.ss z":"MMM y HH.mm.ss z","yMMMd HH.mm.ss z":"d MMM y HH.mm.ss z","yMMMEd HH.mm.ss z":"E, d MMM y HH.mm.ss z","yMMMM HH.mm.ss z":"MMMM y HH.mm.ss z","EEEE, dd MMMM y HH.mm.ss":"EEEE, dd MMMM y HH.mm.ss","d MMMM y HH.mm.ss":"d MMMM y HH.mm.ss","d MMM y HH.mm.ss":"d MMM y HH.mm.ss","dd/MM/yy HH.mm.ss":"dd/MM/yy HH.mm.ss","d HH.mm.ss":"d HH.mm.ss","E HH.mm.ss":"ccc HH.mm.ss","Ed HH.mm.ss":"E, d HH.mm.ss","Gy HH.mm.ss":"y G HH.mm.ss","GyMMM HH.mm.ss":"MMM y G HH.mm.ss","GyMMMd HH.mm.ss":"d MMM y G HH.mm.ss","GyMMMEd HH.mm.ss":"E, d MMM y G HH.mm.ss","M HH.mm.ss":"L HH.mm.ss","Md HH.mm.ss":"d/M HH.mm.ss","MEd HH.mm.ss":"E, d/M HH.mm.ss","MMM HH.mm.ss":"LLL HH.mm.ss","MMMd HH.mm.ss":"d MMM HH.mm.ss","MMMEd HH.mm.ss":"E, d MMM HH.mm.ss","MMMMd HH.mm.ss":"d MMMM HH.mm.ss","MMMMEd HH.mm.ss":"E, d MMMM HH.mm.ss","y HH.mm.ss":"y HH.mm.ss","yM HH.mm.ss":"M/y HH.mm.ss","yMd HH.mm.ss":"d/M/y HH.mm.ss","yMEd HH.mm.ss":"E, d/M/y HH.mm.ss","yMMM HH.mm.ss":"MMM y HH.mm.ss","yMMMd HH.mm.ss":"d MMM y HH.mm.ss","yMMMEd HH.mm.ss":"E, d MMM y HH.mm.ss","yMMMM HH.mm.ss":"MMMM y HH.mm.ss","EEEE, dd MMMM y HH.mm":"EEEE, dd MMMM y HH.mm","d MMMM y HH.mm":"d MMMM y HH.mm","d MMM y HH.mm":"d MMM y HH.mm","dd/MM/yy HH.mm":"dd/MM/yy HH.mm","d HH.mm":"d HH.mm","E HH.mm":"ccc HH.mm","Ed HH.mm":"E, d HH.mm","Gy HH.mm":"y G HH.mm","GyMMM HH.mm":"MMM y G HH.mm","GyMMMd HH.mm":"d MMM y G HH.mm","GyMMMEd HH.mm":"E, d MMM y G HH.mm","M HH.mm":"L HH.mm","Md HH.mm":"d/M HH.mm","MEd HH.mm":"E, d/M HH.mm","MMM HH.mm":"LLL HH.mm","MMMd HH.mm":"d MMM HH.mm","MMMEd HH.mm":"E, d MMM HH.mm","MMMMd HH.mm":"d MMMM HH.mm","MMMMEd HH.mm":"E, d MMMM HH.mm","y HH.mm":"y HH.mm","yM HH.mm":"M/y HH.mm","yMd HH.mm":"d/M/y HH.mm","yMEd HH.mm":"E, d/M/y HH.mm","yMMM HH.mm":"MMM y HH.mm","yMMMd HH.mm":"d MMM y HH.mm","yMMMEd HH.mm":"E, d MMM y HH.mm","yMMMM HH.mm":"MMMM y HH.mm","EEEE, dd MMMM y Bh":"EEEE, dd MMMM y h B","d MMMM y Bh":"d MMMM y h B","d MMM y Bh":"d MMM y h B","dd/MM/yy Bh":"dd/MM/yy h B","d Bh":"d h B","E Bh":"ccc h B","Ed Bh":"E, d h B","Gy Bh":"y G h B","GyMMM Bh":"MMM y G h B","GyMMMd Bh":"d MMM y G h B","GyMMMEd Bh":"E, d MMM y G h B","M Bh":"L h B","Md Bh":"d/M h B","MEd Bh":"E, d/M h B","MMM Bh":"LLL h B","MMMd Bh":"d MMM h B","MMMEd Bh":"E, d MMM h B","MMMMd Bh":"d MMMM h B","MMMMEd Bh":"E, d MMMM h B","y Bh":"y h B","yM Bh":"M/y h B","yMd Bh":"d/M/y h B","yMEd Bh":"E, d/M/y h B","yMMM Bh":"MMM y h B","yMMMd Bh":"d MMM y h B","yMMMEd Bh":"E, d MMM y h B","yMMMM Bh":"MMMM y h B","EEEE, dd MMMM y Bhm":"EEEE, dd MMMM y h.mm B","d MMMM y Bhm":"d MMMM y h.mm B","d MMM y Bhm":"d MMM y h.mm B","dd/MM/yy Bhm":"dd/MM/yy h.mm B","d Bhm":"d h.mm B","E Bhm":"ccc h.mm B","Ed Bhm":"E, d h.mm B","Gy Bhm":"y G h.mm B","GyMMM Bhm":"MMM y G h.mm B","GyMMMd Bhm":"d MMM y G h.mm B","GyMMMEd Bhm":"E, d MMM y G h.mm B","M Bhm":"L h.mm B","Md Bhm":"d/M h.mm B","MEd Bhm":"E, d/M h.mm B","MMM Bhm":"LLL h.mm B","MMMd Bhm":"d MMM h.mm B","MMMEd Bhm":"E, d MMM h.mm B","MMMMd Bhm":"d MMMM h.mm B","MMMMEd Bhm":"E, d MMMM h.mm B","y Bhm":"y h.mm B","yM Bhm":"M/y h.mm B","yMd Bhm":"d/M/y h.mm B","yMEd Bhm":"E, d/M/y h.mm B","yMMM Bhm":"MMM y h.mm B","yMMMd Bhm":"d MMM y h.mm B","yMMMEd Bhm":"E, d MMM y h.mm B","yMMMM Bhm":"MMMM y h.mm B","EEEE, dd MMMM y Bhms":"EEEE, dd MMMM y h.mm.ss B","d MMMM y Bhms":"d MMMM y h.mm.ss B","d MMM y Bhms":"d MMM y h.mm.ss B","dd/MM/yy Bhms":"dd/MM/yy h.mm.ss B","d Bhms":"d h.mm.ss B","E Bhms":"ccc h.mm.ss B","Ed Bhms":"E, d h.mm.ss B","Gy Bhms":"y G h.mm.ss B","GyMMM Bhms":"MMM y G h.mm.ss B","GyMMMd Bhms":"d MMM y G h.mm.ss B","GyMMMEd Bhms":"E, d MMM y G h.mm.ss B","M Bhms":"L h.mm.ss B","Md Bhms":"d/M h.mm.ss B","MEd Bhms":"E, d/M h.mm.ss B","MMM Bhms":"LLL h.mm.ss B","MMMd Bhms":"d MMM h.mm.ss B","MMMEd Bhms":"E, d MMM h.mm.ss B","MMMMd Bhms":"d MMMM h.mm.ss B","MMMMEd Bhms":"E, d MMMM h.mm.ss B","y Bhms":"y h.mm.ss B","yM Bhms":"M/y h.mm.ss B","yMd Bhms":"d/M/y h.mm.ss B","yMEd Bhms":"E, d/M/y h.mm.ss B","yMMM Bhms":"MMM y h.mm.ss B","yMMMd Bhms":"d MMM y h.mm.ss B","yMMMEd Bhms":"E, d MMM y h.mm.ss B","yMMMM Bhms":"MMMM y h.mm.ss B","EEEE, dd MMMM y h":"EEEE, dd MMMM y h a","d MMMM y h":"d MMMM y h a","d MMM y h":"d MMM y h a","dd/MM/yy h":"dd/MM/yy h a","d h":"d h a","E h":"ccc h a","Ed h":"E, d h a","Gy h":"y G h a","GyMMM h":"MMM y G h a","GyMMMd h":"d MMM y G h a","GyMMMEd h":"E, d MMM y G h a","M h":"L h a","Md h":"d/M h a","MEd h":"E, d/M h a","MMM h":"LLL h a","MMMd h":"d MMM h a","MMMEd h":"E, d MMM h a","MMMMd h":"d MMMM h a","MMMMEd h":"E, d MMMM h a","y h":"y h a","yM h":"M/y h a","yMd h":"d/M/y h a","yMEd h":"E, d/M/y h a","yMMM h":"MMM y h a","yMMMd h":"d MMM y h a","yMMMEd h":"E, d MMM y h a","yMMMM h":"MMMM y h a","EEEE, dd MMMM y H":"EEEE, dd MMMM y HH","d MMMM y H":"d MMMM y HH","d MMM y H":"d MMM y HH","dd/MM/yy H":"dd/MM/yy HH","d H":"d HH","E H":"ccc HH","Ed H":"E, d HH","Gy H":"y G HH","GyMMM H":"MMM y G HH","GyMMMd H":"d MMM y G HH","GyMMMEd H":"E, d MMM y G HH","M H":"L HH","Md H":"d/M HH","MEd H":"E, d/M HH","MMM H":"LLL HH","MMMd H":"d MMM HH","MMMEd H":"E, d MMM HH","MMMMd H":"d MMMM HH","MMMMEd H":"E, d MMMM HH","y H":"y HH","yM H":"M/y HH","yMd H":"d/M/y HH","yMEd H":"E, d/M/y HH","yMMM H":"MMM y HH","yMMMd H":"d MMM y HH","yMMMEd H":"E, d MMM y HH","yMMMM H":"MMMM y HH","EEEE, dd MMMM y hm":"EEEE, dd MMMM y h.mm a","d MMMM y hm":"d MMMM y h.mm a","d MMM y hm":"d MMM y h.mm a","dd/MM/yy hm":"dd/MM/yy h.mm a","d hm":"d h.mm a","E hm":"ccc h.mm a","Ed hm":"E, d h.mm a","Gy hm":"y G h.mm a","GyMMM hm":"MMM y G h.mm a","GyMMMd hm":"d MMM y G h.mm a","GyMMMEd hm":"E, d MMM y G h.mm a","M hm":"L h.mm a","Md hm":"d/M h.mm a","MEd hm":"E, d/M h.mm a","MMM hm":"LLL h.mm a","MMMd hm":"d MMM h.mm a","MMMEd hm":"E, d MMM h.mm a","MMMMd hm":"d MMMM h.mm a","MMMMEd hm":"E, d MMMM h.mm a","y hm":"y h.mm a","yM hm":"M/y h.mm a","yMd hm":"d/M/y h.mm a","yMEd hm":"E, d/M/y h.mm a","yMMM hm":"MMM y h.mm a","yMMMd hm":"d MMM y h.mm a","yMMMEd hm":"E, d MMM y h.mm a","yMMMM hm":"MMMM y h.mm a","EEEE, dd MMMM y Hm":"EEEE, dd MMMM y HH.mm","d MMMM y Hm":"d MMMM y HH.mm","d MMM y Hm":"d MMM y HH.mm","dd/MM/yy Hm":"dd/MM/yy HH.mm","d Hm":"d HH.mm","E Hm":"ccc HH.mm","Ed Hm":"E, d HH.mm","Gy Hm":"y G HH.mm","GyMMM Hm":"MMM y G HH.mm","GyMMMd Hm":"d MMM y G HH.mm","GyMMMEd Hm":"E, d MMM y G HH.mm","M Hm":"L HH.mm","Md Hm":"d/M HH.mm","MEd Hm":"E, d/M HH.mm","MMM Hm":"LLL HH.mm","MMMd Hm":"d MMM HH.mm","MMMEd Hm":"E, d MMM HH.mm","MMMMd Hm":"d MMMM HH.mm","MMMMEd Hm":"E, d MMMM HH.mm","y Hm":"y HH.mm","yM Hm":"M/y HH.mm","yMd Hm":"d/M/y HH.mm","yMEd Hm":"E, d/M/y HH.mm","yMMM Hm":"MMM y HH.mm","yMMMd Hm":"d MMM y HH.mm","yMMMEd Hm":"E, d MMM y HH.mm","yMMMM Hm":"MMMM y HH.mm","EEEE, dd MMMM y hms":"EEEE, dd MMMM y h.mm.ss a","d MMMM y hms":"d MMMM y h.mm.ss a","d MMM y hms":"d MMM y h.mm.ss a","dd/MM/yy hms":"dd/MM/yy h.mm.ss a","d hms":"d h.mm.ss a","E hms":"ccc h.mm.ss a","Ed hms":"E, d h.mm.ss a","Gy hms":"y G h.mm.ss a","GyMMM hms":"MMM y G h.mm.ss a","GyMMMd hms":"d MMM y G h.mm.ss a","GyMMMEd hms":"E, d MMM y G h.mm.ss a","M hms":"L h.mm.ss a","Md hms":"d/M h.mm.ss a","MEd hms":"E, d/M h.mm.ss a","MMM hms":"LLL h.mm.ss a","MMMd hms":"d MMM h.mm.ss a","MMMEd hms":"E, d MMM h.mm.ss a","MMMMd hms":"d MMMM h.mm.ss a","MMMMEd hms":"E, d MMMM h.mm.ss a","y hms":"y h.mm.ss a","yM hms":"M/y h.mm.ss a","yMd hms":"d/M/y h.mm.ss a","yMEd hms":"E, d/M/y h.mm.ss a","yMMM hms":"MMM y h.mm.ss a","yMMMd hms":"d MMM y h.mm.ss a","yMMMEd hms":"E, d MMM y h.mm.ss a","yMMMM hms":"MMMM y h.mm.ss a","EEEE, dd MMMM y Hms":"EEEE, dd MMMM y HH.mm.ss","d MMMM y Hms":"d MMMM y HH.mm.ss","d MMM y Hms":"d MMM y HH.mm.ss","dd/MM/yy Hms":"dd/MM/yy HH.mm.ss","d Hms":"d HH.mm.ss","E Hms":"ccc HH.mm.ss","Ed Hms":"E, d HH.mm.ss","Gy Hms":"y G HH.mm.ss","GyMMM Hms":"MMM y G HH.mm.ss","GyMMMd Hms":"d MMM y G HH.mm.ss","GyMMMEd Hms":"E, d MMM y G HH.mm.ss","M Hms":"L HH.mm.ss","Md Hms":"d/M HH.mm.ss","MEd Hms":"E, d/M HH.mm.ss","MMM Hms":"LLL HH.mm.ss","MMMd Hms":"d MMM HH.mm.ss","MMMEd Hms":"E, d MMM HH.mm.ss","MMMMd Hms":"d MMMM HH.mm.ss","MMMMEd Hms":"E, d MMMM HH.mm.ss","y Hms":"y HH.mm.ss","yM Hms":"M/y HH.mm.ss","yMd Hms":"d/M/y HH.mm.ss","yMEd Hms":"E, d/M/y HH.mm.ss","yMMM Hms":"MMM y HH.mm.ss","yMMMd Hms":"d MMM y HH.mm.ss","yMMMEd Hms":"E, d MMM y HH.mm.ss","yMMMM Hms":"MMMM y HH.mm.ss","EEEE, dd MMMM y hmsv":"EEEE, dd MMMM y h.mm.ss. a v","d MMMM y hmsv":"d MMMM y h.mm.ss. a v","d MMM y hmsv":"d MMM y h.mm.ss. a v","dd/MM/yy hmsv":"dd/MM/yy h.mm.ss. a v","d hmsv":"d h.mm.ss. a v","E hmsv":"ccc h.mm.ss. a v","Ed hmsv":"E, d h.mm.ss. a v","Gy hmsv":"y G h.mm.ss. a v","GyMMM hmsv":"MMM y G h.mm.ss. a v","GyMMMd hmsv":"d MMM y G h.mm.ss. a v","GyMMMEd hmsv":"E, d MMM y G h.mm.ss. a v","M hmsv":"L h.mm.ss. a v","Md hmsv":"d/M h.mm.ss. a v","MEd hmsv":"E, d/M h.mm.ss. a v","MMM hmsv":"LLL h.mm.ss. a v","MMMd hmsv":"d MMM h.mm.ss. a v","MMMEd hmsv":"E, d MMM h.mm.ss. a v","MMMMd hmsv":"d MMMM h.mm.ss. a v","MMMMEd hmsv":"E, d MMMM h.mm.ss. a v","y hmsv":"y h.mm.ss. a v","yM hmsv":"M/y h.mm.ss. a v","yMd hmsv":"d/M/y h.mm.ss. a v","yMEd hmsv":"E, d/M/y h.mm.ss. a v","yMMM hmsv":"MMM y h.mm.ss. a v","yMMMd hmsv":"d MMM y h.mm.ss. a v","yMMMEd hmsv":"E, d MMM y h.mm.ss. a v","yMMMM hmsv":"MMMM y h.mm.ss. a v","EEEE, dd MMMM y Hmsv":"EEEE, dd MMMM y HH.mm.ss v","d MMMM y Hmsv":"d MMMM y HH.mm.ss v","d MMM y Hmsv":"d MMM y HH.mm.ss v","dd/MM/yy Hmsv":"dd/MM/yy HH.mm.ss v","d Hmsv":"d HH.mm.ss v","E Hmsv":"ccc HH.mm.ss v","Ed Hmsv":"E, d HH.mm.ss v","Gy Hmsv":"y G HH.mm.ss v","GyMMM Hmsv":"MMM y G HH.mm.ss v","GyMMMd Hmsv":"d MMM y G HH.mm.ss v","GyMMMEd Hmsv":"E, d MMM y G HH.mm.ss v","M Hmsv":"L HH.mm.ss v","Md Hmsv":"d/M HH.mm.ss v","MEd Hmsv":"E, d/M HH.mm.ss v","MMM Hmsv":"LLL HH.mm.ss v","MMMd Hmsv":"d MMM HH.mm.ss v","MMMEd Hmsv":"E, d MMM HH.mm.ss v","MMMMd Hmsv":"d MMMM HH.mm.ss v","MMMMEd Hmsv":"E, d MMMM HH.mm.ss v","y Hmsv":"y HH.mm.ss v","yM Hmsv":"M/y HH.mm.ss v","yMd Hmsv":"d/M/y HH.mm.ss v","yMEd Hmsv":"E, d/M/y HH.mm.ss v","yMMM Hmsv":"MMM y HH.mm.ss v","yMMMd Hmsv":"d MMM y HH.mm.ss v","yMMMEd Hmsv":"E, d MMM y HH.mm.ss v","yMMMM Hmsv":"MMMM y HH.mm.ss v","EEEE, dd MMMM y hmv":"EEEE, dd MMMM y h.mm a v","d MMMM y hmv":"d MMMM y h.mm a v","d MMM y hmv":"d MMM y h.mm a v","dd/MM/yy hmv":"dd/MM/yy h.mm a v","d hmv":"d h.mm a v","E hmv":"ccc h.mm a v","Ed hmv":"E, d h.mm a v","Gy hmv":"y G h.mm a v","GyMMM hmv":"MMM y G h.mm a v","GyMMMd hmv":"d MMM y G h.mm a v","GyMMMEd hmv":"E, d MMM y G h.mm a v","M hmv":"L h.mm a v","Md hmv":"d/M h.mm a v","MEd hmv":"E, d/M h.mm a v","MMM hmv":"LLL h.mm a v","MMMd hmv":"d MMM h.mm a v","MMMEd hmv":"E, d MMM h.mm a v","MMMMd hmv":"d MMMM h.mm a v","MMMMEd hmv":"E, d MMMM h.mm a v","y hmv":"y h.mm a v","yM hmv":"M/y h.mm a v","yMd hmv":"d/M/y h.mm a v","yMEd hmv":"E, d/M/y h.mm a v","yMMM hmv":"MMM y h.mm a v","yMMMd hmv":"d MMM y h.mm a v","yMMMEd hmv":"E, d MMM y h.mm a v","yMMMM hmv":"MMMM y h.mm a v","EEEE, dd MMMM y Hmv":"EEEE, dd MMMM y HH.mm v","d MMMM y Hmv":"d MMMM y HH.mm v","d MMM y Hmv":"d MMM y HH.mm v","dd/MM/yy Hmv":"dd/MM/yy HH.mm v","d Hmv":"d HH.mm v","E Hmv":"ccc HH.mm v","Ed Hmv":"E, d HH.mm v","Gy Hmv":"y G HH.mm v","GyMMM Hmv":"MMM y G HH.mm v","GyMMMd Hmv":"d MMM y G HH.mm v","GyMMMEd Hmv":"E, d MMM y G HH.mm v","M Hmv":"L HH.mm v","Md Hmv":"d/M HH.mm v","MEd Hmv":"E, d/M HH.mm v","MMM Hmv":"LLL HH.mm v","MMMd Hmv":"d MMM HH.mm v","MMMEd Hmv":"E, d MMM HH.mm v","MMMMd Hmv":"d MMMM HH.mm v","MMMMEd Hmv":"E, d MMMM HH.mm v","y Hmv":"y HH.mm v","yM Hmv":"M/y HH.mm v","yMd Hmv":"d/M/y HH.mm v","yMEd Hmv":"E, d/M/y HH.mm v","yMMM Hmv":"MMM y HH.mm v","yMMMd Hmv":"d MMM y HH.mm v","yMMMEd Hmv":"E, d MMM y HH.mm v","yMMMM Hmv":"MMMM y HH.mm v","EEEE, dd MMMM y ms":"EEEE, dd MMMM y mm.ss","d MMMM y ms":"d MMMM y mm.ss","d MMM y ms":"d MMM y mm.ss","dd/MM/yy ms":"dd/MM/yy mm.ss","d ms":"d mm.ss","E ms":"ccc mm.ss","Ed ms":"E, d mm.ss","Gy ms":"y G mm.ss","GyMMM ms":"MMM y G mm.ss","GyMMMd ms":"d MMM y G mm.ss","GyMMMEd ms":"E, d MMM y G mm.ss","M ms":"L mm.ss","Md ms":"d/M mm.ss","MEd ms":"E, d/M mm.ss","MMM ms":"LLL mm.ss","MMMd ms":"d MMM mm.ss","MMMEd ms":"E, d MMM mm.ss","MMMMd ms":"d MMMM mm.ss","MMMMEd ms":"E, d MMMM mm.ss","y ms":"y mm.ss","yM ms":"M/y mm.ss","yMd ms":"d/M/y mm.ss","yMEd ms":"E, d/M/y mm.ss","yMMM ms":"MMM y mm.ss","yMMMd ms":"d MMM y mm.ss","yMMMEd ms":"E, d MMM y mm.ss","yMMMM ms":"MMMM y mm.ss"}},"intervalFormats":{"intervalFormatFallback":"{0} – {1}","Bh":{"B":"h B – h B","h":"h – h B"},"Bhm":{"B":"h.mm B – h.mm B","h":"h.mm – h.mm B","m":"h.mm – h.mm B"},"d":{"d":"d–d"},"Gy":{"G":"y G – y G","y":"y – y G"},"GyM":{"G":"M/y GGGGG – M/y GGGGG","M":"M/y – M/y GGGGG","y":"M/y – M/y GGGGG"},"GyMd":{"d":"d/M/y – d/M/y GGGGG","G":"d/M/y GGGGG – d/M/y GGGGG","M":"d/M/y – d/M/y GGGGG","y":"d/M/y – d/M/y GGGGG"},"GyMEd":{"d":"E, d/M/y – E, d/M/y GGGGG","G":"E, d/M/y GGGGG – E, d/M/y GGGGG","M":"E, d/M/y – E, d/M/y GGGGG","y":"E, d/M/y – E, d/M/y GGGGG"},"GyMMM":{"G":"MMM y G – MMM y G","M":"MMM – MMM y G","y":"MMM y – MMM y G"},"GyMMMd":{"d":"d – d MMM y G","G":"d MMM y G – d MMM y G","M":"d MMM – d MMM y G","y":"d MMM y – d MMM y G"},"GyMMMEd":{"d":"E, d MMM – E, d MMM y G","G":"E, d MMM y G – E, d MMM y G","M":"E, d MMM – E, d MMM y G","y":"E, d MMM y – E, d MMM y G"},"h":{"a":"h a – h a","h":"h–h a"},"H":{"H":"HH–HH"},"hm":{"a":"h.mm a – h.mm a","h":"h.mm–h.mm a","m":"h.mm–h.mm a"},"Hm":{"H":"HH.mm–HH.mm","m":"HH.mm–HH.mm"},"hmv":{"a":"h.mm a – h.mm a v","h":"h.mm–h.mm a v","m":"h.mm–h.mm a v"},"Hmv":{"H":"HH.mm–HH.mm v","m":"HH.mm–HH.mm v"},"hv":{"a":"h a – h a v","h":"h–h a v"},"Hv":{"H":"HH–HH v"},"M":{"M":"M–M"},"Md":{"d":"d/M – d/M","M":"d/M – d/M"},"MEd":{"d":"E, d/M – E, d/M","M":"E, d/M – E, d/M"},"MMM":{"M":"MMM–MMM"},"MMMd":{"d":"d–d MMM","M":"d MMM – d MMM"},"MMMEd":{"d":"E, d MMM – E, d MMM","M":"E, d MMM – E, d MMM"},"y":{"y":"y – y"},"yM":{"M":"M/y – M/y","y":"M/y – M/y"},"yMd":{"d":"d/M/y – d/M/y","M":"d/M/y – d/M/y","y":"d/M/y – d/M/y"},"yMEd":{"d":"E, d/M/y – E, d/M/y","M":"E, d/M/y – E, d/M/y","y":"E, d/M/y – E, d/M/y"},"yMMM":{"M":"MMM–MMM y","y":"MMM y – MMM y"},"yMMMd":{"d":"d–d MMM y","M":"d MMM – d MMM y","y":"d MMM y – d MMM y"},"yMMMEd":{"d":"E, d MMM – E, d MMM y","M":"E, d MMM – E, d MMM y","y":"E, d MMM y – E, d MMM y"},"yMMMM":{"M":"MMMM–MMMM y","y":"MMMM y – MMMM y"}},"hourCycle":"h23","nu":["latn"],"ca":["gregory"],"hc":["h23"]},"locale":"id"}
