{"data":{"am":"f.h.","pm":"e.h.","weekday":{"narrow":["S","M","Þ","M","F","F","L"],"short":["sun.","mán.","þri.","mið.","fim.","fös.","lau."],"long":["sunnudagur","mánudagur","þriðjudagur","miðvikudagur","fimmtudagur","föstudagur","laugardagur"]},"era":{"narrow":{"BC":"f.k.","AD":"e.k."},"short":{"BC":"f.Kr.","AD":"e.Kr."},"long":{"BC":"fyrir Krist","AD":"eftir Krist"}},"month":{"narrow":["J","F","M","A","M","J","J","Á","S","O","N","D"],"short":["jan.","feb.","mar.","apr.","maí","jún.","júl.","ágú.","sep.","okt.","nóv.","des."],"long":["janúar","febrúar","mars","apríl","maí","júní","júlí","ágúst","september","október","nóvember","desember"]},"timeZoneName":{"Asia/Kabul":{"long":["Afganistantími","Afganistantími"]},"Africa/Maputo":{"long":["Mið-Afríkutími","Mið-Afríkutími"]},"Africa/Bujumbura":{"long":["Mið-Afríkutími","Mið-Afríkutími"]},"Africa/Gaborone":{"long":["Mið-Afríkutími","Mið-Afríkutími"]},"Africa/Lubumbashi":{"long":["Mið-Afríkutími","Mið-Afríkutími"]},"Africa/Blantyre":{"long":["Mið-Afríkutími","Mið-Afríkutími"]},"Africa/Kigali":{"long":["Mið-Afríkutími","Mið-Afríkutími"]},"Africa/Lusaka":{"long":["Mið-Afríkutími","Mið-Afríkutími"]},"Africa/Harare":{"long":["Mið-Afríkutími","Mið-Afríkutími"]},"Africa/Nairobi":{"long":["Austur-Afríkutími","Austur-Afríkutími"]},"Africa/Djibouti":{"long":["Austur-Afríkutími","Austur-Afríkutími"]},"Africa/Asmera":{"long":["Austur-Afríkutími","Austur-Afríkutími"]},"Africa/Addis_Ababa":{"long":["Austur-Afríkutími","Austur-Afríkutími"]},"Indian/Comoro":{"long":["Austur-Afríkutími","Austur-Afríkutími"]},"Indian/Antananarivo":{"long":["Austur-Afríkutími","Austur-Afríkutími"]},"Africa/Mogadishu":{"long":["Austur-Afríkutími","Austur-Afríkutími"]},"Africa/Dar_es_Salaam":{"long":["Austur-Afríkutími","Austur-Afríkutími"]},"Africa/Kampala":{"long":["Austur-Afríkutími","Austur-Afríkutími"]},"Indian/Mayotte":{"long":["Austur-Afríkutími","Austur-Afríkutími"]},"Africa/Johannesburg":{"long":["Suður-Afríkutími","Suður-Afríkutími"]},"Africa/Maseru":{"long":["Suður-Afríkutími","Suður-Afríkutími"]},"Africa/Mbabane":{"long":["Suður-Afríkutími","Suður-Afríkutími"]},"Africa/Lagos":{"long":["Staðaltími í Vestur-Afríku","Sumartími í Vestur-Afríku"]},"Africa/Luanda":{"long":["Staðaltími í Vestur-Afríku","Sumartími í Vestur-Afríku"]},"Africa/Porto-Novo":{"long":["Staðaltími í Vestur-Afríku","Sumartími í Vestur-Afríku"]},"Africa/Kinshasa":{"long":["Staðaltími í Vestur-Afríku","Sumartími í Vestur-Afríku"]},"Africa/Bangui":{"long":["Staðaltími í Vestur-Afríku","Sumartími í Vestur-Afríku"]},"Africa/Brazzaville":{"long":["Staðaltími í Vestur-Afríku","Sumartími í Vestur-Afríku"]},"Africa/Douala":{"long":["Staðaltími í Vestur-Afríku","Sumartími í Vestur-Afríku"]},"Africa/Libreville":{"long":["Staðaltími í Vestur-Afríku","Sumartími í Vestur-Afríku"]},"Africa/Malabo":{"long":["Staðaltími í Vestur-Afríku","Sumartími í Vestur-Afríku"]},"Africa/Niamey":{"long":["Staðaltími í Vestur-Afríku","Sumartími í Vestur-Afríku"]},"Africa/Ndjamena":{"long":["Staðaltími í Vestur-Afríku","Sumartími í Vestur-Afríku"]},"Asia/Aqtobe":{"long":["Tími í Vestur-Kasakstan","Tími í Vestur-Kasakstan"]},"America/Juneau":{"long":["Staðaltími í Alaska","Sumartími í Alaska"]},"Asia/Almaty":{"long":["Tími í Austur-Kasakstan","Tími í Austur-Kasakstan"]},"America/Manaus":{"long":["Staðaltími á Amasónsvæðinu","Sumartími á Amasónsvæðinu"]},"America/Chicago":{"long":["Staðaltími í miðhluta Bandaríkjanna og Kanada","Sumartími í miðhluta Bandaríkjanna og Kanada"]},"America/Belize":{"long":["Staðaltími í miðhluta Bandaríkjanna og Kanada","Sumartími í miðhluta Bandaríkjanna og Kanada"]},"America/Winnipeg":{"long":["Staðaltími í miðhluta Bandaríkjanna og Kanada","Sumartími í miðhluta Bandaríkjanna og Kanada"]},"America/Costa_Rica":{"long":["Staðaltími í miðhluta Bandaríkjanna og Kanada","Sumartími í miðhluta Bandaríkjanna og Kanada"]},"America/Guatemala":{"long":["Staðaltími í miðhluta Bandaríkjanna og Kanada","Sumartími í miðhluta Bandaríkjanna og Kanada"]},"America/Tegucigalpa":{"long":["Staðaltími í miðhluta Bandaríkjanna og Kanada","Sumartími í miðhluta Bandaríkjanna og Kanada"]},"America/Mexico_City":{"long":["Staðaltími í miðhluta Bandaríkjanna og Kanada","Sumartími í miðhluta Bandaríkjanna og Kanada"]},"America/El_Salvador":{"long":["Staðaltími í miðhluta Bandaríkjanna og Kanada","Sumartími í miðhluta Bandaríkjanna og Kanada"]},"America/New_York":{"long":["Staðaltími í austurhluta Bandaríkjanna og Kanada","Sumartími í austurhluta Bandaríkjanna og Kanada"]},"America/Nassau":{"long":["Staðaltími í austurhluta Bandaríkjanna og Kanada","Sumartími í austurhluta Bandaríkjanna og Kanada"]},"America/Toronto":{"long":["Staðaltími í austurhluta Bandaríkjanna og Kanada","Sumartími í austurhluta Bandaríkjanna og Kanada"]},"America/Port-au-Prince":{"long":["Staðaltími í austurhluta Bandaríkjanna og Kanada","Sumartími í austurhluta Bandaríkjanna og Kanada"]},"America/Jamaica":{"long":["Staðaltími í austurhluta Bandaríkjanna og Kanada","Sumartími í austurhluta Bandaríkjanna og Kanada"]},"America/Cayman":{"long":["Staðaltími í austurhluta Bandaríkjanna og Kanada","Sumartími í austurhluta Bandaríkjanna og Kanada"]},"America/Panama":{"long":["Staðaltími í austurhluta Bandaríkjanna og Kanada","Sumartími í austurhluta Bandaríkjanna og Kanada"]},"America/Denver":{"long":["Staðaltími í Klettafjöllum","Sumartími í Klettafjöllum"]},"America/Edmonton":{"long":["Staðaltími í Klettafjöllum","Sumartími í Klettafjöllum"]},"America/Hermosillo":{"long":["Staðaltími í Klettafjöllum","Sumartími í Klettafjöllum"]},"America/Los_Angeles":{"long":["Staðaltími á Kyrrahafssvæðinu","Sumartími á Kyrrahafssvæðinu"]},"America/Vancouver":{"long":["Staðaltími á Kyrrahafssvæðinu","Sumartími á Kyrrahafssvæðinu"]},"America/Tijuana":{"long":["Staðaltími á Kyrrahafssvæðinu","Sumartími á Kyrrahafssvæðinu"]},"Asia/Anadyr":{"long":["Staðaltími í Anadyr","Sumartími í Anadyr"]},"Pacific/Apia":{"long":["Staðaltími í Apía","Sumartími í Apía"]},"Asia/Riyadh":{"long":["Staðaltími í Arabíu","Sumartími í Arabíu"]},"Asia/Bahrain":{"long":["Staðaltími í Arabíu","Sumartími í Arabíu"]},"Asia/Baghdad":{"long":["Staðaltími í Arabíu","Sumartími í Arabíu"]},"Asia/Kuwait":{"long":["Staðaltími í Arabíu","Sumartími í Arabíu"]},"Asia/Qatar":{"long":["Staðaltími í Arabíu","Sumartími í Arabíu"]},"Asia/Aden":{"long":["Staðaltími í Arabíu","Sumartími í Arabíu"]},"America/Buenos_Aires":{"long":["Staðaltími í Argentínu","Sumartími í Argentínu"]},"America/Argentina/San_Luis":{"long":["Staðaltími í Vestur-Argentínu","Sumartími í Vestur-Argentínu"]},"Asia/Ashgabat":{"long":["Staðaltími í Túrkmenistan","Sumartími í Túrkmenistan"]},"America/Halifax":{"long":["Staðaltími á Atlantshafssvæðinu","Sumartími á Atlantshafssvæðinu"]},"America/Antigua":{"long":["Staðaltími á Atlantshafssvæðinu","Sumartími á Atlantshafssvæðinu"]},"America/Anguilla":{"long":["Staðaltími á Atlantshafssvæðinu","Sumartími á Atlantshafssvæðinu"]},"America/Aruba":{"long":["Staðaltími á Atlantshafssvæðinu","Sumartími á Atlantshafssvæðinu"]},"America/Barbados":{"long":["Staðaltími á Atlantshafssvæðinu","Sumartími á Atlantshafssvæðinu"]},"Atlantic/Bermuda":{"long":["Staðaltími á Atlantshafssvæðinu","Sumartími á Atlantshafssvæðinu"]},"America/Kralendijk":{"long":["Staðaltími á Atlantshafssvæðinu","Sumartími á Atlantshafssvæðinu"]},"America/Curacao":{"long":["Staðaltími á Atlantshafssvæðinu","Sumartími á Atlantshafssvæðinu"]},"America/Dominica":{"long":["Staðaltími á Atlantshafssvæðinu","Sumartími á Atlantshafssvæðinu"]},"America/Grenada":{"long":["Staðaltími á Atlantshafssvæðinu","Sumartími á Atlantshafssvæðinu"]},"America/Thule":{"long":["Staðaltími á Atlantshafssvæðinu","Sumartími á Atlantshafssvæðinu"]},"America/Guadeloupe":{"long":["Staðaltími á Atlantshafssvæðinu","Sumartími á Atlantshafssvæðinu"]},"America/St_Kitts":{"long":["Staðaltími á Atlantshafssvæðinu","Sumartími á Atlantshafssvæðinu"]},"America/St_Lucia":{"long":["Staðaltími á Atlantshafssvæðinu","Sumartími á Atlantshafssvæðinu"]},"America/Marigot":{"long":["Staðaltími á Atlantshafssvæðinu","Sumartími á Atlantshafssvæðinu"]},"America/Martinique":{"long":["Staðaltími á Atlantshafssvæðinu","Sumartími á Atlantshafssvæðinu"]},"America/Montserrat":{"long":["Staðaltími á Atlantshafssvæðinu","Sumartími á Atlantshafssvæðinu"]},"America/Puerto_Rico":{"long":["Staðaltími á Atlantshafssvæðinu","Sumartími á Atlantshafssvæðinu"]},"America/Lower_Princes":{"long":["Staðaltími á Atlantshafssvæðinu","Sumartími á Atlantshafssvæðinu"]},"America/Port_of_Spain":{"long":["Staðaltími á Atlantshafssvæðinu","Sumartími á Atlantshafssvæðinu"]},"America/St_Vincent":{"long":["Staðaltími á Atlantshafssvæðinu","Sumartími á Atlantshafssvæðinu"]},"America/Tortola":{"long":["Staðaltími á Atlantshafssvæðinu","Sumartími á Atlantshafssvæðinu"]},"America/St_Thomas":{"long":["Staðaltími á Atlantshafssvæðinu","Sumartími á Atlantshafssvæðinu"]},"Australia/Adelaide":{"long":["Staðaltími í Mið-Ástralíu","Sumartími í Mið-Ástralíu"]},"Australia/Eucla":{"long":["Staðaltími í miðvesturhluta Ástralíu","Sumartími í miðvesturhluta Ástralíu"]},"Australia/Sydney":{"long":["Staðaltími í Austur-Ástralíu","Sumartími í Austur-Ástralíu"]},"Australia/Perth":{"long":["Staðaltími í Vestur-Ástralíu","Sumartími í Vestur-Ástralíu"]},"Atlantic/Azores":{"long":["Staðaltími á Asóreyjum","Sumartími á Asóreyjum"]},"Asia/Thimphu":{"long":["Bútantími","Bútantími"]},"America/La_Paz":{"long":["Bólivíutími","Bólivíutími"]},"Asia/Kuching":{"long":["Malasíutími","Malasíutími"]},"America/Sao_Paulo":{"long":["Staðaltími í Brasilíu","Sumartími í Brasilíu"]},"Europe/London":{"long":["Greenwich-staðaltími","Greenwich-staðaltími"]},"Asia/Brunei":{"long":["Brúneitími","Brúneitími"]},"Atlantic/Cape_Verde":{"long":["Staðaltími á Grænhöfðaeyjum","Sumartími á Grænhöfðaeyjum"]},"Pacific/Chatham":{"long":["Staðaltími í Chatham","Sumartími í Chatham"]},"America/Santiago":{"long":["Staðaltími í Síle","Sumartími í Síle"]},"Asia/Shanghai":{"long":["Staðaltími í Kína","Sumartími í Kína"]},"Asia/Choibalsan":{"long":["Staðaltími í Choibalsan","Sumartími í Choibalsan"]},"Indian/Christmas":{"long":["Jólaeyjartími","Jólaeyjartími"]},"Indian/Cocos":{"long":["Kókoseyjatími","Kókoseyjatími"]},"America/Bogota":{"long":["Staðaltími í Kólumbíu","Sumartími í Kólumbíu"]},"Pacific/Rarotonga":{"long":["Staðaltími á Cooks-eyjum","Hálfsumartími á Cooks-eyjum"]},"America/Havana":{"long":["Staðaltími á Kúbu","Sumartími á Kúbu"]},"Antarctica/Davis":{"long":["Davis-tími","Davis-tími"]},"Antarctica/DumontDUrville":{"long":["Tími á Dumont-d’Urville","Tími á Dumont-d’Urville"]},"Asia/Dushanbe":{"long":["Tadsjíkistan-tími","Tadsjíkistan-tími"]},"America/Paramaribo":{"long":["Súrinamtími","Súrinamtími"]},"Asia/Dili":{"long":["Tíminn á Tímor-Leste","Tíminn á Tímor-Leste"]},"Pacific/Easter":{"long":["Staðaltími á Páskaeyju","Sumartími á Páskaeyju"]},"America/Guayaquil":{"long":["Ekvadortími","Ekvadortími"]},"Europe/Paris":{"long":["Staðaltími í Mið-Evrópu","Sumartími í Mið-Evrópu"]},"Europe/Andorra":{"long":["Staðaltími í Mið-Evrópu","Sumartími í Mið-Evrópu"]},"Europe/Tirane":{"long":["Staðaltími í Mið-Evrópu","Sumartími í Mið-Evrópu"]},"Europe/Vienna":{"long":["Staðaltími í Mið-Evrópu","Sumartími í Mið-Evrópu"]},"Europe/Sarajevo":{"long":["Staðaltími í Mið-Evrópu","Sumartími í Mið-Evrópu"]},"Europe/Brussels":{"long":["Staðaltími í Mið-Evrópu","Sumartími í Mið-Evrópu"]},"Europe/Zurich":{"long":["Staðaltími í Mið-Evrópu","Sumartími í Mið-Evrópu"]},"Europe/Prague":{"long":["Staðaltími í Mið-Evrópu","Sumartími í Mið-Evrópu"]},"Europe/Berlin":{"long":["Staðaltími í Mið-Evrópu","Sumartími í Mið-Evrópu"]},"Europe/Copenhagen":{"long":["Staðaltími í Mið-Evrópu","Sumartími í Mið-Evrópu"]},"Europe/Madrid":{"long":["Staðaltími í Mið-Evrópu","Sumartími í Mið-Evrópu"]},"Europe/Gibraltar":{"long":["Staðaltími í Mið-Evrópu","Sumartími í Mið-Evrópu"]},"Europe/Zagreb":{"long":["Staðaltími í Mið-Evrópu","Sumartími í Mið-Evrópu"]},"Europe/Budapest":{"long":["Staðaltími í Mið-Evrópu","Sumartími í Mið-Evrópu"]},"Europe/Rome":{"long":["Staðaltími í Mið-Evrópu","Sumartími í Mið-Evrópu"]},"Europe/Vaduz":{"long":["Staðaltími í Mið-Evrópu","Sumartími í Mið-Evrópu"]},"Europe/Luxembourg":{"long":["Staðaltími í Mið-Evrópu","Sumartími í Mið-Evrópu"]},"Europe/Monaco":{"long":["Staðaltími í Mið-Evrópu","Sumartími í Mið-Evrópu"]},"Europe/Podgorica":{"long":["Staðaltími í Mið-Evrópu","Sumartími í Mið-Evrópu"]},"Europe/Skopje":{"long":["Staðaltími í Mið-Evrópu","Sumartími í Mið-Evrópu"]},"Europe/Malta":{"long":["Staðaltími í Mið-Evrópu","Sumartími í Mið-Evrópu"]},"Europe/Amsterdam":{"long":["Staðaltími í Mið-Evrópu","Sumartími í Mið-Evrópu"]},"Europe/Oslo":{"long":["Staðaltími í Mið-Evrópu","Sumartími í Mið-Evrópu"]},"Europe/Warsaw":{"long":["Staðaltími í Mið-Evrópu","Sumartími í Mið-Evrópu"]},"Europe/Belgrade":{"long":["Staðaltími í Mið-Evrópu","Sumartími í Mið-Evrópu"]},"Europe/Stockholm":{"long":["Staðaltími í Mið-Evrópu","Sumartími í Mið-Evrópu"]},"Europe/Ljubljana":{"long":["Staðaltími í Mið-Evrópu","Sumartími í Mið-Evrópu"]},"Arctic/Longyearbyen":{"long":["Staðaltími í Mið-Evrópu","Sumartími í Mið-Evrópu"]},"Europe/Bratislava":{"long":["Staðaltími í Mið-Evrópu","Sumartími í Mið-Evrópu"]},"Europe/San_Marino":{"long":["Staðaltími í Mið-Evrópu","Sumartími í Mið-Evrópu"]},"Africa/Tunis":{"long":["Staðaltími í Mið-Evrópu","Sumartími í Mið-Evrópu"]},"Europe/Vatican":{"long":["Staðaltími í Mið-Evrópu","Sumartími í Mið-Evrópu"]},"Europe/Bucharest":{"long":["Staðaltími í Austur-Evrópu","Sumartími í Austur-Evrópu"]},"Europe/Mariehamn":{"long":["Staðaltími í Austur-Evrópu","Sumartími í Austur-Evrópu"]},"Europe/Sofia":{"long":["Staðaltími í Austur-Evrópu","Sumartími í Austur-Evrópu"]},"Asia/Nicosia":{"long":["Staðaltími í Austur-Evrópu","Sumartími í Austur-Evrópu"]},"Africa/Cairo":{"long":["Staðaltími í Austur-Evrópu","Sumartími í Austur-Evrópu"]},"Europe/Helsinki":{"long":["Staðaltími í Austur-Evrópu","Sumartími í Austur-Evrópu"]},"Europe/Athens":{"long":["Staðaltími í Austur-Evrópu","Sumartími í Austur-Evrópu"]},"Asia/Amman":{"long":["Staðaltími í Austur-Evrópu","Sumartími í Austur-Evrópu"]},"Asia/Beirut":{"long":["Staðaltími í Austur-Evrópu","Sumartími í Austur-Evrópu"]},"Asia/Damascus":{"long":["Staðaltími í Austur-Evrópu","Sumartími í Austur-Evrópu"]},"Europe/Minsk":{"long":["Staðartími Kalíníngrad","Staðartími Kalíníngrad"]},"Europe/Kaliningrad":{"long":["Staðartími Kalíníngrad","Staðartími Kalíníngrad"]},"Atlantic/Canary":{"long":["Staðaltími í Vestur-Evrópu","Sumartími í Vestur-Evrópu"]},"Atlantic/Faeroe":{"long":["Staðaltími í Vestur-Evrópu","Sumartími í Vestur-Evrópu"]},"Atlantic/Stanley":{"long":["Staðaltími á Falklandseyjum","Sumartími á Falklandseyjum"]},"Pacific/Fiji":{"long":["Staðaltími á Fídjíeyjum","Sumartími á Fídjíeyjum"]},"America/Cayenne":{"long":["Tími í Frönsku Gvæjana","Tími í Frönsku Gvæjana"]},"Indian/Kerguelen":{"long":["Tími á frönsku suðurhafssvæðum og Suðurskautslandssvæði","Tími á frönsku suðurhafssvæðum og Suðurskautslandssvæði"]},"Asia/Bishkek":{"long":["Kirgistan-tími","Kirgistan-tími"]},"Pacific/Galapagos":{"long":["Galapagos-tími","Galapagos-tími"]},"Pacific/Gambier":{"long":["Gambier-tími","Gambier-tími"]},"Pacific/Tarawa":{"long":["Tími á Gilbert-eyjum","Tími á Gilbert-eyjum"]},"Atlantic/Reykjavik":{"long":["Greenwich-staðaltími","Greenwich-staðaltími"]},"Africa/Ouagadougou":{"long":["Greenwich-staðaltími","Greenwich-staðaltími"]},"Africa/Abidjan":{"long":["Greenwich-staðaltími","Greenwich-staðaltími"]},"Africa/Accra":{"long":["Greenwich-staðaltími","Greenwich-staðaltími"]},"Africa/Banjul":{"long":["Greenwich-staðaltími","Greenwich-staðaltími"]},"Africa/Conakry":{"long":["Greenwich-staðaltími","Greenwich-staðaltími"]},"Africa/Bamako":{"long":["Greenwich-staðaltími","Greenwich-staðaltími"]},"Africa/Nouakchott":{"long":["Greenwich-staðaltími","Greenwich-staðaltími"]},"Atlantic/St_Helena":{"long":["Greenwich-staðaltími","Greenwich-staðaltími"]},"Africa/Freetown":{"long":["Greenwich-staðaltími","Greenwich-staðaltími"]},"Africa/Dakar":{"long":["Greenwich-staðaltími","Greenwich-staðaltími"]},"Africa/Lome":{"long":["Greenwich-staðaltími","Greenwich-staðaltími"]},"America/Scoresbysund":{"long":["Staðaltími á Austur-Grænlandi","Sumartími á Austur-Grænlandi"]},"America/Godthab":{"long":["Staðaltími á Vestur-Grænlandi","Sumartími á Vestur-Grænlandi"]},"Asia/Dubai":{"long":["Staðaltími við Persaflóa","Staðaltími við Persaflóa"]},"Asia/Muscat":{"long":["Staðaltími við Persaflóa","Staðaltími við Persaflóa"]},"America/Guyana":{"long":["Gvæjanatími","Gvæjanatími"]},"Pacific/Honolulu":{"long":["Staðaltími á Havaí og Aleúta","Sumartími á Havaí og Aleúta"]},"Asia/Hong_Kong":{"long":["Staðaltími í Hong Kong","Sumartími í Hong Kong"]},"Asia/Hovd":{"long":["Staðaltími í Hovd","Sumartími í Hovd"]},"Asia/Calcutta":{"long":["Indlandstími","Indlandstími"]},"Indian/Chagos":{"long":["Indlandshafstími","Indlandshafstími"]},"Asia/Bangkok":{"long":["Indókínatími","Indókínatími"]},"Asia/Phnom_Penh":{"long":["Indókínatími","Indókínatími"]},"Asia/Vientiane":{"long":["Indókínatími","Indókínatími"]},"Asia/Makassar":{"long":["Mið-Indónesíutími","Mið-Indónesíutími"]},"Asia/Jayapura":{"long":["Austur-Indónesíutími","Austur-Indónesíutími"]},"Asia/Jakarta":{"long":["Vestur-Indónesíutími","Vestur-Indónesíutími"]},"Asia/Tehran":{"long":["Staðaltími í Íran","Sumartími í Íran"]},"Asia/Irkutsk":{"long":["Staðaltími í Irkutsk","Sumartími í Irkutsk"]},"Asia/Jerusalem":{"long":["Staðaltími í Ísrael","Sumartími í Ísrael"]},"Asia/Tokyo":{"long":["Staðaltími í Japan","Sumartími í Japan"]},"Asia/Kamchatka":{"long":["Staðaltími í Petropavlovsk-Kamchatski","Sumartími í Petropavlovsk-Kamchatski"]},"Asia/Karachi":{"long":["Staðaltími í Pakistan","Sumartími í Pakistan"]},"Asia/Seoul":{"long":["Staðaltími í Kóreu","Sumartími í Kóreu"]},"Pacific/Kosrae":{"long":["Kosrae-tími","Kosrae-tími"]},"Asia/Krasnoyarsk":{"long":["Staðaltími í Krasnoyarsk","Sumartími í Krasnoyarsk"]},"Europe/Samara":{"long":["Staðaltími í Samara","Sumartími í Samara"]},"Pacific/Kiritimati":{"long":["Línueyja-tími","Línueyja-tími"]},"Australia/Lord_Howe":{"long":["Staðaltími á Lord Howe-eyju","Sumartími á Lord Howe-eyju"]},"Antarctica/Macquarie":{"long":["Macquarie-eyjartími","Macquarie-eyjartími"]},"Asia/Magadan":{"long":["Staðaltími í Magadan","Sumartími í Magadan"]},"Indian/Maldives":{"long":["Maldíveyja-tími","Maldíveyja-tími"]},"Pacific/Marquesas":{"long":["Tími á Markgreifafrúreyjum","Tími á Markgreifafrúreyjum"]},"Pacific/Majuro":{"long":["Tími á Marshall-eyjum","Tími á Marshall-eyjum"]},"Indian/Mauritius":{"long":["Staðaltími á Máritíus","Sumartími á Máritíus"]},"Antarctica/Mawson":{"long":["Mawson-tími","Mawson-tími"]},"America/Santa_Isabel":{"long":["Staðaltími í Norðvestur-Mexíkó","Sumartími í Norðvestur-Mexíkó"]},"America/Mazatlan":{"long":["Staðaltími í Mexíkó á Kyrrahafssvæðinu","Sumartími í Mexíkó á Kyrrahafssvæðinu"]},"Asia/Ulaanbaatar":{"long":["Staðaltími í Úlan Bator","Sumartími í Úlan Bator"]},"Europe/Moscow":{"long":["Staðaltími í Moskvu","Sumartími í Moskvu"]},"Asia/Rangoon":{"long":["Mjanmar-tími","Mjanmar-tími"]},"Pacific/Nauru":{"long":["Nárú-tími","Nárú-tími"]},"Asia/Katmandu":{"long":["Nepaltími","Nepaltími"]},"Pacific/Noumea":{"long":["Staðaltími í Nýju-Kaledóníu","Sumartími í Nýju-Kaledóníu"]},"Pacific/Auckland":{"long":["Staðaltími á Nýja-Sjálandi","Sumartími á Nýja-Sjálandi"]},"Antarctica/McMurdo":{"long":["Staðaltími á Nýja-Sjálandi","Sumartími á Nýja-Sjálandi"]},"America/St_Johns":{"long":["Staðaltími á Nýfundnalandi","Sumartími á Nýfundnalandi"]},"Pacific/Niue":{"long":["Niue-tími","Niue-tími"]},"Pacific/Norfolk":{"long":["Staðaltími á Norfolk-eyju","Sumartími á Norfolk-eyju"]},"America/Noronha":{"long":["Staðaltími í Fernando de Noronha","Sumartími í Fernando de Noronha"]},"Asia/Novosibirsk":{"long":["Staðaltími í Novosibirsk","Sumartími í Novosibirsk"]},"Asia/Omsk":{"long":["Staðaltími í Omsk","Sumartími í Omsk"]},"Pacific/Palau":{"long":["Palátími","Palátími"]},"Pacific/Port_Moresby":{"long":["Tími á Papúa Nýju-Gíneu","Tími á Papúa Nýju-Gíneu"]},"America/Asuncion":{"long":["Staðaltími í Paragvæ","Sumartími í Paragvæ"]},"America/Lima":{"long":["Staðaltími í Perú","Sumartími í Perú"]},"Asia/Manila":{"long":["Staðaltími á Filippseyjum","Sumartími á Filippseyjum"]},"Pacific/Enderbury":{"long":["Fönixeyjatími","Fönixeyjatími"]},"America/Miquelon":{"long":["Staðaltími á Sankti Pierre og Miquelon","Sumartími á Sankti Pierre og Miquelon"]},"Pacific/Pitcairn":{"long":["Pitcairn-tími","Pitcairn-tími"]},"Pacific/Ponape":{"long":["Ponape-tími","Ponape-tími"]},"Asia/Pyongyang":{"long":["Tími í Pjongjang","Tími í Pjongjang"]},"Indian/Reunion":{"long":["Réunion-tími","Réunion-tími"]},"Antarctica/Rothera":{"long":["Rothera-tími","Rothera-tími"]},"Asia/Sakhalin":{"long":["Staðaltími í Sakhalin","Sumartími í Sakhalin"]},"Pacific/Pago_Pago":{"long":["Staðaltími á Samóa","Sumartími á Samóa"]},"Indian/Mahe":{"long":["Seychelles-eyjatími","Seychelles-eyjatími"]},"Asia/Singapore":{"long":["Singapúrtími","Singapúrtími"]},"Pacific/Guadalcanal":{"long":["Salómonseyjatími","Salómonseyjatími"]},"Atlantic/South_Georgia":{"long":["Suður-Georgíutími","Suður-Georgíutími"]},"Asia/Yekaterinburg":{"long":["Staðaltími í Yekaterinborg","Sumartími í Yekaterinburg"]},"Antarctica/Syowa":{"long":["Syowa-tími","Syowa-tími"]},"Pacific/Tahiti":{"long":["Tahítí-tími","Tahítí-tími"]},"Asia/Taipei":{"long":["Staðaltími í Taipei","Sumartími í Taipei"]},"Asia/Tashkent":{"long":["Staðaltími í Úsbekistan","Sumartími í Úsbekistan"]},"Pacific/Fakaofo":{"long":["Tókelá-tími","Tókelá-tími"]},"Pacific/Tongatapu":{"long":["Staðaltími á Tonga","Sumartími á Tonga"]},"Pacific/Truk":{"long":["Chuuk-tími","Chuuk-tími"]},"Pacific/Funafuti":{"long":["Túvalútími","Túvalútími"]},"America/Montevideo":{"long":["Staðaltími í Úrúgvæ","Sumartími í Úrúgvæ"]},"Pacific/Efate":{"long":["Staðaltími á Vanúatú","Sumartími á Vanúatú"]},"America/Caracas":{"long":["Venesúelatími","Venesúelatími"]},"Asia/Vladivostok":{"long":["Staðaltími í Vladivostok","Sumartími í Vladivostok"]},"Europe/Volgograd":{"long":["Staðaltími í Volgograd","Sumartími í Volgograd"]},"Antarctica/Vostok":{"long":["Vostok-tími","Vostok-tími"]},"Pacific/Wake":{"long":["Tími á Wake-eyju","Tími á Wake-eyju"]},"Pacific/Wallis":{"long":["Tími á Wallis- og Fútúnaeyjum","Tími á Wallis- og Fútúnaeyjum"]},"Asia/Yakutsk":{"long":["Staðaltími í Yakutsk","Sumartími í Yakutsk"]},"UTC":{"long":["Samræmdur alþjóðlegur tími","Samræmdur alþjóðlegur tími"],"short":["UTC","UTC"]}},"gmtFormat":"GMT{0}","hourFormat":"+HH:mm;-HH:mm","dateFormat":{"full":"EEEE, d. MMMM y","long":"d. MMMM y","medium":"d. MMM y","short":"d.M.y"},"timeFormat":{"full":"HH:mm:ss zzzz","long":"HH:mm:ss z","medium":"HH:mm:ss","short":"HH:mm"},"dateTimeFormat":{"full":"{1} 'kl'. {0}","long":"{1} 'kl'. {0}","medium":"{1}, {0}","short":"{1}, {0}"},"formats":{"gregory":{"Bh":"h B","Bhm":"h:mm B","Bhms":"h:mm:ss B","d":"d","E":"ccc","EBhm":"E h:mm B","EBhms":"E h:mm:ss B","Ed":"E d.","Ehm":"E, h:mm a","EHm":"E, HH:mm","Ehms":"E, h:mm:ss a","EHms":"E, HH:mm:ss","Gy":"y G","GyMMM":"MMM y G","GyMMMd":"d. MMM y G","GyMMMEd":"E, d. MMM y G","h":"h a","H":"HH","hm":"h:mm a","Hm":"HH:mm","hms":"h:mm:ss a","Hms":"HH:mm:ss","hmsv":"h:mm:ss a v","Hmsv":"v – HH:mm:ss","hmv":"h:mm a v","Hmv":"v – HH:mm","M":"L","Md":"d.M.","MEd":"E, d.M.","MMM":"LLL","MMMd":"d. MMM","MMMEd":"E, d. MMM","MMMMd":"d. MMMM","MMMMEd":"E, d. MMMM","ms":"mm:ss","y":"y","yM":"M. y","yMd":"d.M.y","yMEd":"E, d.M.y","yMMM":"MMM y","yMMMd":"d. MMM y","yMMMEd":"E, d. MMM y","yMMMM":"MMMM y","EEEE, d. MMMM y":"EEEE, d. MMMM y","d. MMMM y":"d. MMMM y","d. MMM y":"d. MMM y","d.M.y":"d.M.y","HH:mm:ss zzzz":"HH:mm:ss zzzz","HH:mm:ss z":"HH:mm:ss z","HH:mm:ss":"HH:mm:ss","HH:mm":"HH:mm","EEEE, d. MMMM y 'kl'. HH:mm:ss zzzz":"EEEE, d. MMMM y 'kl'. HH:mm:ss zzzz","d. MMMM y 'kl'. HH:mm:ss zzzz":"d. MMMM y 'kl'. HH:mm:ss zzzz","d. MMM y, HH:mm:ss zzzz":"d. MMM y, HH:mm:ss zzzz","d.M.y, HH:mm:ss zzzz":"d.M.y, HH:mm:ss zzzz","d, HH:mm:ss zzzz":"d, HH:mm:ss zzzz","E, HH:mm:ss zzzz":"ccc, HH:mm:ss zzzz","Ed, HH:mm:ss zzzz":"E d., HH:mm:ss zzzz","Gy, HH:mm:ss zzzz":"y G, HH:mm:ss zzzz","GyMMM, HH:mm:ss zzzz":"MMM y G, HH:mm:ss zzzz","GyMMMd, HH:mm:ss zzzz":"d. MMM y G, HH:mm:ss zzzz","GyMMMEd, HH:mm:ss zzzz":"E, d. MMM y G, HH:mm:ss zzzz","M, HH:mm:ss zzzz":"L, HH:mm:ss zzzz","Md, HH:mm:ss zzzz":"d.M., HH:mm:ss zzzz","MEd, HH:mm:ss zzzz":"E, d.M., HH:mm:ss zzzz","MMM, HH:mm:ss zzzz":"LLL, HH:mm:ss zzzz","MMMd, HH:mm:ss zzzz":"d. MMM, HH:mm:ss zzzz","MMMEd, HH:mm:ss zzzz":"E, d. MMM, HH:mm:ss zzzz","MMMMd 'kl'. HH:mm:ss zzzz":"d. MMMM 'kl'. HH:mm:ss zzzz","MMMMEd 'kl'. HH:mm:ss zzzz":"E, d. MMMM 'kl'. HH:mm:ss zzzz","y, HH:mm:ss zzzz":"y, HH:mm:ss zzzz","yM, HH:mm:ss zzzz":"M. y, HH:mm:ss zzzz","yMd, HH:mm:ss zzzz":"d.M.y, HH:mm:ss zzzz","yMEd, HH:mm:ss zzzz":"E, d.M.y, HH:mm:ss zzzz","yMMM, HH:mm:ss zzzz":"MMM y, HH:mm:ss zzzz","yMMMd, HH:mm:ss zzzz":"d. MMM y, HH:mm:ss zzzz","yMMMEd, HH:mm:ss zzzz":"E, d. MMM y, HH:mm:ss zzzz","yMMMM 'kl'. HH:mm:ss zzzz":"MMMM y 'kl'. HH:mm:ss zzzz","EEEE, d. MMMM y 'kl'. HH:mm:ss z":"EEEE, d. MMMM y 'kl'. HH:mm:ss z","d. MMMM y 'kl'. HH:mm:ss z":"d. MMMM y 'kl'. HH:mm:ss z","d. MMM y, HH:mm:ss z":"d. MMM y, HH:mm:ss z","d.M.y, HH:mm:ss z":"d.M.y, HH:mm:ss z","d, HH:mm:ss z":"d, HH:mm:ss z","E, HH:mm:ss z":"ccc, HH:mm:ss z","Ed, HH:mm:ss z":"E d., HH:mm:ss z","Gy, HH:mm:ss z":"y G, HH:mm:ss z","GyMMM, HH:mm:ss z":"MMM y G, HH:mm:ss z","GyMMMd, HH:mm:ss z":"d. MMM y G, HH:mm:ss z","GyMMMEd, HH:mm:ss z":"E, d. MMM y G, HH:mm:ss z","M, HH:mm:ss z":"L, HH:mm:ss z","Md, HH:mm:ss z":"d.M., HH:mm:ss z","MEd, HH:mm:ss z":"E, d.M., HH:mm:ss z","MMM, HH:mm:ss z":"LLL, HH:mm:ss z","MMMd, HH:mm:ss z":"d. MMM, HH:mm:ss z","MMMEd, HH:mm:ss z":"E, d. MMM, HH:mm:ss z","MMMMd 'kl'. HH:mm:ss z":"d. MMMM 'kl'. HH:mm:ss z","MMMMEd 'kl'. HH:mm:ss z":"E, d. MMMM 'kl'. HH:mm:ss z","y, HH:mm:ss z":"y, HH:mm:ss z","yM, HH:mm:ss z":"M. y, HH:mm:ss z","yMd, HH:mm:ss z":"d.M.y, HH:mm:ss z","yMEd, HH:mm:ss z":"E, d.M.y, HH:mm:ss z","yMMM, HH:mm:ss z":"MMM y, HH:mm:ss z","yMMMd, HH:mm:ss z":"d. MMM y, HH:mm:ss z","yMMMEd, HH:mm:ss z":"E, d. MMM y, HH:mm:ss z","yMMMM 'kl'. HH:mm:ss z":"MMMM y 'kl'. HH:mm:ss z","EEEE, d. MMMM y 'kl'. HH:mm:ss":"EEEE, d. MMMM y 'kl'. HH:mm:ss","d. MMMM y 'kl'. HH:mm:ss":"d. MMMM y 'kl'. HH:mm:ss","d. MMM y, HH:mm:ss":"d. MMM y, HH:mm:ss","d.M.y, HH:mm:ss":"d.M.y, HH:mm:ss","d, HH:mm:ss":"d, HH:mm:ss","E, HH:mm:ss":"ccc, HH:mm:ss","Ed, HH:mm:ss":"E d., HH:mm:ss","Gy, HH:mm:ss":"y G, HH:mm:ss","GyMMM, HH:mm:ss":"MMM y G, HH:mm:ss","GyMMMd, HH:mm:ss":"d. MMM y G, HH:mm:ss","GyMMMEd, HH:mm:ss":"E, d. MMM y G, HH:mm:ss","M, HH:mm:ss":"L, HH:mm:ss","Md, HH:mm:ss":"d.M., HH:mm:ss","MEd, HH:mm:ss":"E, d.M., HH:mm:ss","MMM, HH:mm:ss":"LLL, HH:mm:ss","MMMd, HH:mm:ss":"d. MMM, HH:mm:ss","MMMEd, HH:mm:ss":"E, d. MMM, HH:mm:ss","MMMMd 'kl'. HH:mm:ss":"d. MMMM 'kl'. HH:mm:ss","MMMMEd 'kl'. HH:mm:ss":"E, d. MMMM 'kl'. HH:mm:ss","y, HH:mm:ss":"y, HH:mm:ss","yM, HH:mm:ss":"M. y, HH:mm:ss","yMd, HH:mm:ss":"d.M.y, HH:mm:ss","yMEd, HH:mm:ss":"E, d.M.y, HH:mm:ss","yMMM, HH:mm:ss":"MMM y, HH:mm:ss","yMMMd, HH:mm:ss":"d. MMM y, HH:mm:ss","yMMMEd, HH:mm:ss":"E, d. MMM y, HH:mm:ss","yMMMM 'kl'. HH:mm:ss":"MMMM y 'kl'. HH:mm:ss","EEEE, d. MMMM y 'kl'. HH:mm":"EEEE, d. MMMM y 'kl'. HH:mm","d. MMMM y 'kl'. HH:mm":"d. MMMM y 'kl'. HH:mm","d. MMM y, HH:mm":"d. MMM y, HH:mm","d.M.y, HH:mm":"d.M.y, HH:mm","d, HH:mm":"d, HH:mm","E, HH:mm":"ccc, HH:mm","Ed, HH:mm":"E d., HH:mm","Gy, HH:mm":"y G, HH:mm","GyMMM, HH:mm":"MMM y G, HH:mm","GyMMMd, HH:mm":"d. MMM y G, HH:mm","GyMMMEd, HH:mm":"E, d. MMM y G, HH:mm","M, HH:mm":"L, HH:mm","Md, HH:mm":"d.M., HH:mm","MEd, HH:mm":"E, d.M., HH:mm","MMM, HH:mm":"LLL, HH:mm","MMMd, HH:mm":"d. MMM, HH:mm","MMMEd, HH:mm":"E, d. MMM, HH:mm","MMMMd 'kl'. HH:mm":"d. MMMM 'kl'. HH:mm","MMMMEd 'kl'. HH:mm":"E, d. MMMM 'kl'. HH:mm","y, HH:mm":"y, HH:mm","yM, HH:mm":"M. y, HH:mm","yMd, HH:mm":"d.M.y, HH:mm","yMEd, HH:mm":"E, d.M.y, HH:mm","yMMM, HH:mm":"MMM y, HH:mm","yMMMd, HH:mm":"d. MMM y, HH:mm","yMMMEd, HH:mm":"E, d. MMM y, HH:mm","yMMMM 'kl'. HH:mm":"MMMM y 'kl'. HH:mm","EEEE, d. MMMM y 'kl'. Bh":"EEEE, d. MMMM y 'kl'. h B","d. MMMM y 'kl'. Bh":"d. MMMM y 'kl'. h B","d. MMM y, Bh":"d. MMM y, h B","d.M.y, Bh":"d.M.y, h B","d, Bh":"d, h B","E, Bh":"ccc, h B","Ed, Bh":"E d., h B","Gy, Bh":"y G, h B","GyMMM, Bh":"MMM y G, h B","GyMMMd, Bh":"d. MMM y G, h B","GyMMMEd, Bh":"E, d. MMM y G, h B","M, Bh":"L, h B","Md, Bh":"d.M., h B","MEd, Bh":"E, d.M., h B","MMM, Bh":"LLL, h B","MMMd, Bh":"d. MMM, h B","MMMEd, Bh":"E, d. MMM, h B","MMMMd 'kl'. Bh":"d. MMMM 'kl'. h B","MMMMEd 'kl'. Bh":"E, d. MMMM 'kl'. h B","y, Bh":"y, h B","yM, Bh":"M. y, h B","yMd, Bh":"d.M.y, h B","yMEd, Bh":"E, d.M.y, h B","yMMM, Bh":"MMM y, h B","yMMMd, Bh":"d. MMM y, h B","yMMMEd, Bh":"E, d. MMM y, h B","yMMMM 'kl'. Bh":"MMMM y 'kl'. h B","EEEE, d. MMMM y 'kl'. Bhm":"EEEE, d. MMMM y 'kl'. h:mm B","d. MMMM y 'kl'. Bhm":"d. MMMM y 'kl'. h:mm B","d. MMM y, Bhm":"d. MMM y, h:mm B","d.M.y, Bhm":"d.M.y, h:mm B","d, Bhm":"d, h:mm B","E, Bhm":"ccc, h:mm B","Ed, Bhm":"E d., h:mm B","Gy, Bhm":"y G, h:mm B","GyMMM, Bhm":"MMM y G, h:mm B","GyMMMd, Bhm":"d. MMM y G, h:mm B","GyMMMEd, Bhm":"E, d. MMM y G, h:mm B","M, Bhm":"L, h:mm B","Md, Bhm":"d.M., h:mm B","MEd, Bhm":"E, d.M., h:mm B","MMM, Bhm":"LLL, h:mm B","MMMd, Bhm":"d. MMM, h:mm B","MMMEd, Bhm":"E, d. MMM, h:mm B","MMMMd 'kl'. Bhm":"d. MMMM 'kl'. h:mm B","MMMMEd 'kl'. Bhm":"E, d. MMMM 'kl'. h:mm B","y, Bhm":"y, h:mm B","yM, Bhm":"M. y, h:mm B","yMd, Bhm":"d.M.y, h:mm B","yMEd, Bhm":"E, d.M.y, h:mm B","yMMM, Bhm":"MMM y, h:mm B","yMMMd, Bhm":"d. MMM y, h:mm B","yMMMEd, Bhm":"E, d. MMM y, h:mm B","yMMMM 'kl'. Bhm":"MMMM y 'kl'. h:mm B","EEEE, d. MMMM y 'kl'. Bhms":"EEEE, d. MMMM y 'kl'. h:mm:ss B","d. MMMM y 'kl'. Bhms":"d. MMMM y 'kl'. h:mm:ss B","d. MMM y, Bhms":"d. MMM y, h:mm:ss B","d.M.y, Bhms":"d.M.y, h:mm:ss B","d, Bhms":"d, h:mm:ss B","E, Bhms":"ccc, h:mm:ss B","Ed, Bhms":"E d., h:mm:ss B","Gy, Bhms":"y G, h:mm:ss B","GyMMM, Bhms":"MMM y G, h:mm:ss B","GyMMMd, Bhms":"d. MMM y G, h:mm:ss B","GyMMMEd, Bhms":"E, d. MMM y G, h:mm:ss B","M, Bhms":"L, h:mm:ss B","Md, Bhms":"d.M., h:mm:ss B","MEd, Bhms":"E, d.M., h:mm:ss B","MMM, Bhms":"LLL, h:mm:ss B","MMMd, Bhms":"d. MMM, h:mm:ss B","MMMEd, Bhms":"E, d. MMM, h:mm:ss B","MMMMd 'kl'. Bhms":"d. MMMM 'kl'. h:mm:ss B","MMMMEd 'kl'. Bhms":"E, d. MMMM 'kl'. h:mm:ss B","y, Bhms":"y, h:mm:ss B","yM, Bhms":"M. y, h:mm:ss B","yMd, Bhms":"d.M.y, h:mm:ss B","yMEd, Bhms":"E, d.M.y, h:mm:ss B","yMMM, Bhms":"MMM y, h:mm:ss B","yMMMd, Bhms":"d. MMM y, h:mm:ss B","yMMMEd, Bhms":"E, d. MMM y, h:mm:ss B","yMMMM 'kl'. Bhms":"MMMM y 'kl'. h:mm:ss B","EEEE, d. MMMM y 'kl'. h":"EEEE, d. MMMM y 'kl'. h a","d. MMMM y 'kl'. h":"d. MMMM y 'kl'. h a","d. MMM y, h":"d. MMM y, h a","d.M.y, h":"d.M.y, h a","d, h":"d, h a","E, h":"ccc, h a","Ed, h":"E d., h a","Gy, h":"y G, h a","GyMMM, h":"MMM y G, h a","GyMMMd, h":"d. MMM y G, h a","GyMMMEd, h":"E, d. MMM y G, h a","M, h":"L, h a","Md, h":"d.M., h a","MEd, h":"E, d.M., h a","MMM, h":"LLL, h a","MMMd, h":"d. MMM, h a","MMMEd, h":"E, d. MMM, h a","MMMMd 'kl'. h":"d. MMMM 'kl'. h a","MMMMEd 'kl'. h":"E, d. MMMM 'kl'. h a","y, h":"y, h a","yM, h":"M. y, h a","yMd, h":"d.M.y, h a","yMEd, h":"E, d.M.y, h a","yMMM, h":"MMM y, h a","yMMMd, h":"d. MMM y, h a","yMMMEd, h":"E, d. MMM y, h a","yMMMM 'kl'. h":"MMMM y 'kl'. h a","EEEE, d. MMMM y 'kl'. H":"EEEE, d. MMMM y 'kl'. HH","d. MMMM y 'kl'. H":"d. MMMM y 'kl'. HH","d. MMM y, H":"d. MMM y, HH","d.M.y, H":"d.M.y, HH","d, H":"d, HH","E, H":"ccc, HH","Ed, H":"E d., HH","Gy, H":"y G, HH","GyMMM, H":"MMM y G, HH","GyMMMd, H":"d. MMM y G, HH","GyMMMEd, H":"E, d. MMM y G, HH","M, H":"L, HH","Md, H":"d.M., HH","MEd, H":"E, d.M., HH","MMM, H":"LLL, HH","MMMd, H":"d. MMM, HH","MMMEd, H":"E, d. MMM, HH","MMMMd 'kl'. H":"d. MMMM 'kl'. HH","MMMMEd 'kl'. H":"E, d. MMMM 'kl'. HH","y, H":"y, HH","yM, H":"M. y, HH","yMd, H":"d.M.y, HH","yMEd, H":"E, d.M.y, HH","yMMM, H":"MMM y, HH","yMMMd, H":"d. MMM y, HH","yMMMEd, H":"E, d. MMM y, HH","yMMMM 'kl'. H":"MMMM y 'kl'. HH","EEEE, d. MMMM y 'kl'. hm":"EEEE, d. MMMM y 'kl'. h:mm a","d. MMMM y 'kl'. hm":"d. MMMM y 'kl'. h:mm a","d. MMM y, hm":"d. MMM y, h:mm a","d.M.y, hm":"d.M.y, h:mm a","d, hm":"d, h:mm a","E, hm":"ccc, h:mm a","Ed, hm":"E d., h:mm a","Gy, hm":"y G, h:mm a","GyMMM, hm":"MMM y G, h:mm a","GyMMMd, hm":"d. MMM y G, h:mm a","GyMMMEd, hm":"E, d. MMM y G, h:mm a","M, hm":"L, h:mm a","Md, hm":"d.M., h:mm a","MEd, hm":"E, d.M., h:mm a","MMM, hm":"LLL, h:mm a","MMMd, hm":"d. MMM, h:mm a","MMMEd, hm":"E, d. MMM, h:mm a","MMMMd 'kl'. hm":"d. MMMM 'kl'. h:mm a","MMMMEd 'kl'. hm":"E, d. MMMM 'kl'. h:mm a","y, hm":"y, h:mm a","yM, hm":"M. y, h:mm a","yMd, hm":"d.M.y, h:mm a","yMEd, hm":"E, d.M.y, h:mm a","yMMM, hm":"MMM y, h:mm a","yMMMd, hm":"d. MMM y, h:mm a","yMMMEd, hm":"E, d. MMM y, h:mm a","yMMMM 'kl'. hm":"MMMM y 'kl'. h:mm a","EEEE, d. MMMM y 'kl'. Hm":"EEEE, d. MMMM y 'kl'. HH:mm","d. MMMM y 'kl'. Hm":"d. MMMM y 'kl'. HH:mm","d. MMM y, Hm":"d. MMM y, HH:mm","d.M.y, Hm":"d.M.y, HH:mm","d, Hm":"d, HH:mm","E, Hm":"ccc, HH:mm","Ed, Hm":"E d., HH:mm","Gy, Hm":"y G, HH:mm","GyMMM, Hm":"MMM y G, HH:mm","GyMMMd, Hm":"d. MMM y G, HH:mm","GyMMMEd, Hm":"E, d. MMM y G, HH:mm","M, Hm":"L, HH:mm","Md, Hm":"d.M., HH:mm","MEd, Hm":"E, d.M., HH:mm","MMM, Hm":"LLL, HH:mm","MMMd, Hm":"d. MMM, HH:mm","MMMEd, Hm":"E, d. MMM, HH:mm","MMMMd 'kl'. Hm":"d. MMMM 'kl'. HH:mm","MMMMEd 'kl'. Hm":"E, d. MMMM 'kl'. HH:mm","y, Hm":"y, HH:mm","yM, Hm":"M. y, HH:mm","yMd, Hm":"d.M.y, HH:mm","yMEd, Hm":"E, d.M.y, HH:mm","yMMM, Hm":"MMM y, HH:mm","yMMMd, Hm":"d. MMM y, HH:mm","yMMMEd, Hm":"E, d. MMM y, HH:mm","yMMMM 'kl'. Hm":"MMMM y 'kl'. HH:mm","EEEE, d. MMMM y 'kl'. hms":"EEEE, d. MMMM y 'kl'. h:mm:ss a","d. MMMM y 'kl'. hms":"d. MMMM y 'kl'. h:mm:ss a","d. MMM y, hms":"d. MMM y, h:mm:ss a","d.M.y, hms":"d.M.y, h:mm:ss a","d, hms":"d, h:mm:ss a","E, hms":"ccc, h:mm:ss a","Ed, hms":"E d., h:mm:ss a","Gy, hms":"y G, h:mm:ss a","GyMMM, hms":"MMM y G, h:mm:ss a","GyMMMd, hms":"d. MMM y G, h:mm:ss a","GyMMMEd, hms":"E, d. MMM y G, h:mm:ss a","M, hms":"L, h:mm:ss a","Md, hms":"d.M., h:mm:ss a","MEd, hms":"E, d.M., h:mm:ss a","MMM, hms":"LLL, h:mm:ss a","MMMd, hms":"d. MMM, h:mm:ss a","MMMEd, hms":"E, d. MMM, h:mm:ss a","MMMMd 'kl'. hms":"d. MMMM 'kl'. h:mm:ss a","MMMMEd 'kl'. hms":"E, d. MMMM 'kl'. h:mm:ss a","y, hms":"y, h:mm:ss a","yM, hms":"M. y, h:mm:ss a","yMd, hms":"d.M.y, h:mm:ss a","yMEd, hms":"E, d.M.y, h:mm:ss a","yMMM, hms":"MMM y, h:mm:ss a","yMMMd, hms":"d. MMM y, h:mm:ss a","yMMMEd, hms":"E, d. MMM y, h:mm:ss a","yMMMM 'kl'. hms":"MMMM y 'kl'. h:mm:ss a","EEEE, d. MMMM y 'kl'. Hms":"EEEE, d. MMMM y 'kl'. HH:mm:ss","d. MMMM y 'kl'. Hms":"d. MMMM y 'kl'. HH:mm:ss","d. MMM y, Hms":"d. MMM y, HH:mm:ss","d.M.y, Hms":"d.M.y, HH:mm:ss","d, Hms":"d, HH:mm:ss","E, Hms":"ccc, HH:mm:ss","Ed, Hms":"E d., HH:mm:ss","Gy, Hms":"y G, HH:mm:ss","GyMMM, Hms":"MMM y G, HH:mm:ss","GyMMMd, Hms":"d. MMM y G, HH:mm:ss","GyMMMEd, Hms":"E, d. MMM y G, HH:mm:ss","M, Hms":"L, HH:mm:ss","Md, Hms":"d.M., HH:mm:ss","MEd, Hms":"E, d.M., HH:mm:ss","MMM, Hms":"LLL, HH:mm:ss","MMMd, Hms":"d. MMM, HH:mm:ss","MMMEd, Hms":"E, d. MMM, HH:mm:ss","MMMMd 'kl'. Hms":"d. MMMM 'kl'. HH:mm:ss","MMMMEd 'kl'. Hms":"E, d. MMMM 'kl'. HH:mm:ss","y, Hms":"y, HH:mm:ss","yM, Hms":"M. y, HH:mm:ss","yMd, Hms":"d.M.y, HH:mm:ss","yMEd, Hms":"E, d.M.y, HH:mm:ss","yMMM, Hms":"MMM y, HH:mm:ss","yMMMd, Hms":"d. MMM y, HH:mm:ss","yMMMEd, Hms":"E, d. MMM y, HH:mm:ss","yMMMM 'kl'. Hms":"MMMM y 'kl'. HH:mm:ss","EEEE, d. MMMM y 'kl'. hmsv":"EEEE, d. MMMM y 'kl'. h:mm:ss a v","d. MMMM y 'kl'. hmsv":"d. MMMM y 'kl'. h:mm:ss a v","d. MMM y, hmsv":"d. MMM y, h:mm:ss a v","d.M.y, hmsv":"d.M.y, h:mm:ss a v","d, hmsv":"d, h:mm:ss a v","E, hmsv":"ccc, h:mm:ss a v","Ed, hmsv":"E d., h:mm:ss a v","Gy, hmsv":"y G, h:mm:ss a v","GyMMM, hmsv":"MMM y G, h:mm:ss a v","GyMMMd, hmsv":"d. MMM y G, h:mm:ss a v","GyMMMEd, hmsv":"E, d. MMM y G, h:mm:ss a v","M, hmsv":"L, h:mm:ss a v","Md, hmsv":"d.M., h:mm:ss a v","MEd, hmsv":"E, d.M., h:mm:ss a v","MMM, hmsv":"LLL, h:mm:ss a v","MMMd, hmsv":"d. MMM, h:mm:ss a v","MMMEd, hmsv":"E, d. MMM, h:mm:ss a v","MMMMd 'kl'. hmsv":"d. MMMM 'kl'. h:mm:ss a v","MMMMEd 'kl'. hmsv":"E, d. MMMM 'kl'. h:mm:ss a v","y, hmsv":"y, h:mm:ss a v","yM, hmsv":"M. y, h:mm:ss a v","yMd, hmsv":"d.M.y, h:mm:ss a v","yMEd, hmsv":"E, d.M.y, h:mm:ss a v","yMMM, hmsv":"MMM y, h:mm:ss a v","yMMMd, hmsv":"d. MMM y, h:mm:ss a v","yMMMEd, hmsv":"E, d. MMM y, h:mm:ss a v","yMMMM 'kl'. hmsv":"MMMM y 'kl'. h:mm:ss a v","EEEE, d. MMMM y 'kl'. Hmsv":"EEEE, d. MMMM y 'kl'. v – HH:mm:ss","d. MMMM y 'kl'. Hmsv":"d. MMMM y 'kl'. v – HH:mm:ss","d. MMM y, Hmsv":"d. MMM y, v – HH:mm:ss","d.M.y, Hmsv":"d.M.y, v – HH:mm:ss","d, Hmsv":"d, v – HH:mm:ss","E, Hmsv":"ccc, v – HH:mm:ss","Ed, Hmsv":"E d., v – HH:mm:ss","Gy, Hmsv":"y G, v – HH:mm:ss","GyMMM, Hmsv":"MMM y G, v – HH:mm:ss","GyMMMd, Hmsv":"d. MMM y G, v – HH:mm:ss","GyMMMEd, Hmsv":"E, d. MMM y G, v – HH:mm:ss","M, Hmsv":"L, v – HH:mm:ss","Md, Hmsv":"d.M., v – HH:mm:ss","MEd, Hmsv":"E, d.M., v – HH:mm:ss","MMM, Hmsv":"LLL, v – HH:mm:ss","MMMd, Hmsv":"d. MMM, v – HH:mm:ss","MMMEd, Hmsv":"E, d. MMM, v – HH:mm:ss","MMMMd 'kl'. Hmsv":"d. MMMM 'kl'. v – HH:mm:ss","MMMMEd 'kl'. Hmsv":"E, d. MMMM 'kl'. v – HH:mm:ss","y, Hmsv":"y, v – HH:mm:ss","yM, Hmsv":"M. y, v – HH:mm:ss","yMd, Hmsv":"d.M.y, v – HH:mm:ss","yMEd, Hmsv":"E, d.M.y, v – HH:mm:ss","yMMM, Hmsv":"MMM y, v – HH:mm:ss","yMMMd, Hmsv":"d. MMM y, v – HH:mm:ss","yMMMEd, Hmsv":"E, d. MMM y, v – HH:mm:ss","yMMMM 'kl'. Hmsv":"MMMM y 'kl'. v – HH:mm:ss","EEEE, d. MMMM y 'kl'. hmv":"EEEE, d. MMMM y 'kl'. h:mm a v","d. MMMM y 'kl'. hmv":"d. MMMM y 'kl'. h:mm a v","d. MMM y, hmv":"d. MMM y, h:mm a v","d.M.y, hmv":"d.M.y, h:mm a v","d, hmv":"d, h:mm a v","E, hmv":"ccc, h:mm a v","Ed, hmv":"E d., h:mm a v","Gy, hmv":"y G, h:mm a v","GyMMM, hmv":"MMM y G, h:mm a v","GyMMMd, hmv":"d. MMM y G, h:mm a v","GyMMMEd, hmv":"E, d. MMM y G, h:mm a v","M, hmv":"L, h:mm a v","Md, hmv":"d.M., h:mm a v","MEd, hmv":"E, d.M., h:mm a v","MMM, hmv":"LLL, h:mm a v","MMMd, hmv":"d. MMM, h:mm a v","MMMEd, hmv":"E, d. MMM, h:mm a v","MMMMd 'kl'. hmv":"d. MMMM 'kl'. h:mm a v","MMMMEd 'kl'. hmv":"E, d. MMMM 'kl'. h:mm a v","y, hmv":"y, h:mm a v","yM, hmv":"M. y, h:mm a v","yMd, hmv":"d.M.y, h:mm a v","yMEd, hmv":"E, d.M.y, h:mm a v","yMMM, hmv":"MMM y, h:mm a v","yMMMd, hmv":"d. MMM y, h:mm a v","yMMMEd, hmv":"E, d. MMM y, h:mm a v","yMMMM 'kl'. hmv":"MMMM y 'kl'. h:mm a v","EEEE, d. MMMM y 'kl'. Hmv":"EEEE, d. MMMM y 'kl'. v – HH:mm","d. MMMM y 'kl'. Hmv":"d. MMMM y 'kl'. v – HH:mm","d. MMM y, Hmv":"d. MMM y, v – HH:mm","d.M.y, Hmv":"d.M.y, v – HH:mm","d, Hmv":"d, v – HH:mm","E, Hmv":"ccc, v – HH:mm","Ed, Hmv":"E d., v – HH:mm","Gy, Hmv":"y G, v – HH:mm","GyMMM, Hmv":"MMM y G, v – HH:mm","GyMMMd, Hmv":"d. MMM y G, v – HH:mm","GyMMMEd, Hmv":"E, d. MMM y G, v – HH:mm","M, Hmv":"L, v – HH:mm","Md, Hmv":"d.M., v – HH:mm","MEd, Hmv":"E, d.M., v – HH:mm","MMM, Hmv":"LLL, v – HH:mm","MMMd, Hmv":"d. MMM, v – HH:mm","MMMEd, Hmv":"E, d. MMM, v – HH:mm","MMMMd 'kl'. Hmv":"d. MMMM 'kl'. v – HH:mm","MMMMEd 'kl'. Hmv":"E, d. MMMM 'kl'. v – HH:mm","y, Hmv":"y, v – HH:mm","yM, Hmv":"M. y, v – HH:mm","yMd, Hmv":"d.M.y, v – HH:mm","yMEd, Hmv":"E, d.M.y, v – HH:mm","yMMM, Hmv":"MMM y, v – HH:mm","yMMMd, Hmv":"d. MMM y, v – HH:mm","yMMMEd, Hmv":"E, d. MMM y, v – HH:mm","yMMMM 'kl'. Hmv":"MMMM y 'kl'. v – HH:mm","EEEE, d. MMMM y 'kl'. ms":"EEEE, d. MMMM y 'kl'. mm:ss","d. MMMM y 'kl'. ms":"d. MMMM y 'kl'. mm:ss","d. MMM y, ms":"d. MMM y, mm:ss","d.M.y, ms":"d.M.y, mm:ss","d, ms":"d, mm:ss","E, ms":"ccc, mm:ss","Ed, ms":"E d., mm:ss","Gy, ms":"y G, mm:ss","GyMMM, ms":"MMM y G, mm:ss","GyMMMd, ms":"d. MMM y G, mm:ss","GyMMMEd, ms":"E, d. MMM y G, mm:ss","M, ms":"L, mm:ss","Md, ms":"d.M., mm:ss","MEd, ms":"E, d.M., mm:ss","MMM, ms":"LLL, mm:ss","MMMd, ms":"d. MMM, mm:ss","MMMEd, ms":"E, d. MMM, mm:ss","MMMMd 'kl'. ms":"d. MMMM 'kl'. mm:ss","MMMMEd 'kl'. ms":"E, d. MMMM 'kl'. mm:ss","y, ms":"y, mm:ss","yM, ms":"M. y, mm:ss","yMd, ms":"d.M.y, mm:ss","yMEd, ms":"E, d.M.y, mm:ss","yMMM, ms":"MMM y, mm:ss","yMMMd, ms":"d. MMM y, mm:ss","yMMMEd, ms":"E, d. MMM y, mm:ss","yMMMM 'kl'. ms":"MMMM y 'kl'. mm:ss"}},"intervalFormats":{"intervalFormatFallback":"{0} – {1}","Bh":{"B":"h B – h B","h":"h–h B"},"Bhm":{"B":"h:mm B – h:mm B","h":"h:mm–h:mm B","m":"h:mm–h:mm B"},"d":{"d":"d.–d."},"Gy":{"G":"y G – y G","y":"y–y G"},"GyM":{"G":"MM.y GGGGG – MM.y GGGGG","M":"MM.y – MM.y GGGGG","y":"MM.y – MM.y GGGGG"},"GyMd":{"d":"dd.MM.y – dd.MM.y GGGGG","G":"dd.MM.y GGGGG – dd.MM.y GGGGG","M":"dd.MM.y – dd.MM.y GGGGG","y":"dd.MM.y – dd.MM.y GGGGG"},"GyMEd":{"d":"E, dd.MM.y – E, dd.MM.y GGGGG","G":"E, dd.MM.y GGGGG – E, dd.MM.y GGGGG","M":"E, dd.MM.y – E, dd.MM.y GGGGG","y":"E, dd.MM.y – E, dd.MM.y GGGGG"},"GyMMM":{"G":"MMM y G – MMM y G","M":"MMM–MMM y G","y":"MMM y – MMM y G"},"GyMMMd":{"d":"d.–d. MMM y G","G":"d. MMM y G – d. MMM y G","M":"d. MMM – d. MMM y G","y":"d. MMM y – d. MMM y G"},"GyMMMEd":{"d":"E, d. MMM – E, d. MMM y G","G":"E, d. MMM y G – E, d. MMM y G","M":"E, d. MMM – E, d. MMM y G","y":"E, d. MMM y – E, d. MMM y G"},"h":{"a":"h a – h a","h":"h–h a"},"H":{"H":"HH–HH"},"hm":{"a":"h:mm a – h:mm a","h":"h:mm–h:mm a","m":"h:mm–h:mm a"},"Hm":{"H":"HH:mm–HH:mm","m":"HH:mm–HH:mm"},"hmv":{"a":"h:mm a – h:mm a v","h":"h:mm–h:mm a v","m":"h:mm–h:mm a v"},"Hmv":{"H":"HH:mm–HH:mm v","m":"HH:mm–HH:mm v"},"hv":{"a":"h a – h a v","h":"h–h a v"},"Hv":{"H":"HH–HH v"},"M":{"M":"M.–M."},"Md":{"d":"d.M.–d.M.","M":"d.M.–d.M."},"MEd":{"d":"E, d.M. – E, d.M.","M":"E, d.M. – E, d.M."},"MMM":{"M":"MMM–MMM"},"MMMd":{"d":"d.–d. MMM","M":"d. MMM – d. MMM"},"MMMEd":{"d":"E, d. – E, d. MMM","M":"E, d. MMM – E, d. MMM"},"MMMM":{"M":"LLLL–LLLL"},"y":{"y":"y–y"},"yM":{"M":"M.y – M.y","y":"M.y – M.y"},"yMd":{"d":"d.M.y – d.M.y","M":"d.M.y – d.M.y","y":"d.M.y – d.M.y"},"yMEd":{"d":"E, d.M.y – E, d.M.y","M":"E, d.M.y – E, d.M.y","y":"E, d.M.y – E, d.M.y"},"yMMM":{"M":"MMM–MMM y","y":"MMM y – MMM y"},"yMMMd":{"d":"d.–d. MMM y","M":"d. MMM – d. MMM y","y":"d. MMM y – d. MMM y"},"yMMMEd":{"d":"E, d. – E, d. MMM y","M":"E, d. MMM – E, d. MMM y","y":"E, d. MMM y – E, d. MMM y"},"yMMMM":{"M":"MMMM–MMMM y","y":"MMMM y – MMMM y"}},"hourCycle":"h23","nu":["latn"],"ca":["gregory"],"hc":["h23"]},"locale":"is"}
