{"data":{"am":"priešpiet","pm":"popiet","weekday":{"narrow":["S","P","A","T","K","P","Š"],"short":["sk","pr","an","tr","kt","pn","št"],"long":["sekmadienis","pirmadienis","antradienis","trečiadienis","ketvirtadienis","penktadienis","šeštadienis"]},"era":{"narrow":{"BC":"pr. Kr.","AD":"po Kr."},"short":{"BC":"pr. Kr.","AD":"po Kr."},"long":{"BC":"prieš Kristų","AD":"po Kristaus"}},"month":{"narrow":["S","V","K","B","G","B","L","R","R","S","L","G"],"short":["saus.","vas.","kov.","bal.","geg.","birž.","liep.","rugp.","rugs.","spal.","lapkr.","gruod."],"long":["sausio","vasario","kovo","balandžio","gegužės","birželio","liepos","rugpjūčio","rugsėjo","spalio","lapkričio","gruodžio"]},"timeZoneName":{"America/Rio_Branco":{"long":["Ako standartinis laikas","Ako vasaros laikas"]},"Asia/Kabul":{"long":["Afganistano laikas","Afganistano laikas"]},"Africa/Maputo":{"long":["Centrinės Afrikos laikas","Centrinės Afrikos laikas"]},"Africa/Bujumbura":{"long":["Centrinės Afrikos laikas","Centrinės Afrikos laikas"]},"Africa/Gaborone":{"long":["Centrinės Afrikos laikas","Centrinės Afrikos laikas"]},"Africa/Lubumbashi":{"long":["Centrinės Afrikos laikas","Centrinės Afrikos laikas"]},"Africa/Blantyre":{"long":["Centrinės Afrikos laikas","Centrinės Afrikos laikas"]},"Africa/Kigali":{"long":["Centrinės Afrikos laikas","Centrinės Afrikos laikas"]},"Africa/Lusaka":{"long":["Centrinės Afrikos laikas","Centrinės Afrikos laikas"]},"Africa/Harare":{"long":["Centrinės Afrikos laikas","Centrinės Afrikos laikas"]},"Africa/Nairobi":{"long":["Rytų Afrikos laikas","Rytų Afrikos laikas"]},"Africa/Djibouti":{"long":["Rytų Afrikos laikas","Rytų Afrikos laikas"]},"Africa/Asmera":{"long":["Rytų Afrikos laikas","Rytų Afrikos laikas"]},"Africa/Addis_Ababa":{"long":["Rytų Afrikos laikas","Rytų Afrikos laikas"]},"Indian/Comoro":{"long":["Rytų Afrikos laikas","Rytų Afrikos laikas"]},"Indian/Antananarivo":{"long":["Rytų Afrikos laikas","Rytų Afrikos laikas"]},"Africa/Mogadishu":{"long":["Rytų Afrikos laikas","Rytų Afrikos laikas"]},"Africa/Dar_es_Salaam":{"long":["Rytų Afrikos laikas","Rytų Afrikos laikas"]},"Africa/Kampala":{"long":["Rytų Afrikos laikas","Rytų Afrikos laikas"]},"Indian/Mayotte":{"long":["Rytų Afrikos laikas","Rytų Afrikos laikas"]},"Africa/Johannesburg":{"long":["Pietų Afrikos laikas","Pietų Afrikos laikas"]},"Africa/Maseru":{"long":["Pietų Afrikos laikas","Pietų Afrikos laikas"]},"Africa/Mbabane":{"long":["Pietų Afrikos laikas","Pietų Afrikos laikas"]},"Africa/Lagos":{"long":["Vakarų Afrikos žiemos laikas","Vakarų Afrikos vasaros laikas"]},"Africa/Luanda":{"long":["Vakarų Afrikos žiemos laikas","Vakarų Afrikos vasaros laikas"]},"Africa/Porto-Novo":{"long":["Vakarų Afrikos žiemos laikas","Vakarų Afrikos vasaros laikas"]},"Africa/Kinshasa":{"long":["Vakarų Afrikos žiemos laikas","Vakarų Afrikos vasaros laikas"]},"Africa/Bangui":{"long":["Vakarų Afrikos žiemos laikas","Vakarų Afrikos vasaros laikas"]},"Africa/Brazzaville":{"long":["Vakarų Afrikos žiemos laikas","Vakarų Afrikos vasaros laikas"]},"Africa/Douala":{"long":["Vakarų Afrikos žiemos laikas","Vakarų Afrikos vasaros laikas"]},"Africa/Libreville":{"long":["Vakarų Afrikos žiemos laikas","Vakarų Afrikos vasaros laikas"]},"Africa/Malabo":{"long":["Vakarų Afrikos žiemos laikas","Vakarų Afrikos vasaros laikas"]},"Africa/Niamey":{"long":["Vakarų Afrikos žiemos laikas","Vakarų Afrikos vasaros laikas"]},"Africa/Ndjamena":{"long":["Vakarų Afrikos žiemos laikas","Vakarų Afrikos vasaros laikas"]},"Asia/Aqtobe":{"long":["Vakarų Kazachstano laikas","Vakarų Kazachstano laikas"]},"America/Juneau":{"long":["Aliaskos žiemos laikas","Aliaskos vasaros laikas"]},"Asia/Almaty":{"long":["Rytų Kazachstano laikas","Rytų Kazachstano laikas"]},"America/Manaus":{"long":["Amazonės žiemos laikas","Amazonės vasaros laikas"]},"America/Chicago":{"long":["Šiaurės Amerikos centro žiemos laikas","Šiaurės Amerikos centro vasaros laikas"]},"America/Belize":{"long":["Šiaurės Amerikos centro žiemos laikas","Šiaurės Amerikos centro vasaros laikas"]},"America/Winnipeg":{"long":["Šiaurės Amerikos centro žiemos laikas","Šiaurės Amerikos centro vasaros laikas"]},"America/Costa_Rica":{"long":["Šiaurės Amerikos centro žiemos laikas","Šiaurės Amerikos centro vasaros laikas"]},"America/Guatemala":{"long":["Šiaurės Amerikos centro žiemos laikas","Šiaurės Amerikos centro vasaros laikas"]},"America/Tegucigalpa":{"long":["Šiaurės Amerikos centro žiemos laikas","Šiaurės Amerikos centro vasaros laikas"]},"America/Mexico_City":{"long":["Šiaurės Amerikos centro žiemos laikas","Šiaurės Amerikos centro vasaros laikas"]},"America/El_Salvador":{"long":["Šiaurės Amerikos centro žiemos laikas","Šiaurės Amerikos centro vasaros laikas"]},"America/New_York":{"long":["Šiaurės Amerikos rytų žiemos laikas","Šiaurės Amerikos rytų vasaros laikas"]},"America/Nassau":{"long":["Šiaurės Amerikos rytų žiemos laikas","Šiaurės Amerikos rytų vasaros laikas"]},"America/Toronto":{"long":["Šiaurės Amerikos rytų žiemos laikas","Šiaurės Amerikos rytų vasaros laikas"]},"America/Port-au-Prince":{"long":["Šiaurės Amerikos rytų žiemos laikas","Šiaurės Amerikos rytų vasaros laikas"]},"America/Jamaica":{"long":["Šiaurės Amerikos rytų žiemos laikas","Šiaurės Amerikos rytų vasaros laikas"]},"America/Cayman":{"long":["Šiaurės Amerikos rytų žiemos laikas","Šiaurės Amerikos rytų vasaros laikas"]},"America/Panama":{"long":["Šiaurės Amerikos rytų žiemos laikas","Šiaurės Amerikos rytų vasaros laikas"]},"America/Denver":{"long":["Šiaurės Amerikos kalnų žiemos laikas","Šiaurės Amerikos kalnų vasaros laikas"]},"America/Edmonton":{"long":["Šiaurės Amerikos kalnų žiemos laikas","Šiaurės Amerikos kalnų vasaros laikas"]},"America/Hermosillo":{"long":["Šiaurės Amerikos kalnų žiemos laikas","Šiaurės Amerikos kalnų vasaros laikas"]},"America/Los_Angeles":{"long":["Šiaurės Amerikos Ramiojo vandenyno žiemos laikas","Šiaurės Amerikos Ramiojo vandenyno vasaros laikas"]},"America/Vancouver":{"long":["Šiaurės Amerikos Ramiojo vandenyno žiemos laikas","Šiaurės Amerikos Ramiojo vandenyno vasaros laikas"]},"America/Tijuana":{"long":["Šiaurės Amerikos Ramiojo vandenyno žiemos laikas","Šiaurės Amerikos Ramiojo vandenyno vasaros laikas"]},"Asia/Anadyr":{"long":["Anadyrės žiemos laikas","Anadyrės vasaros laikas"]},"Pacific/Apia":{"long":["Apijos žiemos laikas","Apijos vasaros laikas"]},"Asia/Riyadh":{"long":["Arabijos žiemos laikas","Arabijos vasaros laikas"]},"Asia/Bahrain":{"long":["Arabijos žiemos laikas","Arabijos vasaros laikas"]},"Asia/Baghdad":{"long":["Arabijos žiemos laikas","Arabijos vasaros laikas"]},"Asia/Kuwait":{"long":["Arabijos žiemos laikas","Arabijos vasaros laikas"]},"Asia/Qatar":{"long":["Arabijos žiemos laikas","Arabijos vasaros laikas"]},"Asia/Aden":{"long":["Arabijos žiemos laikas","Arabijos vasaros laikas"]},"America/Buenos_Aires":{"long":["Argentinos žiemos laikas","Argentinos vasaros laikas"]},"America/Argentina/San_Luis":{"long":["Vakarų Argentinos žiemos laikas","Vakarų Argentinos vasaros laikas"]},"Asia/Ashgabat":{"long":["Turkmėnistano žiemos laikas","Turkmėnistano vasaros laikas"]},"America/Halifax":{"long":["Atlanto žiemos laikas","Atlanto vasaros laikas"]},"America/Antigua":{"long":["Atlanto žiemos laikas","Atlanto vasaros laikas"]},"America/Anguilla":{"long":["Atlanto žiemos laikas","Atlanto vasaros laikas"]},"America/Aruba":{"long":["Atlanto žiemos laikas","Atlanto vasaros laikas"]},"America/Barbados":{"long":["Atlanto žiemos laikas","Atlanto vasaros laikas"]},"Atlantic/Bermuda":{"long":["Atlanto žiemos laikas","Atlanto vasaros laikas"]},"America/Kralendijk":{"long":["Atlanto žiemos laikas","Atlanto vasaros laikas"]},"America/Curacao":{"long":["Atlanto žiemos laikas","Atlanto vasaros laikas"]},"America/Dominica":{"long":["Atlanto žiemos laikas","Atlanto vasaros laikas"]},"America/Grenada":{"long":["Atlanto žiemos laikas","Atlanto vasaros laikas"]},"America/Thule":{"long":["Atlanto žiemos laikas","Atlanto vasaros laikas"]},"America/Guadeloupe":{"long":["Atlanto žiemos laikas","Atlanto vasaros laikas"]},"America/St_Kitts":{"long":["Atlanto žiemos laikas","Atlanto vasaros laikas"]},"America/St_Lucia":{"long":["Atlanto žiemos laikas","Atlanto vasaros laikas"]},"America/Marigot":{"long":["Atlanto žiemos laikas","Atlanto vasaros laikas"]},"America/Martinique":{"long":["Atlanto žiemos laikas","Atlanto vasaros laikas"]},"America/Montserrat":{"long":["Atlanto žiemos laikas","Atlanto vasaros laikas"]},"America/Puerto_Rico":{"long":["Atlanto žiemos laikas","Atlanto vasaros laikas"]},"America/Lower_Princes":{"long":["Atlanto žiemos laikas","Atlanto vasaros laikas"]},"America/Port_of_Spain":{"long":["Atlanto žiemos laikas","Atlanto vasaros laikas"]},"America/St_Vincent":{"long":["Atlanto žiemos laikas","Atlanto vasaros laikas"]},"America/Tortola":{"long":["Atlanto žiemos laikas","Atlanto vasaros laikas"]},"America/St_Thomas":{"long":["Atlanto žiemos laikas","Atlanto vasaros laikas"]},"Australia/Adelaide":{"long":["Centrinės Australijos žiemos laikas","Centrinės Australijos vasaros laikas"]},"Australia/Eucla":{"long":["Centrinės vakarų Australijos žiemos laikas","Centrinės vakarų Australijos vasaros laikas"]},"Australia/Sydney":{"long":["Rytų Australijos žiemos laikas","Rytų Australijos vasaros laikas"]},"Australia/Perth":{"long":["Vakarų Australijos žiemos laikas","Vakarų Australijos vasaros laikas"]},"Atlantic/Azores":{"long":["Azorų Salų žiemos laikas","Azorų Salų vasaros laikas"]},"Asia/Thimphu":{"long":["Butano laikas","Butano laikas"]},"America/La_Paz":{"long":["Bolivijos laikas","Bolivijos laikas"]},"Asia/Kuching":{"long":["Malaizijos laikas","Malaizijos laikas"]},"America/Sao_Paulo":{"long":["Brazilijos žiemos laikas","Brazilijos vasaros laikas"]},"Europe/London":{"long":["Grinvičo laikas","Grinvičo laikas"]},"Asia/Brunei":{"long":["Brunėjaus Darusalamo laikas","Brunėjaus Darusalamo laikas"]},"Atlantic/Cape_Verde":{"long":["Žaliojo Kyšulio žiemos laikas","Žaliojo Kyšulio vasaros laikas"]},"Antarctica/Casey":{"long":["Keisio laikas","Keisio laikas"]},"Pacific/Saipan":{"long":["Šiaurės Marianos Salų laikas","Šiaurės Marianos Salų laikas"]},"Pacific/Guam":{"long":["Guamo laikas","Guamo laikas"]},"Pacific/Chatham":{"long":["Čatamo žiemos laikas","Čatamo vasaros laikas"]},"America/Santiago":{"long":["Čilės žiemos laikas","Čilės vasaros laikas"]},"Asia/Shanghai":{"long":["Kinijos žiemos laikas","Kinijos vasaros laikas"]},"Asia/Choibalsan":{"long":["Čoibalsano žiemos laikas","Čoibalsano vasaros laikas"]},"Indian/Christmas":{"long":["Kalėdų Salos laikas","Kalėdų Salos laikas"]},"Indian/Cocos":{"long":["Kokosų Salų laikas","Kokosų Salų laikas"]},"America/Bogota":{"long":["Kolumbijos žiemos laikas","Kolumbijos vasaros laikas"]},"Pacific/Rarotonga":{"long":["Kuko Salų žiemos laikas","Kuko Salų pusės vasaros laikas"]},"America/Havana":{"long":["Kubos žiemos laikas","Kubos vasaros laikas"]},"Antarctica/Davis":{"long":["Deiviso laikas","Deiviso laikas"]},"Antarctica/DumontDUrville":{"long":["Diumono d’Urvilio laikas","Diumono d’Urvilio laikas"]},"Asia/Dushanbe":{"long":["Tadžikistano laikas","Tadžikistano laikas"]},"America/Paramaribo":{"long":["Surinamo laikas","Surinamo laikas"]},"Asia/Dili":{"long":["Rytų Timoro laikas","Rytų Timoro laikas"]},"Pacific/Easter":{"long":["Velykų salos žiemos laikas","Velykų Salos vasaros laikas"]},"America/Guayaquil":{"long":["Ekvadoro laikas","Ekvadoro laikas"]},"Europe/Paris":{"long":["Vidurio Europos žiemos laikas","Vidurio Europos vasaros laikas"]},"Europe/Andorra":{"long":["Vidurio Europos žiemos laikas","Vidurio Europos vasaros laikas"]},"Europe/Tirane":{"long":["Vidurio Europos žiemos laikas","Vidurio Europos vasaros laikas"]},"Europe/Vienna":{"long":["Vidurio Europos žiemos laikas","Vidurio Europos vasaros laikas"]},"Europe/Sarajevo":{"long":["Vidurio Europos žiemos laikas","Vidurio Europos vasaros laikas"]},"Europe/Brussels":{"long":["Vidurio Europos žiemos laikas","Vidurio Europos vasaros laikas"]},"Europe/Zurich":{"long":["Vidurio Europos žiemos laikas","Vidurio Europos vasaros laikas"]},"Europe/Prague":{"long":["Vidurio Europos žiemos laikas","Vidurio Europos vasaros laikas"]},"Europe/Berlin":{"long":["Vidurio Europos žiemos laikas","Vidurio Europos vasaros laikas"]},"Europe/Copenhagen":{"long":["Vidurio Europos žiemos laikas","Vidurio Europos vasaros laikas"]},"Europe/Madrid":{"long":["Vidurio Europos žiemos laikas","Vidurio Europos vasaros laikas"]},"Europe/Gibraltar":{"long":["Vidurio Europos žiemos laikas","Vidurio Europos vasaros laikas"]},"Europe/Zagreb":{"long":["Vidurio Europos žiemos laikas","Vidurio Europos vasaros laikas"]},"Europe/Budapest":{"long":["Vidurio Europos žiemos laikas","Vidurio Europos vasaros laikas"]},"Europe/Rome":{"long":["Vidurio Europos žiemos laikas","Vidurio Europos vasaros laikas"]},"Europe/Vaduz":{"long":["Vidurio Europos žiemos laikas","Vidurio Europos vasaros laikas"]},"Europe/Luxembourg":{"long":["Vidurio Europos žiemos laikas","Vidurio Europos vasaros laikas"]},"Europe/Monaco":{"long":["Vidurio Europos žiemos laikas","Vidurio Europos vasaros laikas"]},"Europe/Podgorica":{"long":["Vidurio Europos žiemos laikas","Vidurio Europos vasaros laikas"]},"Europe/Skopje":{"long":["Vidurio Europos žiemos laikas","Vidurio Europos vasaros laikas"]},"Europe/Malta":{"long":["Vidurio Europos žiemos laikas","Vidurio Europos vasaros laikas"]},"Europe/Amsterdam":{"long":["Vidurio Europos žiemos laikas","Vidurio Europos vasaros laikas"]},"Europe/Oslo":{"long":["Vidurio Europos žiemos laikas","Vidurio Europos vasaros laikas"]},"Europe/Warsaw":{"long":["Vidurio Europos žiemos laikas","Vidurio Europos vasaros laikas"]},"Europe/Belgrade":{"long":["Vidurio Europos žiemos laikas","Vidurio Europos vasaros laikas"]},"Europe/Stockholm":{"long":["Vidurio Europos žiemos laikas","Vidurio Europos vasaros laikas"]},"Europe/Ljubljana":{"long":["Vidurio Europos žiemos laikas","Vidurio Europos vasaros laikas"]},"Arctic/Longyearbyen":{"long":["Vidurio Europos žiemos laikas","Vidurio Europos vasaros laikas"]},"Europe/Bratislava":{"long":["Vidurio Europos žiemos laikas","Vidurio Europos vasaros laikas"]},"Europe/San_Marino":{"long":["Vidurio Europos žiemos laikas","Vidurio Europos vasaros laikas"]},"Africa/Tunis":{"long":["Vidurio Europos žiemos laikas","Vidurio Europos vasaros laikas"]},"Europe/Vatican":{"long":["Vidurio Europos žiemos laikas","Vidurio Europos vasaros laikas"]},"Europe/Bucharest":{"long":["Rytų Europos žiemos laikas","Rytų Europos vasaros laikas"]},"Europe/Mariehamn":{"long":["Rytų Europos žiemos laikas","Rytų Europos vasaros laikas"]},"Europe/Sofia":{"long":["Rytų Europos žiemos laikas","Rytų Europos vasaros laikas"]},"Asia/Nicosia":{"long":["Rytų Europos žiemos laikas","Rytų Europos vasaros laikas"]},"Africa/Cairo":{"long":["Rytų Europos žiemos laikas","Rytų Europos vasaros laikas"]},"Europe/Helsinki":{"long":["Rytų Europos žiemos laikas","Rytų Europos vasaros laikas"]},"Europe/Athens":{"long":["Rytų Europos žiemos laikas","Rytų Europos vasaros laikas"]},"Asia/Amman":{"long":["Rytų Europos žiemos laikas","Rytų Europos vasaros laikas"]},"Asia/Beirut":{"long":["Rytų Europos žiemos laikas","Rytų Europos vasaros laikas"]},"Asia/Damascus":{"long":["Rytų Europos žiemos laikas","Rytų Europos vasaros laikas"]},"Europe/Minsk":{"long":["Tolimųjų rytų Europos laikas","Tolimųjų rytų Europos laikas"]},"Europe/Kaliningrad":{"long":["Tolimųjų rytų Europos laikas","Tolimųjų rytų Europos laikas"]},"Atlantic/Canary":{"long":["Vakarų Europos žiemos laikas","Vakarų Europos vasaros laikas"]},"Atlantic/Faeroe":{"long":["Vakarų Europos žiemos laikas","Vakarų Europos vasaros laikas"]},"Atlantic/Stanley":{"long":["Folklandų Salų žiemos laikas","Folklando Salų vasaros laikas"]},"Pacific/Fiji":{"long":["Fidžio žiemos laikas","Fidžio vasaros laikas"]},"America/Cayenne":{"long":["Prancūzijos Gvianos laikas","Prancūzijos Gvianos laikas"]},"Indian/Kerguelen":{"long":["Pietų Prancūzijos ir antarktinis laikas","Pietų Prancūzijos ir antarktinis laikas"]},"Asia/Bishkek":{"long":["Kirgistano laikas","Kirgistano laikas"]},"Pacific/Galapagos":{"long":["Galapagų laikas","Galapagų laikas"]},"Pacific/Gambier":{"long":["Gambyro laikas","Gambyro laikas"]},"Pacific/Tarawa":{"long":["Gilberto Salų laikas","Gilberto Salų laikas"]},"Atlantic/Reykjavik":{"long":["Grinvičo laikas","Grinvičo laikas"]},"Africa/Ouagadougou":{"long":["Grinvičo laikas","Grinvičo laikas"]},"Africa/Abidjan":{"long":["Grinvičo laikas","Grinvičo laikas"]},"Africa/Accra":{"long":["Grinvičo laikas","Grinvičo laikas"]},"Africa/Banjul":{"long":["Grinvičo laikas","Grinvičo laikas"]},"Africa/Conakry":{"long":["Grinvičo laikas","Grinvičo laikas"]},"Africa/Bamako":{"long":["Grinvičo laikas","Grinvičo laikas"]},"Africa/Nouakchott":{"long":["Grinvičo laikas","Grinvičo laikas"]},"Atlantic/St_Helena":{"long":["Grinvičo laikas","Grinvičo laikas"]},"Africa/Freetown":{"long":["Grinvičo laikas","Grinvičo laikas"]},"Africa/Dakar":{"long":["Grinvičo laikas","Grinvičo laikas"]},"Africa/Lome":{"long":["Grinvičo laikas","Grinvičo laikas"]},"America/Scoresbysund":{"long":["Grenlandijos rytų žiemos laikas","Grenlandijos rytų vasaros laikas"]},"America/Godthab":{"long":["Grenlandijos vakarų žiemos laikas","Grenlandijos vakarų vasaros laikas"]},"Asia/Dubai":{"long":["Persijos įlankos laikas","Persijos įlankos laikas"]},"Asia/Muscat":{"long":["Persijos įlankos laikas","Persijos įlankos laikas"]},"America/Guyana":{"long":["Gajanos laikas","Gajanos laikas"]},"Pacific/Honolulu":{"long":["Havajų–Aleutų žiemos laikas","Havajų–Aleutų vasaros laikas"]},"Asia/Hong_Kong":{"long":["Honkongo žiemos laikas","Honkongo vasaros laikas"]},"Asia/Hovd":{"long":["Hovdo žiemos laikas","Hovdo vasaros laikas"]},"Asia/Calcutta":{"long":["Indijos laikas","Indijos laikas"]},"Asia/Colombo":{"long":["Lankos laikas","Lankos laikas"]},"Indian/Chagos":{"long":["Indijos vandenyno laikas","Indijos vandenyno laikas"]},"Asia/Bangkok":{"long":["Indokinijos laikas","Indokinijos laikas"]},"Asia/Phnom_Penh":{"long":["Indokinijos laikas","Indokinijos laikas"]},"Asia/Vientiane":{"long":["Indokinijos laikas","Indokinijos laikas"]},"Asia/Makassar":{"long":["Centrinės Indonezijos laikas","Centrinės Indonezijos laikas"]},"Asia/Jayapura":{"long":["Rytų Indonezijos laikas","Rytų Indonezijos laikas"]},"Asia/Jakarta":{"long":["Vakarų Indonezijos laikas","Vakarų Indonezijos laikas"]},"Asia/Tehran":{"long":["Irano žiemos laikas","Irano vasaros laikas"]},"Asia/Irkutsk":{"long":["Irkutsko žiemos laikas","Irkutsko vasaros laikas"]},"Asia/Jerusalem":{"long":["Izraelio žiemos laikas","Izraelio vasaros laikas"]},"Asia/Tokyo":{"long":["Japonijos žiemos laikas","Japonijos vasaros laikas"]},"Asia/Kamchatka":{"long":["Kamčiatkos Petropavlovsko žiemos laikas","Kamčiatkos Petropavlovsko vasaros laikas"]},"Asia/Karachi":{"long":["Pakistano žiemos laikas","Pakistano vasaros laikas"]},"Asia/Qyzylorda":{"long":["Kyzylordos žiemos laikas","Kyzylordos vasaros laikas"]},"Asia/Seoul":{"long":["Korėjos žiemos laikas","Korėjos vasaros laikas"]},"Pacific/Kosrae":{"long":["Kosrajė laikas","Kosrajė laikas"]},"Asia/Krasnoyarsk":{"long":["Krasnojarsko žiemos laikas","Krasnojarsko vasaros laikas"]},"Europe/Samara":{"long":["Samaros žiemos laikas","Samaros vasaros laikas"]},"Pacific/Kiritimati":{"long":["Laino Salų laikas","Laino Salų laikas"]},"Australia/Lord_Howe":{"long":["Lordo Hau žiemos laikas","Lordo Hau vasaros laikas"]},"Asia/Macau":{"long":["Makau žiemos laikas","Makau vasaros laikas"]},"Antarctica/Macquarie":{"long":["Makvorio Salos laikas","Makvorio Salos laikas"]},"Asia/Magadan":{"long":["Magadano žiemos laikas","Magadano vasaros laikas"]},"Indian/Maldives":{"long":["Maldyvų laikas","Maldyvų laikas"]},"Pacific/Marquesas":{"long":["Markizo Salų laikas","Markizo Salų laikas"]},"Pacific/Majuro":{"long":["Maršalo Salų laikas","Maršalo Salų laikas"]},"Indian/Mauritius":{"long":["Mauricijaus žiemos laikas","Mauricijaus vasaros laikas"]},"Antarctica/Mawson":{"long":["Mosono laikas","Mosono laikas"]},"America/Santa_Isabel":{"long":["Šiaurės Vakarų Meksikos žiemos laikas","Šiaurės Vakarų Meksikos vasaros laikas"]},"America/Mazatlan":{"long":["Meksikos Ramiojo vandenyno žiemos laikas","Meksikos Ramiojo vandenyno vasaros laikas"]},"Asia/Ulaanbaatar":{"long":["Ulan Batoro žiemos laikas","Ulan Batoro vasaros laikas"]},"Europe/Moscow":{"long":["Maskvos žiemos laikas","Maskvos vasaros laikas"]},"Asia/Rangoon":{"long":["Mianmaro laikas","Mianmaro laikas"]},"Pacific/Nauru":{"long":["Nauru laikas","Nauru laikas"]},"Asia/Katmandu":{"long":["Nepalo laikas","Nepalo laikas"]},"Pacific/Noumea":{"long":["Naujosios Kaledonijos žiemos laikas","Naujosios Kaledonijos vasaros laikas"]},"Pacific/Auckland":{"long":["Naujosios Zelandijos žiemos laikas","Naujosios Zelandijos vasaros laikas"]},"Antarctica/McMurdo":{"long":["Naujosios Zelandijos žiemos laikas","Naujosios Zelandijos vasaros laikas"]},"America/St_Johns":{"long":["Niufaundlendo žiemos laikas","Niufaundlendo vasaros laikas"]},"Pacific/Niue":{"long":["Niujė laikas","Niujė laikas"]},"Pacific/Norfolk":{"long":["Norfolko Salų žiemos laikas","Norfolko Salų vasaros laikas"]},"America/Noronha":{"long":["Fernando de Noronjos žiemos laikas","Fernando de Noronjos vasaros laikas"]},"Asia/Novosibirsk":{"long":["Novosibirsko žiemos laikas","Novosibirsko vasaros laikas"]},"Asia/Omsk":{"long":["Omsko žiemos laikas","Omsko vasaros laikas"]},"Pacific/Palau":{"long":["Palau laikas","Palau laikas"]},"Pacific/Port_Moresby":{"long":["Papua Naujosios Gvinėjos laikas","Papua Naujosios Gvinėjos laikas"]},"America/Asuncion":{"long":["Paragvajaus žiemos laikas","Paragvajaus vasaros laikas"]},"America/Lima":{"long":["Peru žiemos laikas","Peru vasaros laikas"]},"Asia/Manila":{"long":["Filipinų žiemos laikas","Filipinų vasaros laikas"]},"Pacific/Enderbury":{"long":["Fenikso Salų laikas","Fenikso Salų laikas"]},"America/Miquelon":{"long":["Sen Pjero ir Mikelono žiemos laikas","Sen Pjero ir Mikelono vasaros laikas"]},"Pacific/Pitcairn":{"long":["Pitkerno laikas","Pitkerno laikas"]},"Pacific/Ponape":{"long":["Ponapės laikas","Ponapės laikas"]},"Asia/Pyongyang":{"long":["Pchenjano laikas","Pchenjano laikas"]},"Indian/Reunion":{"long":["Reunjono laikas","Reunjono laikas"]},"Antarctica/Rothera":{"long":["Roteros laikas","Roteros laikas"]},"Asia/Sakhalin":{"long":["Sachalino žiemos laikas","Sachalino vasaros laikas"]},"Pacific/Pago_Pago":{"long":["Samoa žiemos laikas","Samoa vasaros laikas"]},"Indian/Mahe":{"long":["Seišelių laikas","Seišelių laikas"]},"Asia/Singapore":{"long":["Singapūro laikas","Singapūro laikas"]},"Pacific/Guadalcanal":{"long":["Saliamono Salų laikas","Saliamono Salų laikas"]},"Atlantic/South_Georgia":{"long":["Pietų Džordžijos laikas","Pietų Džordžijos laikas"]},"Asia/Yekaterinburg":{"long":["Jekaterinburgo žiemos laikas","Jekaterinburgo vasaros laikas"]},"Antarctica/Syowa":{"long":["Siovos laikas","Siovos laikas"]},"Pacific/Tahiti":{"long":["Tahičio laikas","Tahičio laikas"]},"Asia/Taipei":{"long":["Taipėjaus žiemos laikas","Taipėjaus vasaros laikas"]},"Asia/Tashkent":{"long":["Uzbekistano žiemos laikas","Uzbekistano vasaros laikas"]},"Pacific/Fakaofo":{"long":["Tokelau laikas","Tokelau laikas"]},"Pacific/Tongatapu":{"long":["Tongos žiemos laikas","Tongos vasaros laikas"]},"Pacific/Truk":{"long":["Čuko laikas","Čuko laikas"]},"Pacific/Funafuti":{"long":["Tuvalu laikas","Tuvalu laikas"]},"America/Montevideo":{"long":["Urugvajaus žiemos laikas","Urugvajaus vasaros laikas"]},"Pacific/Efate":{"long":["Vanuatu žiemos laikas","Vanuatu vasaros laikas"]},"America/Caracas":{"long":["Venesuelos laikas","Venesuelos laikas"]},"Asia/Vladivostok":{"long":["Vladivostoko žiemos laikas","Vladivostoko vasaros laikas"]},"Europe/Volgograd":{"long":["Volgogrado žiemos laikas","Volgogrado vasaros laikas"]},"Antarctica/Vostok":{"long":["Vostoko laikas","Vostoko laikas"]},"Pacific/Wake":{"long":["Veiko Salos laikas","Veiko Salos laikas"]},"Pacific/Wallis":{"long":["Voliso ir Futūnos laikas","Voliso ir Futūnos laikas"]},"Asia/Yakutsk":{"long":["Jakutsko žiemos laikas","Jakutsko vasaros laikas"]},"UTC":{"long":["pasaulio suderintasis laikas","pasaulio suderintasis laikas"],"short":["UTC","UTC"]}},"gmtFormat":"GMT{0}","hourFormat":"+HH:mm;−HH:mm","dateFormat":{"full":"y 'm'. MMMM d 'd'., EEEE","long":"y 'm'. MMMM d 'd'.","medium":"y-MM-dd","short":"y-MM-dd"},"timeFormat":{"full":"HH:mm:ss zzzz","long":"HH:mm:ss z","medium":"HH:mm:ss","short":"HH:mm"},"dateTimeFormat":{"full":"{1} {0}","long":"{1} {0}","medium":"{1} {0}","short":"{1} {0}"},"formats":{"gregory":{"Bh":"h B","Bhm":"h:mm B","Bhms":"h:mm:ss B","d":"dd","E":"ccc","EBhm":"h:mm B, E","EBhms":"h:mm:ss B, E","Ed":"d, E","Ehm":"hh:mm a, E","EHm":"HH:mm, E","Ehms":"hh:mm:ss a, E","EHms":"HH:mm:ss, E","Gy":"y 'm'. G","GyMMM":"y-MM G","GyMMMd":"y-MM-dd G","GyMMMEd":"y-MM-dd G, E","GyMMMM":"y 'm'. G, LLLL","GyMMMMd":"y 'm'. G MMMM d 'd'.","GyMMMMEd":"y 'm'. G MMMM d 'd'., E","h":"hh a","H":"HH","hm":"hh:mm a","Hm":"HH:mm","hms":"hh:mm:ss a","Hms":"HH:mm:ss","hmsv":"hh:mm:ss a; v","Hmsv":"HH:mm:ss; v","hmv":"hh:mm a; v","Hmv":"HH:mm; v","M":"MM","Md":"MM-d","MEd":"MM-dd, E","MMdd":"MM-dd","MMM":"MM","MMMd":"MM-dd","MMMEd":"MM-dd, E","MMMM":"LLLL","MMMMd":"MMMM d 'd'.","MMMMEd":"MMMM d 'd'., E","ms":"mm:ss","y":"y","yM":"y-MM","yMd":"y-MM-dd","yMEd":"y-MM-dd, E","yMMM":"y-MM","yMMMd":"y-MM-dd","yMMMEd":"y-MM-dd, E","yMMMM":"y 'm'. LLLL","yMMMMd":"y 'm'. MMMM d 'd'.","yMMMMEd":"y 'm'. MMMM d 'd'., E","y 'm'. MMMM d 'd'., EEEE":"y 'm'. MMMM d 'd'., EEEE","y 'm'. MMMM d 'd'.":"y 'm'. MMMM d 'd'.","y-MM-dd":"y-MM-dd","HH:mm:ss zzzz":"HH:mm:ss zzzz","HH:mm:ss z":"HH:mm:ss z","HH:mm:ss":"HH:mm:ss","HH:mm":"HH:mm","y 'm'. MMMM d 'd'., EEEE HH:mm:ss zzzz":"y 'm'. MMMM d 'd'., EEEE HH:mm:ss zzzz","y 'm'. MMMM d 'd'. HH:mm:ss zzzz":"y 'm'. MMMM d 'd'. HH:mm:ss zzzz","y-MM-dd HH:mm:ss zzzz":"y-MM-dd HH:mm:ss zzzz","d HH:mm:ss zzzz":"dd HH:mm:ss zzzz","E HH:mm:ss zzzz":"ccc HH:mm:ss zzzz","Ed HH:mm:ss zzzz":"d, E HH:mm:ss zzzz","Gy HH:mm:ss zzzz":"y 'm'. G HH:mm:ss zzzz","GyMMM HH:mm:ss zzzz":"y-MM G HH:mm:ss zzzz","GyMMMd HH:mm:ss zzzz":"y-MM-dd G HH:mm:ss zzzz","GyMMMEd HH:mm:ss zzzz":"y-MM-dd G, E HH:mm:ss zzzz","GyMMMM HH:mm:ss zzzz":"y 'm'. G, LLLL HH:mm:ss zzzz","GyMMMMd HH:mm:ss zzzz":"y 'm'. G MMMM d 'd'. HH:mm:ss zzzz","GyMMMMEd HH:mm:ss zzzz":"y 'm'. G MMMM d 'd'., E HH:mm:ss zzzz","M HH:mm:ss zzzz":"MM HH:mm:ss zzzz","Md HH:mm:ss zzzz":"MM-d HH:mm:ss zzzz","MEd HH:mm:ss zzzz":"MM-dd, E HH:mm:ss zzzz","MMdd HH:mm:ss zzzz":"MM-dd HH:mm:ss zzzz","MMM HH:mm:ss zzzz":"MM HH:mm:ss zzzz","MMMd HH:mm:ss zzzz":"MM-dd HH:mm:ss zzzz","MMMEd HH:mm:ss zzzz":"MM-dd, E HH:mm:ss zzzz","MMMM HH:mm:ss zzzz":"LLLL HH:mm:ss zzzz","MMMMd HH:mm:ss zzzz":"MMMM d 'd'. HH:mm:ss zzzz","MMMMEd HH:mm:ss zzzz":"MMMM d 'd'., E HH:mm:ss zzzz","y HH:mm:ss zzzz":"y HH:mm:ss zzzz","yM HH:mm:ss zzzz":"y-MM HH:mm:ss zzzz","yMd HH:mm:ss zzzz":"y-MM-dd HH:mm:ss zzzz","yMEd HH:mm:ss zzzz":"y-MM-dd, E HH:mm:ss zzzz","yMMM HH:mm:ss zzzz":"y-MM HH:mm:ss zzzz","yMMMd HH:mm:ss zzzz":"y-MM-dd HH:mm:ss zzzz","yMMMEd HH:mm:ss zzzz":"y-MM-dd, E HH:mm:ss zzzz","yMMMM HH:mm:ss zzzz":"y 'm'. LLLL HH:mm:ss zzzz","yMMMMd HH:mm:ss zzzz":"y 'm'. MMMM d 'd'. HH:mm:ss zzzz","yMMMMEd HH:mm:ss zzzz":"y 'm'. MMMM d 'd'., E HH:mm:ss zzzz","y 'm'. MMMM d 'd'., EEEE HH:mm:ss z":"y 'm'. MMMM d 'd'., EEEE HH:mm:ss z","y 'm'. MMMM d 'd'. HH:mm:ss z":"y 'm'. MMMM d 'd'. HH:mm:ss z","y-MM-dd HH:mm:ss z":"y-MM-dd HH:mm:ss z","d HH:mm:ss z":"dd HH:mm:ss z","E HH:mm:ss z":"ccc HH:mm:ss z","Ed HH:mm:ss z":"d, E HH:mm:ss z","Gy HH:mm:ss z":"y 'm'. G HH:mm:ss z","GyMMM HH:mm:ss z":"y-MM G HH:mm:ss z","GyMMMd HH:mm:ss z":"y-MM-dd G HH:mm:ss z","GyMMMEd HH:mm:ss z":"y-MM-dd G, E HH:mm:ss z","GyMMMM HH:mm:ss z":"y 'm'. G, LLLL HH:mm:ss z","GyMMMMd HH:mm:ss z":"y 'm'. G MMMM d 'd'. HH:mm:ss z","GyMMMMEd HH:mm:ss z":"y 'm'. G MMMM d 'd'., E HH:mm:ss z","M HH:mm:ss z":"MM HH:mm:ss z","Md HH:mm:ss z":"MM-d HH:mm:ss z","MEd HH:mm:ss z":"MM-dd, E HH:mm:ss z","MMdd HH:mm:ss z":"MM-dd HH:mm:ss z","MMM HH:mm:ss z":"MM HH:mm:ss z","MMMd HH:mm:ss z":"MM-dd HH:mm:ss z","MMMEd HH:mm:ss z":"MM-dd, E HH:mm:ss z","MMMM HH:mm:ss z":"LLLL HH:mm:ss z","MMMMd HH:mm:ss z":"MMMM d 'd'. HH:mm:ss z","MMMMEd HH:mm:ss z":"MMMM d 'd'., E HH:mm:ss z","y HH:mm:ss z":"y HH:mm:ss z","yM HH:mm:ss z":"y-MM HH:mm:ss z","yMd HH:mm:ss z":"y-MM-dd HH:mm:ss z","yMEd HH:mm:ss z":"y-MM-dd, E HH:mm:ss z","yMMM HH:mm:ss z":"y-MM HH:mm:ss z","yMMMd HH:mm:ss z":"y-MM-dd HH:mm:ss z","yMMMEd HH:mm:ss z":"y-MM-dd, E HH:mm:ss z","yMMMM HH:mm:ss z":"y 'm'. LLLL HH:mm:ss z","yMMMMd HH:mm:ss z":"y 'm'. MMMM d 'd'. HH:mm:ss z","yMMMMEd HH:mm:ss z":"y 'm'. MMMM d 'd'., E HH:mm:ss z","y 'm'. MMMM d 'd'., EEEE HH:mm:ss":"y 'm'. MMMM d 'd'., EEEE HH:mm:ss","y 'm'. MMMM d 'd'. HH:mm:ss":"y 'm'. MMMM d 'd'. HH:mm:ss","y-MM-dd HH:mm:ss":"y-MM-dd HH:mm:ss","d HH:mm:ss":"dd HH:mm:ss","E HH:mm:ss":"ccc HH:mm:ss","Ed HH:mm:ss":"d, E HH:mm:ss","Gy HH:mm:ss":"y 'm'. G HH:mm:ss","GyMMM HH:mm:ss":"y-MM G HH:mm:ss","GyMMMd HH:mm:ss":"y-MM-dd G HH:mm:ss","GyMMMEd HH:mm:ss":"y-MM-dd G, E HH:mm:ss","GyMMMM HH:mm:ss":"y 'm'. G, LLLL HH:mm:ss","GyMMMMd HH:mm:ss":"y 'm'. G MMMM d 'd'. HH:mm:ss","GyMMMMEd HH:mm:ss":"y 'm'. G MMMM d 'd'., E HH:mm:ss","M HH:mm:ss":"MM HH:mm:ss","Md HH:mm:ss":"MM-d HH:mm:ss","MEd HH:mm:ss":"MM-dd, E HH:mm:ss","MMdd HH:mm:ss":"MM-dd HH:mm:ss","MMM HH:mm:ss":"MM HH:mm:ss","MMMd HH:mm:ss":"MM-dd HH:mm:ss","MMMEd HH:mm:ss":"MM-dd, E HH:mm:ss","MMMM HH:mm:ss":"LLLL HH:mm:ss","MMMMd HH:mm:ss":"MMMM d 'd'. HH:mm:ss","MMMMEd HH:mm:ss":"MMMM d 'd'., E HH:mm:ss","y HH:mm:ss":"y HH:mm:ss","yM HH:mm:ss":"y-MM HH:mm:ss","yMd HH:mm:ss":"y-MM-dd HH:mm:ss","yMEd HH:mm:ss":"y-MM-dd, E HH:mm:ss","yMMM HH:mm:ss":"y-MM HH:mm:ss","yMMMd HH:mm:ss":"y-MM-dd HH:mm:ss","yMMMEd HH:mm:ss":"y-MM-dd, E HH:mm:ss","yMMMM HH:mm:ss":"y 'm'. LLLL HH:mm:ss","yMMMMd HH:mm:ss":"y 'm'. MMMM d 'd'. HH:mm:ss","yMMMMEd HH:mm:ss":"y 'm'. MMMM d 'd'., E HH:mm:ss","y 'm'. MMMM d 'd'., EEEE HH:mm":"y 'm'. MMMM d 'd'., EEEE HH:mm","y 'm'. MMMM d 'd'. HH:mm":"y 'm'. MMMM d 'd'. HH:mm","y-MM-dd HH:mm":"y-MM-dd HH:mm","d HH:mm":"dd HH:mm","E HH:mm":"ccc HH:mm","Ed HH:mm":"d, E HH:mm","Gy HH:mm":"y 'm'. G HH:mm","GyMMM HH:mm":"y-MM G HH:mm","GyMMMd HH:mm":"y-MM-dd G HH:mm","GyMMMEd HH:mm":"y-MM-dd G, E HH:mm","GyMMMM HH:mm":"y 'm'. G, LLLL HH:mm","GyMMMMd HH:mm":"y 'm'. G MMMM d 'd'. HH:mm","GyMMMMEd HH:mm":"y 'm'. G MMMM d 'd'., E HH:mm","M HH:mm":"MM HH:mm","Md HH:mm":"MM-d HH:mm","MEd HH:mm":"MM-dd, E HH:mm","MMdd HH:mm":"MM-dd HH:mm","MMM HH:mm":"MM HH:mm","MMMd HH:mm":"MM-dd HH:mm","MMMEd HH:mm":"MM-dd, E HH:mm","MMMM HH:mm":"LLLL HH:mm","MMMMd HH:mm":"MMMM d 'd'. HH:mm","MMMMEd HH:mm":"MMMM d 'd'., E HH:mm","y HH:mm":"y HH:mm","yM HH:mm":"y-MM HH:mm","yMd HH:mm":"y-MM-dd HH:mm","yMEd HH:mm":"y-MM-dd, E HH:mm","yMMM HH:mm":"y-MM HH:mm","yMMMd HH:mm":"y-MM-dd HH:mm","yMMMEd HH:mm":"y-MM-dd, E HH:mm","yMMMM HH:mm":"y 'm'. LLLL HH:mm","yMMMMd HH:mm":"y 'm'. MMMM d 'd'. HH:mm","yMMMMEd HH:mm":"y 'm'. MMMM d 'd'., E HH:mm","y 'm'. MMMM d 'd'., EEEE Bh":"y 'm'. MMMM d 'd'., EEEE h B","y 'm'. MMMM d 'd'. Bh":"y 'm'. MMMM d 'd'. h B","y-MM-dd Bh":"y-MM-dd h B","d Bh":"dd h B","E Bh":"ccc h B","Ed Bh":"d, E h B","Gy Bh":"y 'm'. G h B","GyMMM Bh":"y-MM G h B","GyMMMd Bh":"y-MM-dd G h B","GyMMMEd Bh":"y-MM-dd G, E h B","GyMMMM Bh":"y 'm'. G, LLLL h B","GyMMMMd Bh":"y 'm'. G MMMM d 'd'. h B","GyMMMMEd Bh":"y 'm'. G MMMM d 'd'., E h B","M Bh":"MM h B","Md Bh":"MM-d h B","MEd Bh":"MM-dd, E h B","MMdd Bh":"MM-dd h B","MMM Bh":"MM h B","MMMd Bh":"MM-dd h B","MMMEd Bh":"MM-dd, E h B","MMMM Bh":"LLLL h B","MMMMd Bh":"MMMM d 'd'. h B","MMMMEd Bh":"MMMM d 'd'., E h B","y Bh":"y h B","yM Bh":"y-MM h B","yMd Bh":"y-MM-dd h B","yMEd Bh":"y-MM-dd, E h B","yMMM Bh":"y-MM h B","yMMMd Bh":"y-MM-dd h B","yMMMEd Bh":"y-MM-dd, E h B","yMMMM Bh":"y 'm'. LLLL h B","yMMMMd Bh":"y 'm'. MMMM d 'd'. h B","yMMMMEd Bh":"y 'm'. MMMM d 'd'., E h B","y 'm'. MMMM d 'd'., EEEE Bhm":"y 'm'. MMMM d 'd'., EEEE h:mm B","y 'm'. MMMM d 'd'. Bhm":"y 'm'. MMMM d 'd'. h:mm B","y-MM-dd Bhm":"y-MM-dd h:mm B","d Bhm":"dd h:mm B","E Bhm":"ccc h:mm B","Ed Bhm":"d, E h:mm B","Gy Bhm":"y 'm'. G h:mm B","GyMMM Bhm":"y-MM G h:mm B","GyMMMd Bhm":"y-MM-dd G h:mm B","GyMMMEd Bhm":"y-MM-dd G, E h:mm B","GyMMMM Bhm":"y 'm'. G, LLLL h:mm B","GyMMMMd Bhm":"y 'm'. G MMMM d 'd'. h:mm B","GyMMMMEd Bhm":"y 'm'. G MMMM d 'd'., E h:mm B","M Bhm":"MM h:mm B","Md Bhm":"MM-d h:mm B","MEd Bhm":"MM-dd, E h:mm B","MMdd Bhm":"MM-dd h:mm B","MMM Bhm":"MM h:mm B","MMMd Bhm":"MM-dd h:mm B","MMMEd Bhm":"MM-dd, E h:mm B","MMMM Bhm":"LLLL h:mm B","MMMMd Bhm":"MMMM d 'd'. h:mm B","MMMMEd Bhm":"MMMM d 'd'., E h:mm B","y Bhm":"y h:mm B","yM Bhm":"y-MM h:mm B","yMd Bhm":"y-MM-dd h:mm B","yMEd Bhm":"y-MM-dd, E h:mm B","yMMM Bhm":"y-MM h:mm B","yMMMd Bhm":"y-MM-dd h:mm B","yMMMEd Bhm":"y-MM-dd, E h:mm B","yMMMM Bhm":"y 'm'. LLLL h:mm B","yMMMMd Bhm":"y 'm'. MMMM d 'd'. h:mm B","yMMMMEd Bhm":"y 'm'. MMMM d 'd'., E h:mm B","y 'm'. MMMM d 'd'., EEEE Bhms":"y 'm'. MMMM d 'd'., EEEE h:mm:ss B","y 'm'. MMMM d 'd'. Bhms":"y 'm'. MMMM d 'd'. h:mm:ss B","y-MM-dd Bhms":"y-MM-dd h:mm:ss B","d Bhms":"dd h:mm:ss B","E Bhms":"ccc h:mm:ss B","Ed Bhms":"d, E h:mm:ss B","Gy Bhms":"y 'm'. G h:mm:ss B","GyMMM Bhms":"y-MM G h:mm:ss B","GyMMMd Bhms":"y-MM-dd G h:mm:ss B","GyMMMEd Bhms":"y-MM-dd G, E h:mm:ss B","GyMMMM Bhms":"y 'm'. G, LLLL h:mm:ss B","GyMMMMd Bhms":"y 'm'. G MMMM d 'd'. h:mm:ss B","GyMMMMEd Bhms":"y 'm'. G MMMM d 'd'., E h:mm:ss B","M Bhms":"MM h:mm:ss B","Md Bhms":"MM-d h:mm:ss B","MEd Bhms":"MM-dd, E h:mm:ss B","MMdd Bhms":"MM-dd h:mm:ss B","MMM Bhms":"MM h:mm:ss B","MMMd Bhms":"MM-dd h:mm:ss B","MMMEd Bhms":"MM-dd, E h:mm:ss B","MMMM Bhms":"LLLL h:mm:ss B","MMMMd Bhms":"MMMM d 'd'. h:mm:ss B","MMMMEd Bhms":"MMMM d 'd'., E h:mm:ss B","y Bhms":"y h:mm:ss B","yM Bhms":"y-MM h:mm:ss B","yMd Bhms":"y-MM-dd h:mm:ss B","yMEd Bhms":"y-MM-dd, E h:mm:ss B","yMMM Bhms":"y-MM h:mm:ss B","yMMMd Bhms":"y-MM-dd h:mm:ss B","yMMMEd Bhms":"y-MM-dd, E h:mm:ss B","yMMMM Bhms":"y 'm'. LLLL h:mm:ss B","yMMMMd Bhms":"y 'm'. MMMM d 'd'. h:mm:ss B","yMMMMEd Bhms":"y 'm'. MMMM d 'd'., E h:mm:ss B","y 'm'. MMMM d 'd'., EEEE h":"y 'm'. MMMM d 'd'., EEEE hh a","y 'm'. MMMM d 'd'. h":"y 'm'. MMMM d 'd'. hh a","y-MM-dd h":"y-MM-dd hh a","d h":"dd hh a","E h":"ccc hh a","Ed h":"d, E hh a","Gy h":"y 'm'. G hh a","GyMMM h":"y-MM G hh a","GyMMMd h":"y-MM-dd G hh a","GyMMMEd h":"y-MM-dd G, E hh a","GyMMMM h":"y 'm'. G, LLLL hh a","GyMMMMd h":"y 'm'. G MMMM d 'd'. hh a","GyMMMMEd h":"y 'm'. G MMMM d 'd'., E hh a","M h":"MM hh a","Md h":"MM-d hh a","MEd h":"MM-dd, E hh a","MMdd h":"MM-dd hh a","MMM h":"MM hh a","MMMd h":"MM-dd hh a","MMMEd h":"MM-dd, E hh a","MMMM h":"LLLL hh a","MMMMd h":"MMMM d 'd'. hh a","MMMMEd h":"MMMM d 'd'., E hh a","y h":"y hh a","yM h":"y-MM hh a","yMd h":"y-MM-dd hh a","yMEd h":"y-MM-dd, E hh a","yMMM h":"y-MM hh a","yMMMd h":"y-MM-dd hh a","yMMMEd h":"y-MM-dd, E hh a","yMMMM h":"y 'm'. LLLL hh a","yMMMMd h":"y 'm'. MMMM d 'd'. hh a","yMMMMEd h":"y 'm'. MMMM d 'd'., E hh a","y 'm'. MMMM d 'd'., EEEE H":"y 'm'. MMMM d 'd'., EEEE HH","y 'm'. MMMM d 'd'. H":"y 'm'. MMMM d 'd'. HH","y-MM-dd H":"y-MM-dd HH","d H":"dd HH","E H":"ccc HH","Ed H":"d, E HH","Gy H":"y 'm'. G HH","GyMMM H":"y-MM G HH","GyMMMd H":"y-MM-dd G HH","GyMMMEd H":"y-MM-dd G, E HH","GyMMMM H":"y 'm'. G, LLLL HH","GyMMMMd H":"y 'm'. G MMMM d 'd'. HH","GyMMMMEd H":"y 'm'. G MMMM d 'd'., E HH","M H":"MM HH","Md H":"MM-d HH","MEd H":"MM-dd, E HH","MMdd H":"MM-dd HH","MMM H":"MM HH","MMMd H":"MM-dd HH","MMMEd H":"MM-dd, E HH","MMMM H":"LLLL HH","MMMMd H":"MMMM d 'd'. HH","MMMMEd H":"MMMM d 'd'., E HH","y H":"y HH","yM H":"y-MM HH","yMd H":"y-MM-dd HH","yMEd H":"y-MM-dd, E HH","yMMM H":"y-MM HH","yMMMd H":"y-MM-dd HH","yMMMEd H":"y-MM-dd, E HH","yMMMM H":"y 'm'. LLLL HH","yMMMMd H":"y 'm'. MMMM d 'd'. HH","yMMMMEd H":"y 'm'. MMMM d 'd'., E HH","y 'm'. MMMM d 'd'., EEEE hm":"y 'm'. MMMM d 'd'., EEEE hh:mm a","y 'm'. MMMM d 'd'. hm":"y 'm'. MMMM d 'd'. hh:mm a","y-MM-dd hm":"y-MM-dd hh:mm a","d hm":"dd hh:mm a","E hm":"ccc hh:mm a","Ed hm":"d, E hh:mm a","Gy hm":"y 'm'. G hh:mm a","GyMMM hm":"y-MM G hh:mm a","GyMMMd hm":"y-MM-dd G hh:mm a","GyMMMEd hm":"y-MM-dd G, E hh:mm a","GyMMMM hm":"y 'm'. G, LLLL hh:mm a","GyMMMMd hm":"y 'm'. G MMMM d 'd'. hh:mm a","GyMMMMEd hm":"y 'm'. G MMMM d 'd'., E hh:mm a","M hm":"MM hh:mm a","Md hm":"MM-d hh:mm a","MEd hm":"MM-dd, E hh:mm a","MMdd hm":"MM-dd hh:mm a","MMM hm":"MM hh:mm a","MMMd hm":"MM-dd hh:mm a","MMMEd hm":"MM-dd, E hh:mm a","MMMM hm":"LLLL hh:mm a","MMMMd hm":"MMMM d 'd'. hh:mm a","MMMMEd hm":"MMMM d 'd'., E hh:mm a","y hm":"y hh:mm a","yM hm":"y-MM hh:mm a","yMd hm":"y-MM-dd hh:mm a","yMEd hm":"y-MM-dd, E hh:mm a","yMMM hm":"y-MM hh:mm a","yMMMd hm":"y-MM-dd hh:mm a","yMMMEd hm":"y-MM-dd, E hh:mm a","yMMMM hm":"y 'm'. LLLL hh:mm a","yMMMMd hm":"y 'm'. MMMM d 'd'. hh:mm a","yMMMMEd hm":"y 'm'. MMMM d 'd'., E hh:mm a","y 'm'. MMMM d 'd'., EEEE Hm":"y 'm'. MMMM d 'd'., EEEE HH:mm","y 'm'. MMMM d 'd'. Hm":"y 'm'. MMMM d 'd'. HH:mm","y-MM-dd Hm":"y-MM-dd HH:mm","d Hm":"dd HH:mm","E Hm":"ccc HH:mm","Ed Hm":"d, E HH:mm","Gy Hm":"y 'm'. G HH:mm","GyMMM Hm":"y-MM G HH:mm","GyMMMd Hm":"y-MM-dd G HH:mm","GyMMMEd Hm":"y-MM-dd G, E HH:mm","GyMMMM Hm":"y 'm'. G, LLLL HH:mm","GyMMMMd Hm":"y 'm'. G MMMM d 'd'. HH:mm","GyMMMMEd Hm":"y 'm'. G MMMM d 'd'., E HH:mm","M Hm":"MM HH:mm","Md Hm":"MM-d HH:mm","MEd Hm":"MM-dd, E HH:mm","MMdd Hm":"MM-dd HH:mm","MMM Hm":"MM HH:mm","MMMd Hm":"MM-dd HH:mm","MMMEd Hm":"MM-dd, E HH:mm","MMMM Hm":"LLLL HH:mm","MMMMd Hm":"MMMM d 'd'. HH:mm","MMMMEd Hm":"MMMM d 'd'., E HH:mm","y Hm":"y HH:mm","yM Hm":"y-MM HH:mm","yMd Hm":"y-MM-dd HH:mm","yMEd Hm":"y-MM-dd, E HH:mm","yMMM Hm":"y-MM HH:mm","yMMMd Hm":"y-MM-dd HH:mm","yMMMEd Hm":"y-MM-dd, E HH:mm","yMMMM Hm":"y 'm'. LLLL HH:mm","yMMMMd Hm":"y 'm'. MMMM d 'd'. HH:mm","yMMMMEd Hm":"y 'm'. MMMM d 'd'., E HH:mm","y 'm'. MMMM d 'd'., EEEE hms":"y 'm'. MMMM d 'd'., EEEE hh:mm:ss a","y 'm'. MMMM d 'd'. hms":"y 'm'. MMMM d 'd'. hh:mm:ss a","y-MM-dd hms":"y-MM-dd hh:mm:ss a","d hms":"dd hh:mm:ss a","E hms":"ccc hh:mm:ss a","Ed hms":"d, E hh:mm:ss a","Gy hms":"y 'm'. G hh:mm:ss a","GyMMM hms":"y-MM G hh:mm:ss a","GyMMMd hms":"y-MM-dd G hh:mm:ss a","GyMMMEd hms":"y-MM-dd G, E hh:mm:ss a","GyMMMM hms":"y 'm'. G, LLLL hh:mm:ss a","GyMMMMd hms":"y 'm'. G MMMM d 'd'. hh:mm:ss a","GyMMMMEd hms":"y 'm'. G MMMM d 'd'., E hh:mm:ss a","M hms":"MM hh:mm:ss a","Md hms":"MM-d hh:mm:ss a","MEd hms":"MM-dd, E hh:mm:ss a","MMdd hms":"MM-dd hh:mm:ss a","MMM hms":"MM hh:mm:ss a","MMMd hms":"MM-dd hh:mm:ss a","MMMEd hms":"MM-dd, E hh:mm:ss a","MMMM hms":"LLLL hh:mm:ss a","MMMMd hms":"MMMM d 'd'. hh:mm:ss a","MMMMEd hms":"MMMM d 'd'., E hh:mm:ss a","y hms":"y hh:mm:ss a","yM hms":"y-MM hh:mm:ss a","yMd hms":"y-MM-dd hh:mm:ss a","yMEd hms":"y-MM-dd, E hh:mm:ss a","yMMM hms":"y-MM hh:mm:ss a","yMMMd hms":"y-MM-dd hh:mm:ss a","yMMMEd hms":"y-MM-dd, E hh:mm:ss a","yMMMM hms":"y 'm'. LLLL hh:mm:ss a","yMMMMd hms":"y 'm'. MMMM d 'd'. hh:mm:ss a","yMMMMEd hms":"y 'm'. MMMM d 'd'., E hh:mm:ss a","y 'm'. MMMM d 'd'., EEEE Hms":"y 'm'. MMMM d 'd'., EEEE HH:mm:ss","y 'm'. MMMM d 'd'. Hms":"y 'm'. MMMM d 'd'. HH:mm:ss","y-MM-dd Hms":"y-MM-dd HH:mm:ss","d Hms":"dd HH:mm:ss","E Hms":"ccc HH:mm:ss","Ed Hms":"d, E HH:mm:ss","Gy Hms":"y 'm'. G HH:mm:ss","GyMMM Hms":"y-MM G HH:mm:ss","GyMMMd Hms":"y-MM-dd G HH:mm:ss","GyMMMEd Hms":"y-MM-dd G, E HH:mm:ss","GyMMMM Hms":"y 'm'. G, LLLL HH:mm:ss","GyMMMMd Hms":"y 'm'. G MMMM d 'd'. HH:mm:ss","GyMMMMEd Hms":"y 'm'. G MMMM d 'd'., E HH:mm:ss","M Hms":"MM HH:mm:ss","Md Hms":"MM-d HH:mm:ss","MEd Hms":"MM-dd, E HH:mm:ss","MMdd Hms":"MM-dd HH:mm:ss","MMM Hms":"MM HH:mm:ss","MMMd Hms":"MM-dd HH:mm:ss","MMMEd Hms":"MM-dd, E HH:mm:ss","MMMM Hms":"LLLL HH:mm:ss","MMMMd Hms":"MMMM d 'd'. HH:mm:ss","MMMMEd Hms":"MMMM d 'd'., E HH:mm:ss","y Hms":"y HH:mm:ss","yM Hms":"y-MM HH:mm:ss","yMd Hms":"y-MM-dd HH:mm:ss","yMEd Hms":"y-MM-dd, E HH:mm:ss","yMMM Hms":"y-MM HH:mm:ss","yMMMd Hms":"y-MM-dd HH:mm:ss","yMMMEd Hms":"y-MM-dd, E HH:mm:ss","yMMMM Hms":"y 'm'. LLLL HH:mm:ss","yMMMMd Hms":"y 'm'. MMMM d 'd'. HH:mm:ss","yMMMMEd Hms":"y 'm'. MMMM d 'd'., E HH:mm:ss","y 'm'. MMMM d 'd'., EEEE hmsv":"y 'm'. MMMM d 'd'., EEEE hh:mm:ss a; v","y 'm'. MMMM d 'd'. hmsv":"y 'm'. MMMM d 'd'. hh:mm:ss a; v","y-MM-dd hmsv":"y-MM-dd hh:mm:ss a; v","d hmsv":"dd hh:mm:ss a; v","E hmsv":"ccc hh:mm:ss a; v","Ed hmsv":"d, E hh:mm:ss a; v","Gy hmsv":"y 'm'. G hh:mm:ss a; v","GyMMM hmsv":"y-MM G hh:mm:ss a; v","GyMMMd hmsv":"y-MM-dd G hh:mm:ss a; v","GyMMMEd hmsv":"y-MM-dd G, E hh:mm:ss a; v","GyMMMM hmsv":"y 'm'. G, LLLL hh:mm:ss a; v","GyMMMMd hmsv":"y 'm'. G MMMM d 'd'. hh:mm:ss a; v","GyMMMMEd hmsv":"y 'm'. G MMMM d 'd'., E hh:mm:ss a; v","M hmsv":"MM hh:mm:ss a; v","Md hmsv":"MM-d hh:mm:ss a; v","MEd hmsv":"MM-dd, E hh:mm:ss a; v","MMdd hmsv":"MM-dd hh:mm:ss a; v","MMM hmsv":"MM hh:mm:ss a; v","MMMd hmsv":"MM-dd hh:mm:ss a; v","MMMEd hmsv":"MM-dd, E hh:mm:ss a; v","MMMM hmsv":"LLLL hh:mm:ss a; v","MMMMd hmsv":"MMMM d 'd'. hh:mm:ss a; v","MMMMEd hmsv":"MMMM d 'd'., E hh:mm:ss a; v","y hmsv":"y hh:mm:ss a; v","yM hmsv":"y-MM hh:mm:ss a; v","yMd hmsv":"y-MM-dd hh:mm:ss a; v","yMEd hmsv":"y-MM-dd, E hh:mm:ss a; v","yMMM hmsv":"y-MM hh:mm:ss a; v","yMMMd hmsv":"y-MM-dd hh:mm:ss a; v","yMMMEd hmsv":"y-MM-dd, E hh:mm:ss a; v","yMMMM hmsv":"y 'm'. LLLL hh:mm:ss a; v","yMMMMd hmsv":"y 'm'. MMMM d 'd'. hh:mm:ss a; v","yMMMMEd hmsv":"y 'm'. MMMM d 'd'., E hh:mm:ss a; v","y 'm'. MMMM d 'd'., EEEE Hmsv":"y 'm'. MMMM d 'd'., EEEE HH:mm:ss; v","y 'm'. MMMM d 'd'. Hmsv":"y 'm'. MMMM d 'd'. HH:mm:ss; v","y-MM-dd Hmsv":"y-MM-dd HH:mm:ss; v","d Hmsv":"dd HH:mm:ss; v","E Hmsv":"ccc HH:mm:ss; v","Ed Hmsv":"d, E HH:mm:ss; v","Gy Hmsv":"y 'm'. G HH:mm:ss; v","GyMMM Hmsv":"y-MM G HH:mm:ss; v","GyMMMd Hmsv":"y-MM-dd G HH:mm:ss; v","GyMMMEd Hmsv":"y-MM-dd G, E HH:mm:ss; v","GyMMMM Hmsv":"y 'm'. G, LLLL HH:mm:ss; v","GyMMMMd Hmsv":"y 'm'. G MMMM d 'd'. HH:mm:ss; v","GyMMMMEd Hmsv":"y 'm'. G MMMM d 'd'., E HH:mm:ss; v","M Hmsv":"MM HH:mm:ss; v","Md Hmsv":"MM-d HH:mm:ss; v","MEd Hmsv":"MM-dd, E HH:mm:ss; v","MMdd Hmsv":"MM-dd HH:mm:ss; v","MMM Hmsv":"MM HH:mm:ss; v","MMMd Hmsv":"MM-dd HH:mm:ss; v","MMMEd Hmsv":"MM-dd, E HH:mm:ss; v","MMMM Hmsv":"LLLL HH:mm:ss; v","MMMMd Hmsv":"MMMM d 'd'. HH:mm:ss; v","MMMMEd Hmsv":"MMMM d 'd'., E HH:mm:ss; v","y Hmsv":"y HH:mm:ss; v","yM Hmsv":"y-MM HH:mm:ss; v","yMd Hmsv":"y-MM-dd HH:mm:ss; v","yMEd Hmsv":"y-MM-dd, E HH:mm:ss; v","yMMM Hmsv":"y-MM HH:mm:ss; v","yMMMd Hmsv":"y-MM-dd HH:mm:ss; v","yMMMEd Hmsv":"y-MM-dd, E HH:mm:ss; v","yMMMM Hmsv":"y 'm'. LLLL HH:mm:ss; v","yMMMMd Hmsv":"y 'm'. MMMM d 'd'. HH:mm:ss; v","yMMMMEd Hmsv":"y 'm'. MMMM d 'd'., E HH:mm:ss; v","y 'm'. MMMM d 'd'., EEEE hmv":"y 'm'. MMMM d 'd'., EEEE hh:mm a; v","y 'm'. MMMM d 'd'. hmv":"y 'm'. MMMM d 'd'. hh:mm a; v","y-MM-dd hmv":"y-MM-dd hh:mm a; v","d hmv":"dd hh:mm a; v","E hmv":"ccc hh:mm a; v","Ed hmv":"d, E hh:mm a; v","Gy hmv":"y 'm'. G hh:mm a; v","GyMMM hmv":"y-MM G hh:mm a; v","GyMMMd hmv":"y-MM-dd G hh:mm a; v","GyMMMEd hmv":"y-MM-dd G, E hh:mm a; v","GyMMMM hmv":"y 'm'. G, LLLL hh:mm a; v","GyMMMMd hmv":"y 'm'. G MMMM d 'd'. hh:mm a; v","GyMMMMEd hmv":"y 'm'. G MMMM d 'd'., E hh:mm a; v","M hmv":"MM hh:mm a; v","Md hmv":"MM-d hh:mm a; v","MEd hmv":"MM-dd, E hh:mm a; v","MMdd hmv":"MM-dd hh:mm a; v","MMM hmv":"MM hh:mm a; v","MMMd hmv":"MM-dd hh:mm a; v","MMMEd hmv":"MM-dd, E hh:mm a; v","MMMM hmv":"LLLL hh:mm a; v","MMMMd hmv":"MMMM d 'd'. hh:mm a; v","MMMMEd hmv":"MMMM d 'd'., E hh:mm a; v","y hmv":"y hh:mm a; v","yM hmv":"y-MM hh:mm a; v","yMd hmv":"y-MM-dd hh:mm a; v","yMEd hmv":"y-MM-dd, E hh:mm a; v","yMMM hmv":"y-MM hh:mm a; v","yMMMd hmv":"y-MM-dd hh:mm a; v","yMMMEd hmv":"y-MM-dd, E hh:mm a; v","yMMMM hmv":"y 'm'. LLLL hh:mm a; v","yMMMMd hmv":"y 'm'. MMMM d 'd'. hh:mm a; v","yMMMMEd hmv":"y 'm'. MMMM d 'd'., E hh:mm a; v","y 'm'. MMMM d 'd'., EEEE Hmv":"y 'm'. MMMM d 'd'., EEEE HH:mm; v","y 'm'. MMMM d 'd'. Hmv":"y 'm'. MMMM d 'd'. HH:mm; v","y-MM-dd Hmv":"y-MM-dd HH:mm; v","d Hmv":"dd HH:mm; v","E Hmv":"ccc HH:mm; v","Ed Hmv":"d, E HH:mm; v","Gy Hmv":"y 'm'. G HH:mm; v","GyMMM Hmv":"y-MM G HH:mm; v","GyMMMd Hmv":"y-MM-dd G HH:mm; v","GyMMMEd Hmv":"y-MM-dd G, E HH:mm; v","GyMMMM Hmv":"y 'm'. G, LLLL HH:mm; v","GyMMMMd Hmv":"y 'm'. G MMMM d 'd'. HH:mm; v","GyMMMMEd Hmv":"y 'm'. G MMMM d 'd'., E HH:mm; v","M Hmv":"MM HH:mm; v","Md Hmv":"MM-d HH:mm; v","MEd Hmv":"MM-dd, E HH:mm; v","MMdd Hmv":"MM-dd HH:mm; v","MMM Hmv":"MM HH:mm; v","MMMd Hmv":"MM-dd HH:mm; v","MMMEd Hmv":"MM-dd, E HH:mm; v","MMMM Hmv":"LLLL HH:mm; v","MMMMd Hmv":"MMMM d 'd'. HH:mm; v","MMMMEd Hmv":"MMMM d 'd'., E HH:mm; v","y Hmv":"y HH:mm; v","yM Hmv":"y-MM HH:mm; v","yMd Hmv":"y-MM-dd HH:mm; v","yMEd Hmv":"y-MM-dd, E HH:mm; v","yMMM Hmv":"y-MM HH:mm; v","yMMMd Hmv":"y-MM-dd HH:mm; v","yMMMEd Hmv":"y-MM-dd, E HH:mm; v","yMMMM Hmv":"y 'm'. LLLL HH:mm; v","yMMMMd Hmv":"y 'm'. MMMM d 'd'. HH:mm; v","yMMMMEd Hmv":"y 'm'. MMMM d 'd'., E HH:mm; v","y 'm'. MMMM d 'd'., EEEE ms":"y 'm'. MMMM d 'd'., EEEE mm:ss","y 'm'. MMMM d 'd'. ms":"y 'm'. MMMM d 'd'. mm:ss","y-MM-dd ms":"y-MM-dd mm:ss","d ms":"dd mm:ss","E ms":"ccc mm:ss","Ed ms":"d, E mm:ss","Gy ms":"y 'm'. G mm:ss","GyMMM ms":"y-MM G mm:ss","GyMMMd ms":"y-MM-dd G mm:ss","GyMMMEd ms":"y-MM-dd G, E mm:ss","GyMMMM ms":"y 'm'. G, LLLL mm:ss","GyMMMMd ms":"y 'm'. G MMMM d 'd'. mm:ss","GyMMMMEd ms":"y 'm'. G MMMM d 'd'., E mm:ss","M ms":"MM mm:ss","Md ms":"MM-d mm:ss","MEd ms":"MM-dd, E mm:ss","MMdd ms":"MM-dd mm:ss","MMM ms":"MM mm:ss","MMMd ms":"MM-dd mm:ss","MMMEd ms":"MM-dd, E mm:ss","MMMM ms":"LLLL mm:ss","MMMMd ms":"MMMM d 'd'. mm:ss","MMMMEd ms":"MMMM d 'd'., E mm:ss","y ms":"y mm:ss","yM ms":"y-MM mm:ss","yMd ms":"y-MM-dd mm:ss","yMEd ms":"y-MM-dd, E mm:ss","yMMM ms":"y-MM mm:ss","yMMMd ms":"y-MM-dd mm:ss","yMMMEd ms":"y-MM-dd, E mm:ss","yMMMM ms":"y 'm'. LLLL mm:ss","yMMMMd ms":"y 'm'. MMMM d 'd'. mm:ss","yMMMMEd ms":"y 'm'. MMMM d 'd'., E mm:ss"}},"intervalFormats":{"intervalFormatFallback":"{0} – {1}","Bh":{"B":"h B – h B","h":"hh–hh B"},"Bhm":{"B":"hh:mm B–hh:mm B","h":"hh:mm–hh:mm B","m":"hh:mm–hh:mm B"},"d":{"d":"dd–dd"},"Gy":{"G":"G y – G y","y":"G y–y"},"GyM":{"G":"GGGGG y-MM – GGGGG y-MM","M":"GGGGG y-MM – y-MM","y":"GGGGG y-MM – y-MM"},"GyMd":{"d":"GGGGG y-MM-dd – y-MM-dd","G":"GGGGG y-MM-dd – GGGGG y-MM-dd","M":"GGGGG y-MM-dd – y-MM-dd","y":"GGGGG y-MM-dd – y-MM-dd"},"GyMEd":{"d":"GGGGG y-MM-dd, E – y-MM-dd, E","G":"GGGGG y-MM-dd, E – GGGGG y-MM-dd, E","M":"GGGGG y-MM-dd, E – y-MM-dd, E","y":"GGGGG y-MM-dd, E – y-MM-dd, E"},"GyMMM":{"G":"G y MMM – G y MMM","M":"G y MMM–MMM","y":"G y MMM – y MMM"},"GyMMMd":{"d":"G y MMM d–d","G":"G y MMM d – G y MMM d","M":"G y MMM d – MMM d","y":"G y MMM d – y MMM d"},"GyMMMEd":{"d":"G y MMM d, E – MMM d, E","G":"G y MMM d, E – G y MMM d, E","M":"G y MMM d, E – MMM d, E","y":"G y MMM d, E – y MMM d, E"},"h":{"a":"h a – h a","h":"hh–hh a"},"H":{"H":"HH–HH"},"hm":{"a":"hh:mm a–hh:mm a","h":"hh:mm–hh:mm a","m":"hh:mm–hh:mm a"},"Hm":{"H":"HH:mm–HH:mm","m":"HH:mm–HH:mm"},"hmv":{"a":"hh:mm a–hh:mm a v","h":"hh:mm–hh:mm a v","m":"h:mm–h:mm a v"},"Hmv":{"H":"HH:mm–HH:mm v","m":"HH:mm–HH:mm v"},"hv":{"a":"h a – h a v","h":"hh–hh a v"},"Hv":{"H":"HH–HH v"},"M":{"M":"MM–MM"},"Md":{"d":"MM-dd – MM-dd","M":"MM-dd – MM-dd"},"MEd":{"d":"MM-dd, E – MM-dd, E","M":"MM-dd, E – MM-dd, E"},"MMM":{"M":"LLL–LLL"},"MMMd":{"d":"MMM d–d","M":"MMM d – MMM d"},"MMMEd":{"d":"MMM d, E – MMM d, E","M":"MMM d, E – MMM d, E"},"MMMM":{"M":"LLLL–LLLL"},"MMMMd":{"d":"MMMM d–d","M":"MMMM d – MMMM d"},"MMMMEd":{"d":"MMMM d, E – MMMM d, E","M":"MMMM d, E – MMMM d, E"},"y":{"y":"y–y"},"yM":{"M":"y-MM – y-MM","y":"y-MM – y-MM"},"yMd":{"d":"y-MM-dd – y-MM-dd","M":"y-MM-dd – y-MM-dd","y":"y-MM-dd – y-MM-dd"},"yMEd":{"d":"y-MM-dd, E – y-MM-dd, E","M":"y-MM-dd, E – y-MM-dd, E","y":"y-MM-dd, E – y-MM-dd, E"},"yMMM":{"M":"y MMM–MMM","y":"y MMM – y MMM"},"yMMMd":{"d":"y MMM d–d","M":"y MMM d – MMM d","y":"y MMM d – y MMM d"},"yMMMEd":{"d":"y MMM d, E – MMM d, E","M":"y MMM d, E – MMM d, E","y":"y MMM d, E – y MMM d, E"},"yMMMM":{"M":"y LLLL–LLLL","y":"y LLLL – y LLLL"},"yMMMMd":{"d":"y MMMM d–d","M":"y MMMM d – MMMM d","y":"y MMMM d – y MMMM d"},"yMMMMEd":{"d":"y MMMM d, E – MMMM d, E","M":"y MMMM d, E. – MMMM d, E.","y":"y MMMM d, E. – y MMMM d, E."}},"hourCycle":"h23","nu":["latn"],"ca":["gregory"],"hc":["h23","h12","",""]},"locale":"lt"}
