{"data":{"am":"пре подне","pm":"по подне","weekday":{"narrow":["н","п","у","с","ч","п","с"],"short":["нед","пон","уто","сре","чет","пет","суб"],"long":["недеља","понедељак","уторак","среда","четвртак","петак","субота"]},"era":{"narrow":{"BC":"п.н.е.","AD":"н.е."},"short":{"BC":"п. н. е.","AD":"н. е."},"long":{"BC":"пре нове ере","AD":"нове ере"}},"month":{"narrow":["ј","ф","м","а","м","ј","ј","а","с","о","н","д"],"short":["јан","феб","мар","апр","мај","јун","јул","авг","сеп","окт","нов","дец"],"long":["јануар","фебруар","март","април","мај","јун","јул","август","септембар","октобар","новембар","децембар"]},"timeZoneName":{"America/Rio_Branco":{"long":["Акре стандардно време","Акре летње рачунање времена"]},"Asia/Kabul":{"long":["Авганистан време","Авганистан време"]},"Africa/Maputo":{"long":["Централно-афричко време","Централно-афричко време"]},"Africa/Bujumbura":{"long":["Централно-афричко време","Централно-афричко време"]},"Africa/Gaborone":{"long":["Централно-афричко време","Централно-афричко време"]},"Africa/Lubumbashi":{"long":["Централно-афричко време","Централно-афричко време"]},"Africa/Blantyre":{"long":["Централно-афричко време","Централно-афричко време"]},"Africa/Kigali":{"long":["Централно-афричко време","Централно-афричко време"]},"Africa/Lusaka":{"long":["Централно-афричко време","Централно-афричко време"]},"Africa/Harare":{"long":["Централно-афричко време","Централно-афричко време"]},"Africa/Nairobi":{"long":["Источно-афричко време","Источно-афричко време"]},"Africa/Djibouti":{"long":["Источно-афричко време","Источно-афричко време"]},"Africa/Asmera":{"long":["Источно-афричко време","Источно-афричко време"]},"Africa/Addis_Ababa":{"long":["Источно-афричко време","Источно-афричко време"]},"Indian/Comoro":{"long":["Источно-афричко време","Источно-афричко време"]},"Indian/Antananarivo":{"long":["Источно-афричко време","Источно-афричко време"]},"Africa/Mogadishu":{"long":["Источно-афричко време","Источно-афричко време"]},"Africa/Dar_es_Salaam":{"long":["Источно-афричко време","Источно-афричко време"]},"Africa/Kampala":{"long":["Источно-афричко време","Источно-афричко време"]},"Indian/Mayotte":{"long":["Источно-афричко време","Источно-афричко време"]},"Africa/Johannesburg":{"long":["Јужно-афричко време","Јужно-афричко време"]},"Africa/Maseru":{"long":["Јужно-афричко време","Јужно-афричко време"]},"Africa/Mbabane":{"long":["Јужно-афричко време","Јужно-афричко време"]},"Africa/Lagos":{"long":["Западно-афричко стандардно време","Западно-афричко летње време"]},"Africa/Luanda":{"long":["Западно-афричко стандардно време","Западно-афричко летње време"]},"Africa/Porto-Novo":{"long":["Западно-афричко стандардно време","Западно-афричко летње време"]},"Africa/Kinshasa":{"long":["Западно-афричко стандардно време","Западно-афричко летње време"]},"Africa/Bangui":{"long":["Западно-афричко стандардно време","Западно-афричко летње време"]},"Africa/Brazzaville":{"long":["Западно-афричко стандардно време","Западно-афричко летње време"]},"Africa/Douala":{"long":["Западно-афричко стандардно време","Западно-афричко летње време"]},"Africa/Libreville":{"long":["Западно-афричко стандардно време","Западно-афричко летње време"]},"Africa/Malabo":{"long":["Западно-афричко стандардно време","Западно-афричко летње време"]},"Africa/Niamey":{"long":["Западно-афричко стандардно време","Западно-афричко летње време"]},"Africa/Ndjamena":{"long":["Западно-афричко стандардно време","Западно-афричко летње време"]},"Asia/Aqtobe":{"long":["Западно-казахстанско време","Западно-казахстанско време"]},"America/Juneau":{"long":["Аљаска, стандардно време","Аљаска, летње време"]},"Asia/Almaty":{"long":["Источно-казахстанско време","Источно-казахстанско време"]},"America/Manaus":{"long":["Амазон, стандардно време","Амазон, летње време"]},"America/Chicago":{"long":["Северноамеричко централно стандардно време","Северноамеричко централно летње време"]},"America/Belize":{"long":["Северноамеричко централно стандардно време","Северноамеричко централно летње време"]},"America/Winnipeg":{"long":["Северноамеричко централно стандардно време","Северноамеричко централно летње време"]},"America/Costa_Rica":{"long":["Северноамеричко централно стандардно време","Северноамеричко централно летње време"]},"America/Guatemala":{"long":["Северноамеричко централно стандардно време","Северноамеричко централно летње време"]},"America/Tegucigalpa":{"long":["Северноамеричко централно стандардно време","Северноамеричко централно летње време"]},"America/Mexico_City":{"long":["Северноамеричко централно стандардно време","Северноамеричко централно летње време"]},"America/El_Salvador":{"long":["Северноамеричко централно стандардно време","Северноамеричко централно летње време"]},"America/New_York":{"long":["Северноамеричко источно стандардно време","Северноамеричко источно летње време"]},"America/Nassau":{"long":["Северноамеричко источно стандардно време","Северноамеричко источно летње време"]},"America/Toronto":{"long":["Северноамеричко источно стандардно време","Северноамеричко источно летње време"]},"America/Port-au-Prince":{"long":["Северноамеричко источно стандардно време","Северноамеричко источно летње време"]},"America/Jamaica":{"long":["Северноамеричко источно стандардно време","Северноамеричко источно летње време"]},"America/Cayman":{"long":["Северноамеричко источно стандардно време","Северноамеричко источно летње време"]},"America/Panama":{"long":["Северноамеричко источно стандардно време","Северноамеричко источно летње време"]},"America/Denver":{"long":["Северноамеричко планинско стандардно време","Северноамеричко планинско летње време"]},"America/Edmonton":{"long":["Северноамеричко планинско стандардно време","Северноамеричко планинско летње време"]},"America/Hermosillo":{"long":["Северноамеричко планинско стандардно време","Северноамеричко планинско летње време"]},"America/Los_Angeles":{"long":["Северноамеричко пацифичко стандардно време","Северноамеричко пацифичко летње време"]},"America/Vancouver":{"long":["Северноамеричко пацифичко стандардно време","Северноамеричко пацифичко летње време"]},"America/Tijuana":{"long":["Северноамеричко пацифичко стандардно време","Северноамеричко пацифичко летње време"]},"Asia/Anadyr":{"long":["Анадир стандардно време","Анадир летње рачунање времена"]},"Pacific/Apia":{"long":["Апија, стандардно време","Апија, летње време"]},"Asia/Riyadh":{"long":["Арабијско стандардно време","Арабијско летње време"]},"Asia/Bahrain":{"long":["Арабијско стандардно време","Арабијско летње време"]},"Asia/Baghdad":{"long":["Арабијско стандардно време","Арабијско летње време"]},"Asia/Kuwait":{"long":["Арабијско стандардно време","Арабијско летње време"]},"Asia/Qatar":{"long":["Арабијско стандардно време","Арабијско летње време"]},"Asia/Aden":{"long":["Арабијско стандардно време","Арабијско летње време"]},"America/Buenos_Aires":{"long":["Аргентина, стандардно време","Аргентина, летње време"]},"America/Argentina/San_Luis":{"long":["Западна Аргентина, стандардно време","Западна Аргентина, летње време"]},"Asia/Ashgabat":{"long":["Туркменистан, стандардно време","Туркменистан, летње време"]},"America/Halifax":{"long":["Атлантско стандардно време","Атлантско летње време"]},"America/Antigua":{"long":["Атлантско стандардно време","Атлантско летње време"]},"America/Anguilla":{"long":["Атлантско стандардно време","Атлантско летње време"]},"America/Aruba":{"long":["Атлантско стандардно време","Атлантско летње време"]},"America/Barbados":{"long":["Атлантско стандардно време","Атлантско летње време"]},"Atlantic/Bermuda":{"long":["Атлантско стандардно време","Атлантско летње време"]},"America/Kralendijk":{"long":["Атлантско стандардно време","Атлантско летње време"]},"America/Curacao":{"long":["Атлантско стандардно време","Атлантско летње време"]},"America/Dominica":{"long":["Атлантско стандардно време","Атлантско летње време"]},"America/Grenada":{"long":["Атлантско стандардно време","Атлантско летње време"]},"America/Thule":{"long":["Атлантско стандардно време","Атлантско летње време"]},"America/Guadeloupe":{"long":["Атлантско стандардно време","Атлантско летње време"]},"America/St_Kitts":{"long":["Атлантско стандардно време","Атлантско летње време"]},"America/St_Lucia":{"long":["Атлантско стандардно време","Атлантско летње време"]},"America/Marigot":{"long":["Атлантско стандардно време","Атлантско летње време"]},"America/Martinique":{"long":["Атлантско стандардно време","Атлантско летње време"]},"America/Montserrat":{"long":["Атлантско стандардно време","Атлантско летње време"]},"America/Puerto_Rico":{"long":["Атлантско стандардно време","Атлантско летње време"]},"America/Lower_Princes":{"long":["Атлантско стандардно време","Атлантско летње време"]},"America/Port_of_Spain":{"long":["Атлантско стандардно време","Атлантско летње време"]},"America/St_Vincent":{"long":["Атлантско стандардно време","Атлантско летње време"]},"America/Tortola":{"long":["Атлантско стандардно време","Атлантско летње време"]},"America/St_Thomas":{"long":["Атлантско стандардно време","Атлантско летње време"]},"Australia/Adelaide":{"long":["Аустралијско централно стандардно време","Аустралијско централно летње време"]},"Australia/Eucla":{"long":["Аустралијско централно западно стандардно време","Аустралијско централно западно летње време"]},"Australia/Sydney":{"long":["Аустралијско источно стандардно време","Аустралијско источно летње време"]},"Australia/Perth":{"long":["Аустралијско западно стандардно време","Аустралијско западно летње време"]},"Atlantic/Azores":{"long":["Азори, стандардно време","Азори, летње време"]},"Asia/Thimphu":{"long":["Бутан време","Бутан време"]},"America/La_Paz":{"long":["Боливија време","Боливија време"]},"Asia/Kuching":{"long":["Малезија време","Малезија време"]},"America/Sao_Paulo":{"long":["Бразилија, стандардно време","Бразилија, летње време"]},"Europe/London":{"long":["Средње време по Гриничу","Средње време по Гриничу"],"short":["GMT","GMT"]},"Asia/Brunei":{"long":["Брунеј Дарусалум време","Брунеј Дарусалум време"]},"Atlantic/Cape_Verde":{"long":["Зеленортска Острва, стандардно време","Зеленортска Острва, летње време"]},"Pacific/Saipan":{"long":["Северна Маријанска Острва време","Северна Маријанска Острва време"]},"Pacific/Guam":{"long":["Гуам стандардно време","Гуам стандардно време"]},"Pacific/Chatham":{"long":["Чатам, стандардно време","Чатам, летње време"]},"America/Santiago":{"long":["Чиле, стандардно време","Чиле, летње време"]},"Asia/Shanghai":{"long":["Кинеско стандардно време","Кина, летње време"]},"Asia/Choibalsan":{"long":["Чојбалсан, стандардно време","Чојбалсан, летње време"]},"Indian/Christmas":{"long":["Божићно острво време","Божићно острво време"]},"Indian/Cocos":{"long":["Кокос (Келинг) Острва време","Кокос (Келинг) Острва време"]},"America/Bogota":{"long":["Колумбија, стандардно време","Колумбија, летње време"]},"Pacific/Rarotonga":{"long":["Кукова острва, стандардно време","Кукова острва, полу-летње време"]},"America/Havana":{"long":["Куба, стандардно време","Куба, летње време"]},"Antarctica/Davis":{"long":["Дејвис време","Дејвис време"]},"Antarctica/DumontDUrville":{"long":["Димон д’Урвил време","Димон д’Урвил време"]},"Asia/Dushanbe":{"long":["Таџикистан време","Таџикистан време"]},"America/Paramaribo":{"long":["Суринам време","Суринам време"]},"Asia/Dili":{"long":["Источни тимор време","Источни тимор време"]},"Pacific/Easter":{"long":["Ускршња острва, стандардно време","Ускршња острва, летње време"]},"America/Guayaquil":{"long":["Еквадор време","Еквадор време"]},"Europe/Paris":{"long":["Средњеевропско стандардно време","Средњеевропско летње време"],"short":["CET","CEST"]},"Europe/Andorra":{"long":["Средњеевропско стандардно време","Средњеевропско летње време"],"short":["CET","CEST"]},"Europe/Tirane":{"long":["Средњеевропско стандардно време","Средњеевропско летње време"],"short":["CET","CEST"]},"Europe/Vienna":{"long":["Средњеевропско стандардно време","Средњеевропско летње време"],"short":["CET","CEST"]},"Europe/Sarajevo":{"long":["Средњеевропско стандардно време","Средњеевропско летње време"],"short":["CET","CEST"]},"Europe/Brussels":{"long":["Средњеевропско стандардно време","Средњеевропско летње време"],"short":["CET","CEST"]},"Europe/Zurich":{"long":["Средњеевропско стандардно време","Средњеевропско летње време"],"short":["CET","CEST"]},"Europe/Prague":{"long":["Средњеевропско стандардно време","Средњеевропско летње време"],"short":["CET","CEST"]},"Europe/Berlin":{"long":["Средњеевропско стандардно време","Средњеевропско летње време"],"short":["CET","CEST"]},"Europe/Copenhagen":{"long":["Средњеевропско стандардно време","Средњеевропско летње време"],"short":["CET","CEST"]},"Europe/Madrid":{"long":["Средњеевропско стандардно време","Средњеевропско летње време"],"short":["CET","CEST"]},"Europe/Gibraltar":{"long":["Средњеевропско стандардно време","Средњеевропско летње време"],"short":["CET","CEST"]},"Europe/Zagreb":{"long":["Средњеевропско стандардно време","Средњеевропско летње време"],"short":["CET","CEST"]},"Europe/Budapest":{"long":["Средњеевропско стандардно време","Средњеевропско летње време"],"short":["CET","CEST"]},"Europe/Rome":{"long":["Средњеевропско стандардно време","Средњеевропско летње време"],"short":["CET","CEST"]},"Europe/Vaduz":{"long":["Средњеевропско стандардно време","Средњеевропско летње време"],"short":["CET","CEST"]},"Europe/Luxembourg":{"long":["Средњеевропско стандардно време","Средњеевропско летње време"],"short":["CET","CEST"]},"Europe/Monaco":{"long":["Средњеевропско стандардно време","Средњеевропско летње време"],"short":["CET","CEST"]},"Europe/Podgorica":{"long":["Средњеевропско стандардно време","Средњеевропско летње време"],"short":["CET","CEST"]},"Europe/Skopje":{"long":["Средњеевропско стандардно време","Средњеевропско летње време"],"short":["CET","CEST"]},"Europe/Malta":{"long":["Средњеевропско стандардно време","Средњеевропско летње време"],"short":["CET","CEST"]},"Europe/Amsterdam":{"long":["Средњеевропско стандардно време","Средњеевропско летње време"],"short":["CET","CEST"]},"Europe/Oslo":{"long":["Средњеевропско стандардно време","Средњеевропско летње време"],"short":["CET","CEST"]},"Europe/Warsaw":{"long":["Средњеевропско стандардно време","Средњеевропско летње време"],"short":["CET","CEST"]},"Europe/Belgrade":{"long":["Средњеевропско стандардно време","Средњеевропско летње време"],"short":["CET","CEST"]},"Europe/Stockholm":{"long":["Средњеевропско стандардно време","Средњеевропско летње време"],"short":["CET","CEST"]},"Europe/Ljubljana":{"long":["Средњеевропско стандардно време","Средњеевропско летње време"],"short":["CET","CEST"]},"Arctic/Longyearbyen":{"long":["Средњеевропско стандардно време","Средњеевропско летње време"],"short":["CET","CEST"]},"Europe/Bratislava":{"long":["Средњеевропско стандардно време","Средњеевропско летње време"],"short":["CET","CEST"]},"Europe/San_Marino":{"long":["Средњеевропско стандардно време","Средњеевропско летње време"],"short":["CET","CEST"]},"Africa/Tunis":{"long":["Средњеевропско стандардно време","Средњеевропско летње време"],"short":["CET","CEST"]},"Europe/Vatican":{"long":["Средњеевропско стандардно време","Средњеевропско летње време"],"short":["CET","CEST"]},"Europe/Bucharest":{"long":["Источноевропско стандардно време","Источноевропско летње време"],"short":["EET","EEST"]},"Europe/Mariehamn":{"long":["Источноевропско стандардно време","Источноевропско летње време"],"short":["EET","EEST"]},"Europe/Sofia":{"long":["Источноевропско стандардно време","Источноевропско летње време"],"short":["EET","EEST"]},"Asia/Nicosia":{"long":["Источноевропско стандардно време","Источноевропско летње време"],"short":["EET","EEST"]},"Africa/Cairo":{"long":["Источноевропско стандардно време","Источноевропско летње време"],"short":["EET","EEST"]},"Europe/Helsinki":{"long":["Источноевропско стандардно време","Источноевропско летње време"],"short":["EET","EEST"]},"Europe/Athens":{"long":["Источноевропско стандардно време","Источноевропско летње време"],"short":["EET","EEST"]},"Asia/Amman":{"long":["Источноевропско стандардно време","Источноевропско летње време"],"short":["EET","EEST"]},"Asia/Beirut":{"long":["Источноевропско стандардно време","Источноевропско летње време"],"short":["EET","EEST"]},"Asia/Damascus":{"long":["Источноевропско стандардно време","Источноевропско летње време"],"short":["EET","EEST"]},"Europe/Minsk":{"long":["Време даљег истока Европе","Време даљег истока Европе"]},"Europe/Kaliningrad":{"long":["Време даљег истока Европе","Време даљег истока Европе"]},"Atlantic/Canary":{"long":["Западноевропско стандардно време","Западноевропско летње време"],"short":["WET","WEST"]},"Atlantic/Faeroe":{"long":["Западноевропско стандардно време","Западноевропско летње време"],"short":["WET","WEST"]},"Atlantic/Stanley":{"long":["Фолкландска Острва, стандардно време","Фолкландска Острва, летње време"]},"Pacific/Fiji":{"long":["Фиџи, стандардно време","Фиџи, летње време"]},"America/Cayenne":{"long":["Француска Гвајана време","Француска Гвајана време"]},"Indian/Kerguelen":{"long":["Француско јужно и антарктичко време","Француско јужно и антарктичко време"]},"Asia/Bishkek":{"long":["Киргистан време","Киргистан време"]},"Pacific/Galapagos":{"long":["Галапагос време","Галапагос време"]},"Pacific/Gambier":{"long":["Гамбије време","Гамбије време"]},"Pacific/Tarawa":{"long":["Гилберт острва време","Гилберт острва време"]},"Atlantic/Reykjavik":{"long":["Средње време по Гриничу","Средње време по Гриничу"],"short":["GMT","GMT"]},"Africa/Ouagadougou":{"long":["Средње време по Гриничу","Средње време по Гриничу"],"short":["GMT","GMT"]},"Africa/Abidjan":{"long":["Средње време по Гриничу","Средње време по Гриничу"],"short":["GMT","GMT"]},"Africa/Accra":{"long":["Средње време по Гриничу","Средње време по Гриничу"],"short":["GMT","GMT"]},"Africa/Banjul":{"long":["Средње време по Гриничу","Средње време по Гриничу"],"short":["GMT","GMT"]},"Africa/Conakry":{"long":["Средње време по Гриничу","Средње време по Гриничу"],"short":["GMT","GMT"]},"Africa/Bamako":{"long":["Средње време по Гриничу","Средње време по Гриничу"],"short":["GMT","GMT"]},"Africa/Nouakchott":{"long":["Средње време по Гриничу","Средње време по Гриничу"],"short":["GMT","GMT"]},"Atlantic/St_Helena":{"long":["Средње време по Гриничу","Средње време по Гриничу"],"short":["GMT","GMT"]},"Africa/Freetown":{"long":["Средње време по Гриничу","Средње време по Гриничу"],"short":["GMT","GMT"]},"Africa/Dakar":{"long":["Средње време по Гриничу","Средње време по Гриничу"],"short":["GMT","GMT"]},"Africa/Lome":{"long":["Средње време по Гриничу","Средње време по Гриничу"],"short":["GMT","GMT"]},"America/Scoresbysund":{"long":["Источни Гренланд, стандардно време","Источни Гренланд, летње време"]},"America/Godthab":{"long":["Западни Гренланд, стандардно време","Западни Гренланд, летње време"]},"Asia/Dubai":{"long":["Заливско време","Заливско време"]},"Asia/Muscat":{"long":["Заливско време","Заливско време"]},"America/Guyana":{"long":["Гвајана време","Гвајана време"]},"Pacific/Honolulu":{"long":["Хавајско-алеутско стандардно време","Хавајско-алеутско летње време"]},"Asia/Hong_Kong":{"long":["Хонг Конг, стандардно време","Хонг Конг, летње време"]},"Asia/Hovd":{"long":["Ховд, стандардно време","Ховд, летње време"]},"Asia/Calcutta":{"long":["Индијско стандардно време","Индијско стандардно време"]},"Asia/Colombo":{"long":["Шри Ланка време","Шри Ланка време"]},"Indian/Chagos":{"long":["Индијско океанско време","Индијско океанско време"]},"Asia/Bangkok":{"long":["Индокина време","Индокина време"]},"Asia/Phnom_Penh":{"long":["Индокина време","Индокина време"]},"Asia/Vientiane":{"long":["Индокина време","Индокина време"]},"Asia/Makassar":{"long":["Централно-индонезијско време","Централно-индонезијско време"]},"Asia/Jayapura":{"long":["Источно-индонезијско време","Источно-индонезијско време"]},"Asia/Jakarta":{"long":["Западно-индонезијско време","Западно-индонезијско време"]},"Asia/Tehran":{"long":["Иран, стандардно време","Иран, летње време"]},"Asia/Irkutsk":{"long":["Иркуцк, стандардно време","Иркуцк, летње време"]},"Asia/Jerusalem":{"long":["Израелско стандардно време","Израелско летње време"]},"Asia/Tokyo":{"long":["Јапанско стандардно време","Јапанско летње време"]},"Asia/Kamchatka":{"long":["Петропавловско-камчатско стандардно време","Петропавловско-камчатско летње рачунање времена"]},"Asia/Karachi":{"long":["Пакистан, стандардно време","Пакистан, летње време"]},"Asia/Qyzylorda":{"long":["Кизилорда стандардно време","Кизилорда летње рачунање времена"]},"Asia/Seoul":{"long":["Корејско стандардно време","Корејско летње време"]},"Pacific/Kosrae":{"long":["Кошре време","Кошре време"]},"Asia/Krasnoyarsk":{"long":["Краснојарск, стандардно време","Краснојарск, летње време"]},"Europe/Samara":{"long":["Самара стандардно време","Самара летње рачунање времена"]},"Pacific/Kiritimati":{"long":["Острва Лајн време","Острва Лајн време"]},"Australia/Lord_Howe":{"long":["Лорд Хов, стандардно време","Лорд Хов, летње време"]},"Asia/Macau":{"long":["Макао стандардно време","Макао летње рачунање времена"]},"Antarctica/Macquarie":{"long":["Острво Маквери време","Острво Маквери време"]},"Asia/Magadan":{"long":["Магадан, стандардно време","Магадан, летње време"]},"Indian/Maldives":{"long":["Малдиви време","Малдиви време"]},"Pacific/Marquesas":{"long":["Маркиз време","Маркиз време"]},"Pacific/Majuro":{"long":["Маршалска Острва време","Маршалска Острва време"]},"Indian/Mauritius":{"long":["Маурицијус, стандардно време","Маурицијус, летње време"]},"Antarctica/Mawson":{"long":["Мосон време","Мосон време"]},"America/Santa_Isabel":{"long":["Северозападни Мексико, стандардно време","Северозападни Мексико, летње време"]},"America/Mazatlan":{"long":["Мексички Пацифик, стандардно време","Мексички Пацифик, летње време"]},"Asia/Ulaanbaatar":{"long":["Улан Батор, стандардно време","Улан Батор, летње време"]},"Europe/Moscow":{"long":["Москва, стандардно време","Москва, летње време"]},"Asia/Rangoon":{"long":["Мијанмар време","Мијанмар време"]},"Pacific/Nauru":{"long":["Науру време","Науру време"]},"Asia/Katmandu":{"long":["Непал време","Непал време"]},"Pacific/Noumea":{"long":["Нова Каледонија, стандардно време","Нова Каледонија, летње време"]},"Pacific/Auckland":{"long":["Нови Зеланд, стандардно време","Нови Зеланд, летње време"]},"Antarctica/McMurdo":{"long":["Нови Зеланд, стандардно време","Нови Зеланд, летње време"]},"America/St_Johns":{"long":["Њуфаундленд, стандардно време","Њуфаундленд, летње време"]},"Pacific/Niue":{"long":["Ниуе време","Ниуе време"]},"Pacific/Norfolk":{"long":["Норфолк Острво, стандардно време","Норфолк Острво, летње време"]},"America/Noronha":{"long":["Фернандо де Нороња, стандардно време","Фернандо де Нороња, летње време"]},"Asia/Novosibirsk":{"long":["Новосибирск, стандардно време","Новосибирск, летње време"]},"Asia/Omsk":{"long":["Омск, стандардно време","Омск, летње време"]},"Pacific/Palau":{"long":["Палау време","Палау време"]},"Pacific/Port_Moresby":{"long":["Папуа Нова Гвинеја време","Папуа Нова Гвинеја време"]},"America/Asuncion":{"long":["Парагвај, стандардно време","Парагвај, летње време"]},"America/Lima":{"long":["Перу, стандардно време","Перу, летње време"]},"Asia/Manila":{"long":["Филипини, стандардно време","Филипини, летње време"]},"Pacific/Enderbury":{"long":["Феникс острва време","Феникс острва време"]},"America/Miquelon":{"long":["Сен Пјер и Микелон, стандардно време","Сен Пјер и Микелон, летње време"]},"Pacific/Pitcairn":{"long":["Питкерн време","Питкерн време"]},"Pacific/Ponape":{"long":["Понпеј време","Понпеј време"]},"Asia/Pyongyang":{"long":["Пјонгјаншко време","Пјонгјаншко време"]},"Indian/Reunion":{"long":["Реинион време","Реинион време"]},"Antarctica/Rothera":{"long":["Ротера време","Ротера време"]},"Asia/Sakhalin":{"long":["Сахалин, стандардно време","Сахалин, летње време"]},"Pacific/Pago_Pago":{"long":["Самоа, стандардно време","Самоа, летње време"]},"Indian/Mahe":{"long":["Сејшели време","Сејшели време"]},"Asia/Singapore":{"long":["Сингапур, стандардно време","Сингапур, стандардно време"]},"Pacific/Guadalcanal":{"long":["Соломонска Острва време","Соломонска Острва време"]},"Atlantic/South_Georgia":{"long":["Јужна Џорџија време","Јужна Џорџија време"]},"Asia/Yekaterinburg":{"long":["Јекатеринбург, стандардно време","Јекатеринбург, летње време"]},"Antarctica/Syowa":{"long":["Шова време","Шова време"]},"Pacific/Tahiti":{"long":["Тахити време","Тахити време"]},"Asia/Taipei":{"long":["Тајпеј, стандардно време","Тајпеј, летње време"]},"Asia/Tashkent":{"long":["Узбекистан, стандардно време","Узбекистан, летње време"]},"Pacific/Fakaofo":{"long":["Токелау време","Токелау време"]},"Pacific/Tongatapu":{"long":["Тонга, стандардно време","Тонга, летње време"]},"Pacific/Truk":{"long":["Чуук време","Чуук време"]},"Pacific/Funafuti":{"long":["Тувалу време","Тувалу време"]},"America/Montevideo":{"long":["Уругвај, стандардно време","Уругвај, летње време"]},"Pacific/Efate":{"long":["Вануату, стандардно време","Вануату, летње време"]},"America/Caracas":{"long":["Венецуела време","Венецуела време"]},"Asia/Vladivostok":{"long":["Владивосток, стандардно време","Владивосток, летње време"]},"Europe/Volgograd":{"long":["Волгоград, стандардно време","Волгоград, летње време"]},"Antarctica/Vostok":{"long":["Восток време","Восток време"]},"Pacific/Wake":{"long":["Вејк острво време","Вејк острво време"]},"Pacific/Wallis":{"long":["Валис и Футуна Острва време","Валис и Футуна Острва време"]},"Asia/Yakutsk":{"long":["Јакутск, стандардно време","Јакутск, летње време"]},"UTC":{"long":["Координисано универзално време","Координисано универзално време"],"short":["UTC","UTC"]}},"gmtFormat":"GMT{0}","hourFormat":"+HH:mm;-HH:mm","dateFormat":{"full":"EEEE, dd. MMMM y.","long":"dd. MMMM y.","medium":"dd.MM.y.","short":"d.M.yy."},"timeFormat":{"full":"HH:mm:ss zzzz","long":"HH:mm:ss z","medium":"HH:mm:ss","short":"HH:mm"},"dateTimeFormat":{"full":"{1} {0}","long":"{1} {0}","medium":"{1} {0}","short":"{1} {0}"},"formats":{"gregory":{"Bh":"h B","Bhm":"hh:mm B","Bhms":"hh:mm:ss B","d":"d","E":"E","EBhm":"E hh:mm B","EBhms":"E hh:mm:ss B","Ed":"E d.","Ehm":"E h:mm a","EHm":"E HH:mm","Ehms":"E h:mm:ss a","EHms":"E HH:mm:ss","Gy":"y. G","GyMMM":"MMM y. G","GyMMMd":"d. MMM y. G","GyMMMEd":"E, d. MMM y. G","h":"h a","H":"HH","hm":"h:mm a","Hm":"HH:mm","hms":"h:mm:ss a","Hms":"HH:mm:ss","hmsv":"h:mm:ss a v","Hmsv":"HH:mm:ss v","hmv":"h:mm a v","Hmv":"HH:mm v","M":"L","Md":"d.M.","MEd":"E, d.M.","MMdd":"dd.MM.","MMM":"LLL","MMMd":"d. MMM","MMMdd":"dd.MMM","MMMEd":"E d. MMM","MMMMd":"d. MMMM","MMMMEd":"E, d. MMMM","ms":"mm:ss","y":"y.","yM":"M.y.","yMd":"d.M.y.","yMEd":"E, d.M.y.","yMM":"MM.y.","yMMdd":"dd.MM.y.","yMMM":"MMM y.","yMMMd":"d. MMM y.","yMMMEd":"E, d. MMM y.","yMMMM":"MMMM y.","EEEE, dd. MMMM y.":"EEEE, dd. MMMM y.","dd. MMMM y.":"dd. MMMM y.","dd.MM.y.":"dd.MM.y.","d.M.yy.":"d.M.yy.","HH:mm:ss zzzz":"HH:mm:ss zzzz","HH:mm:ss z":"HH:mm:ss z","HH:mm:ss":"HH:mm:ss","HH:mm":"HH:mm","EEEE, dd. MMMM y. HH:mm:ss zzzz":"EEEE, dd. MMMM y. HH:mm:ss zzzz","dd. MMMM y. HH:mm:ss zzzz":"dd. MMMM y. HH:mm:ss zzzz","dd.MM.y. HH:mm:ss zzzz":"dd.MM.y. HH:mm:ss zzzz","d.M.yy. HH:mm:ss zzzz":"d.M.yy. HH:mm:ss zzzz","d HH:mm:ss zzzz":"d HH:mm:ss zzzz","E HH:mm:ss zzzz":"E HH:mm:ss zzzz","Ed HH:mm:ss zzzz":"E d. HH:mm:ss zzzz","Gy HH:mm:ss zzzz":"y. G HH:mm:ss zzzz","GyMMM HH:mm:ss zzzz":"MMM y. G HH:mm:ss zzzz","GyMMMd HH:mm:ss zzzz":"d. MMM y. G HH:mm:ss zzzz","GyMMMEd HH:mm:ss zzzz":"E, d. MMM y. G HH:mm:ss zzzz","M HH:mm:ss zzzz":"L HH:mm:ss zzzz","Md HH:mm:ss zzzz":"d.M. HH:mm:ss zzzz","MEd HH:mm:ss zzzz":"E, d.M. HH:mm:ss zzzz","MMdd HH:mm:ss zzzz":"dd.MM. HH:mm:ss zzzz","MMM HH:mm:ss zzzz":"LLL HH:mm:ss zzzz","MMMd HH:mm:ss zzzz":"d. MMM HH:mm:ss zzzz","MMMdd HH:mm:ss zzzz":"dd.MMM HH:mm:ss zzzz","MMMEd HH:mm:ss zzzz":"E d. MMM HH:mm:ss zzzz","MMMMd HH:mm:ss zzzz":"d. MMMM HH:mm:ss zzzz","MMMMEd HH:mm:ss zzzz":"E, d. MMMM HH:mm:ss zzzz","y HH:mm:ss zzzz":"y. HH:mm:ss zzzz","yM HH:mm:ss zzzz":"M.y. HH:mm:ss zzzz","yMd HH:mm:ss zzzz":"d.M.y. HH:mm:ss zzzz","yMEd HH:mm:ss zzzz":"E, d.M.y. HH:mm:ss zzzz","yMM HH:mm:ss zzzz":"MM.y. HH:mm:ss zzzz","yMMdd HH:mm:ss zzzz":"dd.MM.y. HH:mm:ss zzzz","yMMM HH:mm:ss zzzz":"MMM y. HH:mm:ss zzzz","yMMMd HH:mm:ss zzzz":"d. MMM y. HH:mm:ss zzzz","yMMMEd HH:mm:ss zzzz":"E, d. MMM y. HH:mm:ss zzzz","yMMMM HH:mm:ss zzzz":"MMMM y. HH:mm:ss zzzz","EEEE, dd. MMMM y. HH:mm:ss z":"EEEE, dd. MMMM y. HH:mm:ss z","dd. MMMM y. HH:mm:ss z":"dd. MMMM y. HH:mm:ss z","dd.MM.y. HH:mm:ss z":"dd.MM.y. HH:mm:ss z","d.M.yy. HH:mm:ss z":"d.M.yy. HH:mm:ss z","d HH:mm:ss z":"d HH:mm:ss z","E HH:mm:ss z":"E HH:mm:ss z","Ed HH:mm:ss z":"E d. HH:mm:ss z","Gy HH:mm:ss z":"y. G HH:mm:ss z","GyMMM HH:mm:ss z":"MMM y. G HH:mm:ss z","GyMMMd HH:mm:ss z":"d. MMM y. G HH:mm:ss z","GyMMMEd HH:mm:ss z":"E, d. MMM y. G HH:mm:ss z","M HH:mm:ss z":"L HH:mm:ss z","Md HH:mm:ss z":"d.M. HH:mm:ss z","MEd HH:mm:ss z":"E, d.M. HH:mm:ss z","MMdd HH:mm:ss z":"dd.MM. HH:mm:ss z","MMM HH:mm:ss z":"LLL HH:mm:ss z","MMMd HH:mm:ss z":"d. MMM HH:mm:ss z","MMMdd HH:mm:ss z":"dd.MMM HH:mm:ss z","MMMEd HH:mm:ss z":"E d. MMM HH:mm:ss z","MMMMd HH:mm:ss z":"d. MMMM HH:mm:ss z","MMMMEd HH:mm:ss z":"E, d. MMMM HH:mm:ss z","y HH:mm:ss z":"y. HH:mm:ss z","yM HH:mm:ss z":"M.y. HH:mm:ss z","yMd HH:mm:ss z":"d.M.y. HH:mm:ss z","yMEd HH:mm:ss z":"E, d.M.y. HH:mm:ss z","yMM HH:mm:ss z":"MM.y. HH:mm:ss z","yMMdd HH:mm:ss z":"dd.MM.y. HH:mm:ss z","yMMM HH:mm:ss z":"MMM y. HH:mm:ss z","yMMMd HH:mm:ss z":"d. MMM y. HH:mm:ss z","yMMMEd HH:mm:ss z":"E, d. MMM y. HH:mm:ss z","yMMMM HH:mm:ss z":"MMMM y. HH:mm:ss z","EEEE, dd. MMMM y. HH:mm:ss":"EEEE, dd. MMMM y. HH:mm:ss","dd. MMMM y. HH:mm:ss":"dd. MMMM y. HH:mm:ss","dd.MM.y. HH:mm:ss":"dd.MM.y. HH:mm:ss","d.M.yy. HH:mm:ss":"d.M.yy. HH:mm:ss","d HH:mm:ss":"d HH:mm:ss","E HH:mm:ss":"E HH:mm:ss","Ed HH:mm:ss":"E d. HH:mm:ss","Gy HH:mm:ss":"y. G HH:mm:ss","GyMMM HH:mm:ss":"MMM y. G HH:mm:ss","GyMMMd HH:mm:ss":"d. MMM y. G HH:mm:ss","GyMMMEd HH:mm:ss":"E, d. MMM y. G HH:mm:ss","M HH:mm:ss":"L HH:mm:ss","Md HH:mm:ss":"d.M. HH:mm:ss","MEd HH:mm:ss":"E, d.M. HH:mm:ss","MMdd HH:mm:ss":"dd.MM. HH:mm:ss","MMM HH:mm:ss":"LLL HH:mm:ss","MMMd HH:mm:ss":"d. MMM HH:mm:ss","MMMdd HH:mm:ss":"dd.MMM HH:mm:ss","MMMEd HH:mm:ss":"E d. MMM HH:mm:ss","MMMMd HH:mm:ss":"d. MMMM HH:mm:ss","MMMMEd HH:mm:ss":"E, d. MMMM HH:mm:ss","y HH:mm:ss":"y. HH:mm:ss","yM HH:mm:ss":"M.y. HH:mm:ss","yMd HH:mm:ss":"d.M.y. HH:mm:ss","yMEd HH:mm:ss":"E, d.M.y. HH:mm:ss","yMM HH:mm:ss":"MM.y. HH:mm:ss","yMMdd HH:mm:ss":"dd.MM.y. HH:mm:ss","yMMM HH:mm:ss":"MMM y. HH:mm:ss","yMMMd HH:mm:ss":"d. MMM y. HH:mm:ss","yMMMEd HH:mm:ss":"E, d. MMM y. HH:mm:ss","yMMMM HH:mm:ss":"MMMM y. HH:mm:ss","EEEE, dd. MMMM y. HH:mm":"EEEE, dd. MMMM y. HH:mm","dd. MMMM y. HH:mm":"dd. MMMM y. HH:mm","dd.MM.y. HH:mm":"dd.MM.y. HH:mm","d.M.yy. HH:mm":"d.M.yy. HH:mm","d HH:mm":"d HH:mm","E HH:mm":"E HH:mm","Ed HH:mm":"E d. HH:mm","Gy HH:mm":"y. G HH:mm","GyMMM HH:mm":"MMM y. G HH:mm","GyMMMd HH:mm":"d. MMM y. G HH:mm","GyMMMEd HH:mm":"E, d. MMM y. G HH:mm","M HH:mm":"L HH:mm","Md HH:mm":"d.M. HH:mm","MEd HH:mm":"E, d.M. HH:mm","MMdd HH:mm":"dd.MM. HH:mm","MMM HH:mm":"LLL HH:mm","MMMd HH:mm":"d. MMM HH:mm","MMMdd HH:mm":"dd.MMM HH:mm","MMMEd HH:mm":"E d. MMM HH:mm","MMMMd HH:mm":"d. MMMM HH:mm","MMMMEd HH:mm":"E, d. MMMM HH:mm","y HH:mm":"y. HH:mm","yM HH:mm":"M.y. HH:mm","yMd HH:mm":"d.M.y. HH:mm","yMEd HH:mm":"E, d.M.y. HH:mm","yMM HH:mm":"MM.y. HH:mm","yMMdd HH:mm":"dd.MM.y. HH:mm","yMMM HH:mm":"MMM y. HH:mm","yMMMd HH:mm":"d. MMM y. HH:mm","yMMMEd HH:mm":"E, d. MMM y. HH:mm","yMMMM HH:mm":"MMMM y. HH:mm","EEEE, dd. MMMM y. Bh":"EEEE, dd. MMMM y. h B","dd. MMMM y. Bh":"dd. MMMM y. h B","dd.MM.y. Bh":"dd.MM.y. h B","d.M.yy. Bh":"d.M.yy. h B","d Bh":"d h B","E Bh":"E h B","Ed Bh":"E d. h B","Gy Bh":"y. G h B","GyMMM Bh":"MMM y. G h B","GyMMMd Bh":"d. MMM y. G h B","GyMMMEd Bh":"E, d. MMM y. G h B","M Bh":"L h B","Md Bh":"d.M. h B","MEd Bh":"E, d.M. h B","MMdd Bh":"dd.MM. h B","MMM Bh":"LLL h B","MMMd Bh":"d. MMM h B","MMMdd Bh":"dd.MMM h B","MMMEd Bh":"E d. MMM h B","MMMMd Bh":"d. MMMM h B","MMMMEd Bh":"E, d. MMMM h B","y Bh":"y. h B","yM Bh":"M.y. h B","yMd Bh":"d.M.y. h B","yMEd Bh":"E, d.M.y. h B","yMM Bh":"MM.y. h B","yMMdd Bh":"dd.MM.y. h B","yMMM Bh":"MMM y. h B","yMMMd Bh":"d. MMM y. h B","yMMMEd Bh":"E, d. MMM y. h B","yMMMM Bh":"MMMM y. h B","EEEE, dd. MMMM y. Bhm":"EEEE, dd. MMMM y. hh:mm B","dd. MMMM y. Bhm":"dd. MMMM y. hh:mm B","dd.MM.y. Bhm":"dd.MM.y. hh:mm B","d.M.yy. Bhm":"d.M.yy. hh:mm B","d Bhm":"d hh:mm B","E Bhm":"E hh:mm B","Ed Bhm":"E d. hh:mm B","Gy Bhm":"y. G hh:mm B","GyMMM Bhm":"MMM y. G hh:mm B","GyMMMd Bhm":"d. MMM y. G hh:mm B","GyMMMEd Bhm":"E, d. MMM y. G hh:mm B","M Bhm":"L hh:mm B","Md Bhm":"d.M. hh:mm B","MEd Bhm":"E, d.M. hh:mm B","MMdd Bhm":"dd.MM. hh:mm B","MMM Bhm":"LLL hh:mm B","MMMd Bhm":"d. MMM hh:mm B","MMMdd Bhm":"dd.MMM hh:mm B","MMMEd Bhm":"E d. MMM hh:mm B","MMMMd Bhm":"d. MMMM hh:mm B","MMMMEd Bhm":"E, d. MMMM hh:mm B","y Bhm":"y. hh:mm B","yM Bhm":"M.y. hh:mm B","yMd Bhm":"d.M.y. hh:mm B","yMEd Bhm":"E, d.M.y. hh:mm B","yMM Bhm":"MM.y. hh:mm B","yMMdd Bhm":"dd.MM.y. hh:mm B","yMMM Bhm":"MMM y. hh:mm B","yMMMd Bhm":"d. MMM y. hh:mm B","yMMMEd Bhm":"E, d. MMM y. hh:mm B","yMMMM Bhm":"MMMM y. hh:mm B","EEEE, dd. MMMM y. Bhms":"EEEE, dd. MMMM y. hh:mm:ss B","dd. MMMM y. Bhms":"dd. MMMM y. hh:mm:ss B","dd.MM.y. Bhms":"dd.MM.y. hh:mm:ss B","d.M.yy. Bhms":"d.M.yy. hh:mm:ss B","d Bhms":"d hh:mm:ss B","E Bhms":"E hh:mm:ss B","Ed Bhms":"E d. hh:mm:ss B","Gy Bhms":"y. G hh:mm:ss B","GyMMM Bhms":"MMM y. G hh:mm:ss B","GyMMMd Bhms":"d. MMM y. G hh:mm:ss B","GyMMMEd Bhms":"E, d. MMM y. G hh:mm:ss B","M Bhms":"L hh:mm:ss B","Md Bhms":"d.M. hh:mm:ss B","MEd Bhms":"E, d.M. hh:mm:ss B","MMdd Bhms":"dd.MM. hh:mm:ss B","MMM Bhms":"LLL hh:mm:ss B","MMMd Bhms":"d. MMM hh:mm:ss B","MMMdd Bhms":"dd.MMM hh:mm:ss B","MMMEd Bhms":"E d. MMM hh:mm:ss B","MMMMd Bhms":"d. MMMM hh:mm:ss B","MMMMEd Bhms":"E, d. MMMM hh:mm:ss B","y Bhms":"y. hh:mm:ss B","yM Bhms":"M.y. hh:mm:ss B","yMd Bhms":"d.M.y. hh:mm:ss B","yMEd Bhms":"E, d.M.y. hh:mm:ss B","yMM Bhms":"MM.y. hh:mm:ss B","yMMdd Bhms":"dd.MM.y. hh:mm:ss B","yMMM Bhms":"MMM y. hh:mm:ss B","yMMMd Bhms":"d. MMM y. hh:mm:ss B","yMMMEd Bhms":"E, d. MMM y. hh:mm:ss B","yMMMM Bhms":"MMMM y. hh:mm:ss B","EEEE, dd. MMMM y. h":"EEEE, dd. MMMM y. h a","dd. MMMM y. h":"dd. MMMM y. h a","dd.MM.y. h":"dd.MM.y. h a","d.M.yy. h":"d.M.yy. h a","d h":"d h a","E h":"E h a","Ed h":"E d. h a","Gy h":"y. G h a","GyMMM h":"MMM y. G h a","GyMMMd h":"d. MMM y. G h a","GyMMMEd h":"E, d. MMM y. G h a","M h":"L h a","Md h":"d.M. h a","MEd h":"E, d.M. h a","MMdd h":"dd.MM. h a","MMM h":"LLL h a","MMMd h":"d. MMM h a","MMMdd h":"dd.MMM h a","MMMEd h":"E d. MMM h a","MMMMd h":"d. MMMM h a","MMMMEd h":"E, d. MMMM h a","y h":"y. h a","yM h":"M.y. h a","yMd h":"d.M.y. h a","yMEd h":"E, d.M.y. h a","yMM h":"MM.y. h a","yMMdd h":"dd.MM.y. h a","yMMM h":"MMM y. h a","yMMMd h":"d. MMM y. h a","yMMMEd h":"E, d. MMM y. h a","yMMMM h":"MMMM y. h a","EEEE, dd. MMMM y. H":"EEEE, dd. MMMM y. HH","dd. MMMM y. H":"dd. MMMM y. HH","dd.MM.y. H":"dd.MM.y. HH","d.M.yy. H":"d.M.yy. HH","d H":"d HH","E H":"E HH","Ed H":"E d. HH","Gy H":"y. G HH","GyMMM H":"MMM y. G HH","GyMMMd H":"d. MMM y. G HH","GyMMMEd H":"E, d. MMM y. G HH","M H":"L HH","Md H":"d.M. HH","MEd H":"E, d.M. HH","MMdd H":"dd.MM. HH","MMM H":"LLL HH","MMMd H":"d. MMM HH","MMMdd H":"dd.MMM HH","MMMEd H":"E d. MMM HH","MMMMd H":"d. MMMM HH","MMMMEd H":"E, d. MMMM HH","y H":"y. HH","yM H":"M.y. HH","yMd H":"d.M.y. HH","yMEd H":"E, d.M.y. HH","yMM H":"MM.y. HH","yMMdd H":"dd.MM.y. HH","yMMM H":"MMM y. HH","yMMMd H":"d. MMM y. HH","yMMMEd H":"E, d. MMM y. HH","yMMMM H":"MMMM y. HH","EEEE, dd. MMMM y. hm":"EEEE, dd. MMMM y. h:mm a","dd. MMMM y. hm":"dd. MMMM y. h:mm a","dd.MM.y. hm":"dd.MM.y. h:mm a","d.M.yy. hm":"d.M.yy. h:mm a","d hm":"d h:mm a","E hm":"E h:mm a","Ed hm":"E d. h:mm a","Gy hm":"y. G h:mm a","GyMMM hm":"MMM y. G h:mm a","GyMMMd hm":"d. MMM y. G h:mm a","GyMMMEd hm":"E, d. MMM y. G h:mm a","M hm":"L h:mm a","Md hm":"d.M. h:mm a","MEd hm":"E, d.M. h:mm a","MMdd hm":"dd.MM. h:mm a","MMM hm":"LLL h:mm a","MMMd hm":"d. MMM h:mm a","MMMdd hm":"dd.MMM h:mm a","MMMEd hm":"E d. MMM h:mm a","MMMMd hm":"d. MMMM h:mm a","MMMMEd hm":"E, d. MMMM h:mm a","y hm":"y. h:mm a","yM hm":"M.y. h:mm a","yMd hm":"d.M.y. h:mm a","yMEd hm":"E, d.M.y. h:mm a","yMM hm":"MM.y. h:mm a","yMMdd hm":"dd.MM.y. h:mm a","yMMM hm":"MMM y. h:mm a","yMMMd hm":"d. MMM y. h:mm a","yMMMEd hm":"E, d. MMM y. h:mm a","yMMMM hm":"MMMM y. h:mm a","EEEE, dd. MMMM y. Hm":"EEEE, dd. MMMM y. HH:mm","dd. MMMM y. Hm":"dd. MMMM y. HH:mm","dd.MM.y. Hm":"dd.MM.y. HH:mm","d.M.yy. Hm":"d.M.yy. HH:mm","d Hm":"d HH:mm","E Hm":"E HH:mm","Ed Hm":"E d. HH:mm","Gy Hm":"y. G HH:mm","GyMMM Hm":"MMM y. G HH:mm","GyMMMd Hm":"d. MMM y. G HH:mm","GyMMMEd Hm":"E, d. MMM y. G HH:mm","M Hm":"L HH:mm","Md Hm":"d.M. HH:mm","MEd Hm":"E, d.M. HH:mm","MMdd Hm":"dd.MM. HH:mm","MMM Hm":"LLL HH:mm","MMMd Hm":"d. MMM HH:mm","MMMdd Hm":"dd.MMM HH:mm","MMMEd Hm":"E d. MMM HH:mm","MMMMd Hm":"d. MMMM HH:mm","MMMMEd Hm":"E, d. MMMM HH:mm","y Hm":"y. HH:mm","yM Hm":"M.y. HH:mm","yMd Hm":"d.M.y. HH:mm","yMEd Hm":"E, d.M.y. HH:mm","yMM Hm":"MM.y. HH:mm","yMMdd Hm":"dd.MM.y. HH:mm","yMMM Hm":"MMM y. HH:mm","yMMMd Hm":"d. MMM y. HH:mm","yMMMEd Hm":"E, d. MMM y. HH:mm","yMMMM Hm":"MMMM y. HH:mm","EEEE, dd. MMMM y. hms":"EEEE, dd. MMMM y. h:mm:ss a","dd. MMMM y. hms":"dd. MMMM y. h:mm:ss a","dd.MM.y. hms":"dd.MM.y. h:mm:ss a","d.M.yy. hms":"d.M.yy. h:mm:ss a","d hms":"d h:mm:ss a","E hms":"E h:mm:ss a","Ed hms":"E d. h:mm:ss a","Gy hms":"y. G h:mm:ss a","GyMMM hms":"MMM y. G h:mm:ss a","GyMMMd hms":"d. MMM y. G h:mm:ss a","GyMMMEd hms":"E, d. MMM y. G h:mm:ss a","M hms":"L h:mm:ss a","Md hms":"d.M. h:mm:ss a","MEd hms":"E, d.M. h:mm:ss a","MMdd hms":"dd.MM. h:mm:ss a","MMM hms":"LLL h:mm:ss a","MMMd hms":"d. MMM h:mm:ss a","MMMdd hms":"dd.MMM h:mm:ss a","MMMEd hms":"E d. MMM h:mm:ss a","MMMMd hms":"d. MMMM h:mm:ss a","MMMMEd hms":"E, d. MMMM h:mm:ss a","y hms":"y. h:mm:ss a","yM hms":"M.y. h:mm:ss a","yMd hms":"d.M.y. h:mm:ss a","yMEd hms":"E, d.M.y. h:mm:ss a","yMM hms":"MM.y. h:mm:ss a","yMMdd hms":"dd.MM.y. h:mm:ss a","yMMM hms":"MMM y. h:mm:ss a","yMMMd hms":"d. MMM y. h:mm:ss a","yMMMEd hms":"E, d. MMM y. h:mm:ss a","yMMMM hms":"MMMM y. h:mm:ss a","EEEE, dd. MMMM y. Hms":"EEEE, dd. MMMM y. HH:mm:ss","dd. MMMM y. Hms":"dd. MMMM y. HH:mm:ss","dd.MM.y. Hms":"dd.MM.y. HH:mm:ss","d.M.yy. Hms":"d.M.yy. HH:mm:ss","d Hms":"d HH:mm:ss","E Hms":"E HH:mm:ss","Ed Hms":"E d. HH:mm:ss","Gy Hms":"y. G HH:mm:ss","GyMMM Hms":"MMM y. G HH:mm:ss","GyMMMd Hms":"d. MMM y. G HH:mm:ss","GyMMMEd Hms":"E, d. MMM y. G HH:mm:ss","M Hms":"L HH:mm:ss","Md Hms":"d.M. HH:mm:ss","MEd Hms":"E, d.M. HH:mm:ss","MMdd Hms":"dd.MM. HH:mm:ss","MMM Hms":"LLL HH:mm:ss","MMMd Hms":"d. MMM HH:mm:ss","MMMdd Hms":"dd.MMM HH:mm:ss","MMMEd Hms":"E d. MMM HH:mm:ss","MMMMd Hms":"d. MMMM HH:mm:ss","MMMMEd Hms":"E, d. MMMM HH:mm:ss","y Hms":"y. HH:mm:ss","yM Hms":"M.y. HH:mm:ss","yMd Hms":"d.M.y. HH:mm:ss","yMEd Hms":"E, d.M.y. HH:mm:ss","yMM Hms":"MM.y. HH:mm:ss","yMMdd Hms":"dd.MM.y. HH:mm:ss","yMMM Hms":"MMM y. HH:mm:ss","yMMMd Hms":"d. MMM y. HH:mm:ss","yMMMEd Hms":"E, d. MMM y. HH:mm:ss","yMMMM Hms":"MMMM y. HH:mm:ss","EEEE, dd. MMMM y. hmsv":"EEEE, dd. MMMM y. h:mm:ss a v","dd. MMMM y. hmsv":"dd. MMMM y. h:mm:ss a v","dd.MM.y. hmsv":"dd.MM.y. h:mm:ss a v","d.M.yy. hmsv":"d.M.yy. h:mm:ss a v","d hmsv":"d h:mm:ss a v","E hmsv":"E h:mm:ss a v","Ed hmsv":"E d. h:mm:ss a v","Gy hmsv":"y. G h:mm:ss a v","GyMMM hmsv":"MMM y. G h:mm:ss a v","GyMMMd hmsv":"d. MMM y. G h:mm:ss a v","GyMMMEd hmsv":"E, d. MMM y. G h:mm:ss a v","M hmsv":"L h:mm:ss a v","Md hmsv":"d.M. h:mm:ss a v","MEd hmsv":"E, d.M. h:mm:ss a v","MMdd hmsv":"dd.MM. h:mm:ss a v","MMM hmsv":"LLL h:mm:ss a v","MMMd hmsv":"d. MMM h:mm:ss a v","MMMdd hmsv":"dd.MMM h:mm:ss a v","MMMEd hmsv":"E d. MMM h:mm:ss a v","MMMMd hmsv":"d. MMMM h:mm:ss a v","MMMMEd hmsv":"E, d. MMMM h:mm:ss a v","y hmsv":"y. h:mm:ss a v","yM hmsv":"M.y. h:mm:ss a v","yMd hmsv":"d.M.y. h:mm:ss a v","yMEd hmsv":"E, d.M.y. h:mm:ss a v","yMM hmsv":"MM.y. h:mm:ss a v","yMMdd hmsv":"dd.MM.y. h:mm:ss a v","yMMM hmsv":"MMM y. h:mm:ss a v","yMMMd hmsv":"d. MMM y. h:mm:ss a v","yMMMEd hmsv":"E, d. MMM y. h:mm:ss a v","yMMMM hmsv":"MMMM y. h:mm:ss a v","EEEE, dd. MMMM y. Hmsv":"EEEE, dd. MMMM y. HH:mm:ss v","dd. MMMM y. Hmsv":"dd. MMMM y. HH:mm:ss v","dd.MM.y. Hmsv":"dd.MM.y. HH:mm:ss v","d.M.yy. Hmsv":"d.M.yy. HH:mm:ss v","d Hmsv":"d HH:mm:ss v","E Hmsv":"E HH:mm:ss v","Ed Hmsv":"E d. HH:mm:ss v","Gy Hmsv":"y. G HH:mm:ss v","GyMMM Hmsv":"MMM y. G HH:mm:ss v","GyMMMd Hmsv":"d. MMM y. G HH:mm:ss v","GyMMMEd Hmsv":"E, d. MMM y. G HH:mm:ss v","M Hmsv":"L HH:mm:ss v","Md Hmsv":"d.M. HH:mm:ss v","MEd Hmsv":"E, d.M. HH:mm:ss v","MMdd Hmsv":"dd.MM. HH:mm:ss v","MMM Hmsv":"LLL HH:mm:ss v","MMMd Hmsv":"d. MMM HH:mm:ss v","MMMdd Hmsv":"dd.MMM HH:mm:ss v","MMMEd Hmsv":"E d. MMM HH:mm:ss v","MMMMd Hmsv":"d. MMMM HH:mm:ss v","MMMMEd Hmsv":"E, d. MMMM HH:mm:ss v","y Hmsv":"y. HH:mm:ss v","yM Hmsv":"M.y. HH:mm:ss v","yMd Hmsv":"d.M.y. HH:mm:ss v","yMEd Hmsv":"E, d.M.y. HH:mm:ss v","yMM Hmsv":"MM.y. HH:mm:ss v","yMMdd Hmsv":"dd.MM.y. HH:mm:ss v","yMMM Hmsv":"MMM y. HH:mm:ss v","yMMMd Hmsv":"d. MMM y. HH:mm:ss v","yMMMEd Hmsv":"E, d. MMM y. HH:mm:ss v","yMMMM Hmsv":"MMMM y. HH:mm:ss v","EEEE, dd. MMMM y. hmv":"EEEE, dd. MMMM y. h:mm a v","dd. MMMM y. hmv":"dd. MMMM y. h:mm a v","dd.MM.y. hmv":"dd.MM.y. h:mm a v","d.M.yy. hmv":"d.M.yy. h:mm a v","d hmv":"d h:mm a v","E hmv":"E h:mm a v","Ed hmv":"E d. h:mm a v","Gy hmv":"y. G h:mm a v","GyMMM hmv":"MMM y. G h:mm a v","GyMMMd hmv":"d. MMM y. G h:mm a v","GyMMMEd hmv":"E, d. MMM y. G h:mm a v","M hmv":"L h:mm a v","Md hmv":"d.M. h:mm a v","MEd hmv":"E, d.M. h:mm a v","MMdd hmv":"dd.MM. h:mm a v","MMM hmv":"LLL h:mm a v","MMMd hmv":"d. MMM h:mm a v","MMMdd hmv":"dd.MMM h:mm a v","MMMEd hmv":"E d. MMM h:mm a v","MMMMd hmv":"d. MMMM h:mm a v","MMMMEd hmv":"E, d. MMMM h:mm a v","y hmv":"y. h:mm a v","yM hmv":"M.y. h:mm a v","yMd hmv":"d.M.y. h:mm a v","yMEd hmv":"E, d.M.y. h:mm a v","yMM hmv":"MM.y. h:mm a v","yMMdd hmv":"dd.MM.y. h:mm a v","yMMM hmv":"MMM y. h:mm a v","yMMMd hmv":"d. MMM y. h:mm a v","yMMMEd hmv":"E, d. MMM y. h:mm a v","yMMMM hmv":"MMMM y. h:mm a v","EEEE, dd. MMMM y. Hmv":"EEEE, dd. MMMM y. HH:mm v","dd. MMMM y. Hmv":"dd. MMMM y. HH:mm v","dd.MM.y. Hmv":"dd.MM.y. HH:mm v","d.M.yy. Hmv":"d.M.yy. HH:mm v","d Hmv":"d HH:mm v","E Hmv":"E HH:mm v","Ed Hmv":"E d. HH:mm v","Gy Hmv":"y. G HH:mm v","GyMMM Hmv":"MMM y. G HH:mm v","GyMMMd Hmv":"d. MMM y. G HH:mm v","GyMMMEd Hmv":"E, d. MMM y. G HH:mm v","M Hmv":"L HH:mm v","Md Hmv":"d.M. HH:mm v","MEd Hmv":"E, d.M. HH:mm v","MMdd Hmv":"dd.MM. HH:mm v","MMM Hmv":"LLL HH:mm v","MMMd Hmv":"d. MMM HH:mm v","MMMdd Hmv":"dd.MMM HH:mm v","MMMEd Hmv":"E d. MMM HH:mm v","MMMMd Hmv":"d. MMMM HH:mm v","MMMMEd Hmv":"E, d. MMMM HH:mm v","y Hmv":"y. HH:mm v","yM Hmv":"M.y. HH:mm v","yMd Hmv":"d.M.y. HH:mm v","yMEd Hmv":"E, d.M.y. HH:mm v","yMM Hmv":"MM.y. HH:mm v","yMMdd Hmv":"dd.MM.y. HH:mm v","yMMM Hmv":"MMM y. HH:mm v","yMMMd Hmv":"d. MMM y. HH:mm v","yMMMEd Hmv":"E, d. MMM y. HH:mm v","yMMMM Hmv":"MMMM y. HH:mm v","EEEE, dd. MMMM y. ms":"EEEE, dd. MMMM y. mm:ss","dd. MMMM y. ms":"dd. MMMM y. mm:ss","dd.MM.y. ms":"dd.MM.y. mm:ss","d.M.yy. ms":"d.M.yy. mm:ss","d ms":"d mm:ss","E ms":"E mm:ss","Ed ms":"E d. mm:ss","Gy ms":"y. G mm:ss","GyMMM ms":"MMM y. G mm:ss","GyMMMd ms":"d. MMM y. G mm:ss","GyMMMEd ms":"E, d. MMM y. G mm:ss","M ms":"L mm:ss","Md ms":"d.M. mm:ss","MEd ms":"E, d.M. mm:ss","MMdd ms":"dd.MM. mm:ss","MMM ms":"LLL mm:ss","MMMd ms":"d. MMM mm:ss","MMMdd ms":"dd.MMM mm:ss","MMMEd ms":"E d. MMM mm:ss","MMMMd ms":"d. MMMM mm:ss","MMMMEd ms":"E, d. MMMM mm:ss","y ms":"y. mm:ss","yM ms":"M.y. mm:ss","yMd ms":"d.M.y. mm:ss","yMEd ms":"E, d.M.y. mm:ss","yMM ms":"MM.y. mm:ss","yMMdd ms":"dd.MM.y. mm:ss","yMMM ms":"MMM y. mm:ss","yMMMd ms":"d. MMM y. mm:ss","yMMMEd ms":"E, d. MMM y. mm:ss","yMMMM ms":"MMMM y. mm:ss"}},"intervalFormats":{"intervalFormatFallback":"{0} – {1}","Bh":{"B":"h B – h B","h":"h–h B"},"Bhm":{"B":"h:mm B – h:mm B","h":"h:mm–h:mm B","m":"h:mm–h:mm B"},"d":{"d":"d–d"},"Gy":{"G":"G y – G y","y":"G y–y"},"GyM":{"G":"GGGGG y-MM – GGGGG y-MM","M":"GGGGG y-MM – y-MM","y":"GGGGG y-MM – y-MM"},"GyMd":{"d":"GGGGG y-MM-dd – y-MM-dd","G":"GGGGG y-MM-dd – GGGGG y-MM-dd","M":"GGGGG y-MM-dd – y-MM-dd","y":"GGGGG y-MM-dd – y-MM-dd"},"GyMEd":{"d":"GGGGG y-MM-dd, E – y-MM-dd, E","G":"GGGGG y-MM-dd, E – GGGGG y-MM-dd, E","M":"GGGGG y-MM-dd, E – y-MM-dd, E","y":"GGGGG y-MM-dd, E – y-MM-dd, E"},"GyMMM":{"G":"G y MMM – G y MMM","M":"G y MMM–MMM","y":"G y MMM – y MMM"},"GyMMMd":{"d":"G y MMM d–d","G":"G y MMM d – G y MMM d","M":"G y MMM d – MMM d","y":"G y MMM d – y MMM d"},"GyMMMEd":{"d":"G y MMM d, E – MMM d, E","G":"G y MMM d, E – G y MMM d, E","M":"G y MMM d, E – MMM d, E","y":"G y MMM d, E – y MMM d, E"},"h":{"a":"h a – h a","h":"h–h a"},"H":{"H":"HH–HH"},"hm":{"a":"h:mm a – h:mm a","h":"h:mm–h:mm a","m":"h:mm–h:mm a"},"Hm":{"H":"HH:mm–HH:mm","m":"HH:mm–HH:mm"},"hmv":{"a":"h:mm a – h:mm a v","h":"h:mm–h:mm a v","m":"h:mm–h:mm a v"},"Hmv":{"H":"HH:mm–HH:mm v","m":"HH:mm–HH:mm v"},"hv":{"a":"h a – h a v","h":"h–h a v"},"Hv":{"H":"HH–HH v"},"M":{"M":"M–M"},"Md":{"d":"d.M – d.M","M":"d.M – d.M"},"MEd":{"d":"E, d.M – E, d.M","M":"E, d.M – E, d.M"},"MMM":{"M":"MMM–MMM"},"MMMd":{"d":"dd.–dd. MMM","M":"dd. MMM – dd. MMM"},"MMMEd":{"d":"E, dd. – E, dd. MMM","M":"E, dd. MMM – E, dd. MMM"},"y":{"y":"y–y"},"yM":{"M":"M – M, y","y":"M.y. – M.y."},"yMd":{"d":"d.M.y. – d.M.y.","M":"d.M.y. – d.M.y.","y":"d.M.y. – d.M.y."},"yMEd":{"d":"E, d.M.y. – E, d.M.y.","M":"E, d.M.y. – E, d.M.y.","y":"E, d.M.y. – E, d.M.y."},"yMMM":{"M":"MMM–MMM y.","y":"MMM y. – MMM y."},"yMMMd":{"d":"dd.–dd. MMM y.","M":"dd. MMM – dd. MMM y.","y":"dd. MMM y. – dd. MMM y."},"yMMMEd":{"d":"E, dd. – E, dd. MMM y.","M":"E, dd. MMM – E, dd. MMM y.","y":"E, dd. MMM y. – E, dd. MMM y."},"yMMMM":{"M":"MMMM – MMMM y.","y":"MMMM y. – MMMM y."}},"hourCycle":"h23","nu":["latn"],"ca":["gregory"],"hc":["h23","","h12"]},"locale":"sr"}
