{"data":{"am":"ก่อนเที่ยง","pm":"หลังเที่ยง","weekday":{"narrow":["อา","จ","อ","พ","พฤ","ศ","ส"],"short":["อา.","จ.","อ.","พ.","พฤ.","ศ.","ส."],"long":["วันอาทิตย์","วันจันทร์","วันอังคาร","วันพุธ","วันพฤหัสบดี","วันศุกร์","วันเสาร์"]},"era":{"narrow":{"BC":"ก่อน ค.ศ.","AD":"ค.ศ."},"short":{"BC":"ก่อน ค.ศ.","AD":"ค.ศ."},"long":{"BC":"ปีก่อนคริสตกาล","AD":"คริสต์ศักราช"}},"month":{"narrow":["ม.ค.","ก.พ.","มี.ค.","เม.ย.","พ.ค.","มิ.ย.","ก.ค.","ส.ค.","ก.ย.","ต.ค.","พ.ย.","ธ.ค."],"short":["ม.ค.","ก.พ.","มี.ค.","เม.ย.","พ.ค.","มิ.ย.","ก.ค.","ส.ค.","ก.ย.","ต.ค.","พ.ย.","ธ.ค."],"long":["มกราคม","กุมภาพันธ์","มีนาคม","เมษายน","พฤษภาคม","มิถุนายน","กรกฎาคม","สิงหาคม","กันยายน","ตุลาคม","พฤศจิกายน","ธันวาคม"]},"timeZoneName":{"America/Rio_Branco":{"long":["เวลามาตรฐานอาเกร","เวลาฤดูร้อนอาเกร"]},"Asia/Kabul":{"long":["เวลาอัฟกานิสถาน","เวลาอัฟกานิสถาน"]},"Africa/Maputo":{"long":["เวลาแอฟริกากลาง","เวลาแอฟริกากลาง"]},"Africa/Bujumbura":{"long":["เวลาแอฟริกากลาง","เวลาแอฟริกากลาง"]},"Africa/Gaborone":{"long":["เวลาแอฟริกากลาง","เวลาแอฟริกากลาง"]},"Africa/Lubumbashi":{"long":["เวลาแอฟริกากลาง","เวลาแอฟริกากลาง"]},"Africa/Blantyre":{"long":["เวลาแอฟริกากลาง","เวลาแอฟริกากลาง"]},"Africa/Kigali":{"long":["เวลาแอฟริกากลาง","เวลาแอฟริกากลาง"]},"Africa/Lusaka":{"long":["เวลาแอฟริกากลาง","เวลาแอฟริกากลาง"]},"Africa/Harare":{"long":["เวลาแอฟริกากลาง","เวลาแอฟริกากลาง"]},"Africa/Nairobi":{"long":["เวลาแอฟริกาตะวันออก","เวลาแอฟริกาตะวันออก"]},"Africa/Djibouti":{"long":["เวลาแอฟริกาตะวันออก","เวลาแอฟริกาตะวันออก"]},"Africa/Asmera":{"long":["เวลาแอฟริกาตะวันออก","เวลาแอฟริกาตะวันออก"]},"Africa/Addis_Ababa":{"long":["เวลาแอฟริกาตะวันออก","เวลาแอฟริกาตะวันออก"]},"Indian/Comoro":{"long":["เวลาแอฟริกาตะวันออก","เวลาแอฟริกาตะวันออก"]},"Indian/Antananarivo":{"long":["เวลาแอฟริกาตะวันออก","เวลาแอฟริกาตะวันออก"]},"Africa/Mogadishu":{"long":["เวลาแอฟริกาตะวันออก","เวลาแอฟริกาตะวันออก"]},"Africa/Dar_es_Salaam":{"long":["เวลาแอฟริกาตะวันออก","เวลาแอฟริกาตะวันออก"]},"Africa/Kampala":{"long":["เวลาแอฟริกาตะวันออก","เวลาแอฟริกาตะวันออก"]},"Indian/Mayotte":{"long":["เวลาแอฟริกาตะวันออก","เวลาแอฟริกาตะวันออก"]},"Africa/Johannesburg":{"long":["เวลาแอฟริกาใต้","เวลาแอฟริกาใต้"]},"Africa/Maseru":{"long":["เวลาแอฟริกาใต้","เวลาแอฟริกาใต้"]},"Africa/Mbabane":{"long":["เวลาแอฟริกาใต้","เวลาแอฟริกาใต้"]},"Africa/Lagos":{"long":["เวลามาตรฐานแอฟริกาตะวันตก","เวลาฤดูร้อนแอฟริกาตะวันตก"]},"Africa/Luanda":{"long":["เวลามาตรฐานแอฟริกาตะวันตก","เวลาฤดูร้อนแอฟริกาตะวันตก"]},"Africa/Porto-Novo":{"long":["เวลามาตรฐานแอฟริกาตะวันตก","เวลาฤดูร้อนแอฟริกาตะวันตก"]},"Africa/Kinshasa":{"long":["เวลามาตรฐานแอฟริกาตะวันตก","เวลาฤดูร้อนแอฟริกาตะวันตก"]},"Africa/Bangui":{"long":["เวลามาตรฐานแอฟริกาตะวันตก","เวลาฤดูร้อนแอฟริกาตะวันตก"]},"Africa/Brazzaville":{"long":["เวลามาตรฐานแอฟริกาตะวันตก","เวลาฤดูร้อนแอฟริกาตะวันตก"]},"Africa/Douala":{"long":["เวลามาตรฐานแอฟริกาตะวันตก","เวลาฤดูร้อนแอฟริกาตะวันตก"]},"Africa/Libreville":{"long":["เวลามาตรฐานแอฟริกาตะวันตก","เวลาฤดูร้อนแอฟริกาตะวันตก"]},"Africa/Malabo":{"long":["เวลามาตรฐานแอฟริกาตะวันตก","เวลาฤดูร้อนแอฟริกาตะวันตก"]},"Africa/Niamey":{"long":["เวลามาตรฐานแอฟริกาตะวันตก","เวลาฤดูร้อนแอฟริกาตะวันตก"]},"Africa/Ndjamena":{"long":["เวลามาตรฐานแอฟริกาตะวันตก","เวลาฤดูร้อนแอฟริกาตะวันตก"]},"Asia/Aqtobe":{"long":["เวลาคาซัคสถานตะวันตก","เวลาคาซัคสถานตะวันตก"]},"America/Juneau":{"long":["เวลามาตรฐานอะแลสกา","เวลาออมแสงของอะแลสกา"]},"Asia/Almaty":{"long":["เวลาคาซัคสถานตะวันออก","เวลาคาซัคสถานตะวันออก"]},"America/Manaus":{"long":["เวลามาตรฐานแอมะซอน","เวลาฤดูร้อนแอมะซอน"]},"America/Chicago":{"long":["เวลามาตรฐานตอนกลางในอเมริกาเหนือ","เวลาออมแสงตอนกลางในอเมริกาเหนือ"]},"America/Belize":{"long":["เวลามาตรฐานตอนกลางในอเมริกาเหนือ","เวลาออมแสงตอนกลางในอเมริกาเหนือ"]},"America/Winnipeg":{"long":["เวลามาตรฐานตอนกลางในอเมริกาเหนือ","เวลาออมแสงตอนกลางในอเมริกาเหนือ"]},"America/Costa_Rica":{"long":["เวลามาตรฐานตอนกลางในอเมริกาเหนือ","เวลาออมแสงตอนกลางในอเมริกาเหนือ"]},"America/Guatemala":{"long":["เวลามาตรฐานตอนกลางในอเมริกาเหนือ","เวลาออมแสงตอนกลางในอเมริกาเหนือ"]},"America/Tegucigalpa":{"long":["เวลามาตรฐานตอนกลางในอเมริกาเหนือ","เวลาออมแสงตอนกลางในอเมริกาเหนือ"]},"America/Mexico_City":{"long":["เวลามาตรฐานตอนกลางในอเมริกาเหนือ","เวลาออมแสงตอนกลางในอเมริกาเหนือ"]},"America/El_Salvador":{"long":["เวลามาตรฐานตอนกลางในอเมริกาเหนือ","เวลาออมแสงตอนกลางในอเมริกาเหนือ"]},"America/New_York":{"long":["เวลามาตรฐานทางตะวันออกในอเมริกาเหนือ","เวลาออมแสงทางตะวันออกในอเมริกาเหนือ"]},"America/Nassau":{"long":["เวลามาตรฐานทางตะวันออกในอเมริกาเหนือ","เวลาออมแสงทางตะวันออกในอเมริกาเหนือ"]},"America/Toronto":{"long":["เวลามาตรฐานทางตะวันออกในอเมริกาเหนือ","เวลาออมแสงทางตะวันออกในอเมริกาเหนือ"]},"America/Port-au-Prince":{"long":["เวลามาตรฐานทางตะวันออกในอเมริกาเหนือ","เวลาออมแสงทางตะวันออกในอเมริกาเหนือ"]},"America/Jamaica":{"long":["เวลามาตรฐานทางตะวันออกในอเมริกาเหนือ","เวลาออมแสงทางตะวันออกในอเมริกาเหนือ"]},"America/Cayman":{"long":["เวลามาตรฐานทางตะวันออกในอเมริกาเหนือ","เวลาออมแสงทางตะวันออกในอเมริกาเหนือ"]},"America/Panama":{"long":["เวลามาตรฐานทางตะวันออกในอเมริกาเหนือ","เวลาออมแสงทางตะวันออกในอเมริกาเหนือ"]},"America/Denver":{"long":["เวลามาตรฐานแถบภูเขาในอเมริกาเหนือ","เวลาออมแสงแถบภูเขาในอเมริกาเหนือ"]},"America/Edmonton":{"long":["เวลามาตรฐานแถบภูเขาในอเมริกาเหนือ","เวลาออมแสงแถบภูเขาในอเมริกาเหนือ"]},"America/Hermosillo":{"long":["เวลามาตรฐานแถบภูเขาในอเมริกาเหนือ","เวลาออมแสงแถบภูเขาในอเมริกาเหนือ"]},"America/Los_Angeles":{"long":["เวลามาตรฐานแปซิฟิกในอเมริกาเหนือ","เวลาออมแสงแปซิฟิกในอเมริกาเหนือ"]},"America/Vancouver":{"long":["เวลามาตรฐานแปซิฟิกในอเมริกาเหนือ","เวลาออมแสงแปซิฟิกในอเมริกาเหนือ"]},"America/Tijuana":{"long":["เวลามาตรฐานแปซิฟิกในอเมริกาเหนือ","เวลาออมแสงแปซิฟิกในอเมริกาเหนือ"]},"Asia/Anadyr":{"long":["เวลามาตรฐานอะนาดีร์","เวลาฤดูร้อนอะนาดีร์"]},"Pacific/Apia":{"long":["เวลามาตรฐานอาปีอา","เวลาออมแสงอาปีอา"]},"Asia/Riyadh":{"long":["เวลามาตรฐานอาหรับ","เวลาออมแสงอาหรับ"]},"Asia/Bahrain":{"long":["เวลามาตรฐานอาหรับ","เวลาออมแสงอาหรับ"]},"Asia/Baghdad":{"long":["เวลามาตรฐานอาหรับ","เวลาออมแสงอาหรับ"]},"Asia/Kuwait":{"long":["เวลามาตรฐานอาหรับ","เวลาออมแสงอาหรับ"]},"Asia/Qatar":{"long":["เวลามาตรฐานอาหรับ","เวลาออมแสงอาหรับ"]},"Asia/Aden":{"long":["เวลามาตรฐานอาหรับ","เวลาออมแสงอาหรับ"]},"America/Buenos_Aires":{"long":["เวลามาตรฐานอาร์เจนตินา","เวลาฤดูร้อนอาร์เจนตินา"]},"America/Argentina/San_Luis":{"long":["เวลามาตรฐานทางตะวันตกของอาร์เจนตินา","เวลาฤดูร้อนทางตะวันตกของอาร์เจนตินา"]},"Asia/Ashgabat":{"long":["เวลามาตรฐานเติร์กเมนิสถาน","เวลาฤดูร้อนเติร์กเมนิสถาน"]},"America/Halifax":{"long":["เวลามาตรฐานแอตแลนติก","เวลาออมแสงของแอตแลนติก"]},"America/Antigua":{"long":["เวลามาตรฐานแอตแลนติก","เวลาออมแสงของแอตแลนติก"]},"America/Anguilla":{"long":["เวลามาตรฐานแอตแลนติก","เวลาออมแสงของแอตแลนติก"]},"America/Aruba":{"long":["เวลามาตรฐานแอตแลนติก","เวลาออมแสงของแอตแลนติก"]},"America/Barbados":{"long":["เวลามาตรฐานแอตแลนติก","เวลาออมแสงของแอตแลนติก"]},"Atlantic/Bermuda":{"long":["เวลามาตรฐานแอตแลนติก","เวลาออมแสงของแอตแลนติก"]},"America/Kralendijk":{"long":["เวลามาตรฐานแอตแลนติก","เวลาออมแสงของแอตแลนติก"]},"America/Curacao":{"long":["เวลามาตรฐานแอตแลนติก","เวลาออมแสงของแอตแลนติก"]},"America/Dominica":{"long":["เวลามาตรฐานแอตแลนติก","เวลาออมแสงของแอตแลนติก"]},"America/Grenada":{"long":["เวลามาตรฐานแอตแลนติก","เวลาออมแสงของแอตแลนติก"]},"America/Thule":{"long":["เวลามาตรฐานแอตแลนติก","เวลาออมแสงของแอตแลนติก"]},"America/Guadeloupe":{"long":["เวลามาตรฐานแอตแลนติก","เวลาออมแสงของแอตแลนติก"]},"America/St_Kitts":{"long":["เวลามาตรฐานแอตแลนติก","เวลาออมแสงของแอตแลนติก"]},"America/St_Lucia":{"long":["เวลามาตรฐานแอตแลนติก","เวลาออมแสงของแอตแลนติก"]},"America/Marigot":{"long":["เวลามาตรฐานแอตแลนติก","เวลาออมแสงของแอตแลนติก"]},"America/Martinique":{"long":["เวลามาตรฐานแอตแลนติก","เวลาออมแสงของแอตแลนติก"]},"America/Montserrat":{"long":["เวลามาตรฐานแอตแลนติก","เวลาออมแสงของแอตแลนติก"]},"America/Puerto_Rico":{"long":["เวลามาตรฐานแอตแลนติก","เวลาออมแสงของแอตแลนติก"]},"America/Lower_Princes":{"long":["เวลามาตรฐานแอตแลนติก","เวลาออมแสงของแอตแลนติก"]},"America/Port_of_Spain":{"long":["เวลามาตรฐานแอตแลนติก","เวลาออมแสงของแอตแลนติก"]},"America/St_Vincent":{"long":["เวลามาตรฐานแอตแลนติก","เวลาออมแสงของแอตแลนติก"]},"America/Tortola":{"long":["เวลามาตรฐานแอตแลนติก","เวลาออมแสงของแอตแลนติก"]},"America/St_Thomas":{"long":["เวลามาตรฐานแอตแลนติก","เวลาออมแสงของแอตแลนติก"]},"Australia/Adelaide":{"long":["เวลามาตรฐานทางตอนกลางของออสเตรเลีย","เวลาออมแสงทางตอนกลางของออสเตรเลีย"]},"Australia/Eucla":{"long":["เวลามาตรฐานทางตะวันตกตอนกลางของออสเตรเลีย","เวลาออมแสงทางตะวันตกตอนกลางของออสเตรเลีย"]},"Australia/Sydney":{"long":["เวลามาตรฐานทางตะวันออกของออสเตรเลีย","เวลาออมแสงทางตะวันออกของออสเตรเลีย"]},"Australia/Perth":{"long":["เวลามาตรฐานทางตะวันตกของออสเตรเลีย","เวลาออมแสงทางตะวันตกของออสเตรเลีย"]},"Atlantic/Azores":{"long":["เวลามาตรฐานอะโซร์ส","เวลาฤดูร้อนอะโซร์ส"]},"Asia/Thimphu":{"long":["เวลาภูฏาน","เวลาภูฏาน"]},"America/La_Paz":{"long":["เวลาโบลิเวีย","เวลาโบลิเวีย"]},"Asia/Kuching":{"long":["เวลามาเลเซีย","เวลามาเลเซีย"]},"America/Sao_Paulo":{"long":["เวลามาตรฐานบราซิเลีย","เวลาฤดูร้อนบราซิเลีย"]},"Europe/London":{"long":["เวลามาตรฐานกรีนิช","เวลามาตรฐานกรีนิช"]},"Asia/Brunei":{"long":["เวลาบรูไนดารุสซาลาม","เวลาบรูไนดารุสซาลาม"]},"Atlantic/Cape_Verde":{"long":["เวลามาตรฐานเคปเวิร์ด","เวลาฤดูร้อนเคปเวิร์ด"]},"Antarctica/Casey":{"long":["เวลาเคซีย์","เวลาเคซีย์"]},"Pacific/Saipan":{"long":["เวลาหมู่เกาะมาเรียนาเหนือ","เวลาหมู่เกาะมาเรียนาเหนือ"]},"Pacific/Guam":{"long":["เวลากวม","เวลากวม"]},"Pacific/Chatham":{"long":["เวลามาตรฐานแชทัม","เวลาออมแสงแชทัม"]},"America/Santiago":{"long":["เวลามาตรฐานชิลี","เวลาฤดูร้อนชิลี"]},"Asia/Shanghai":{"long":["เวลามาตรฐานจีน","เวลาออมแสงจีน"]},"Asia/Choibalsan":{"long":["เวลามาตรฐานชอยปาลชาน","เวลาฤดูร้อนชอยปาลชาน"]},"Indian/Christmas":{"long":["เวลาเกาะคริสต์มาส","เวลาเกาะคริสต์มาส"]},"Indian/Cocos":{"long":["เวลาหมู่เกาะโคโคส","เวลาหมู่เกาะโคโคส"]},"America/Bogota":{"long":["เวลามาตรฐานโคลอมเบีย","เวลาฤดูร้อนโคลอมเบีย"]},"Pacific/Rarotonga":{"long":["เวลามาตรฐานหมู่เกาะคุก","เวลาครึ่งฤดูร้อนหมู่เกาะคุก"]},"America/Havana":{"long":["เวลามาตรฐานคิวบา","เวลาออมแสงของคิวบา"]},"Antarctica/Davis":{"long":["เวลาเดวิส","เวลาเดวิส"]},"Antarctica/DumontDUrville":{"long":["เวลาดูมองต์ดูร์วิลล์","เวลาดูมองต์ดูร์วิลล์"]},"Asia/Dushanbe":{"long":["เวลาทาจิกิสถาน","เวลาทาจิกิสถาน"]},"America/Paramaribo":{"long":["เวลาซูรินาเม","เวลาซูรินาเม"]},"Asia/Dili":{"long":["เวลาติมอร์ตะวันออก","เวลาติมอร์ตะวันออก"]},"Pacific/Easter":{"long":["เวลามาตรฐานเกาะอีสเตอร์","เวลาฤดูร้อนเกาะอีสเตอร์"]},"America/Guayaquil":{"long":["เวลาเอกวาดอร์","เวลาเอกวาดอร์"]},"Europe/Paris":{"long":["เวลามาตรฐานยุโรปกลาง","เวลาฤดูร้อนยุโรปกลาง"]},"Europe/Andorra":{"long":["เวลามาตรฐานยุโรปกลาง","เวลาฤดูร้อนยุโรปกลาง"]},"Europe/Tirane":{"long":["เวลามาตรฐานยุโรปกลาง","เวลาฤดูร้อนยุโรปกลาง"]},"Europe/Vienna":{"long":["เวลามาตรฐานยุโรปกลาง","เวลาฤดูร้อนยุโรปกลาง"]},"Europe/Sarajevo":{"long":["เวลามาตรฐานยุโรปกลาง","เวลาฤดูร้อนยุโรปกลาง"]},"Europe/Brussels":{"long":["เวลามาตรฐานยุโรปกลาง","เวลาฤดูร้อนยุโรปกลาง"]},"Europe/Zurich":{"long":["เวลามาตรฐานยุโรปกลาง","เวลาฤดูร้อนยุโรปกลาง"]},"Europe/Prague":{"long":["เวลามาตรฐานยุโรปกลาง","เวลาฤดูร้อนยุโรปกลาง"]},"Europe/Berlin":{"long":["เวลามาตรฐานยุโรปกลาง","เวลาฤดูร้อนยุโรปกลาง"]},"Europe/Copenhagen":{"long":["เวลามาตรฐานยุโรปกลาง","เวลาฤดูร้อนยุโรปกลาง"]},"Europe/Madrid":{"long":["เวลามาตรฐานยุโรปกลาง","เวลาฤดูร้อนยุโรปกลาง"]},"Europe/Gibraltar":{"long":["เวลามาตรฐานยุโรปกลาง","เวลาฤดูร้อนยุโรปกลาง"]},"Europe/Zagreb":{"long":["เวลามาตรฐานยุโรปกลาง","เวลาฤดูร้อนยุโรปกลาง"]},"Europe/Budapest":{"long":["เวลามาตรฐานยุโรปกลาง","เวลาฤดูร้อนยุโรปกลาง"]},"Europe/Rome":{"long":["เวลามาตรฐานยุโรปกลาง","เวลาฤดูร้อนยุโรปกลาง"]},"Europe/Vaduz":{"long":["เวลามาตรฐานยุโรปกลาง","เวลาฤดูร้อนยุโรปกลาง"]},"Europe/Luxembourg":{"long":["เวลามาตรฐานยุโรปกลาง","เวลาฤดูร้อนยุโรปกลาง"]},"Europe/Monaco":{"long":["เวลามาตรฐานยุโรปกลาง","เวลาฤดูร้อนยุโรปกลาง"]},"Europe/Podgorica":{"long":["เวลามาตรฐานยุโรปกลาง","เวลาฤดูร้อนยุโรปกลาง"]},"Europe/Skopje":{"long":["เวลามาตรฐานยุโรปกลาง","เวลาฤดูร้อนยุโรปกลาง"]},"Europe/Malta":{"long":["เวลามาตรฐานยุโรปกลาง","เวลาฤดูร้อนยุโรปกลาง"]},"Europe/Amsterdam":{"long":["เวลามาตรฐานยุโรปกลาง","เวลาฤดูร้อนยุโรปกลาง"]},"Europe/Oslo":{"long":["เวลามาตรฐานยุโรปกลาง","เวลาฤดูร้อนยุโรปกลาง"]},"Europe/Warsaw":{"long":["เวลามาตรฐานยุโรปกลาง","เวลาฤดูร้อนยุโรปกลาง"]},"Europe/Belgrade":{"long":["เวลามาตรฐานยุโรปกลาง","เวลาฤดูร้อนยุโรปกลาง"]},"Europe/Stockholm":{"long":["เวลามาตรฐานยุโรปกลาง","เวลาฤดูร้อนยุโรปกลาง"]},"Europe/Ljubljana":{"long":["เวลามาตรฐานยุโรปกลาง","เวลาฤดูร้อนยุโรปกลาง"]},"Arctic/Longyearbyen":{"long":["เวลามาตรฐานยุโรปกลาง","เวลาฤดูร้อนยุโรปกลาง"]},"Europe/Bratislava":{"long":["เวลามาตรฐานยุโรปกลาง","เวลาฤดูร้อนยุโรปกลาง"]},"Europe/San_Marino":{"long":["เวลามาตรฐานยุโรปกลาง","เวลาฤดูร้อนยุโรปกลาง"]},"Africa/Tunis":{"long":["เวลามาตรฐานยุโรปกลาง","เวลาฤดูร้อนยุโรปกลาง"]},"Europe/Vatican":{"long":["เวลามาตรฐานยุโรปกลาง","เวลาฤดูร้อนยุโรปกลาง"]},"Europe/Bucharest":{"long":["เวลามาตรฐานยุโรปตะวันออก","เวลาฤดูร้อนยุโรปตะวันออก"]},"Europe/Mariehamn":{"long":["เวลามาตรฐานยุโรปตะวันออก","เวลาฤดูร้อนยุโรปตะวันออก"]},"Europe/Sofia":{"long":["เวลามาตรฐานยุโรปตะวันออก","เวลาฤดูร้อนยุโรปตะวันออก"]},"Asia/Nicosia":{"long":["เวลามาตรฐานยุโรปตะวันออก","เวลาฤดูร้อนยุโรปตะวันออก"]},"Africa/Cairo":{"long":["เวลามาตรฐานยุโรปตะวันออก","เวลาฤดูร้อนยุโรปตะวันออก"]},"Europe/Helsinki":{"long":["เวลามาตรฐานยุโรปตะวันออก","เวลาฤดูร้อนยุโรปตะวันออก"]},"Europe/Athens":{"long":["เวลามาตรฐานยุโรปตะวันออก","เวลาฤดูร้อนยุโรปตะวันออก"]},"Asia/Amman":{"long":["เวลามาตรฐานยุโรปตะวันออก","เวลาฤดูร้อนยุโรปตะวันออก"]},"Asia/Beirut":{"long":["เวลามาตรฐานยุโรปตะวันออก","เวลาฤดูร้อนยุโรปตะวันออก"]},"Asia/Damascus":{"long":["เวลามาตรฐานยุโรปตะวันออก","เวลาฤดูร้อนยุโรปตะวันออก"]},"Europe/Minsk":{"long":["เวลายุโรปตะวันออกไกล","เวลายุโรปตะวันออกไกล"]},"Europe/Kaliningrad":{"long":["เวลายุโรปตะวันออกไกล","เวลายุโรปตะวันออกไกล"]},"Atlantic/Canary":{"long":["เวลามาตรฐานยุโรปตะวันตก","เวลาฤดูร้อนยุโรปตะวันตก"]},"Atlantic/Faeroe":{"long":["เวลามาตรฐานยุโรปตะวันตก","เวลาฤดูร้อนยุโรปตะวันตก"]},"Atlantic/Stanley":{"long":["เวลามาตรฐานหมู่เกาะฟอล์กแลนด์","เวลาฤดูร้อนหมู่เกาะฟอล์กแลนด์"]},"Pacific/Fiji":{"long":["เวลามาตรฐานฟิจิ","เวลาฤดูร้อนฟิจิ"]},"America/Cayenne":{"long":["เวลาเฟรนช์เกียนา","เวลาเฟรนช์เกียนา"]},"Indian/Kerguelen":{"long":["เวลาเฟรนช์เซาเทิร์นและแอนตาร์กติก","เวลาเฟรนช์เซาเทิร์นและแอนตาร์กติก"]},"Asia/Bishkek":{"long":["เวลาคีร์กีซสถาน","เวลาคีร์กีซสถาน"]},"Pacific/Galapagos":{"long":["เวลากาลาปาโกส","เวลากาลาปาโกส"]},"Pacific/Gambier":{"long":["เวลาแกมเบียร์","เวลาแกมเบียร์"]},"Pacific/Tarawa":{"long":["เวลาหมู่เกาะกิลเบิร์ต","เวลาหมู่เกาะกิลเบิร์ต"]},"Atlantic/Reykjavik":{"long":["เวลามาตรฐานกรีนิช","เวลามาตรฐานกรีนิช"]},"Africa/Ouagadougou":{"long":["เวลามาตรฐานกรีนิช","เวลามาตรฐานกรีนิช"]},"Africa/Abidjan":{"long":["เวลามาตรฐานกรีนิช","เวลามาตรฐานกรีนิช"]},"Africa/Accra":{"long":["เวลามาตรฐานกรีนิช","เวลามาตรฐานกรีนิช"]},"Africa/Banjul":{"long":["เวลามาตรฐานกรีนิช","เวลามาตรฐานกรีนิช"]},"Africa/Conakry":{"long":["เวลามาตรฐานกรีนิช","เวลามาตรฐานกรีนิช"]},"Africa/Bamako":{"long":["เวลามาตรฐานกรีนิช","เวลามาตรฐานกรีนิช"]},"Africa/Nouakchott":{"long":["เวลามาตรฐานกรีนิช","เวลามาตรฐานกรีนิช"]},"Atlantic/St_Helena":{"long":["เวลามาตรฐานกรีนิช","เวลามาตรฐานกรีนิช"]},"Africa/Freetown":{"long":["เวลามาตรฐานกรีนิช","เวลามาตรฐานกรีนิช"]},"Africa/Dakar":{"long":["เวลามาตรฐานกรีนิช","เวลามาตรฐานกรีนิช"]},"Africa/Lome":{"long":["เวลามาตรฐานกรีนิช","เวลามาตรฐานกรีนิช"]},"America/Scoresbysund":{"long":["เวลามาตรฐานกรีนแลนด์ตะวันออก","เวลาฤดูร้อนกรีนแลนด์ตะวันออก"]},"America/Godthab":{"long":["เวลามาตรฐานกรีนแลนด์ตะวันตก","เวลาฤดูร้อนกรีนแลนด์ตะวันตก"]},"Asia/Dubai":{"long":["เวลากัลฟ์","เวลากัลฟ์"]},"Asia/Muscat":{"long":["เวลากัลฟ์","เวลากัลฟ์"]},"America/Guyana":{"long":["เวลากายอานา","เวลากายอานา"]},"Pacific/Honolulu":{"long":["เวลามาตรฐานฮาวาย-อะลูเชียน","เวลาออมแสงฮาวาย-อะลูเชียน"]},"Asia/Hong_Kong":{"long":["เวลามาตรฐานฮ่องกง","เวลาฤดูร้อนฮ่องกง"]},"Asia/Hovd":{"long":["เวลามาตรฐานฮอฟด์","เวลาฤดูร้อนฮอฟด์"]},"Asia/Calcutta":{"long":["เวลาอินเดีย","เวลาอินเดีย"]},"Asia/Colombo":{"long":["เวลาลังกา","เวลาลังกา"]},"Indian/Chagos":{"long":["เวลามหาสมุทรอินเดีย","เวลามหาสมุทรอินเดีย"]},"Asia/Bangkok":{"long":["เวลาอินโดจีน","เวลาอินโดจีน"]},"Asia/Phnom_Penh":{"long":["เวลาอินโดจีน","เวลาอินโดจีน"]},"Asia/Vientiane":{"long":["เวลาอินโดจีน","เวลาอินโดจีน"]},"Asia/Makassar":{"long":["เวลาอินโดนีเซียตอนกลาง","เวลาอินโดนีเซียตอนกลาง"]},"Asia/Jayapura":{"long":["เวลาอินโดนีเซียฝั่งตะวันออก","เวลาอินโดนีเซียฝั่งตะวันออก"]},"Asia/Jakarta":{"long":["เวลาอินโดนีเซียฝั่งตะวันตก","เวลาอินโดนีเซียฝั่งตะวันตก"]},"Asia/Tehran":{"long":["เวลามาตรฐานอิหร่าน","เวลาออมแสงอิหร่าน"]},"Asia/Irkutsk":{"long":["เวลามาตรฐานอีร์คุตสค์","เวลาฤดูร้อนอีร์คุตสค์"]},"Asia/Jerusalem":{"long":["เวลามาตรฐานอิสราเอล","เวลาออมแสงอิสราเอล"]},"Asia/Tokyo":{"long":["เวลามาตรฐานญี่ปุ่น","เวลาออมแสงญี่ปุ่น"]},"Asia/Kamchatka":{"long":["เวลาเปโตรปัฟลอฟสค์-คัมชัตสกี","เวลาฤดูร้อนเปโตรปัฟลอฟสค์-คัมชัตสกี"]},"Asia/Karachi":{"long":["เวลามาตรฐานปากีสถาน","เวลาฤดูร้อนปากีสถาน"]},"Asia/Qyzylorda":{"long":["เวลามาตรฐานคืยซิลออร์ดา","เวลาฤดูร้อนคืยซิลออร์ดา"]},"Asia/Seoul":{"long":["เวลามาตรฐานเกาหลี","เวลาออมแสงเกาหลี"]},"Pacific/Kosrae":{"long":["เวลาคอสไร","เวลาคอสไร"]},"Asia/Krasnoyarsk":{"long":["เวลามาตรฐานครัสโนยาสค์","เวลาฤดูร้อนครัสโนยาสค์"]},"Europe/Samara":{"long":["เวลามาตรฐานซามารา","เวลาฤดูร้อนซามารา"]},"Pacific/Kiritimati":{"long":["เวลาหมู่เกาะไลน์","เวลาหมู่เกาะไลน์"]},"Australia/Lord_Howe":{"long":["เวลามาตรฐานลอร์ดโฮว์","เวลาออมแสงลอร์ดโฮว์"]},"Asia/Macau":{"long":["เวลามาตรฐานมาเก๊า","เวลาฤดูร้อนมาเก๊า"]},"Antarctica/Macquarie":{"long":["เวลาเกาะแมกควอรี","เวลาเกาะแมกควอรี"]},"Asia/Magadan":{"long":["เวลามาตรฐานมากาดาน","เวลาฤดูร้อนมากาดาน"]},"Indian/Maldives":{"long":["เวลามัลดีฟส์","เวลามัลดีฟส์"]},"Pacific/Marquesas":{"long":["เวลามาร์เคซัส","เวลามาร์เคซัส"]},"Pacific/Majuro":{"long":["เวลาหมู่เกาะมาร์แชลล์","เวลาหมู่เกาะมาร์แชลล์"]},"Indian/Mauritius":{"long":["เวลามาตรฐานมอริเชียส","เวลาฤดูร้อนของมอริเชียส"]},"Antarctica/Mawson":{"long":["เวลามอว์สัน","เวลามอว์สัน"]},"America/Santa_Isabel":{"long":["เวลามาตรฐานเม็กซิโกตะวันตกเฉียงเหนือ","เวลาออมแสงเม็กซิโกตะวันตกเฉียงเหนือ"]},"America/Mazatlan":{"long":["เวลามาตรฐานแปซิฟิกเม็กซิโก","เวลาออมแสงแปซิฟิกเม็กซิโก"]},"Asia/Ulaanbaatar":{"long":["เวลามาตรฐานอูลานบาตอร์","เวลาฤดูร้อนอูลานบาตอร์"]},"Europe/Moscow":{"long":["เวลามาตรฐานมอสโก","เวลาฤดูร้อนมอสโก"]},"Asia/Rangoon":{"long":["เวลาพม่า","เวลาพม่า"]},"Pacific/Nauru":{"long":["เวลานาอูรู","เวลานาอูรู"]},"Asia/Katmandu":{"long":["เวลาเนปาล","เวลาเนปาล"]},"Pacific/Noumea":{"long":["เวลามาตรฐานนิวแคลิโดเนีย","เวลาฤดูร้อนนิวแคลิโดเนีย"]},"Pacific/Auckland":{"long":["เวลามาตรฐานนิวซีแลนด์","เวลาออมแสงนิวซีแลนด์"]},"Antarctica/McMurdo":{"long":["เวลามาตรฐานนิวซีแลนด์","เวลาออมแสงนิวซีแลนด์"]},"America/St_Johns":{"long":["เวลามาตรฐานนิวฟันด์แลนด์","เวลาออมแสงนิวฟันด์แลนด์"]},"Pacific/Niue":{"long":["เวลานีอูเอ","เวลานีอูเอ"]},"Pacific/Norfolk":{"long":["เวลามาตรฐานเกาะนอร์ฟอล์ก","เวลาออมแสงเกาะนอร์ฟอล์ก"]},"America/Noronha":{"long":["เวลามาตรฐานหมู่เกาะเฟอร์นันโด","เวลาฤดูร้อนของหมู่เกาะเฟอร์นันโด"]},"Asia/Novosibirsk":{"long":["เวลามาตรฐานโนโวซีบีสค์","เวลาฤดูร้อนโนโวซีบีสค์"]},"Asia/Omsk":{"long":["เวลามาตรฐานออมสค์","เวลาฤดูร้อนออมสค์"]},"Pacific/Palau":{"long":["เวลาปาเลา","เวลาปาเลา"]},"Pacific/Port_Moresby":{"long":["เวลาปาปัวนิวกินี","เวลาปาปัวนิวกินี"]},"America/Asuncion":{"long":["เวลามาตรฐานปารากวัย","เวลาฤดูร้อนปารากวัย"]},"America/Lima":{"long":["เวลามาตรฐานเปรู","เวลาฤดูร้อนเปรู"]},"Asia/Manila":{"long":["เวลามาตรฐานฟิลิปปินส์","เวลาฤดูร้อนฟิลิปปินส์"]},"Pacific/Enderbury":{"long":["เวลาหมู่เกาะฟินิกซ์","เวลาหมู่เกาะฟินิกซ์"]},"America/Miquelon":{"long":["เวลามาตรฐานแซงปีแยร์และมีเกอลง","เวลาออมแสงของแซงปีแยร์และมีเกอลง"]},"Pacific/Pitcairn":{"long":["เวลาพิตแคร์น","เวลาพิตแคร์น"]},"Pacific/Ponape":{"long":["เวลาโปนาเป","เวลาโปนาเป"]},"Asia/Pyongyang":{"long":["เวลาเปียงยาง","เวลาเปียงยาง"]},"Indian/Reunion":{"long":["เวลาเรอูนียง","เวลาเรอูนียง"]},"Antarctica/Rothera":{"long":["เวลาโรธีรา","เวลาโรธีรา"]},"Asia/Sakhalin":{"long":["เวลามาตรฐานซาคาลิน","เวลาฤดูร้อนซาคาลิน"]},"Pacific/Pago_Pago":{"long":["เวลามาตรฐานซามัว","เวลาฤดูร้อนซามัว"]},"Indian/Mahe":{"long":["เวลาเซเชลส์","เวลาเซเชลส์"]},"Asia/Singapore":{"long":["เวลาสิงคโปร์","เวลาสิงคโปร์"]},"Pacific/Guadalcanal":{"long":["เวลาหมู่เกาะโซโลมอน","เวลาหมู่เกาะโซโลมอน"]},"Atlantic/South_Georgia":{"long":["เวลาเซาท์จอร์เจีย","เวลาเซาท์จอร์เจีย"]},"Asia/Yekaterinburg":{"long":["เวลามาตรฐานเยคาเตรินบูร์ก","เวลาฤดูร้อนเยคาเตรินบูร์ก"]},"Antarctica/Syowa":{"long":["เวลาไซโยวา","เวลาไซโยวา"]},"Pacific/Tahiti":{"long":["เวลาตาฮีตี","เวลาตาฮีตี"]},"Asia/Taipei":{"long":["เวลามาตรฐานไทเป","เวลาออมแสงไทเป"]},"Asia/Tashkent":{"long":["เวลามาตรฐานอุซเบกิสถาน","เวลาฤดูร้อนอุซเบกิสถาน"]},"Pacific/Fakaofo":{"long":["เวลาโตเกเลา","เวลาโตเกเลา"]},"Pacific/Tongatapu":{"long":["เวลามาตรฐานตองกา","เวลาฤดูร้อนตองกา"]},"Pacific/Truk":{"long":["เวลาชุก","เวลาชุก"]},"Pacific/Funafuti":{"long":["เวลาตูวาลู","เวลาตูวาลู"]},"America/Montevideo":{"long":["เวลามาตรฐานอุรุกวัย","เวลาฤดูร้อนอุรุกวัย"]},"Pacific/Efate":{"long":["เวลามาตรฐานวานูอาตู","เวลาฤดูร้อนวานูอาตู"]},"America/Caracas":{"long":["เวลาเวเนซุเอลา","เวลาเวเนซุเอลา"]},"Asia/Vladivostok":{"long":["เวลามาตรฐานวลาดีวอสตอค","เวลาฤดูร้อนวลาดีวอสตอค"]},"Europe/Volgograd":{"long":["เวลามาตรฐานวอลโกกราด","เวลาฤดูร้อนวอลโกกราด"]},"Antarctica/Vostok":{"long":["เวลาวอสตอค","เวลาวอสตอค"]},"Pacific/Wake":{"long":["เวลาเกาะเวก","เวลาเกาะเวก"]},"Pacific/Wallis":{"long":["เวลาวาลลิสและฟุตูนา","เวลาวาลลิสและฟุตูนา"]},"Asia/Yakutsk":{"long":["เวลามาตรฐานยาคุตสค์","เวลาฤดูร้อนยาคุตสค์"]},"UTC":{"long":["เวลาสากลเชิงพิกัด","เวลาสากลเชิงพิกัด"],"short":["UTC","UTC"]}},"gmtFormat":"GMT{0}","hourFormat":"+HH:mm;-HH:mm","dateFormat":{"full":"EEEEที่ d MMMM G y","long":"d MMMM G y","medium":"d MMM y","short":"d/M/yy"},"timeFormat":{"full":"H นาฬิกา mm นาที ss วินาที zzzz","long":"H นาฬิกา mm นาที ss วินาที z","medium":"HH:mm:ss","short":"HH:mm"},"dateTimeFormat":{"full":"{1} {0}","long":"{1} {0}","medium":"{1} {0}","short":"{1} {0}"},"formats":{"gregory":{"Bh":"h B","Bhm":"h:mm B","Bhms":"h:mm:ss B","d":"d","E":"ccc","EBhm":"E h:mm B","EBhms":"E h:mm:ss B","Ed":"E d","Ehm":"E h:mm a","EHm":"E HH:mm น.","Ehms":"E h:mm:ss a","EHms":"E HH:mm:ss","Gy":"G y","GyMMM":"MMM G y","GyMMMd":"d MMM G y","GyMMMEd":"E d MMM G y","GyMMMEEEEd":"EEEEที่ d MMM G y","h":"h a","H":"HH","hm":"h:mm a","Hm":"HH:mm น.","hms":"h:mm:ss a","Hms":"HH:mm:ss","hmsv":"h:mm:ss a v","Hmsv":"HH:mm:ss v","hmv":"h:mm น. a v","Hmv":"HH:mm v","M":"L","Md":"d/M","MEd":"E d/M","MMM":"LLL","MMMd":"d MMM","MMMEd":"E d MMM","MMMEEEEd":"EEEEที่ d MMM","MMMMd":"d MMMM","MMMMEd":"E d MMMM","MMMMEEEEd":"EEEEที่ d MMMM","mmss":"mm:ss","ms":"mm:ss","y":"y","yM":"M/y","yMd":"d/M/y","yMEd":"E d/M/y","yMMM":"MMM y","yMMMd":"d MMM y","yMMMEd":"E d MMM y","yMMMEEEEd":"EEEEที่ d MMM y","yMMMM":"MMMM G y","yMMMMd":"d MMMM G y","yMMMMEd":"E d MMMM G y","yMMMMEEEEd":"EEEEที่ d MMMM G y","EEEEที่ d MMMM G y":"EEEEที่ d MMMM G y","d MMMM G y":"d MMMM G y","d MMM y":"d MMM y","d/M/yy":"d/M/yy","H นาฬิกา mm นาที ss วินาที zzzz":"H นาฬิกา mm นาที ss วินาที zzzz","H นาฬิกา mm นาที ss วินาที z":"H นาฬิกา mm นาที ss วินาที z","HH:mm:ss":"HH:mm:ss","HH:mm":"HH:mm","EEEEที่ d MMMM G y H นาฬิกา mm นาที ss วินาที zzzz":"EEEEที่ d MMMM G y H นาฬิกา mm นาที ss วินาที zzzz","d MMMM G y H นาฬิกา mm นาที ss วินาที zzzz":"d MMMM G y H นาฬิกา mm นาที ss วินาที zzzz","d MMM y H นาฬิกา mm นาที ss วินาที zzzz":"d MMM y H นาฬิกา mm นาที ss วินาที zzzz","d/M/yy H นาฬิกา mm นาที ss วินาที zzzz":"d/M/yy H นาฬิกา mm นาที ss วินาที zzzz","d H นาฬิกา mm นาที ss วินาที zzzz":"d H นาฬิกา mm นาที ss วินาที zzzz","E H นาฬิกา mm นาที ss วินาที zzzz":"ccc H นาฬิกา mm นาที ss วินาที zzzz","Ed H นาฬิกา mm นาที ss วินาที zzzz":"E d H นาฬิกา mm นาที ss วินาที zzzz","Gy H นาฬิกา mm นาที ss วินาที zzzz":"G y H นาฬิกา mm นาที ss วินาที zzzz","GyMMM H นาฬิกา mm นาที ss วินาที zzzz":"MMM G y H นาฬิกา mm นาที ss วินาที zzzz","GyMMMd H นาฬิกา mm นาที ss วินาที zzzz":"d MMM G y H นาฬิกา mm นาที ss วินาที zzzz","GyMMMEd H นาฬิกา mm นาที ss วินาที zzzz":"E d MMM G y H นาฬิกา mm นาที ss วินาที zzzz","GyMMMEEEEd H นาฬิกา mm นาที ss วินาที zzzz":"EEEEที่ d MMM G y H นาฬิกา mm นาที ss วินาที zzzz","M H นาฬิกา mm นาที ss วินาที zzzz":"L H นาฬิกา mm นาที ss วินาที zzzz","Md H นาฬิกา mm นาที ss วินาที zzzz":"d/M H นาฬิกา mm นาที ss วินาที zzzz","MEd H นาฬิกา mm นาที ss วินาที zzzz":"E d/M H นาฬิกา mm นาที ss วินาที zzzz","MMM H นาฬิกา mm นาที ss วินาที zzzz":"LLL H นาฬิกา mm นาที ss วินาที zzzz","MMMd H นาฬิกา mm นาที ss วินาที zzzz":"d MMM H นาฬิกา mm นาที ss วินาที zzzz","MMMEd H นาฬิกา mm นาที ss วินาที zzzz":"E d MMM H นาฬิกา mm นาที ss วินาที zzzz","MMMEEEEd H นาฬิกา mm นาที ss วินาที zzzz":"EEEEที่ d MMM H นาฬิกา mm นาที ss วินาที zzzz","MMMMd H นาฬิกา mm นาที ss วินาที zzzz":"d MMMM H นาฬิกา mm นาที ss วินาที zzzz","MMMMEd H นาฬิกา mm นาที ss วินาที zzzz":"E d MMMM H นาฬิกา mm นาที ss วินาที zzzz","MMMMEEEEd H นาฬิกา mm นาที ss วินาที zzzz":"EEEEที่ d MMMM H นาฬิกา mm นาที ss วินาที zzzz","y H นาฬิกา mm นาที ss วินาที zzzz":"y H นาฬิกา mm นาที ss วินาที zzzz","yM H นาฬิกา mm นาที ss วินาที zzzz":"M/y H นาฬิกา mm นาที ss วินาที zzzz","yMd H นาฬิกา mm นาที ss วินาที zzzz":"d/M/y H นาฬิกา mm นาที ss วินาที zzzz","yMEd H นาฬิกา mm นาที ss วินาที zzzz":"E d/M/y H นาฬิกา mm นาที ss วินาที zzzz","yMMM H นาฬิกา mm นาที ss วินาที zzzz":"MMM y H นาฬิกา mm นาที ss วินาที zzzz","yMMMd H นาฬิกา mm นาที ss วินาที zzzz":"d MMM y H นาฬิกา mm นาที ss วินาที zzzz","yMMMEd H นาฬิกา mm นาที ss วินาที zzzz":"E d MMM y H นาฬิกา mm นาที ss วินาที zzzz","yMMMEEEEd H นาฬิกา mm นาที ss วินาที zzzz":"EEEEที่ d MMM y H นาฬิกา mm นาที ss วินาที zzzz","yMMMM H นาฬิกา mm นาที ss วินาที zzzz":"MMMM G y H นาฬิกา mm นาที ss วินาที zzzz","yMMMMd H นาฬิกา mm นาที ss วินาที zzzz":"d MMMM G y H นาฬิกา mm นาที ss วินาที zzzz","yMMMMEd H นาฬิกา mm นาที ss วินาที zzzz":"E d MMMM G y H นาฬิกา mm นาที ss วินาที zzzz","yMMMMEEEEd H นาฬิกา mm นาที ss วินาที zzzz":"EEEEที่ d MMMM G y H นาฬิกา mm นาที ss วินาที zzzz","EEEEที่ d MMMM G y H นาฬิกา mm นาที ss วินาที z":"EEEEที่ d MMMM G y H นาฬิกา mm นาที ss วินาที z","d MMMM G y H นาฬิกา mm นาที ss วินาที z":"d MMMM G y H นาฬิกา mm นาที ss วินาที z","d MMM y H นาฬิกา mm นาที ss วินาที z":"d MMM y H นาฬิกา mm นาที ss วินาที z","d/M/yy H นาฬิกา mm นาที ss วินาที z":"d/M/yy H นาฬิกา mm นาที ss วินาที z","d H นาฬิกา mm นาที ss วินาที z":"d H นาฬิกา mm นาที ss วินาที z","E H นาฬิกา mm นาที ss วินาที z":"ccc H นาฬิกา mm นาที ss วินาที z","Ed H นาฬิกา mm นาที ss วินาที z":"E d H นาฬิกา mm นาที ss วินาที z","Gy H นาฬิกา mm นาที ss วินาที z":"G y H นาฬิกา mm นาที ss วินาที z","GyMMM H นาฬิกา mm นาที ss วินาที z":"MMM G y H นาฬิกา mm นาที ss วินาที z","GyMMMd H นาฬิกา mm นาที ss วินาที z":"d MMM G y H นาฬิกา mm นาที ss วินาที z","GyMMMEd H นาฬิกา mm นาที ss วินาที z":"E d MMM G y H นาฬิกา mm นาที ss วินาที z","GyMMMEEEEd H นาฬิกา mm นาที ss วินาที z":"EEEEที่ d MMM G y H นาฬิกา mm นาที ss วินาที z","M H นาฬิกา mm นาที ss วินาที z":"L H นาฬิกา mm นาที ss วินาที z","Md H นาฬิกา mm นาที ss วินาที z":"d/M H นาฬิกา mm นาที ss วินาที z","MEd H นาฬิกา mm นาที ss วินาที z":"E d/M H นาฬิกา mm นาที ss วินาที z","MMM H นาฬิกา mm นาที ss วินาที z":"LLL H นาฬิกา mm นาที ss วินาที z","MMMd H นาฬิกา mm นาที ss วินาที z":"d MMM H นาฬิกา mm นาที ss วินาที z","MMMEd H นาฬิกา mm นาที ss วินาที z":"E d MMM H นาฬิกา mm นาที ss วินาที z","MMMEEEEd H นาฬิกา mm นาที ss วินาที z":"EEEEที่ d MMM H นาฬิกา mm นาที ss วินาที z","MMMMd H นาฬิกา mm นาที ss วินาที z":"d MMMM H นาฬิกา mm นาที ss วินาที z","MMMMEd H นาฬิกา mm นาที ss วินาที z":"E d MMMM H นาฬิกา mm นาที ss วินาที z","MMMMEEEEd H นาฬิกา mm นาที ss วินาที z":"EEEEที่ d MMMM H นาฬิกา mm นาที ss วินาที z","y H นาฬิกา mm นาที ss วินาที z":"y H นาฬิกา mm นาที ss วินาที z","yM H นาฬิกา mm นาที ss วินาที z":"M/y H นาฬิกา mm นาที ss วินาที z","yMd H นาฬิกา mm นาที ss วินาที z":"d/M/y H นาฬิกา mm นาที ss วินาที z","yMEd H นาฬิกา mm นาที ss วินาที z":"E d/M/y H นาฬิกา mm นาที ss วินาที z","yMMM H นาฬิกา mm นาที ss วินาที z":"MMM y H นาฬิกา mm นาที ss วินาที z","yMMMd H นาฬิกา mm นาที ss วินาที z":"d MMM y H นาฬิกา mm นาที ss วินาที z","yMMMEd H นาฬิกา mm นาที ss วินาที z":"E d MMM y H นาฬิกา mm นาที ss วินาที z","yMMMEEEEd H นาฬิกา mm นาที ss วินาที z":"EEEEที่ d MMM y H นาฬิกา mm นาที ss วินาที z","yMMMM H นาฬิกา mm นาที ss วินาที z":"MMMM G y H นาฬิกา mm นาที ss วินาที z","yMMMMd H นาฬิกา mm นาที ss วินาที z":"d MMMM G y H นาฬิกา mm นาที ss วินาที z","yMMMMEd H นาฬิกา mm นาที ss วินาที z":"E d MMMM G y H นาฬิกา mm นาที ss วินาที z","yMMMMEEEEd H นาฬิกา mm นาที ss วินาที z":"EEEEที่ d MMMM G y H นาฬิกา mm นาที ss วินาที z","EEEEที่ d MMMM G y HH:mm:ss":"EEEEที่ d MMMM G y HH:mm:ss","d MMMM G y HH:mm:ss":"d MMMM G y HH:mm:ss","d MMM y HH:mm:ss":"d MMM y HH:mm:ss","d/M/yy HH:mm:ss":"d/M/yy HH:mm:ss","d HH:mm:ss":"d HH:mm:ss","E HH:mm:ss":"ccc HH:mm:ss","Ed HH:mm:ss":"E d HH:mm:ss","Gy HH:mm:ss":"G y HH:mm:ss","GyMMM HH:mm:ss":"MMM G y HH:mm:ss","GyMMMd HH:mm:ss":"d MMM G y HH:mm:ss","GyMMMEd HH:mm:ss":"E d MMM G y HH:mm:ss","GyMMMEEEEd HH:mm:ss":"EEEEที่ d MMM G y HH:mm:ss","M HH:mm:ss":"L HH:mm:ss","Md HH:mm:ss":"d/M HH:mm:ss","MEd HH:mm:ss":"E d/M HH:mm:ss","MMM HH:mm:ss":"LLL HH:mm:ss","MMMd HH:mm:ss":"d MMM HH:mm:ss","MMMEd HH:mm:ss":"E d MMM HH:mm:ss","MMMEEEEd HH:mm:ss":"EEEEที่ d MMM HH:mm:ss","MMMMd HH:mm:ss":"d MMMM HH:mm:ss","MMMMEd HH:mm:ss":"E d MMMM HH:mm:ss","MMMMEEEEd HH:mm:ss":"EEEEที่ d MMMM HH:mm:ss","y HH:mm:ss":"y HH:mm:ss","yM HH:mm:ss":"M/y HH:mm:ss","yMd HH:mm:ss":"d/M/y HH:mm:ss","yMEd HH:mm:ss":"E d/M/y HH:mm:ss","yMMM HH:mm:ss":"MMM y HH:mm:ss","yMMMd HH:mm:ss":"d MMM y HH:mm:ss","yMMMEd HH:mm:ss":"E d MMM y HH:mm:ss","yMMMEEEEd HH:mm:ss":"EEEEที่ d MMM y HH:mm:ss","yMMMM HH:mm:ss":"MMMM G y HH:mm:ss","yMMMMd HH:mm:ss":"d MMMM G y HH:mm:ss","yMMMMEd HH:mm:ss":"E d MMMM G y HH:mm:ss","yMMMMEEEEd HH:mm:ss":"EEEEที่ d MMMM G y HH:mm:ss","EEEEที่ d MMMM G y HH:mm":"EEEEที่ d MMMM G y HH:mm","d MMMM G y HH:mm":"d MMMM G y HH:mm","d MMM y HH:mm":"d MMM y HH:mm","d/M/yy HH:mm":"d/M/yy HH:mm","d HH:mm":"d HH:mm","E HH:mm":"ccc HH:mm","Ed HH:mm":"E d HH:mm","Gy HH:mm":"G y HH:mm","GyMMM HH:mm":"MMM G y HH:mm","GyMMMd HH:mm":"d MMM G y HH:mm","GyMMMEd HH:mm":"E d MMM G y HH:mm","GyMMMEEEEd HH:mm":"EEEEที่ d MMM G y HH:mm","M HH:mm":"L HH:mm","Md HH:mm":"d/M HH:mm","MEd HH:mm":"E d/M HH:mm","MMM HH:mm":"LLL HH:mm","MMMd HH:mm":"d MMM HH:mm","MMMEd HH:mm":"E d MMM HH:mm","MMMEEEEd HH:mm":"EEEEที่ d MMM HH:mm","MMMMd HH:mm":"d MMMM HH:mm","MMMMEd HH:mm":"E d MMMM HH:mm","MMMMEEEEd HH:mm":"EEEEที่ d MMMM HH:mm","y HH:mm":"y HH:mm","yM HH:mm":"M/y HH:mm","yMd HH:mm":"d/M/y HH:mm","yMEd HH:mm":"E d/M/y HH:mm","yMMM HH:mm":"MMM y HH:mm","yMMMd HH:mm":"d MMM y HH:mm","yMMMEd HH:mm":"E d MMM y HH:mm","yMMMEEEEd HH:mm":"EEEEที่ d MMM y HH:mm","yMMMM HH:mm":"MMMM G y HH:mm","yMMMMd HH:mm":"d MMMM G y HH:mm","yMMMMEd HH:mm":"E d MMMM G y HH:mm","yMMMMEEEEd HH:mm":"EEEEที่ d MMMM G y HH:mm","EEEEที่ d MMMM G y Bh":"EEEEที่ d MMMM G y h B","d MMMM G y Bh":"d MMMM G y h B","d MMM y Bh":"d MMM y h B","d/M/yy Bh":"d/M/yy h B","d Bh":"d h B","E Bh":"ccc h B","Ed Bh":"E d h B","Gy Bh":"G y h B","GyMMM Bh":"MMM G y h B","GyMMMd Bh":"d MMM G y h B","GyMMMEd Bh":"E d MMM G y h B","GyMMMEEEEd Bh":"EEEEที่ d MMM G y h B","M Bh":"L h B","Md Bh":"d/M h B","MEd Bh":"E d/M h B","MMM Bh":"LLL h B","MMMd Bh":"d MMM h B","MMMEd Bh":"E d MMM h B","MMMEEEEd Bh":"EEEEที่ d MMM h B","MMMMd Bh":"d MMMM h B","MMMMEd Bh":"E d MMMM h B","MMMMEEEEd Bh":"EEEEที่ d MMMM h B","y Bh":"y h B","yM Bh":"M/y h B","yMd Bh":"d/M/y h B","yMEd Bh":"E d/M/y h B","yMMM Bh":"MMM y h B","yMMMd Bh":"d MMM y h B","yMMMEd Bh":"E d MMM y h B","yMMMEEEEd Bh":"EEEEที่ d MMM y h B","yMMMM Bh":"MMMM G y h B","yMMMMd Bh":"d MMMM G y h B","yMMMMEd Bh":"E d MMMM G y h B","yMMMMEEEEd Bh":"EEEEที่ d MMMM G y h B","EEEEที่ d MMMM G y Bhm":"EEEEที่ d MMMM G y h:mm B","d MMMM G y Bhm":"d MMMM G y h:mm B","d MMM y Bhm":"d MMM y h:mm B","d/M/yy Bhm":"d/M/yy h:mm B","d Bhm":"d h:mm B","E Bhm":"ccc h:mm B","Ed Bhm":"E d h:mm B","Gy Bhm":"G y h:mm B","GyMMM Bhm":"MMM G y h:mm B","GyMMMd Bhm":"d MMM G y h:mm B","GyMMMEd Bhm":"E d MMM G y h:mm B","GyMMMEEEEd Bhm":"EEEEที่ d MMM G y h:mm B","M Bhm":"L h:mm B","Md Bhm":"d/M h:mm B","MEd Bhm":"E d/M h:mm B","MMM Bhm":"LLL h:mm B","MMMd Bhm":"d MMM h:mm B","MMMEd Bhm":"E d MMM h:mm B","MMMEEEEd Bhm":"EEEEที่ d MMM h:mm B","MMMMd Bhm":"d MMMM h:mm B","MMMMEd Bhm":"E d MMMM h:mm B","MMMMEEEEd Bhm":"EEEEที่ d MMMM h:mm B","y Bhm":"y h:mm B","yM Bhm":"M/y h:mm B","yMd Bhm":"d/M/y h:mm B","yMEd Bhm":"E d/M/y h:mm B","yMMM Bhm":"MMM y h:mm B","yMMMd Bhm":"d MMM y h:mm B","yMMMEd Bhm":"E d MMM y h:mm B","yMMMEEEEd Bhm":"EEEEที่ d MMM y h:mm B","yMMMM Bhm":"MMMM G y h:mm B","yMMMMd Bhm":"d MMMM G y h:mm B","yMMMMEd Bhm":"E d MMMM G y h:mm B","yMMMMEEEEd Bhm":"EEEEที่ d MMMM G y h:mm B","EEEEที่ d MMMM G y Bhms":"EEEEที่ d MMMM G y h:mm:ss B","d MMMM G y Bhms":"d MMMM G y h:mm:ss B","d MMM y Bhms":"d MMM y h:mm:ss B","d/M/yy Bhms":"d/M/yy h:mm:ss B","d Bhms":"d h:mm:ss B","E Bhms":"ccc h:mm:ss B","Ed Bhms":"E d h:mm:ss B","Gy Bhms":"G y h:mm:ss B","GyMMM Bhms":"MMM G y h:mm:ss B","GyMMMd Bhms":"d MMM G y h:mm:ss B","GyMMMEd Bhms":"E d MMM G y h:mm:ss B","GyMMMEEEEd Bhms":"EEEEที่ d MMM G y h:mm:ss B","M Bhms":"L h:mm:ss B","Md Bhms":"d/M h:mm:ss B","MEd Bhms":"E d/M h:mm:ss B","MMM Bhms":"LLL h:mm:ss B","MMMd Bhms":"d MMM h:mm:ss B","MMMEd Bhms":"E d MMM h:mm:ss B","MMMEEEEd Bhms":"EEEEที่ d MMM h:mm:ss B","MMMMd Bhms":"d MMMM h:mm:ss B","MMMMEd Bhms":"E d MMMM h:mm:ss B","MMMMEEEEd Bhms":"EEEEที่ d MMMM h:mm:ss B","y Bhms":"y h:mm:ss B","yM Bhms":"M/y h:mm:ss B","yMd Bhms":"d/M/y h:mm:ss B","yMEd Bhms":"E d/M/y h:mm:ss B","yMMM Bhms":"MMM y h:mm:ss B","yMMMd Bhms":"d MMM y h:mm:ss B","yMMMEd Bhms":"E d MMM y h:mm:ss B","yMMMEEEEd Bhms":"EEEEที่ d MMM y h:mm:ss B","yMMMM Bhms":"MMMM G y h:mm:ss B","yMMMMd Bhms":"d MMMM G y h:mm:ss B","yMMMMEd Bhms":"E d MMMM G y h:mm:ss B","yMMMMEEEEd Bhms":"EEEEที่ d MMMM G y h:mm:ss B","EEEEที่ d MMMM G y h":"EEEEที่ d MMMM G y h a","d MMMM G y h":"d MMMM G y h a","d MMM y h":"d MMM y h a","d/M/yy h":"d/M/yy h a","d h":"d h a","E h":"ccc h a","Ed h":"E d h a","Gy h":"G y h a","GyMMM h":"MMM G y h a","GyMMMd h":"d MMM G y h a","GyMMMEd h":"E d MMM G y h a","GyMMMEEEEd h":"EEEEที่ d MMM G y h a","M h":"L h a","Md h":"d/M h a","MEd h":"E d/M h a","MMM h":"LLL h a","MMMd h":"d MMM h a","MMMEd h":"E d MMM h a","MMMEEEEd h":"EEEEที่ d MMM h a","MMMMd h":"d MMMM h a","MMMMEd h":"E d MMMM h a","MMMMEEEEd h":"EEEEที่ d MMMM h a","y h":"y h a","yM h":"M/y h a","yMd h":"d/M/y h a","yMEd h":"E d/M/y h a","yMMM h":"MMM y h a","yMMMd h":"d MMM y h a","yMMMEd h":"E d MMM y h a","yMMMEEEEd h":"EEEEที่ d MMM y h a","yMMMM h":"MMMM G y h a","yMMMMd h":"d MMMM G y h a","yMMMMEd h":"E d MMMM G y h a","yMMMMEEEEd h":"EEEEที่ d MMMM G y h a","EEEEที่ d MMMM G y H":"EEEEที่ d MMMM G y HH","d MMMM G y H":"d MMMM G y HH","d MMM y H":"d MMM y HH","d/M/yy H":"d/M/yy HH","d H":"d HH","E H":"ccc HH","Ed H":"E d HH","Gy H":"G y HH","GyMMM H":"MMM G y HH","GyMMMd H":"d MMM G y HH","GyMMMEd H":"E d MMM G y HH","GyMMMEEEEd H":"EEEEที่ d MMM G y HH","M H":"L HH","Md H":"d/M HH","MEd H":"E d/M HH","MMM H":"LLL HH","MMMd H":"d MMM HH","MMMEd H":"E d MMM HH","MMMEEEEd H":"EEEEที่ d MMM HH","MMMMd H":"d MMMM HH","MMMMEd H":"E d MMMM HH","MMMMEEEEd H":"EEEEที่ d MMMM HH","y H":"y HH","yM H":"M/y HH","yMd H":"d/M/y HH","yMEd H":"E d/M/y HH","yMMM H":"MMM y HH","yMMMd H":"d MMM y HH","yMMMEd H":"E d MMM y HH","yMMMEEEEd H":"EEEEที่ d MMM y HH","yMMMM H":"MMMM G y HH","yMMMMd H":"d MMMM G y HH","yMMMMEd H":"E d MMMM G y HH","yMMMMEEEEd H":"EEEEที่ d MMMM G y HH","EEEEที่ d MMMM G y hm":"EEEEที่ d MMMM G y h:mm a","d MMMM G y hm":"d MMMM G y h:mm a","d MMM y hm":"d MMM y h:mm a","d/M/yy hm":"d/M/yy h:mm a","d hm":"d h:mm a","E hm":"ccc h:mm a","Ed hm":"E d h:mm a","Gy hm":"G y h:mm a","GyMMM hm":"MMM G y h:mm a","GyMMMd hm":"d MMM G y h:mm a","GyMMMEd hm":"E d MMM G y h:mm a","GyMMMEEEEd hm":"EEEEที่ d MMM G y h:mm a","M hm":"L h:mm a","Md hm":"d/M h:mm a","MEd hm":"E d/M h:mm a","MMM hm":"LLL h:mm a","MMMd hm":"d MMM h:mm a","MMMEd hm":"E d MMM h:mm a","MMMEEEEd hm":"EEEEที่ d MMM h:mm a","MMMMd hm":"d MMMM h:mm a","MMMMEd hm":"E d MMMM h:mm a","MMMMEEEEd hm":"EEEEที่ d MMMM h:mm a","y hm":"y h:mm a","yM hm":"M/y h:mm a","yMd hm":"d/M/y h:mm a","yMEd hm":"E d/M/y h:mm a","yMMM hm":"MMM y h:mm a","yMMMd hm":"d MMM y h:mm a","yMMMEd hm":"E d MMM y h:mm a","yMMMEEEEd hm":"EEEEที่ d MMM y h:mm a","yMMMM hm":"MMMM G y h:mm a","yMMMMd hm":"d MMMM G y h:mm a","yMMMMEd hm":"E d MMMM G y h:mm a","yMMMMEEEEd hm":"EEEEที่ d MMMM G y h:mm a","EEEEที่ d MMMM G y Hm":"EEEEที่ d MMMM G y HH:mm น.","d MMMM G y Hm":"d MMMM G y HH:mm น.","d MMM y Hm":"d MMM y HH:mm น.","d/M/yy Hm":"d/M/yy HH:mm น.","d Hm":"d HH:mm น.","E Hm":"ccc HH:mm น.","Ed Hm":"E d HH:mm น.","Gy Hm":"G y HH:mm น.","GyMMM Hm":"MMM G y HH:mm น.","GyMMMd Hm":"d MMM G y HH:mm น.","GyMMMEd Hm":"E d MMM G y HH:mm น.","GyMMMEEEEd Hm":"EEEEที่ d MMM G y HH:mm น.","M Hm":"L HH:mm น.","Md Hm":"d/M HH:mm น.","MEd Hm":"E d/M HH:mm น.","MMM Hm":"LLL HH:mm น.","MMMd Hm":"d MMM HH:mm น.","MMMEd Hm":"E d MMM HH:mm น.","MMMEEEEd Hm":"EEEEที่ d MMM HH:mm น.","MMMMd Hm":"d MMMM HH:mm น.","MMMMEd Hm":"E d MMMM HH:mm น.","MMMMEEEEd Hm":"EEEEที่ d MMMM HH:mm น.","y Hm":"y HH:mm น.","yM Hm":"M/y HH:mm น.","yMd Hm":"d/M/y HH:mm น.","yMEd Hm":"E d/M/y HH:mm น.","yMMM Hm":"MMM y HH:mm น.","yMMMd Hm":"d MMM y HH:mm น.","yMMMEd Hm":"E d MMM y HH:mm น.","yMMMEEEEd Hm":"EEEEที่ d MMM y HH:mm น.","yMMMM Hm":"MMMM G y HH:mm น.","yMMMMd Hm":"d MMMM G y HH:mm น.","yMMMMEd Hm":"E d MMMM G y HH:mm น.","yMMMMEEEEd Hm":"EEEEที่ d MMMM G y HH:mm น.","EEEEที่ d MMMM G y hms":"EEEEที่ d MMMM G y h:mm:ss a","d MMMM G y hms":"d MMMM G y h:mm:ss a","d MMM y hms":"d MMM y h:mm:ss a","d/M/yy hms":"d/M/yy h:mm:ss a","d hms":"d h:mm:ss a","E hms":"ccc h:mm:ss a","Ed hms":"E d h:mm:ss a","Gy hms":"G y h:mm:ss a","GyMMM hms":"MMM G y h:mm:ss a","GyMMMd hms":"d MMM G y h:mm:ss a","GyMMMEd hms":"E d MMM G y h:mm:ss a","GyMMMEEEEd hms":"EEEEที่ d MMM G y h:mm:ss a","M hms":"L h:mm:ss a","Md hms":"d/M h:mm:ss a","MEd hms":"E d/M h:mm:ss a","MMM hms":"LLL h:mm:ss a","MMMd hms":"d MMM h:mm:ss a","MMMEd hms":"E d MMM h:mm:ss a","MMMEEEEd hms":"EEEEที่ d MMM h:mm:ss a","MMMMd hms":"d MMMM h:mm:ss a","MMMMEd hms":"E d MMMM h:mm:ss a","MMMMEEEEd hms":"EEEEที่ d MMMM h:mm:ss a","y hms":"y h:mm:ss a","yM hms":"M/y h:mm:ss a","yMd hms":"d/M/y h:mm:ss a","yMEd hms":"E d/M/y h:mm:ss a","yMMM hms":"MMM y h:mm:ss a","yMMMd hms":"d MMM y h:mm:ss a","yMMMEd hms":"E d MMM y h:mm:ss a","yMMMEEEEd hms":"EEEEที่ d MMM y h:mm:ss a","yMMMM hms":"MMMM G y h:mm:ss a","yMMMMd hms":"d MMMM G y h:mm:ss a","yMMMMEd hms":"E d MMMM G y h:mm:ss a","yMMMMEEEEd hms":"EEEEที่ d MMMM G y h:mm:ss a","EEEEที่ d MMMM G y Hms":"EEEEที่ d MMMM G y HH:mm:ss","d MMMM G y Hms":"d MMMM G y HH:mm:ss","d MMM y Hms":"d MMM y HH:mm:ss","d/M/yy Hms":"d/M/yy HH:mm:ss","d Hms":"d HH:mm:ss","E Hms":"ccc HH:mm:ss","Ed Hms":"E d HH:mm:ss","Gy Hms":"G y HH:mm:ss","GyMMM Hms":"MMM G y HH:mm:ss","GyMMMd Hms":"d MMM G y HH:mm:ss","GyMMMEd Hms":"E d MMM G y HH:mm:ss","GyMMMEEEEd Hms":"EEEEที่ d MMM G y HH:mm:ss","M Hms":"L HH:mm:ss","Md Hms":"d/M HH:mm:ss","MEd Hms":"E d/M HH:mm:ss","MMM Hms":"LLL HH:mm:ss","MMMd Hms":"d MMM HH:mm:ss","MMMEd Hms":"E d MMM HH:mm:ss","MMMEEEEd Hms":"EEEEที่ d MMM HH:mm:ss","MMMMd Hms":"d MMMM HH:mm:ss","MMMMEd Hms":"E d MMMM HH:mm:ss","MMMMEEEEd Hms":"EEEEที่ d MMMM HH:mm:ss","y Hms":"y HH:mm:ss","yM Hms":"M/y HH:mm:ss","yMd Hms":"d/M/y HH:mm:ss","yMEd Hms":"E d/M/y HH:mm:ss","yMMM Hms":"MMM y HH:mm:ss","yMMMd Hms":"d MMM y HH:mm:ss","yMMMEd Hms":"E d MMM y HH:mm:ss","yMMMEEEEd Hms":"EEEEที่ d MMM y HH:mm:ss","yMMMM Hms":"MMMM G y HH:mm:ss","yMMMMd Hms":"d MMMM G y HH:mm:ss","yMMMMEd Hms":"E d MMMM G y HH:mm:ss","yMMMMEEEEd Hms":"EEEEที่ d MMMM G y HH:mm:ss","EEEEที่ d MMMM G y hmsv":"EEEEที่ d MMMM G y h:mm:ss a v","d MMMM G y hmsv":"d MMMM G y h:mm:ss a v","d MMM y hmsv":"d MMM y h:mm:ss a v","d/M/yy hmsv":"d/M/yy h:mm:ss a v","d hmsv":"d h:mm:ss a v","E hmsv":"ccc h:mm:ss a v","Ed hmsv":"E d h:mm:ss a v","Gy hmsv":"G y h:mm:ss a v","GyMMM hmsv":"MMM G y h:mm:ss a v","GyMMMd hmsv":"d MMM G y h:mm:ss a v","GyMMMEd hmsv":"E d MMM G y h:mm:ss a v","GyMMMEEEEd hmsv":"EEEEที่ d MMM G y h:mm:ss a v","M hmsv":"L h:mm:ss a v","Md hmsv":"d/M h:mm:ss a v","MEd hmsv":"E d/M h:mm:ss a v","MMM hmsv":"LLL h:mm:ss a v","MMMd hmsv":"d MMM h:mm:ss a v","MMMEd hmsv":"E d MMM h:mm:ss a v","MMMEEEEd hmsv":"EEEEที่ d MMM h:mm:ss a v","MMMMd hmsv":"d MMMM h:mm:ss a v","MMMMEd hmsv":"E d MMMM h:mm:ss a v","MMMMEEEEd hmsv":"EEEEที่ d MMMM h:mm:ss a v","y hmsv":"y h:mm:ss a v","yM hmsv":"M/y h:mm:ss a v","yMd hmsv":"d/M/y h:mm:ss a v","yMEd hmsv":"E d/M/y h:mm:ss a v","yMMM hmsv":"MMM y h:mm:ss a v","yMMMd hmsv":"d MMM y h:mm:ss a v","yMMMEd hmsv":"E d MMM y h:mm:ss a v","yMMMEEEEd hmsv":"EEEEที่ d MMM y h:mm:ss a v","yMMMM hmsv":"MMMM G y h:mm:ss a v","yMMMMd hmsv":"d MMMM G y h:mm:ss a v","yMMMMEd hmsv":"E d MMMM G y h:mm:ss a v","yMMMMEEEEd hmsv":"EEEEที่ d MMMM G y h:mm:ss a v","EEEEที่ d MMMM G y Hmsv":"EEEEที่ d MMMM G y HH:mm:ss v","d MMMM G y Hmsv":"d MMMM G y HH:mm:ss v","d MMM y Hmsv":"d MMM y HH:mm:ss v","d/M/yy Hmsv":"d/M/yy HH:mm:ss v","d Hmsv":"d HH:mm:ss v","E Hmsv":"ccc HH:mm:ss v","Ed Hmsv":"E d HH:mm:ss v","Gy Hmsv":"G y HH:mm:ss v","GyMMM Hmsv":"MMM G y HH:mm:ss v","GyMMMd Hmsv":"d MMM G y HH:mm:ss v","GyMMMEd Hmsv":"E d MMM G y HH:mm:ss v","GyMMMEEEEd Hmsv":"EEEEที่ d MMM G y HH:mm:ss v","M Hmsv":"L HH:mm:ss v","Md Hmsv":"d/M HH:mm:ss v","MEd Hmsv":"E d/M HH:mm:ss v","MMM Hmsv":"LLL HH:mm:ss v","MMMd Hmsv":"d MMM HH:mm:ss v","MMMEd Hmsv":"E d MMM HH:mm:ss v","MMMEEEEd Hmsv":"EEEEที่ d MMM HH:mm:ss v","MMMMd Hmsv":"d MMMM HH:mm:ss v","MMMMEd Hmsv":"E d MMMM HH:mm:ss v","MMMMEEEEd Hmsv":"EEEEที่ d MMMM HH:mm:ss v","y Hmsv":"y HH:mm:ss v","yM Hmsv":"M/y HH:mm:ss v","yMd Hmsv":"d/M/y HH:mm:ss v","yMEd Hmsv":"E d/M/y HH:mm:ss v","yMMM Hmsv":"MMM y HH:mm:ss v","yMMMd Hmsv":"d MMM y HH:mm:ss v","yMMMEd Hmsv":"E d MMM y HH:mm:ss v","yMMMEEEEd Hmsv":"EEEEที่ d MMM y HH:mm:ss v","yMMMM Hmsv":"MMMM G y HH:mm:ss v","yMMMMd Hmsv":"d MMMM G y HH:mm:ss v","yMMMMEd Hmsv":"E d MMMM G y HH:mm:ss v","yMMMMEEEEd Hmsv":"EEEEที่ d MMMM G y HH:mm:ss v","EEEEที่ d MMMM G y hmv":"EEEEที่ d MMMM G y h:mm น. a v","d MMMM G y hmv":"d MMMM G y h:mm น. a v","d MMM y hmv":"d MMM y h:mm น. a v","d/M/yy hmv":"d/M/yy h:mm น. a v","d hmv":"d h:mm น. a v","E hmv":"ccc h:mm น. a v","Ed hmv":"E d h:mm น. a v","Gy hmv":"G y h:mm น. a v","GyMMM hmv":"MMM G y h:mm น. a v","GyMMMd hmv":"d MMM G y h:mm น. a v","GyMMMEd hmv":"E d MMM G y h:mm น. a v","GyMMMEEEEd hmv":"EEEEที่ d MMM G y h:mm น. a v","M hmv":"L h:mm น. a v","Md hmv":"d/M h:mm น. a v","MEd hmv":"E d/M h:mm น. a v","MMM hmv":"LLL h:mm น. a v","MMMd hmv":"d MMM h:mm น. a v","MMMEd hmv":"E d MMM h:mm น. a v","MMMEEEEd hmv":"EEEEที่ d MMM h:mm น. a v","MMMMd hmv":"d MMMM h:mm น. a v","MMMMEd hmv":"E d MMMM h:mm น. a v","MMMMEEEEd hmv":"EEEEที่ d MMMM h:mm น. a v","y hmv":"y h:mm น. a v","yM hmv":"M/y h:mm น. a v","yMd hmv":"d/M/y h:mm น. a v","yMEd hmv":"E d/M/y h:mm น. a v","yMMM hmv":"MMM y h:mm น. a v","yMMMd hmv":"d MMM y h:mm น. a v","yMMMEd hmv":"E d MMM y h:mm น. a v","yMMMEEEEd hmv":"EEEEที่ d MMM y h:mm น. a v","yMMMM hmv":"MMMM G y h:mm น. a v","yMMMMd hmv":"d MMMM G y h:mm น. a v","yMMMMEd hmv":"E d MMMM G y h:mm น. a v","yMMMMEEEEd hmv":"EEEEที่ d MMMM G y h:mm น. a v","EEEEที่ d MMMM G y Hmv":"EEEEที่ d MMMM G y HH:mm v","d MMMM G y Hmv":"d MMMM G y HH:mm v","d MMM y Hmv":"d MMM y HH:mm v","d/M/yy Hmv":"d/M/yy HH:mm v","d Hmv":"d HH:mm v","E Hmv":"ccc HH:mm v","Ed Hmv":"E d HH:mm v","Gy Hmv":"G y HH:mm v","GyMMM Hmv":"MMM G y HH:mm v","GyMMMd Hmv":"d MMM G y HH:mm v","GyMMMEd Hmv":"E d MMM G y HH:mm v","GyMMMEEEEd Hmv":"EEEEที่ d MMM G y HH:mm v","M Hmv":"L HH:mm v","Md Hmv":"d/M HH:mm v","MEd Hmv":"E d/M HH:mm v","MMM Hmv":"LLL HH:mm v","MMMd Hmv":"d MMM HH:mm v","MMMEd Hmv":"E d MMM HH:mm v","MMMEEEEd Hmv":"EEEEที่ d MMM HH:mm v","MMMMd Hmv":"d MMMM HH:mm v","MMMMEd Hmv":"E d MMMM HH:mm v","MMMMEEEEd Hmv":"EEEEที่ d MMMM HH:mm v","y Hmv":"y HH:mm v","yM Hmv":"M/y HH:mm v","yMd Hmv":"d/M/y HH:mm v","yMEd Hmv":"E d/M/y HH:mm v","yMMM Hmv":"MMM y HH:mm v","yMMMd Hmv":"d MMM y HH:mm v","yMMMEd Hmv":"E d MMM y HH:mm v","yMMMEEEEd Hmv":"EEEEที่ d MMM y HH:mm v","yMMMM Hmv":"MMMM G y HH:mm v","yMMMMd Hmv":"d MMMM G y HH:mm v","yMMMMEd Hmv":"E d MMMM G y HH:mm v","yMMMMEEEEd Hmv":"EEEEที่ d MMMM G y HH:mm v","EEEEที่ d MMMM G y mmss":"EEEEที่ d MMMM G y mm:ss","d MMMM G y mmss":"d MMMM G y mm:ss","d MMM y mmss":"d MMM y mm:ss","d/M/yy mmss":"d/M/yy mm:ss","d mmss":"d mm:ss","E mmss":"ccc mm:ss","Ed mmss":"E d mm:ss","Gy mmss":"G y mm:ss","GyMMM mmss":"MMM G y mm:ss","GyMMMd mmss":"d MMM G y mm:ss","GyMMMEd mmss":"E d MMM G y mm:ss","GyMMMEEEEd mmss":"EEEEที่ d MMM G y mm:ss","M mmss":"L mm:ss","Md mmss":"d/M mm:ss","MEd mmss":"E d/M mm:ss","MMM mmss":"LLL mm:ss","MMMd mmss":"d MMM mm:ss","MMMEd mmss":"E d MMM mm:ss","MMMEEEEd mmss":"EEEEที่ d MMM mm:ss","MMMMd mmss":"d MMMM mm:ss","MMMMEd mmss":"E d MMMM mm:ss","MMMMEEEEd mmss":"EEEEที่ d MMMM mm:ss","y mmss":"y mm:ss","yM mmss":"M/y mm:ss","yMd mmss":"d/M/y mm:ss","yMEd mmss":"E d/M/y mm:ss","yMMM mmss":"MMM y mm:ss","yMMMd mmss":"d MMM y mm:ss","yMMMEd mmss":"E d MMM y mm:ss","yMMMEEEEd mmss":"EEEEที่ d MMM y mm:ss","yMMMM mmss":"MMMM G y mm:ss","yMMMMd mmss":"d MMMM G y mm:ss","yMMMMEd mmss":"E d MMMM G y mm:ss","yMMMMEEEEd mmss":"EEEEที่ d MMMM G y mm:ss","EEEEที่ d MMMM G y ms":"EEEEที่ d MMMM G y mm:ss","d MMMM G y ms":"d MMMM G y mm:ss","d MMM y ms":"d MMM y mm:ss","d/M/yy ms":"d/M/yy mm:ss","d ms":"d mm:ss","E ms":"ccc mm:ss","Ed ms":"E d mm:ss","Gy ms":"G y mm:ss","GyMMM ms":"MMM G y mm:ss","GyMMMd ms":"d MMM G y mm:ss","GyMMMEd ms":"E d MMM G y mm:ss","GyMMMEEEEd ms":"EEEEที่ d MMM G y mm:ss","M ms":"L mm:ss","Md ms":"d/M mm:ss","MEd ms":"E d/M mm:ss","MMM ms":"LLL mm:ss","MMMd ms":"d MMM mm:ss","MMMEd ms":"E d MMM mm:ss","MMMEEEEd ms":"EEEEที่ d MMM mm:ss","MMMMd ms":"d MMMM mm:ss","MMMMEd ms":"E d MMMM mm:ss","MMMMEEEEd ms":"EEEEที่ d MMMM mm:ss","y ms":"y mm:ss","yM ms":"M/y mm:ss","yMd ms":"d/M/y mm:ss","yMEd ms":"E d/M/y mm:ss","yMMM ms":"MMM y mm:ss","yMMMd ms":"d MMM y mm:ss","yMMMEd ms":"E d MMM y mm:ss","yMMMEEEEd ms":"EEEEที่ d MMM y mm:ss","yMMMM ms":"MMMM G y mm:ss","yMMMMd ms":"d MMMM G y mm:ss","yMMMMEd ms":"E d MMMM G y mm:ss","yMMMMEEEEd ms":"EEEEที่ d MMMM G y mm:ss"}},"intervalFormats":{"intervalFormatFallback":"{0} – {1}","Bh":{"B":"h B – h B","h":"h – h B"},"Bhm":{"B":"h:mm B – h:mm B","h":"h:mm – h:mm B","m":"h:mm – h:mm B"},"d":{"d":"d–d"},"Gy":{"G":"G y – G y","y":"G y–y"},"GyM":{"G":"MM/GGGGG y – MM/GGGGG y","M":"MM/GGGGG y – MM/GGGGG y","y":"MM/GGGGG y – MM/GGGGG y"},"GyMd":{"d":"d/MM/GGGGG y – d/MM/GGGGG y","G":"d/MM/GGGGG y – d/MM/GGGGG y","M":"d/MM/GGGGG y – d/MM/GGGGG y","y":"d/MM/GGGGG y – d/MM/GGGGG y"},"GyMEd":{"d":"E d/MM/GGGGG y – E d/MM/GGGGG y","G":"E d/MM/GGGGG y – E d/MM/GGGGG y","M":"E d/MM/GGGGG y – E d/MM/GGGGG y","y":"E d/MM/GGGGG y – E d/MM/GGGGG y"},"GyMMM":{"G":"MMM G y – MMM G y","M":"MMM – MMM G y","y":"MMM G y – MMM G y"},"GyMMMd":{"d":"d – d MMM G y","G":"d MMM G y – d MMM G y","M":"d MMM – d MMM G y","y":"d MMM G y – d MMM y"},"GyMMMEd":{"d":"E d MMM – E d MMM G y","G":"E d MMM G y – E d MMM G y","M":"E d MMM – E d MMM G y","y":"E d MMM y – E d MMM y"},"h":{"a":"h a – h a","h":"h–h a"},"H":{"H":"HH–HH"},"hm":{"a":"h:mm a – h:mm a","h":"h:mm–h:mm a","m":"h:mm–h:mm a"},"Hm":{"H":"HH:mm น. – HH:mm น.","m":"HH:mm น. – HH:mm น."},"hmv":{"a":"h:mm a – h:mm a v","h":"h:mm–h:mm a v","m":"h:mm–h:mm a v"},"Hmv":{"H":"H:mm น. – H:mm น. v","m":"H:mm น. – H:mm น. v"},"hv":{"a":"h a – h a v","h":"h–h a v"},"Hv":{"H":"HH–HH v"},"M":{"M":"M–M"},"Md":{"d":"d/M – d/M","M":"d/M – d/M"},"MEd":{"d":"E d/M – E d/M/","M":"E d/M – E d/M"},"MMM":{"M":"MMM – MMM"},"MMMd":{"d":"MMM d–d","M":"d MMM – d MMM"},"MMMEd":{"d":"E d – E d MMM","M":"E d MMM – E d MMM"},"MMMEEEEd":{"d":"EEEEที่ d – EEEEที่ d MMM","M":"EEEEที่ d MMM – EEEEที่ d MMM"},"y":{"y":"y–y"},"yM":{"M":"M/y – M/y","y":"M/y – M/y"},"yMd":{"d":"d/M/y – d/M/y","M":"d/M/y – d/M/y","y":"d/M/y – d/M/y"},"yMEd":{"d":"E d/M/y – E d/M/y","M":"E d/M/y – E d/M/y","y":"E d/M/y – E d/M/y"},"yMMM":{"M":"MMM–MMM y","y":"MMM y – MMM y"},"yMMMd":{"d":"d–d MMM y","M":"d MMM – d MMM y","y":"d MMM y – d MMM y"},"yMMMEd":{"d":"E d MMM – E d MMM y","M":"E d MMM – E d MMM y","y":"E d MMM y – E d MMM y"},"yMMMEEEEd":{"d":"EEEEที่ d – EEEEที่ d MMM y","M":"EEEEที่ d MMM – EEEEที่ d MMM y","y":"EEEEที่ d MMM y – EEEEที่ d MMM y"},"yMMMM":{"M":"MMMM – MMMM y","y":"MMMM y – MMMM y"},"yMMMMd":{"d":"d–d MMMM G y","M":"d MMMM – d MMMM G y","y":"d MMMM G y – d MMMM y"},"yMMMMEd":{"d":"E d – E d MMMM G y","M":"E d MMMM – E d MMMM G y","y":"E d MMMM G y – E d MMMM y"},"yMMMMEEEEd":{"d":"EEEEที่ d – EEEEที่ d MMMM G y","M":"EEEEที่ d MMMM – EEEEที่ d MMMM G y","y":"EEEEที่ d MMMM G y – EEEEที่ d MMMM y"}},"hourCycle":"h23","nu":["latn"],"ca":["buddhist","gregory"],"hc":["h23","h12"]},"locale":"th"}
