{"data":{"nu":["latn"],"year":{"0":"käesolev aasta","1":"järgmine aasta","future":{"one":"{0} aasta pärast","other":"{0} aasta pärast"},"past":{"one":"{0} aasta eest","other":"{0} aasta eest"},"-1":"eelmine aasta"},"year-short":{"0":"käesolev a","1":"järgmine a","future":{"one":"{0} a pärast","other":"{0} a pärast"},"past":{"one":"{0} a eest","other":"{0} a eest"},"-1":"eelmine a"},"year-narrow":{"0":"see a","1":"järgm. a","future":{"one":"{0} a pärast","other":"{0} a pärast"},"past":{"one":"{0} a eest","other":"{0} a eest"},"-1":"eelm. a"},"quarter":{"0":"käesolev kvartal","1":"järgmine kvartal","future":{"one":"{0} kvartali pärast","other":"{0} kvartali pärast"},"past":{"one":"{0} kvartali eest","other":"{0} kvartali eest"},"-1":"eelmine kvartal"},"quarter-short":{"0":"käesolev kv","1":"järgmine kv","future":{"one":"{0} kv pärast","other":"{0} kv pärast"},"past":{"one":"{0} kv eest","other":"{0} kv eest"},"-1":"eelmine kv"},"quarter-narrow":{"0":"käesolev kv","1":"järgmine kv","future":{"one":"{0} kv pärast","other":"{0} kv pärast"},"past":{"one":"{0} kv eest","other":"{0} kv eest"},"-1":"eelmine kv"},"month":{"0":"käesolev kuu","1":"järgmine kuu","future":{"one":"{0} kuu pärast","other":"{0} kuu pärast"},"past":{"one":"{0} kuu eest","other":"{0} kuu eest"},"-1":"eelmine kuu"},"month-short":{"0":"see kuu","1":"järgm. kuu","future":{"one":"{0} kuu pärast","other":"{0} kuu pärast"},"past":{"one":"{0} kuu eest","other":"{0} kuu eest"},"-1":"eelm. kuu"},"month-narrow":{"0":"see k","1":"järgm. k","future":{"one":"{0} k pärast","other":"{0} k pärast"},"past":{"one":"{0} k eest","other":"{0} k eest"},"-1":"eelm. k"},"week":{"0":"käesolev nädal","1":"järgmine nädal","future":{"one":"{0} nädala pärast","other":"{0} nädala pärast"},"past":{"one":"{0} nädala eest","other":"{0} nädala eest"},"-1":"eelmine nädal"},"week-short":{"0":"see näd","1":"järgm. näd","future":{"one":"{0} näd pärast","other":"{0} näd pärast"},"past":{"one":"{0} näd eest","other":"{0} näd eest"},"-1":"eelm. näd"},"week-narrow":{"0":"see n","1":"järgm. n","future":{"one":"{0} näd pärast","other":"{0} näd pärast"},"past":{"one":"{0} näd eest","other":"{0} näd eest"},"-1":"eelm. n"},"day":{"0":"täna","1":"homme","2":"ülehomme","future":{"one":"{0} päeva pärast","other":"{0} päeva pärast"},"past":{"one":"{0} päeva eest","other":"{0} päeva eest"},"-2":"üleeile","-1":"eile"},"day-short":{"0":"täna","1":"homme","2":"ülehomme","future":{"one":"{0} p pärast","other":"{0} p pärast"},"past":{"one":"{0} p eest","other":"{0} p eest"},"-2":"üleeile","-1":"eile"},"day-narrow":{"0":"täna","1":"homme","2":"ülehomme","future":{"one":"{0} p pärast","other":"{0} p pärast"},"past":{"one":"{0} p eest","other":"{0} p eest"},"-2":"üleeile","-1":"eile"},"hour":{"0":"praegusel tunnil","future":{"one":"{0} tunni pärast","other":"{0} tunni pärast"},"past":{"one":"{0} tunni eest","other":"{0} tunni eest"}},"hour-short":{"0":"praegusel tunnil","future":{"one":"{0} t pärast","other":"{0} t pärast"},"past":{"one":"{0} t eest","other":"{0} t eest"}},"hour-narrow":{"0":"praegusel tunnil","future":{"one":"{0} t pärast","other":"{0} t pärast"},"past":{"one":"{0} t eest","other":"{0} t eest"}},"minute":{"0":"praegusel minutil","future":{"one":"{0} minuti pärast","other":"{0} minuti pärast"},"past":{"one":"{0} minuti eest","other":"{0} minuti eest"}},"minute-short":{"0":"praegusel minutil","future":{"one":"{0} min pärast","other":"{0} min pärast"},"past":{"one":"{0} min eest","other":"{0} min eest"}},"minute-narrow":{"0":"praegusel minutil","future":{"one":"{0} min pärast","other":"{0} min pärast"},"past":{"one":"{0} min eest","other":"{0} min eest"}},"second":{"0":"nüüd","future":{"one":"{0} sekundi pärast","other":"{0} sekundi pärast"},"past":{"one":"{0} sekundi eest","other":"{0} sekundi eest"}},"second-short":{"0":"nüüd","future":{"one":"{0} sek pärast","other":"{0} sek pärast"},"past":{"one":"{0} sek eest","other":"{0} sek eest"}},"second-narrow":{"0":"nüüd","future":{"one":"{0} s pärast","other":"{0} s pärast"},"past":{"one":"{0} s eest","other":"{0} s eest"}}},"locale":"et"}
