{"data":{"nu":["latn"],"year":{"0":"इस वर्ष","1":"अगला वर्ष","future":{"one":"{0} वर्ष में","other":"{0} वर्ष में"},"past":{"one":"{0} वर्ष पहले","other":"{0} वर्ष पहले"},"-1":"पिछला वर्ष"},"year-short":{"0":"इस वर्ष","1":"अगला वर्ष","future":{"one":"{0} वर्ष में","other":"{0} वर्ष में"},"past":{"one":"{0} वर्ष पहले","other":"{0} वर्ष पहले"},"-1":"पिछला वर्ष"},"year-narrow":{"0":"इस साल","1":"अगले साल","future":{"one":"{0} वर्ष में","other":"{0} वर्ष में"},"past":{"one":"{0} वर्ष पहले","other":"{0} वर्ष पहले"},"-1":"पिछले साल"},"quarter":{"0":"इस तिमाही","1":"अगली तिमाही","future":{"one":"{0} तिमाही में","other":"{0} तिमाहियों में"},"past":{"one":"{0} तिमाही पहले","other":"{0} तिमाही पहले"},"-1":"अंतिम तिमाही"},"quarter-short":{"0":"इस तिमाही","1":"अगली तिमाही","future":{"one":"{0} तिमाही में","other":"{0} तिमाहियों में"},"past":{"one":"{0} तिमाही पहले","other":"{0} तिमाहियों पहले"},"-1":"अंतिम तिमाही"},"quarter-narrow":{"0":"इस तिमाही","1":"अगली तिमाही","future":{"one":"{0} ति॰ में","other":"{0} ति॰ में"},"past":{"one":"{0} ति॰ पहले","other":"{0} ति॰ पहले"},"-1":"अंतिम तिमाही"},"month":{"0":"इस माह","1":"अगला माह","future":{"one":"{0} माह में","other":"{0} माह में"},"past":{"one":"{0} माह पहले","other":"{0} माह पहले"},"-1":"पिछला माह"},"month-short":{"0":"इस माह","1":"अगला माह","future":{"one":"{0} माह में","other":"{0} माह में"},"past":{"one":"{0} माह पहले","other":"{0} माह पहले"},"-1":"पिछला माह"},"month-narrow":{"0":"इस माह","1":"अगला माह","future":{"one":"{0} माह में","other":"{0} माह में"},"past":{"one":"{0} माह पहले","other":"{0} माह पहले"},"-1":"पिछला माह"},"week":{"0":"इस सप्ताह","1":"अगला सप्ताह","future":{"one":"{0} सप्ताह में","other":"{0} सप्ताह में"},"past":{"one":"{0} सप्ताह पहले","other":"{0} सप्ताह पहले"},"-1":"पिछला सप्ताह"},"week-short":{"0":"इस सप्ताह","1":"अगला सप्ताह","future":{"one":"{0} सप्ताह में","other":"{0} सप्ताह में"},"past":{"one":"{0} सप्ताह पहले","other":"{0} सप्ताह पहले"},"-1":"पिछला सप्ताह"},"week-narrow":{"0":"इस सप्ताह","1":"अगला सप्ताह","future":{"one":"{0} सप्ताह में","other":"{0} सप्ताह में"},"past":{"one":"{0} सप्ताह पहले","other":"{0} सप्ताह पहले"},"-1":"पिछला सप्ताह"},"day":{"0":"आज","1":"कल","2":"परसों","future":{"one":"{0} दिन में","other":"{0} दिन में"},"past":{"one":"{0} दिन पहले","other":"{0} दिन पहले"},"-2":"परसों","-1":"कल"},"day-short":{"0":"आज","1":"आने वाला कल","2":"परसों","future":{"one":"{0} दिन में","other":"{0} दिन में"},"past":{"one":"{0} दिन पहले","other":"{0} दिन पहले"},"-2":"परसों","-1":"बीता कल"},"day-narrow":{"0":"आज","1":"आने वाला कल","2":"परसों","future":{"one":"{0} दिन में","other":"{0} दिन में"},"past":{"one":"{0} दिन पहले","other":"{0} दिन पहले"},"-2":"परसों","-1":"बीता कल"},"hour":{"0":"यह घंटा","future":{"one":"{0} घंटे में","other":"{0} घंटे में"},"past":{"one":"{0} घंटे पहले","other":"{0} घंटे पहले"}},"hour-short":{"0":"यह घंटा","future":{"one":"{0} घं॰ में","other":"{0} घं॰ में"},"past":{"one":"{0} घं॰ पहले","other":"{0} घं॰ पहले"}},"hour-narrow":{"0":"यह घंटा","future":{"one":"{0} घं॰ में","other":"{0} घं॰ में"},"past":{"one":"{0} घं॰ पहले","other":"{0} घं॰ पहले"}},"minute":{"0":"यह मिनट","future":{"one":"{0} मिनट में","other":"{0} मिनट में"},"past":{"one":"{0} मिनट पहले","other":"{0} मिनट पहले"}},"minute-short":{"0":"यह मिनट","future":{"one":"{0} मि॰ में","other":"{0} मि॰ में"},"past":{"one":"{0} मि॰ पहले","other":"{0} मि॰ पहले"}},"minute-narrow":{"0":"यह मिनट","future":{"one":"{0} मि॰ में","other":"{0} मि॰ में"},"past":{"one":"{0} मि॰ पहले","other":"{0} मि॰ पहले"}},"second":{"0":"अब","future":{"one":"{0} सेकंड में","other":"{0} सेकंड में"},"past":{"one":"{0} सेकंड पहले","other":"{0} सेकंड पहले"}},"second-short":{"0":"अब","future":{"one":"{0} से॰ में","other":"{0} से॰ में"},"past":{"one":"{0} से॰ पहले","other":"{0} से॰ पहले"}},"second-narrow":{"0":"अब","future":{"one":"{0} से॰ में","other":"{0} से॰ में"},"past":{"one":"{0} से॰ पहले","other":"{0} से॰ पहले"}}},"locale":"hi"}
