{"data":{"nu":["latn"],"year":{"0":"šiais metais","1":"kitais metais","future":{"one":"po {0} metų","few":"po {0} metų","many":"po {0} metų","other":"po {0} metų"},"past":{"one":"prieš {0} metus","few":"prieš {0} metus","many":"prieš {0} metų","other":"prieš {0} metų"},"-1":"praėjusiais metais"},"year-short":{"0":"šiais metais","1":"kitais metais","future":{"one":"po {0} m.","few":"po {0} m.","many":"po {0} m.","other":"po {0} m."},"past":{"one":"prieš {0} m.","few":"prieš {0} m.","many":"prieš {0} m.","other":"prieš {0} m."},"-1":"praėjusiais metais"},"year-narrow":{"0":"šiais metais","1":"kitais metais","future":{"one":"po {0} m.","few":"po {0} m.","many":"po {0} m.","other":"po {0} m."},"past":{"one":"prieš {0} m.","few":"prieš {0} m.","many":"prieš {0} m.","other":"prieš {0} m."},"-1":"praėjusiais metais"},"quarter":{"0":"šis ketvirtis","1":"kitas ketvirtis","future":{"one":"po {0} ketvirčio","few":"po {0} ketvirčių","many":"po {0} ketvirčio","other":"po {0} ketvirčių"},"past":{"one":"prieš {0} ketvirtį","few":"prieš {0} ketvirčius","many":"prieš {0} ketvirčio","other":"prieš {0} ketvirčių"},"-1":"praėjęs ketvirtis"},"quarter-short":{"0":"šis ketvirtis","1":"kitas ketvirtis","future":{"one":"po {0} ketv.","few":"po {0} ketv.","many":"po {0} ketv.","other":"po {0} ketv."},"past":{"one":"prieš {0} ketv.","few":"prieš {0} ketv.","many":"prieš {0} ketv.","other":"prieš {0} ketv."},"-1":"praėjęs ketvirtis"},"quarter-narrow":{"0":"šis ketvirtis","1":"kitas ketvirtis","future":{"one":"po {0} ketv.","few":"po {0} ketv.","many":"po {0} ketv.","other":"po {0} ketv."},"past":{"one":"prieš {0} ketv.","few":"prieš {0} ketv.","many":"prieš {0} ketv.","other":"prieš {0} ketv."},"-1":"praėjęs ketvirtis"},"month":{"0":"šį mėnesį","1":"kitą mėnesį","future":{"one":"po {0} mėnesio","few":"po {0} mėnesių","many":"po {0} mėnesio","other":"po {0} mėnesių"},"past":{"one":"prieš {0} mėnesį","few":"prieš {0} mėnesius","many":"prieš {0} mėnesio","other":"prieš {0} mėnesių"},"-1":"praėjusį mėnesį"},"month-short":{"0":"šį mėnesį","1":"kitą mėnesį","future":{"one":"po {0} mėn.","few":"po {0} mėn.","many":"po {0} mėn.","other":"po {0} mėn."},"past":{"one":"prieš {0} mėn.","few":"prieš {0} mėn.","many":"prieš {0} mėn.","other":"prieš {0} mėn."},"-1":"praėjusį mėnesį"},"month-narrow":{"0":"šį mėnesį","1":"kitą mėnesį","future":{"one":"po {0} mėn.","few":"po {0} mėn.","many":"po {0} mėn.","other":"po {0} mėn."},"past":{"one":"prieš {0} mėn.","few":"prieš {0} mėn.","many":"prieš {0} mėn.","other":"prieš {0} mėn."},"-1":"praėjusį mėnesį"},"week":{"0":"šią savaitę","1":"kitą savaitę","future":{"one":"po {0} savaitės","few":"po {0} savaičių","many":"po {0} savaitės","other":"po {0} savaičių"},"past":{"one":"prieš {0} savaitę","few":"prieš {0} savaites","many":"prieš {0} savaitės","other":"prieš {0} savaičių"},"-1":"praėjusią savaitę"},"week-short":{"0":"šią savaitę","1":"kitą savaitę","future":{"one":"po {0} sav.","few":"po {0} sav.","many":"po {0} sav.","other":"po {0} sav."},"past":{"one":"prieš {0} sav.","few":"prieš {0} sav.","many":"prieš {0} sav.","other":"prieš {0} sav."},"-1":"praėjusią savaitę"},"week-narrow":{"0":"šią savaitę","1":"kitą savaitę","future":{"one":"po {0} sav.","few":"po {0} sav.","many":"po {0} sav.","other":"po {0} sav."},"past":{"one":"prieš {0} sav.","few":"prieš {0} sav.","many":"prieš {0} sav.","other":"prieš {0} sav."},"-1":"praėjusią savaitę"},"day":{"0":"šiandien","1":"rytoj","2":"poryt","future":{"one":"po {0} dienos","few":"po {0} dienų","many":"po {0} dienos","other":"po {0} dienų"},"past":{"one":"prieš {0} dieną","few":"prieš {0} dienas","many":"prieš {0} dienos","other":"prieš {0} dienų"},"-2":"užvakar","-1":"vakar"},"day-short":{"0":"šiandien","1":"rytoj","2":"poryt","future":{"one":"po {0} d.","few":"po {0} d.","many":"po {0} d.","other":"po {0} d."},"past":{"one":"prieš {0} d.","few":"prieš {0} d.","many":"prieš {0} d.","other":"prieš {0} d."},"-2":"užvakar","-1":"vakar"},"day-narrow":{"0":"šiandien","1":"rytoj","2":"poryt","future":{"one":"po {0} d.","few":"po {0} d.","many":"po {0} d.","other":"po {0} d."},"past":{"one":"prieš {0} d.","few":"prieš {0} d.","many":"prieš {0} d.","other":"prieš {0} d."},"-2":"užvakar","-1":"vakar"},"hour":{"0":"šią valandą","future":{"one":"po {0} valandos","few":"po {0} valandų","many":"po {0} valandos","other":"po {0} valandų"},"past":{"one":"prieš {0} valandą","few":"prieš {0} valandas","many":"prieš {0} valandos","other":"prieš {0} valandų"}},"hour-short":{"0":"šią valandą","future":{"one":"po {0} val.","few":"po {0} val.","many":"po {0} val.","other":"po {0} val."},"past":{"one":"prieš {0} val.","few":"prieš {0} val.","many":"prieš {0} val.","other":"prieš {0} val."}},"hour-narrow":{"0":"šią valandą","future":{"one":"po {0} val.","few":"po {0} val.","many":"po {0} val.","other":"po {0} val."},"past":{"one":"prieš {0} val.","few":"prieš {0} val.","many":"prieš {0} val.","other":"prieš {0} val."}},"minute":{"0":"šią minutę","future":{"one":"po {0} minutės","few":"po {0} minučių","many":"po {0} minutės","other":"po {0} minučių"},"past":{"one":"prieš {0} minutę","few":"prieš {0} minutes","many":"prieš {0} minutės","other":"prieš {0} minučių"}},"minute-short":{"0":"šią minutę","future":{"one":"po {0} min.","few":"po {0} min.","many":"po {0} min.","other":"po {0} min."},"past":{"one":"prieš {0} min.","few":"prieš {0} min.","many":"prieš {0} min.","other":"prieš {0} min."}},"minute-narrow":{"0":"šią minutę","future":{"one":"po {0} min.","few":"po {0} min.","many":"po {0} min.","other":"po {0} min."},"past":{"one":"prieš {0} min.","few":"prieš {0} min.","many":"prieš {0} min.","other":"prieš {0} min."}},"second":{"0":"dabar","future":{"one":"po {0} sekundės","few":"po {0} sekundžių","many":"po {0} sekundės","other":"po {0} sekundžių"},"past":{"one":"prieš {0} sekundę","few":"prieš {0} sekundes","many":"prieš {0} sekundės","other":"prieš {0} sekundžių"}},"second-short":{"0":"dabar","future":{"one":"po {0} sek.","few":"po {0} sek.","many":"po {0} sek.","other":"po {0} sek."},"past":{"one":"prieš {0} sek.","few":"prieš {0} sek.","many":"prieš {0} sek.","other":"prieš {0} sek."}},"second-narrow":{"0":"dabar","future":{"one":"po {0} s","few":"po {0} s","many":"po {0} s","other":"po {0} s"},"past":{"one":"prieš {0} s","few":"prieš {0} s","many":"prieš {0} s","other":"prieš {0} s"}}},"locale":"lt"}
