{"data":{"units":{"simple":{"degree":{"long":{"other":"{0} grade","one":"{0} graad"},"short":{"other":"{0} gr."},"narrow":{"other":"{0}°"},"perUnit":{}},"hectare":{"long":{"other":"{0} hektaar"},"short":{"other":"{0} ha"},"narrow":{"other":"{0}ha"},"perUnit":{}},"acre":{"long":{"other":"{0} acre"},"short":{"other":"{0} acre"},"narrow":{"other":"{0} ak"},"perUnit":{}},"percent":{"long":{"other":"{0} persent"},"short":{"other":"{0}%"},"narrow":{"other":"{0}%"},"perUnit":{}},"liter-per-kilometer":{"long":{"other":"{0} liter per kilometer"},"short":{"other":"{0} ℓ/km"},"narrow":{"other":"{0} ℓ/km"},"perUnit":{}},"mile-per-gallon":{"long":{"other":"{0} myl per VSA-gelling"},"short":{"other":"{0} m.p.VSA-g."},"narrow":{"other":"{0} m.p.VSA-g."},"perUnit":{}},"petabyte":{"long":{"other":"{0} petagreep"},"short":{"other":"{0} PB"},"narrow":{"other":"{0} PB"},"perUnit":{}},"terabyte":{"long":{"other":"{0} teragreep"},"short":{"other":"{0} TB"},"narrow":{"other":"{0} TB"},"perUnit":{}},"terabit":{"long":{"other":"{0} terabis"},"short":{"other":"{0} Tb"},"narrow":{"other":"{0} Tb"},"perUnit":{}},"gigabyte":{"long":{"other":"{0} gigagreep"},"short":{"other":"{0} GB"},"narrow":{"other":"{0} GB"},"perUnit":{}},"gigabit":{"long":{"other":"{0} gigabis"},"short":{"other":"{0} Gb"},"narrow":{"other":"{0} Gb"},"perUnit":{}},"megabyte":{"long":{"other":"{0} megagreep"},"short":{"other":"{0} MB"},"narrow":{"other":"{0} MB"},"perUnit":{}},"megabit":{"long":{"other":"{0} megabis"},"short":{"other":"{0} Mb"},"narrow":{"other":"{0} Mb"},"perUnit":{}},"kilobyte":{"long":{"other":"{0} kilogreep"},"short":{"other":"{0} kB"},"narrow":{"other":"{0} kB"},"perUnit":{}},"kilobit":{"long":{"other":"{0} kilobis"},"short":{"other":"{0} kb"},"narrow":{"other":"{0} kb"},"perUnit":{}},"byte":{"long":{"other":"{0} greep"},"short":{"other":"{0} greep"},"narrow":{"other":"{0} greep"},"perUnit":{}},"bit":{"long":{"other":"{0} bis"},"short":{"other":"{0} bis"},"narrow":{"other":"{0} bis"},"perUnit":{}},"year":{"long":{"other":"{0} jaar"},"short":{"other":"{0} j."},"narrow":{"other":"{0} j."},"perUnit":{"long":"{0} per jaar","short":"{0}/j.","narrow":"{0}/j."}},"month":{"long":{"other":"{0} maande","one":"{0} maand"},"short":{"other":"{0} md."},"narrow":{"other":"{0} md."},"perUnit":{"long":"{0}/maand","short":"{0}/md.","narrow":"{0}/md."}},"week":{"long":{"other":"{0} weke","one":"{0} week"},"short":{"other":"{0} w."},"narrow":{"other":"{0} w."},"perUnit":{"long":"{0} per week","short":"{0}/w.","narrow":"{0}/w."}},"day":{"long":{"other":"{0} dae","one":"{0} dag"},"short":{"other":"{0} dae","one":"{0} dag"},"narrow":{"other":"{0} d."},"perUnit":{"long":"{0} per dag","short":"{0}/d.","narrow":"{0}/d."}},"hour":{"long":{"other":"{0} uur"},"short":{"other":"{0} u."},"narrow":{"other":"{0} u."},"perUnit":{"long":"{0} per uur","short":"{0}/h","narrow":"{0}/h"}},"minute":{"long":{"other":"{0} minute","one":"{0} minuut"},"short":{"other":"{0} min."},"narrow":{"other":"{0} min."},"perUnit":{"long":"{0} per minuut","short":"{0}/min.","narrow":"{0}/min."}},"second":{"long":{"other":"{0} sekondes","one":"{0} sekonde"},"short":{"other":"{0} s."},"narrow":{"other":"{0} s."},"perUnit":{"long":"{0} per sekonde","short":"{0}/s.","narrow":"{0}/s."}},"millisecond":{"long":{"other":"{0} millisekondes","one":"{0} millisekonde"},"short":{"other":"{0} ms","one":"{0} ms."},"narrow":{"other":"{0} ms."},"perUnit":{}},"kilometer":{"long":{"other":"{0} kilometer"},"short":{"other":"{0} km"},"narrow":{"other":"{0} km"},"perUnit":{"long":"{0} per kilometer","short":"{0}/km","narrow":"{0}/km"}},"meter":{"long":{"other":"{0} meter"},"short":{"other":"{0} m"},"narrow":{"other":"{0} m"},"perUnit":{"long":"{0} per meter","short":"{0}/m","narrow":"{0}/m"}},"centimeter":{"long":{"other":"{0} sentimeter"},"short":{"other":"{0} cm"},"narrow":{"other":"{0} cm"},"perUnit":{"long":"{0} per sentimeter","short":"{0}/cm","narrow":"{0}/cm"}},"millimeter":{"long":{"other":"{0} millimeter"},"short":{"other":"{0} mm"},"narrow":{"other":"{0} mm"},"perUnit":{}},"mile":{"long":{"other":"{0} myl"},"short":{"other":"{0} myl"},"narrow":{"other":"{0} myl"},"perUnit":{}},"yard":{"long":{"other":"{0} jaart"},"short":{"other":"{0} jt."},"narrow":{"other":"{0} jt."},"perUnit":{}},"foot":{"long":{"other":"{0} voet"},"short":{"other":"{0} vt."},"narrow":{"other":"{0} vt."},"perUnit":{"long":"{0} per voet","short":"{0}/vt.","narrow":"{0}/vt."}},"inch":{"long":{"other":"{0} duim"},"short":{"other":"{0} duim"},"narrow":{"other":"{0} duim"},"perUnit":{"long":"{0} per duim","short":"{0}/duim","narrow":"{0}/duim"}},"mile-scandinavian":{"long":{"other":"{0} Skandinawiese myl"},"short":{"other":"{0} smi"},"narrow":{"other":"{0} smi"},"perUnit":{}},"kilogram":{"long":{"other":"{0} kilogram"},"short":{"other":"{0} kg"},"narrow":{"other":"{0} kg"},"perUnit":{"long":"{0} per kilogram","short":"{0}/kg","narrow":"{0}/kg"}},"gram":{"long":{"other":"{0} gram"},"short":{"other":"{0} g"},"narrow":{"other":"{0} g"},"perUnit":{"long":"{0} per gram","short":"{0}/g","narrow":"{0}/g"}},"stone":{"long":{"other":"{0} stone"},"short":{"other":"{0} st"},"narrow":{"other":"{0} st"},"perUnit":{}},"pound":{"long":{"other":"{0} pond"},"short":{"other":"{0} lb."},"narrow":{"other":"{0} lb."},"perUnit":{"long":"{0} per pond","short":"{0}/lb","narrow":"{0}/lb"}},"ounce":{"long":{"other":"{0} onse","one":"{0} ons"},"short":{"other":"{0} oz."},"narrow":{"other":"{0} oz."},"perUnit":{"long":"{0} per ons","short":"{0}/oz.","narrow":"{0}/oz."}},"kilometer-per-hour":{"long":{"other":"{0} kilometer per uur"},"short":{"other":"{0} km/h"},"narrow":{"other":"{0} km/h"},"perUnit":{}},"meter-per-second":{"long":{"other":"{0} meter per sekonde"},"short":{"other":"{0} m/s."},"narrow":{"other":"{0}m/s"},"perUnit":{}},"mile-per-hour":{"long":{"other":"{0} myl per uur"},"short":{"other":"{0} myl/h"},"narrow":{"other":"{0} myl/h"},"perUnit":{}},"celsius":{"long":{"other":"{0} grade Celsius","one":"{0} graad Celsius"},"short":{"other":"{0} °C"},"narrow":{"other":"{0} °C"},"perUnit":{}},"fahrenheit":{"long":{"other":"{0} grade Fahrenheit","one":"{0} graad Fahrenheit"},"short":{"other":"{0} °F"},"narrow":{"other":"{0}°F"},"perUnit":{}},"liter":{"long":{"other":"{0} liter"},"short":{"other":"{0} ℓ"},"narrow":{"other":"{0} ℓ"},"perUnit":{"long":"{0} per liter","short":"{0}/ℓ","narrow":"{0}/ℓ"}},"milliliter":{"long":{"other":"{0} milliliter"},"short":{"other":"{0} mℓ"},"narrow":{"other":"{0} mℓ"},"perUnit":{}},"gallon":{"long":{"other":"{0} gelling"},"short":{"other":"{0} gell."},"narrow":{"other":"{0} gell."},"perUnit":{"long":"{0} per gelling","short":"{0}/gell.","narrow":"{0}/gell."}},"fluid-ounce":{"long":{"other":"{0} vloeistofons"},"short":{"other":"{0} vl.oz."},"narrow":{"other":"{0} vl.oz."},"perUnit":{}}},"compound":{"per":{"long":"{0} per {1}","short":"{0}/{1}","narrow":"{0}/{1}"}}},"currencies":{"ADP":{"displayName":{"other":"ADP"},"symbol":"ADP","narrow":"ADP"},"AED":{"displayName":{"other":"VAE-dirham"},"symbol":"AED","narrow":"AED"},"AFA":{"displayName":{"other":"AFA"},"symbol":"AFA","narrow":"AFA"},"AFN":{"displayName":{"other":"Afgaanse afgani"},"symbol":"AFN","narrow":"؋"},"ALK":{"displayName":{"other":"ALK"},"symbol":"ALK","narrow":"ALK"},"ALL":{"displayName":{"other":"Albanese lek"},"symbol":"ALL","narrow":"ALL"},"AMD":{"displayName":{"other":"Armeense dram"},"symbol":"AMD","narrow":"֏"},"ANG":{"displayName":{"other":"Nederlands-Antilliaanse gulde"},"symbol":"ANG","narrow":"ANG"},"AOA":{"displayName":{"other":"Angolese kwanza"},"symbol":"AOA","narrow":"Kz"},"AOK":{"displayName":{"other":"AOK"},"symbol":"AOK","narrow":"AOK"},"AON":{"displayName":{"other":"AON"},"symbol":"AON","narrow":"AON"},"AOR":{"displayName":{"other":"AOR"},"symbol":"AOR","narrow":"AOR"},"ARA":{"displayName":{"other":"ARA"},"symbol":"ARA","narrow":"ARA"},"ARL":{"displayName":{"other":"ARL"},"symbol":"ARL","narrow":"ARL"},"ARM":{"displayName":{"other":"ARM"},"symbol":"ARM","narrow":"ARM"},"ARP":{"displayName":{"other":"ARP"},"symbol":"ARP","narrow":"ARP"},"ARS":{"displayName":{"other":"Argentynse peso"},"symbol":"ARS","narrow":"$"},"ATS":{"displayName":{"other":"ATS"},"symbol":"ATS","narrow":"ATS"},"AUD":{"displayName":{"other":"Australiese dollar"},"symbol":"A$","narrow":"$"},"AWG":{"displayName":{"other":"Arubaanse floryn"},"symbol":"AWG","narrow":"AWG"},"AZM":{"displayName":{"other":"AZM"},"symbol":"AZM","narrow":"AZM"},"AZN":{"displayName":{"other":"Azerbeidjaanse manat"},"symbol":"AZN","narrow":"₼"},"BAD":{"displayName":{"other":"BAD"},"symbol":"BAD","narrow":"BAD"},"BAM":{"displayName":{"other":"Bosnies-Herzegowiniese omskakelbare marka"},"symbol":"BAM","narrow":"KM"},"BAN":{"displayName":{"other":"BAN"},"symbol":"BAN","narrow":"BAN"},"BBD":{"displayName":{"other":"Barbados-dollar"},"symbol":"BBD","narrow":"$"},"BDT":{"displayName":{"other":"Bangladesjiese taka"},"symbol":"BDT","narrow":"৳"},"BEC":{"displayName":{"other":"BEC"},"symbol":"BEC","narrow":"BEC"},"BEF":{"displayName":{"other":"BEF"},"symbol":"BEF","narrow":"BEF"},"BEL":{"displayName":{"other":"BEL"},"symbol":"BEL","narrow":"BEL"},"BGL":{"displayName":{"other":"BGL"},"symbol":"BGL","narrow":"BGL"},"BGM":{"displayName":{"other":"BGM"},"symbol":"BGM","narrow":"BGM"},"BGN":{"displayName":{"other":"Bulgaarse lev"},"symbol":"BGN","narrow":"BGN"},"BGO":{"displayName":{"other":"BGO"},"symbol":"BGO","narrow":"BGO"},"BHD":{"displayName":{"other":"Bahreinse dinar"},"symbol":"BHD","narrow":"BHD"},"BIF":{"displayName":{"other":"Burundiese frank"},"symbol":"BIF","narrow":"BIF"},"BMD":{"displayName":{"other":"Bermuda-dollar"},"symbol":"BMD","narrow":"$"},"BND":{"displayName":{"other":"Broeneise dollar"},"symbol":"BND","narrow":"$"},"BOB":{"displayName":{"other":"Boliviaanse boliviano"},"symbol":"BOB","narrow":"Bs"},"BOL":{"displayName":{"other":"BOL"},"symbol":"BOL","narrow":"BOL"},"BOP":{"displayName":{"other":"BOP"},"symbol":"BOP","narrow":"BOP"},"BOV":{"displayName":{"other":"BOV"},"symbol":"BOV","narrow":"BOV"},"BRB":{"displayName":{"other":"BRB"},"symbol":"BRB","narrow":"BRB"},"BRC":{"displayName":{"other":"BRC"},"symbol":"BRC","narrow":"BRC"},"BRE":{"displayName":{"other":"BRE"},"symbol":"BRE","narrow":"BRE"},"BRL":{"displayName":{"other":"Brasillianse reaal"},"symbol":"R$","narrow":"R$"},"BRN":{"displayName":{"other":"BRN"},"symbol":"BRN","narrow":"BRN"},"BRR":{"displayName":{"other":"BRR"},"symbol":"BRR","narrow":"BRR"},"BRZ":{"displayName":{"other":"BRZ"},"symbol":"BRZ","narrow":"BRZ"},"BSD":{"displayName":{"other":"Bahamiaanse dollar"},"symbol":"BSD","narrow":"$"},"BTN":{"displayName":{"other":"Bhoetanese ngoeltroem"},"symbol":"BTN","narrow":"BTN"},"BUK":{"displayName":{"other":"BUK"},"symbol":"BUK","narrow":"BUK"},"BWP":{"displayName":{"other":"Botswana-pula"},"symbol":"BWP","narrow":"P"},"BYB":{"displayName":{"other":"BYB"},"symbol":"BYB","narrow":"BYB"},"BYN":{"displayName":{"other":"Belarusiese roebel"},"symbol":"BYN","narrow":"р."},"BYR":{"displayName":{"other":"Belo-Russiese roebel (2000–2016)"},"symbol":"BYR","narrow":"BYR"},"BZD":{"displayName":{"other":"Beliziese dollar"},"symbol":"BZD","narrow":"$"},"CAD":{"displayName":{"other":"Kanadese dollar"},"symbol":"CAD","narrow":"$"},"CDF":{"displayName":{"other":"Kongolese frank"},"symbol":"CDF","narrow":"CDF"},"CHE":{"displayName":{"other":"CHE"},"symbol":"CHE","narrow":"CHE"},"CHF":{"displayName":{"other":"Switserse frank"},"symbol":"CHF","narrow":"CHF"},"CHW":{"displayName":{"other":"CHW"},"symbol":"CHW","narrow":"CHW"},"CLE":{"displayName":{"other":"CLE"},"symbol":"CLE","narrow":"CLE"},"CLF":{"displayName":{"other":"CLF"},"symbol":"CLF","narrow":"CLF"},"CLP":{"displayName":{"other":"Chileense peso"},"symbol":"CLP","narrow":"$"},"CNH":{"displayName":{"other":"Chinese joean (buiteland)"},"symbol":"CNH","narrow":"CNH"},"CNX":{"displayName":{"other":"CNX"},"symbol":"CNX","narrow":"CNX"},"CNY":{"displayName":{"other":"Chinese joean"},"symbol":"CN¥","narrow":"¥"},"COP":{"displayName":{"other":"Colombiaanse peso"},"symbol":"COP","narrow":"$"},"COU":{"displayName":{"other":"COU"},"symbol":"COU","narrow":"COU"},"CRC":{"displayName":{"other":"Costa Ricaanse colón"},"symbol":"CRC","narrow":"₡"},"CSD":{"displayName":{"other":"CSD"},"symbol":"CSD","narrow":"CSD"},"CSK":{"displayName":{"other":"CSK"},"symbol":"CSK","narrow":"CSK"},"CUC":{"displayName":{"other":"Kubaanse omskakelbare peso"},"symbol":"CUC","narrow":"$"},"CUP":{"displayName":{"other":"Kubaanse peso"},"symbol":"CUP","narrow":"$"},"CVE":{"displayName":{"other":"Kaap Verdiese escudo"},"symbol":"CVE","narrow":"CVE"},"CYP":{"displayName":{"other":"CYP"},"symbol":"CYP","narrow":"CYP"},"CZK":{"displayName":{"other":"Tsjeggiese kroon"},"symbol":"CZK","narrow":"Kč"},"DDM":{"displayName":{"other":"DDM"},"symbol":"DDM","narrow":"DDM"},"DEM":{"displayName":{"other":"DEM"},"symbol":"DEM","narrow":"DEM"},"DJF":{"displayName":{"other":"Djiboeti-frank"},"symbol":"DJF","narrow":"DJF"},"DKK":{"displayName":{"other":"Deense kroon"},"symbol":"DKK","narrow":"kr"},"DOP":{"displayName":{"other":"Dominikaanse peso"},"symbol":"DOP","narrow":"$"},"DZD":{"displayName":{"other":"Algeriese dinar"},"symbol":"DZD","narrow":"DZD"},"ECS":{"displayName":{"other":"ECS"},"symbol":"ECS","narrow":"ECS"},"ECV":{"displayName":{"other":"ECV"},"symbol":"ECV","narrow":"ECV"},"EEK":{"displayName":{"other":"EEK"},"symbol":"EEK","narrow":"EEK"},"EGP":{"displayName":{"other":"Egiptiese pond"},"symbol":"EGP","narrow":"E£"},"ERN":{"displayName":{"other":"Eritrese nakfa"},"symbol":"ERN","narrow":"ERN"},"ESA":{"displayName":{"other":"ESA"},"symbol":"ESA","narrow":"ESA"},"ESB":{"displayName":{"other":"ESB"},"symbol":"ESB","narrow":"ESB"},"ESP":{"displayName":{"other":"ESP"},"symbol":"ESP","narrow":"₧"},"ETB":{"displayName":{"other":"Etiopiese birr"},"symbol":"ETB","narrow":"ETB"},"EUR":{"displayName":{"other":"euro"},"symbol":"€","narrow":"€"},"FIM":{"displayName":{"other":"FIM"},"symbol":"FIM","narrow":"FIM"},"FJD":{"displayName":{"other":"Fidjiaanse dollar"},"symbol":"FJD","narrow":"$"},"FKP":{"displayName":{"other":"Falkland-eilandse pond"},"symbol":"FKP","narrow":"£"},"FRF":{"displayName":{"other":"FRF"},"symbol":"FRF","narrow":"FRF"},"GBP":{"displayName":{"other":"Britse pond"},"symbol":"£","narrow":"£"},"GEK":{"displayName":{"other":"GEK"},"symbol":"GEK","narrow":"GEK"},"GEL":{"displayName":{"other":"Georgiese lari"},"symbol":"GEL","narrow":"₾"},"GHC":{"displayName":{"other":"Ghanese cedi (1979–2007)"},"symbol":"GHC","narrow":"GHC"},"GHS":{"displayName":{"other":"Ghanese cedi"},"symbol":"GHS","narrow":"GH₵"},"GIP":{"displayName":{"other":"Gibraltarese pond"},"symbol":"GIP","narrow":"£"},"GMD":{"displayName":{"other":"Gambiese dalasi"},"symbol":"GMD","narrow":"GMD"},"GNF":{"displayName":{"other":"Guinese frank"},"symbol":"GNF","narrow":"FG"},"GNS":{"displayName":{"other":"Guinese syli"},"symbol":"GNS","narrow":"GNS"},"GQE":{"displayName":{"other":"GQE"},"symbol":"GQE","narrow":"GQE"},"GRD":{"displayName":{"other":"GRD"},"symbol":"GRD","narrow":"GRD"},"GTQ":{"displayName":{"other":"Guatemalaanse quetzal"},"symbol":"GTQ","narrow":"Q"},"GWE":{"displayName":{"other":"GWE"},"symbol":"GWE","narrow":"GWE"},"GWP":{"displayName":{"other":"GWP"},"symbol":"GWP","narrow":"GWP"},"GYD":{"displayName":{"other":"Guyanese dollar"},"symbol":"GYD","narrow":"$"},"HKD":{"displayName":{"other":"Hongkongse dollar"},"symbol":"HK$","narrow":"$"},"HNL":{"displayName":{"other":"Hondurese lempira"},"symbol":"HNL","narrow":"L"},"HRD":{"displayName":{"other":"HRD"},"symbol":"HRD","narrow":"HRD"},"HRK":{"displayName":{"other":"Kroatiese kuna"},"symbol":"HRK","narrow":"kn"},"HTG":{"displayName":{"other":"Haïtiaanse gourde"},"symbol":"HTG","narrow":"HTG"},"HUF":{"displayName":{"other":"Hongaarse florint"},"symbol":"HUF","narrow":"Ft"},"IDR":{"displayName":{"other":"Indonesiese roepia"},"symbol":"IDR","narrow":"Rp"},"IEP":{"displayName":{"other":"IEP"},"symbol":"IEP","narrow":"IEP"},"ILP":{"displayName":{"other":"ILP"},"symbol":"ILP","narrow":"ILP"},"ILR":{"displayName":{"other":"ILR"},"symbol":"ILR","narrow":"ILR"},"ILS":{"displayName":{"other":"Israeliese nuwe sikkel"},"symbol":"₪","narrow":"₪"},"INR":{"displayName":{"other":"Indiese rupee"},"symbol":"₹","narrow":"₹"},"IQD":{"displayName":{"other":"Irakse dinar"},"symbol":"IQD","narrow":"IQD"},"IRR":{"displayName":{"other":"Iranse rial"},"symbol":"IRR","narrow":"IRR"},"ISJ":{"displayName":{"other":"ISJ"},"symbol":"ISJ","narrow":"ISJ"},"ISK":{"displayName":{"other":"Yslandse kroon"},"symbol":"ISK","narrow":"kr"},"ITL":{"displayName":{"other":"Italiaanse lier"},"symbol":"ITL","narrow":"ITL"},"JMD":{"displayName":{"other":"Jamaikaanse dollar"},"symbol":"JMD","narrow":"$"},"JOD":{"displayName":{"other":"Jordaniese dinar"},"symbol":"JOD","narrow":"JOD"},"JPY":{"displayName":{"other":"Japannese jen"},"symbol":"JP¥","narrow":"¥"},"KES":{"displayName":{"other":"Keniaanse sjieling"},"symbol":"KES","narrow":"KES"},"KGS":{"displayName":{"other":"Kirgisiese som"},"symbol":"KGS","narrow":"KGS"},"KHR":{"displayName":{"other":"Kambodjaanse riel"},"symbol":"KHR","narrow":"៛"},"KMF":{"displayName":{"other":"Comoraanse frank"},"symbol":"KMF","narrow":"CF"},"KPW":{"displayName":{"other":"Noord-Koreaanse won"},"symbol":"KPW","narrow":"₩"},"KRH":{"displayName":{"other":"KRH"},"symbol":"KRH","narrow":"KRH"},"KRO":{"displayName":{"other":"KRO"},"symbol":"KRO","narrow":"KRO"},"KRW":{"displayName":{"other":"Suid-Koreaanse won"},"symbol":"₩","narrow":"₩"},"KWD":{"displayName":{"other":"Koeweitse dinar"},"symbol":"KWD","narrow":"KWD"},"KYD":{"displayName":{"other":"Cayman-eilandse dollar"},"symbol":"KYD","narrow":"$"},"KZT":{"displayName":{"other":"Kazakse tenge"},"symbol":"KZT","narrow":"₸"},"LAK":{"displayName":{"other":"Laosiaanse kip"},"symbol":"LAK","narrow":"₭"},"LBP":{"displayName":{"other":"Libanese pond"},"symbol":"LBP","narrow":"L£"},"LKR":{"displayName":{"other":"Sri Lankaanse roepee"},"symbol":"LKR","narrow":"Rs"},"LRD":{"displayName":{"other":"Liberiese dollar"},"symbol":"LRD","narrow":"$"},"LSL":{"displayName":{"other":"Lesotho loti"},"symbol":"LSL","narrow":"LSL"},"LTL":{"displayName":{"other":"Litause litas"},"symbol":"LTL","narrow":"Lt"},"LTT":{"displayName":{"other":"LTT"},"symbol":"LTT","narrow":"LTT"},"LUC":{"displayName":{"other":"LUC"},"symbol":"LUC","narrow":"LUC"},"LUF":{"displayName":{"other":"LUF"},"symbol":"LUF","narrow":"LUF"},"LUL":{"displayName":{"other":"LUL"},"symbol":"LUL","narrow":"LUL"},"LVL":{"displayName":{"other":"Lettiese lats"},"symbol":"LVL","narrow":"Ls"},"LVR":{"displayName":{"other":"LVR"},"symbol":"LVR","narrow":"LVR"},"LYD":{"displayName":{"other":"Libiese dinar"},"symbol":"LYD","narrow":"LYD"},"MAD":{"displayName":{"other":"Marokkaanse dirham"},"symbol":"MAD","narrow":"MAD"},"MAF":{"displayName":{"other":"MAF"},"symbol":"MAF","narrow":"MAF"},"MCF":{"displayName":{"other":"MCF"},"symbol":"MCF","narrow":"MCF"},"MDC":{"displayName":{"other":"MDC"},"symbol":"MDC","narrow":"MDC"},"MDL":{"displayName":{"other":"Moldowiese leu"},"symbol":"MDL","narrow":"MDL"},"MGA":{"displayName":{"other":"Malgassiese ariary"},"symbol":"MGA","narrow":"Ar"},"MGF":{"displayName":{"other":"MGF"},"symbol":"MGF","narrow":"MGF"},"MKD":{"displayName":{"other":"Macedoniese denar"},"symbol":"MKD","narrow":"MKD"},"MKN":{"displayName":{"other":"MKN"},"symbol":"MKN","narrow":"MKN"},"MLF":{"displayName":{"other":"MLF"},"symbol":"MLF","narrow":"MLF"},"MMK":{"displayName":{"other":"Mianmese kyat"},"symbol":"MMK","narrow":"K"},"MNT":{"displayName":{"other":"Mongoolse toegrik"},"symbol":"MNT","narrow":"₮"},"MOP":{"displayName":{"other":"Macaose pataca"},"symbol":"MOP","narrow":"MOP"},"MRO":{"displayName":{"other":"Mauritaniese ouguiya (1973–2017)"},"symbol":"MRO","narrow":"MRO"},"MRU":{"displayName":{"other":"Mauritaniese ouguiya"},"symbol":"MRU","narrow":"MRU"},"MTL":{"displayName":{"other":"MTL"},"symbol":"MTL","narrow":"MTL"},"MTP":{"displayName":{"other":"MTP"},"symbol":"MTP","narrow":"MTP"},"MUR":{"displayName":{"other":"Mauritiaanse roepee"},"symbol":"MUR","narrow":"Rs"},"MVP":{"displayName":{"other":"MVP"},"symbol":"MVP","narrow":"MVP"},"MVR":{"displayName":{"other":"Malediviese rufia"},"symbol":"MVR","narrow":"MVR"},"MWK":{"displayName":{"other":"Malawiese kwacha"},"symbol":"MWK","narrow":"MWK"},"MXN":{"displayName":{"other":"Meksikaanse peso"},"symbol":"MXN","narrow":"$"},"MXP":{"displayName":{"other":"MXP"},"symbol":"MXP","narrow":"MXP"},"MXV":{"displayName":{"other":"MXV"},"symbol":"MXV","narrow":"MXV"},"MYR":{"displayName":{"other":"Maleisiese ringgit"},"symbol":"MYR","narrow":"RM"},"MZE":{"displayName":{"other":"MZE"},"symbol":"MZE","narrow":"MZE"},"MZM":{"displayName":{"other":"Mosambiekse metical (1980–2006)"},"symbol":"MZM","narrow":"MZM"},"MZN":{"displayName":{"other":"Mosambiekse metical"},"symbol":"MZN","narrow":"MZN"},"NAD":{"displayName":{"other":"Namibiese dollar"},"symbol":"NAD","narrow":"$"},"NGN":{"displayName":{"other":"Nigeriese naira"},"symbol":"NGN","narrow":"₦"},"NIC":{"displayName":{"other":"NIC"},"symbol":"NIC","narrow":"NIC"},"NIO":{"displayName":{"other":"Nicaraguaanse córdoba"},"symbol":"NIO","narrow":"C$"},"NLG":{"displayName":{"other":"NLG"},"symbol":"NLG","narrow":"NLG"},"NOK":{"displayName":{"other":"Noorse kroon"},"symbol":"NOK","narrow":"kr"},"NPR":{"displayName":{"other":"Nepalese roepee"},"symbol":"NPR","narrow":"Rs"},"NZD":{"displayName":{"other":"Nieu-Seelandse dollar"},"symbol":"NZ$","narrow":"$"},"OMR":{"displayName":{"other":"Omaanse rial"},"symbol":"OMR","narrow":"OMR"},"PAB":{"displayName":{"other":"Panamese balboa"},"symbol":"PAB","narrow":"PAB"},"PEI":{"displayName":{"other":"PEI"},"symbol":"PEI","narrow":"PEI"},"PEN":{"displayName":{"other":"Peruaanse sol"},"symbol":"PEN","narrow":"PEN"},"PES":{"displayName":{"other":"PES"},"symbol":"PES","narrow":"PES"},"PGK":{"displayName":{"other":"Papoea-Nieu-Guinese kina"},"symbol":"PGK","narrow":"PGK"},"PHP":{"displayName":{"other":"Filippynse peso"},"symbol":"PHP","narrow":"₱"},"PKR":{"displayName":{"other":"Pakistanse roepee"},"symbol":"PKR","narrow":"Rs"},"PLN":{"displayName":{"other":"Poolse zloty"},"symbol":"PLN","narrow":"zł"},"PLZ":{"displayName":{"other":"PLZ"},"symbol":"PLZ","narrow":"PLZ"},"PTE":{"displayName":{"other":"PTE"},"symbol":"PTE","narrow":"PTE"},"PYG":{"displayName":{"other":"Paraguaanse guarani"},"symbol":"PYG","narrow":"₲"},"QAR":{"displayName":{"other":"Katarese rial"},"symbol":"QAR","narrow":"QAR"},"RHD":{"displayName":{"other":"RHD"},"symbol":"RHD","narrow":"RHD"},"ROL":{"displayName":{"other":"ROL"},"symbol":"ROL","narrow":"ROL"},"RON":{"displayName":{"other":"Roemeense leu"},"symbol":"RON","narrow":"leu"},"RSD":{"displayName":{"other":"Serwiese dinar"},"symbol":"RSD","narrow":"RSD"},"RUB":{"displayName":{"other":"Russiese roebel"},"symbol":"RUB","narrow":"₽"},"RUR":{"displayName":{"other":"RUR"},"symbol":"RUR","narrow":"р."},"RWF":{"displayName":{"other":"Rwandese frank"},"symbol":"RWF","narrow":"RF"},"SAR":{"displayName":{"other":"Saoedi-Arabiese riyal"},"symbol":"SAR","narrow":"SAR"},"SBD":{"displayName":{"other":"Salomonseilandse dollar"},"symbol":"SBD","narrow":"$"},"SCR":{"displayName":{"other":"Seychellese roepee"},"symbol":"SCR","narrow":"SCR"},"SDD":{"displayName":{"other":"SDD"},"symbol":"SDD","narrow":"SDD"},"SDG":{"displayName":{"other":"Soedannese pond"},"symbol":"SDG","narrow":"SDG"},"SDP":{"displayName":{"other":"Soedannese pond (1957–1998)"},"symbol":"SDP","narrow":"SDP"},"SEK":{"displayName":{"other":"Sweedse kroon"},"symbol":"SEK","narrow":"kr"},"SGD":{"displayName":{"other":"Singapoer-dollar"},"symbol":"SGD","narrow":"$"},"SHP":{"displayName":{"other":"Sint Helena-pond"},"symbol":"SHP","narrow":"£"},"SIT":{"displayName":{"other":"SIT"},"symbol":"SIT","narrow":"SIT"},"SKK":{"displayName":{"other":"SKK"},"symbol":"SKK","narrow":"SKK"},"SLL":{"displayName":{"other":"Sierra Leoniese leone"},"symbol":"SLL","narrow":"SLL"},"SOS":{"displayName":{"other":"Somaliese sjieling"},"symbol":"SOS","narrow":"SOS"},"SRD":{"displayName":{"other":"Surinaamse dollar"},"symbol":"SRD","narrow":"$"},"SRG":{"displayName":{"other":"SRG"},"symbol":"SRG","narrow":"SRG"},"SSP":{"displayName":{"other":"Suid-Soedanese pond"},"symbol":"SSP","narrow":"£"},"STD":{"displayName":{"other":"São Tomé en Príncipe dobra (1977–2017)"},"symbol":"STD","narrow":"STD"},"STN":{"displayName":{"other":"São Tomé en Príncipe-dobra"},"symbol":"STN","narrow":"Db"},"SUR":{"displayName":{"other":"SUR"},"symbol":"SUR","narrow":"SUR"},"SVC":{"displayName":{"other":"SVC"},"symbol":"SVC","narrow":"SVC"},"SYP":{"displayName":{"other":"Siriese pond"},"symbol":"SYP","narrow":"£"},"SZL":{"displayName":{"other":"Swazilandse lilangeni"},"symbol":"SZL","narrow":"SZL"},"THB":{"displayName":{"other":"Thaise baht"},"symbol":"฿","narrow":"฿"},"TJR":{"displayName":{"other":"TJR"},"symbol":"TJR","narrow":"TJR"},"TJS":{"displayName":{"other":"Tadjikse somoni"},"symbol":"TJS","narrow":"TJS"},"TMM":{"displayName":{"other":"TMM"},"symbol":"TMM","narrow":"TMM"},"TMT":{"displayName":{"other":"Turkmeense manat"},"symbol":"TMT","narrow":"TMT"},"TND":{"displayName":{"other":"Tunisiese dinar"},"symbol":"TND","narrow":"TND"},"TOP":{"displayName":{"other":"Tongaanse pa’anga"},"symbol":"TOP","narrow":"T$"},"TPE":{"displayName":{"other":"TPE"},"symbol":"TPE","narrow":"TPE"},"TRL":{"displayName":{"other":"Turkse lier (1922–2005)"},"symbol":"TRL","narrow":"TRL"},"TRY":{"displayName":{"other":"Turkse lira"},"symbol":"TRY","narrow":"₺"},"TTD":{"displayName":{"other":"Trinidad en Tobago-dollar"},"symbol":"TTD","narrow":"$"},"TWD":{"displayName":{"other":"Nuwe Taiwanese dollar"},"symbol":"NT$","narrow":"NT$"},"TZS":{"displayName":{"other":"Tanzaniese sjieling"},"symbol":"TZS","narrow":"TZS"},"UAH":{"displayName":{"other":"Oekraïnse hriwna"},"symbol":"UAH","narrow":"₴"},"UAK":{"displayName":{"other":"UAK"},"symbol":"UAK","narrow":"UAK"},"UGS":{"displayName":{"other":"UGS"},"symbol":"UGS","narrow":"UGS"},"UGX":{"displayName":{"other":"Ugandese sjieling"},"symbol":"UGX","narrow":"UGX"},"USD":{"displayName":{"other":"VSA-dollar"},"symbol":"USD","narrow":"$"},"USN":{"displayName":{"other":"USN"},"symbol":"USN","narrow":"USN"},"USS":{"displayName":{"other":"USS"},"symbol":"USS","narrow":"USS"},"UYI":{"displayName":{"other":"UYI"},"symbol":"UYI","narrow":"UYI"},"UYP":{"displayName":{"other":"UYP"},"symbol":"UYP","narrow":"UYP"},"UYU":{"displayName":{"other":"Uruguaanse peso"},"symbol":"UYU","narrow":"$"},"UYW":{"displayName":{"other":"UYW"},"symbol":"UYW","narrow":"UYW"},"UZS":{"displayName":{"other":"Oezbekiese som"},"symbol":"UZS","narrow":"UZS"},"VEB":{"displayName":{"other":"VEB"},"symbol":"VEB","narrow":"VEB"},"VEF":{"displayName":{"other":"Venezolaanse bolívare (2008–2018)","one":"Venezolaanse bolívar (2008–2018)"},"symbol":"VEF","narrow":"Bs"},"VES":{"displayName":{"other":"Venezolaanse bolívar"},"symbol":"VES","narrow":"VES"},"VND":{"displayName":{"other":"Viëtnamese dong"},"symbol":"₫","narrow":"₫"},"VNN":{"displayName":{"other":"VNN"},"symbol":"VNN","narrow":"VNN"},"VUV":{"displayName":{"other":"Vanuatuse vatu"},"symbol":"VUV","narrow":"VUV"},"WST":{"displayName":{"other":"Samoaanse tala"},"symbol":"WST","narrow":"WST"},"XAF":{"displayName":{"other":"Sentraal Afrikaanse CFA-frank"},"symbol":"FCFA","narrow":"FCFA"},"XAG":{"displayName":{"other":"XAG"},"symbol":"XAG","narrow":"XAG"},"XAU":{"displayName":{"other":"XAU"},"symbol":"XAU","narrow":"XAU"},"XBA":{"displayName":{"other":"XBA"},"symbol":"XBA","narrow":"XBA"},"XBB":{"displayName":{"other":"XBB"},"symbol":"XBB","narrow":"XBB"},"XBC":{"displayName":{"other":"XBC"},"symbol":"XBC","narrow":"XBC"},"XBD":{"displayName":{"other":"XBD"},"symbol":"XBD","narrow":"XBD"},"XCD":{"displayName":{"other":"Oos-Karibiese dollar"},"symbol":"EC$","narrow":"$"},"XDR":{"displayName":{"other":"XDR"},"symbol":"XDR","narrow":"XDR"},"XEU":{"displayName":{"other":"XEU"},"symbol":"XEU","narrow":"XEU"},"XFO":{"displayName":{"other":"XFO"},"symbol":"XFO","narrow":"XFO"},"XFU":{"displayName":{"other":"XFU"},"symbol":"XFU","narrow":"XFU"},"XOF":{"displayName":{"other":"Wes-Afrikaanse CFA-frank"},"symbol":"F CFA","narrow":"F CFA"},"XPD":{"displayName":{"other":"XPD"},"symbol":"XPD","narrow":"XPD"},"XPF":{"displayName":{"other":"CFP-frank"},"symbol":"CFPF","narrow":"CFPF"},"XPT":{"displayName":{"other":"XPT"},"symbol":"XPT","narrow":"XPT"},"XRE":{"displayName":{"other":"XRE"},"symbol":"XRE","narrow":"XRE"},"XSU":{"displayName":{"other":"XSU"},"symbol":"XSU","narrow":"XSU"},"XTS":{"displayName":{"other":"XTS"},"symbol":"XTS","narrow":"XTS"},"XUA":{"displayName":{"other":"XUA"},"symbol":"XUA","narrow":"XUA"},"XXX":{"displayName":{"other":"(onbekende geldeenheid)"},"symbol":"¤","narrow":"¤"},"YDD":{"displayName":{"other":"YDD"},"symbol":"YDD","narrow":"YDD"},"YER":{"displayName":{"other":"Jemenitiese rial"},"symbol":"YER","narrow":"YER"},"YUD":{"displayName":{"other":"YUD"},"symbol":"YUD","narrow":"YUD"},"YUM":{"displayName":{"other":"YUM"},"symbol":"YUM","narrow":"YUM"},"YUN":{"displayName":{"other":"YUN"},"symbol":"YUN","narrow":"YUN"},"YUR":{"displayName":{"other":"YUR"},"symbol":"YUR","narrow":"YUR"},"ZAL":{"displayName":{"other":"ZAL"},"symbol":"ZAL","narrow":"ZAL"},"ZAR":{"displayName":{"other":"Suid-Afrikaanse rand"},"symbol":"R","narrow":"R"},"ZMK":{"displayName":{"other":"Zambiese kwacha (1968–2012)"},"symbol":"ZMK","narrow":"ZMK"},"ZMW":{"displayName":{"other":"Zambiese kwacha"},"symbol":"ZMW","narrow":"ZK"},"ZRN":{"displayName":{"other":"ZRN"},"symbol":"ZRN","narrow":"ZRN"},"ZRZ":{"displayName":{"other":"ZRZ"},"symbol":"ZRZ","narrow":"ZRZ"},"ZWD":{"displayName":{"other":"Zimbabwiese dollar"},"symbol":"ZWD","narrow":"ZWD"},"ZWL":{"displayName":{"other":"ZWL"},"symbol":"ZWL","narrow":"ZWL"},"ZWR":{"displayName":{"other":"ZWR"},"symbol":"ZWR","narrow":"ZWR"}},"numbers":{"nu":["latn"],"symbols":{"latn":{"decimal":",","group":" ","list":";","percentSign":"%","plusSign":"+","minusSign":"-","approximatelySign":"~","exponential":"E","superscriptingExponent":"×","perMille":"‰","infinity":"∞","nan":"NaN","timeSeparator":":"}},"percent":{"latn":"#,##0%"},"decimal":{"latn":{"standard":"#,##0.###","long":{"1000":{"other":"0 duisend"},"10000":{"other":"00 duisend"},"100000":{"other":"000 duisend"},"1000000":{"other":"0 miljoen"},"10000000":{"other":"00 miljoen"},"100000000":{"other":"000 miljoen"},"1000000000":{"other":"0 miljard"},"10000000000":{"other":"00 miljard"},"100000000000":{"other":"000 miljard"},"1000000000000":{"other":"0 biljoen"},"10000000000000":{"other":"00 biljoen"},"100000000000000":{"other":"000 biljoen"}},"short":{"1000":{"other":"0 k"},"10000":{"other":"00 k"},"100000":{"other":"000 k"},"1000000":{"other":"0 m"},"10000000":{"other":"00 m"},"100000000":{"other":"000 m"},"1000000000":{"other":"0 mjd"},"10000000000":{"other":"00 mjd"},"100000000000":{"other":"000 mjd"},"1000000000000":{"other":"0 bn"},"10000000000000":{"other":"00 bn"},"100000000000000":{"other":"000 bn"}}}},"currency":{"latn":{"currencySpacing":{"beforeInsertBetween":" ","afterInsertBetween":" "},"standard":"¤#,##0.00","accounting":"¤#,##0.00;(¤#,##0.00)","unitPattern":"{0} {1}","short":{"1000":{"other":"¤0 k"},"10000":{"other":"¤00 k"},"100000":{"other":"¤000 k"},"1000000":{"other":"¤0 m"},"10000000":{"other":"¤00 m"},"100000000":{"other":"¤000 m"},"1000000000":{"other":"¤0 mjd"},"10000000000":{"other":"¤00 mjd"},"100000000000":{"other":"¤000 mjd"},"1000000000000":{"other":"¤0 bn"},"10000000000000":{"other":"¤00 bn"},"100000000000000":{"other":"¤000 bn"}}}}},"nu":["latn"]},"locale":"af"}
