{"data":{"units":{"simple":{"degree":{"long":{"other":"{0} graus","one":"{0} grau"},"short":{"other":"{0}°"},"narrow":{"other":"{0}°"},"perUnit":{}},"hectare":{"long":{"other":"{0} hectàrees","one":"{0} hectàrea"},"short":{"other":"{0} ha"},"narrow":{"other":"{0}ha"},"perUnit":{}},"acre":{"long":{"other":"{0} acres","one":"{0} acre"},"short":{"other":"{0} ac"},"narrow":{"other":"{0}ac."},"perUnit":{}},"percent":{"long":{"other":"{0} per cent"},"short":{"other":"{0} %"},"narrow":{"other":"{0} %"},"perUnit":{}},"liter-per-kilometer":{"long":{"other":"{0} litres per quilòmetre","one":"{0} litre per quilòmetre"},"short":{"other":"{0} l/km"},"narrow":{"other":"{0} l/km"},"perUnit":{}},"mile-per-gallon":{"long":{"other":"{0} milles per galó","one":"{0} milla per galó"},"short":{"other":"{0} mi/gal"},"narrow":{"other":"{0} mi/gal"},"perUnit":{}},"petabyte":{"long":{"other":"{0} petabytes","one":"{0} petabyte"},"short":{"other":"{0} PB"},"narrow":{"other":"{0} PB"},"perUnit":{}},"terabyte":{"long":{"other":"{0} terabytes","one":"{0} terabyte"},"short":{"other":"{0} TB"},"narrow":{"other":"{0} TB"},"perUnit":{}},"terabit":{"long":{"other":"{0} terabits","one":"{0} terabit"},"short":{"other":"{0} Tb"},"narrow":{"other":"{0} Tb"},"perUnit":{}},"gigabyte":{"long":{"other":"{0} gigabytes","one":"{0} gigabyte"},"short":{"other":"{0} GB"},"narrow":{"other":"{0} GB"},"perUnit":{}},"gigabit":{"long":{"other":"{0} gigabits","one":"{0} gigabit"},"short":{"other":"{0} Gb"},"narrow":{"other":"{0} Gb"},"perUnit":{}},"megabyte":{"long":{"other":"{0} megabytes","one":"{0} megabyte"},"short":{"other":"{0} MB"},"narrow":{"other":"{0} MB"},"perUnit":{}},"megabit":{"long":{"other":"{0} megabits","one":"{0} megabit"},"short":{"other":"{0} Mbit"},"narrow":{"other":"{0} Mbit"},"perUnit":{}},"kilobyte":{"long":{"other":"{0} quilobytes","one":"{0} quilobyte"},"short":{"other":"{0} kB"},"narrow":{"other":"{0} kB"},"perUnit":{}},"kilobit":{"long":{"other":"{0} quilobits","one":"{0} quilobit"},"short":{"other":"{0} kb"},"narrow":{"other":"{0} kb"},"perUnit":{}},"byte":{"long":{"other":"{0} bytes","one":"{0} byte"},"short":{"other":"{0} B"},"narrow":{"other":"{0} B"},"perUnit":{}},"bit":{"long":{"other":"{0} bits","one":"{0} bit"},"short":{"other":"{0} bits","one":"{0} bit"},"narrow":{"other":"{0} bits","one":"{0} bit"},"perUnit":{}},"year":{"long":{"other":"{0} anys","one":"{0} any"},"short":{"other":"{0} anys","one":"{0} any"},"narrow":{"other":"{0} anys","one":"{0} any"},"perUnit":{"long":"{0} per any","short":"{0}/a","narrow":"{0}/any"}},"month":{"long":{"other":"{0} mesos","one":"{0} mes"},"short":{"other":"{0} mesos","one":"{0} mes"},"narrow":{"other":"{0} m"},"perUnit":{"long":"{0} per mes","short":"{0}/m","narrow":"{0}/m"}},"week":{"long":{"other":"{0} setmanes","one":"{0} setmana"},"short":{"other":"{0} setm."},"narrow":{"other":"{0} setm."},"perUnit":{"long":"{0} per setmana","short":"{0}/setm.","narrow":"{0}/setm."}},"day":{"long":{"other":"{0} dies","one":"{0} dia"},"short":{"other":"{0} dies","one":"{0} dia"},"narrow":{"other":"{0} d"},"perUnit":{"long":"{0} per dia","short":"{0}/d","narrow":"{0}/d"}},"hour":{"long":{"other":"{0} hores","one":"{0} hora"},"short":{"other":"{0} h"},"narrow":{"other":"{0} h"},"perUnit":{"long":"{0} per hora","short":"{0}/h","narrow":"{0}/h"}},"minute":{"long":{"other":"{0} minuts","one":"{0} minut"},"short":{"other":"{0} min"},"narrow":{"other":"{0} min"},"perUnit":{"long":"{0} per minut","short":"{0}/min","narrow":"{0}/min"}},"second":{"long":{"other":"{0} segons","one":"{0} segon"},"short":{"other":"{0} s"},"narrow":{"other":"{0} s"},"perUnit":{"long":"{0} per segon","short":"{0}/s","narrow":"{0}/s"}},"millisecond":{"long":{"other":"{0} mil·lisegons","one":"{0} mil·lisegon"},"short":{"other":"{0} ms"},"narrow":{"other":"{0} ms"},"perUnit":{}},"kilometer":{"long":{"other":"{0} quilòmetres","one":"{0} quilòmetre"},"short":{"other":"{0} km"},"narrow":{"other":"{0} km"},"perUnit":{"long":"{0} per quilòmetre","short":"{0}/km","narrow":"{0}/km"}},"meter":{"long":{"other":"{0} metres","one":"{0} metre"},"short":{"other":"{0} m"},"narrow":{"other":"{0} m"},"perUnit":{"long":"{0} per metre","short":"{0}/m","narrow":"{0}/m"}},"centimeter":{"long":{"other":"{0} centímetres","one":"{0} centímetre"},"short":{"other":"{0} cm"},"narrow":{"other":"{0} cm"},"perUnit":{"long":"{0} per centímetre","short":"{0}/cm","narrow":"{0}/cm"}},"millimeter":{"long":{"other":"{0} mil·límetres","one":"{0} mil·límetre"},"short":{"other":"{0} mm"},"narrow":{"other":"{0} mm"},"perUnit":{}},"mile":{"long":{"other":"{0} milles","one":"{0} milla"},"short":{"other":"{0} mi"},"narrow":{"other":"{0} mi"},"perUnit":{}},"yard":{"long":{"other":"{0} iardes","one":"{0} iarda"},"short":{"other":"{0} yd"},"narrow":{"other":"{0} yd"},"perUnit":{}},"foot":{"long":{"other":"{0} peus","one":"{0} peu"},"short":{"other":"{0} ft"},"narrow":{"other":"{0} ft"},"perUnit":{"long":"{0} per peu","short":"{0}/ft","narrow":"{0}/ft"}},"inch":{"long":{"other":"{0} polzades","one":"{0} polzada"},"short":{"other":"{0} in"},"narrow":{"other":"{0} in"},"perUnit":{"long":"{0} per polzada","short":"{0}/in","narrow":"{0}/in"}},"mile-scandinavian":{"long":{"other":"{0} milles escandinaves","one":"{0} milla escandinava"},"short":{"other":"{0} smi"},"narrow":{"other":"{0} smi"},"perUnit":{}},"kilogram":{"long":{"other":"{0} quilograms","one":"{0} quilogram"},"short":{"other":"{0} kg"},"narrow":{"other":"{0} kg"},"perUnit":{"long":"{0} per quilogram","short":"{0}/kg","narrow":"{0}/kg"}},"gram":{"long":{"other":"{0} grams","one":"{0} gram"},"short":{"other":"{0} g"},"narrow":{"other":"{0} g"},"perUnit":{"long":"{0} per gram","short":"{0}/g","narrow":"{0}/g"}},"stone":{"long":{"other":"{0} pedres","one":"{0} pedra"},"short":{"other":"{0} st"},"narrow":{"other":"{0} st"},"perUnit":{}},"pound":{"long":{"other":"{0} lliures","one":"{0} lliura"},"short":{"other":"{0} lb"},"narrow":{"other":"{0} lb"},"perUnit":{"long":"{0} per lliura","short":"{0}/lb","narrow":"{0}/lb"}},"ounce":{"long":{"other":"{0} unces","one":"{0} unça"},"short":{"other":"{0} oz"},"narrow":{"other":"{0} oz"},"perUnit":{"long":"{0} per unça","short":"{0}/oz","narrow":"{0}/oz"}},"kilometer-per-hour":{"long":{"other":"{0} quilòmetres per hora","one":"{0} quilòmetre per hora"},"short":{"other":"{0} km/h"},"narrow":{"other":"{0} km/h"},"perUnit":{}},"meter-per-second":{"long":{"other":"{0} metres per segon","one":"{0} metre per segon"},"short":{"other":"{0} m/s"},"narrow":{"other":"{0}m/s"},"perUnit":{}},"mile-per-hour":{"long":{"other":"{0} milles per hora","one":"{0} milla per hora"},"short":{"other":"{0} mi/h"},"narrow":{"other":"{0}mi/h"},"perUnit":{}},"celsius":{"long":{"other":"{0} graus Celsius","one":"{0} grau Celsius"},"short":{"other":"{0} °C"},"narrow":{"other":"{0} °C"},"perUnit":{}},"fahrenheit":{"long":{"other":"{0} graus Fahrenheit","one":"{0} grau Fahrenheit"},"short":{"other":"{0} °F"},"narrow":{"other":"{0}°F"},"perUnit":{}},"liter":{"long":{"other":"{0} litres","one":"{0} litre"},"short":{"other":"{0} l"},"narrow":{"other":"{0} l"},"perUnit":{"long":"{0} per litre","short":"{0}/l","narrow":"{0}/l"}},"milliliter":{"long":{"other":"{0} mil·lilitres","one":"{0} mil·lilitre"},"short":{"other":"{0} ml"},"narrow":{"other":"{0} ml"},"perUnit":{}},"gallon":{"long":{"other":"{0} galons","one":"{0} galó"},"short":{"other":"{0} gal"},"narrow":{"other":"{0} gal"},"perUnit":{"long":"{0} per galó","short":"{0}/gal","narrow":"{0}/gal"}},"fluid-ounce":{"long":{"other":"{0} unces líquides","one":"{0} unça líquida"},"short":{"other":"{0} fl oz"},"narrow":{"other":"{0} fl oz"},"perUnit":{}}},"compound":{"per":{"long":"{0} per {1}","short":"{0}/{1}","narrow":"{0}/{1}"}}},"currencies":{"ADP":{"displayName":{"other":"pessetes andorranes","one":"pesseta andorrana"},"symbol":"ADP","narrow":"ADP"},"AED":{"displayName":{"other":"dírhams de la UEA","one":"dírham de la UEA"},"symbol":"AED","narrow":"AED"},"AFA":{"displayName":{"other":"afganis afganesos (1927–2002)","one":"afgani afganès (1927–2002)"},"symbol":"AFA","narrow":"AFA"},"AFN":{"displayName":{"other":"afganis afganesos","one":"afgani afganès"},"symbol":"AFN","narrow":"؋"},"ALK":{"displayName":{"other":"lekë albanesos (1946–1965)","one":"lek albanès (1946–1965)"},"symbol":"ALK","narrow":"ALK"},"ALL":{"displayName":{"other":"lekë albanesos","one":"lek albanès"},"symbol":"ALL","narrow":"ALL"},"AMD":{"displayName":{"other":"drams armenis","one":"dram armeni"},"symbol":"AMD","narrow":"֏"},"ANG":{"displayName":{"other":"florins de les Antilles Neerlandeses","one":"florí de les Antilles Neerlandeses"},"symbol":"ANG","narrow":"ANG"},"AOA":{"displayName":{"other":"kwanzas angolesos","one":"kwanza angolès"},"symbol":"AOA","narrow":"Kz"},"AOK":{"displayName":{"other":"kwanzas angolesos (1977–1991)","one":"kwanza angolès (1977–1991)"},"symbol":"AOK","narrow":"AOK"},"AON":{"displayName":{"other":"nous kwanzas angolesos (1990–2000)","one":"nou kwanza angolès (1990–2000)"},"symbol":"AON","narrow":"AON"},"AOR":{"displayName":{"other":"kwanzas angolesos (1995–1999)","one":"kwanza angolès reajustat (1995–1999)"},"symbol":"AOR","narrow":"AOR"},"ARA":{"displayName":{"other":"australs argentins","one":"austral argentí"},"symbol":"ARA","narrow":"ARA"},"ARL":{"displayName":{"other":"pesos ley argentins (1970–1983)","one":"peso ley argentí (1970–1983)"},"symbol":"ARL","narrow":"ARL"},"ARM":{"displayName":{"other":"pesos argentins moneda nacional","one":"peso argentí moneda nacional"},"symbol":"ARM","narrow":"ARM"},"ARP":{"displayName":{"other":"pesos argentins (1983–1985)","one":"peso argentí (1983–1985)"},"symbol":"ARP","narrow":"ARP"},"ARS":{"displayName":{"other":"pesos argentins","one":"peso argentí"},"symbol":"ARS","narrow":"$"},"ATS":{"displayName":{"other":"xílings austríacs","one":"xíling austríac"},"symbol":"ATS","narrow":"ATS"},"AUD":{"displayName":{"other":"dòlars australians","one":"dòlar australià"},"symbol":"AU$","narrow":"$"},"AWG":{"displayName":{"other":"florins d’Aruba","one":"florí d’Aruba"},"symbol":"AWG","narrow":"AWG"},"AZM":{"displayName":{"other":"manats azerbaidjanesos (1993–2006)","one":"manat azerbaidjanès (1993–2006)"},"symbol":"AZM","narrow":"AZM"},"AZN":{"displayName":{"other":"manats azerbaidjanesos","one":"manat azerbaidjanès"},"symbol":"AZN","narrow":"₼"},"BAD":{"displayName":{"other":"dinars de Bòsnia i Hercegovina (1992–1994)","one":"dinar de Bòsnia i Hercegovina (1992–1994)"},"symbol":"BAD","narrow":"BAD"},"BAM":{"displayName":{"other":"marcs convertibles de Bòsnia i Hercegovina","one":"marc convertible de Bòsnia i Hercegovina"},"symbol":"BAM","narrow":"KM"},"BAN":{"displayName":{"other":"nous dinars de Bòsnia i Hercegovina (1994–1997)","one":"nou dinar de Bòsnia i Hercegovina (1994–1997)"},"symbol":"BAN","narrow":"BAN"},"BBD":{"displayName":{"other":"dòlars de Barbados","one":"dòlar de Barbados"},"symbol":"BBD","narrow":"$"},"BDT":{"displayName":{"other":"taka de Bangla Desh"},"symbol":"BDT","narrow":"৳"},"BEC":{"displayName":{"other":"francs belgues (convertibles)","one":"franc belga (convertible)"},"symbol":"BEC","narrow":"BEC"},"BEF":{"displayName":{"other":"francs belgues","one":"franc belga"},"symbol":"BEF","narrow":"BEF"},"BEL":{"displayName":{"other":"francs belgues (financers)","one":"franc belga (financer)"},"symbol":"BEL","narrow":"BEL"},"BGL":{"displayName":{"other":"leva forts búlgars","one":"lev fort búlgar"},"symbol":"BGL","narrow":"BGL"},"BGM":{"displayName":{"other":"leva socialistes búlgars","one":"lev socialista búlgar"},"symbol":"BGM","narrow":"BGM"},"BGN":{"displayName":{"other":"leva búlgars","one":"lev búlgar"},"symbol":"BGN","narrow":"BGN"},"BGO":{"displayName":{"other":"leva búlgars (1879–1952)","one":"lev búlgar (1879–1952)"},"symbol":"BGO","narrow":"BGO"},"BHD":{"displayName":{"other":"dinars de Bahrain","one":"dinar de Bahrain"},"symbol":"BHD","narrow":"BHD"},"BIF":{"displayName":{"other":"francs de Burundi","one":"franc de Burundi"},"symbol":"BIF","narrow":"BIF"},"BMD":{"displayName":{"other":"dòlars de les Bermudes","one":"dòlar de les Bermudes"},"symbol":"BMD","narrow":"$"},"BND":{"displayName":{"other":"dòlars de Brunei","one":"dòlar de Brunei"},"symbol":"BND","narrow":"$"},"BOB":{"displayName":{"other":"bolivians","one":"bolivià"},"symbol":"BOB","narrow":"Bs"},"BOL":{"displayName":{"other":"bolivianos bolivians (1863–1963)","one":"boliviano bolivià (1863–1963)"},"symbol":"BOL","narrow":"BOL"},"BOP":{"displayName":{"other":"pesos bolivians","one":"peso bolivià"},"symbol":"BOP","narrow":"BOP"},"BOV":{"displayName":{"other":"MVDOL bolivians","one":"MVDOL bolivià"},"symbol":"BOV","narrow":"BOV"},"BRB":{"displayName":{"other":"cruzeiros novos brasilers (1967–1986)","one":"cruzeiro novo brasiler (1967–1986)"},"symbol":"BRB","narrow":"BRB"},"BRC":{"displayName":{"other":"cruzados brasilers","one":"cruzado brasiler"},"symbol":"BRC","narrow":"BRC"},"BRE":{"displayName":{"other":"cruzeiros brasilers (1990–1993)","one":"cruzeiro brasiler (1990–1993)"},"symbol":"BRE","narrow":"BRE"},"BRL":{"displayName":{"other":"reals brasilers","one":"real brasiler"},"symbol":"BRL","narrow":"R$"},"BRN":{"displayName":{"other":"cruzados novos brasilers","one":"cruzado novo brasiler"},"symbol":"BRN","narrow":"BRN"},"BRR":{"displayName":{"other":"cruzeiros brasilers","one":"cruzeiro brasiler"},"symbol":"BRR","narrow":"BRR"},"BRZ":{"displayName":{"other":"antics cruzeiros brasilers","one":"antic cruzeiro brasiler"},"symbol":"BRZ","narrow":"BRZ"},"BSD":{"displayName":{"other":"dòlars de les Bahames","one":"dòlar de les Bahames"},"symbol":"BSD","narrow":"$"},"BTN":{"displayName":{"other":"ngultrums de Bhutan","one":"ngultrum de Bhutan"},"symbol":"BTN","narrow":"BTN"},"BUK":{"displayName":{"other":"kyats birmans","one":"kyat birmà"},"symbol":"BUK","narrow":"BUK"},"BWP":{"displayName":{"other":"pula de Botswana"},"symbol":"BWP","narrow":"P"},"BYB":{"displayName":{"other":"nous rubles bielorussos (1994–1999)","one":"nou ruble bielorús (1994–1999)"},"symbol":"BYB","narrow":"BYB"},"BYN":{"displayName":{"other":"rubles bielorussos","one":"ruble bielorús"},"symbol":"BYN","narrow":"р."},"BYR":{"displayName":{"other":"rubles bielorussos (2000–2016)","one":"ruble bielorús (2000–2016)"},"symbol":"BYR","narrow":"BYR"},"BZD":{"displayName":{"other":"dòlars de Belize","one":"dòlar de Belize"},"symbol":"BZD","narrow":"$"},"CAD":{"displayName":{"other":"dòlars canadencs","one":"dòlar canadenc"},"symbol":"CAD","narrow":"$"},"CDF":{"displayName":{"other":"francs congolesos","one":"franc congolès"},"symbol":"CDF","narrow":"CDF"},"CHE":{"displayName":{"other":"euros WIR","one":"euro WIR"},"symbol":"CHE","narrow":"CHE"},"CHF":{"displayName":{"other":"francs suïssos","one":"franc suís"},"symbol":"CHF","narrow":"CHF"},"CHW":{"displayName":{"other":"francs WIR","one":"franc WIR"},"symbol":"CHW","narrow":"CHW"},"CLE":{"displayName":{"other":"escudos xilens","one":"escudo xilè"},"symbol":"CLE","narrow":"CLE"},"CLF":{"displayName":{"other":"unidades de fomento xilenes","one":"unidad de fomento xilena"},"symbol":"CLF","narrow":"CLF"},"CLP":{"displayName":{"other":"pesos xilens","one":"peso xilè"},"symbol":"CLP","narrow":"$"},"CNH":{"displayName":{"other":"iuans xinesos extracontinentals","one":"iuan xinès extracontinental"},"symbol":"CNH","narrow":"CNH"},"CNX":{"displayName":{"other":"dòlars del Banc Popular Xinès","one":"dòlar del Banc Popular Xinès"},"symbol":"CNX","narrow":"CNX"},"CNY":{"displayName":{"other":"iuans xinesos","one":"iuan xinès"},"symbol":"CNY","narrow":"¥"},"COP":{"displayName":{"other":"pesos colombians","one":"peso colombià"},"symbol":"COP","narrow":"$"},"COU":{"displayName":{"other":"unidades de valor real colombianes","one":"unidad de valor real colombiana"},"symbol":"COU","narrow":"COU"},"CRC":{"displayName":{"other":"colons costa-riquenys","one":"colon costa-riqueny"},"symbol":"CRC","narrow":"₡"},"CSD":{"displayName":{"other":"dinars serbis antics","one":"dinar serbi antic"},"symbol":"CSD","narrow":"CSD"},"CSK":{"displayName":{"other":"corones fortes txecoslovaques","one":"corona forta txecoslovaca"},"symbol":"CSK","narrow":"CSK"},"CUC":{"displayName":{"other":"pesos convertibles cubans","one":"peso convertible cubà"},"symbol":"CUC","narrow":"$"},"CUP":{"displayName":{"other":"pesos cubans","one":"peso cubà"},"symbol":"CUP","narrow":"$"},"CVE":{"displayName":{"other":"escuts de Cap Verd","one":"escut de Cap Verd"},"symbol":"CVE","narrow":"CVE"},"CYP":{"displayName":{"other":"lliures xipriotes","one":"lliura xipriota"},"symbol":"CYP","narrow":"CYP"},"CZK":{"displayName":{"other":"corones txeques","one":"corona txeca"},"symbol":"CZK","narrow":"Kč"},"DDM":{"displayName":{"other":"marcs de l’Alemanya Oriental","one":"marc de l’Alemanya Oriental"},"symbol":"DDM","narrow":"DDM"},"DEM":{"displayName":{"other":"marcs alemanys","one":"marc alemany"},"symbol":"DEM","narrow":"DEM"},"DJF":{"displayName":{"other":"francs de Djibouti","one":"franc de Djibouti"},"symbol":"DJF","narrow":"DJF"},"DKK":{"displayName":{"other":"corones daneses","one":"corona danesa"},"symbol":"DKK","narrow":"kr"},"DOP":{"displayName":{"other":"pesos dominicans","one":"peso dominicà"},"symbol":"DOP","narrow":"$"},"DZD":{"displayName":{"other":"dinars algerians","one":"dinar algerià"},"symbol":"DZD","narrow":"DZD"},"ECS":{"displayName":{"other":"sucres equatorians","one":"sucre equatorià"},"symbol":"ECS","narrow":"ECS"},"ECV":{"displayName":{"other":"unidades de valor constante (UVC) equatorianes","one":"unidad de valor constante (UVC) equatoriana"},"symbol":"ECV","narrow":"ECV"},"EEK":{"displayName":{"other":"corones estonianes","one":"corona estoniana"},"symbol":"EEK","narrow":"EEK"},"EGP":{"displayName":{"other":"lliures egípcies","one":"lliura egípcia"},"symbol":"EGP","narrow":"E£"},"ERN":{"displayName":{"other":"nakfes eritreus","one":"nakfa eritreu"},"symbol":"ERN","narrow":"ERN"},"ESA":{"displayName":{"other":"pessetes espanyoles (compte A)","one":"pesseta espanyola (compte A)"},"symbol":"ESA","narrow":"ESA"},"ESB":{"displayName":{"other":"pessetes espanyoles (compte convertible)","one":"pesseta espanyola (compte convertible)"},"symbol":"ESB","narrow":"ESB"},"ESP":{"displayName":{"other":"pessetes espanyoles","one":"pesseta espanyola"},"symbol":"₧","narrow":"₧"},"ETB":{"displayName":{"other":"birrs etíops","one":"birr etíop"},"symbol":"ETB","narrow":"ETB"},"EUR":{"displayName":{"other":"euros","one":"euro"},"symbol":"€","narrow":"€"},"FIM":{"displayName":{"other":"marcs finlandesos","one":"marc finlandès"},"symbol":"FIM","narrow":"FIM"},"FJD":{"displayName":{"other":"dòlars fijians","one":"dòlar fijià"},"symbol":"FJD","narrow":"$"},"FKP":{"displayName":{"other":"lliures de les illes Malvines","one":"lliura de les illes Malvines"},"symbol":"FKP","narrow":"£"},"FRF":{"displayName":{"other":"francs francesos","one":"franc francès"},"symbol":"FRF","narrow":"FRF"},"GBP":{"displayName":{"other":"lliures esterlines britàniques","one":"lliura esterlina britànica"},"symbol":"£","narrow":"£"},"GEK":{"displayName":{"other":"cupons de lari georgians","one":"cupó de lari georgià"},"symbol":"GEK","narrow":"GEK"},"GEL":{"displayName":{"other":"laris georgians","one":"lari georgià"},"symbol":"GEL","narrow":"₾"},"GHC":{"displayName":{"other":"cedis ghanesos (1979–2007)","one":"cedi ghanès (1979–2007)"},"symbol":"GHC","narrow":"GHC"},"GHS":{"displayName":{"other":"cedis ghanesos","one":"cedi ghanès"},"symbol":"GHS","narrow":"GH₵"},"GIP":{"displayName":{"other":"lliures de Gibraltar","one":"lliura de Gibraltar"},"symbol":"GIP","narrow":"£"},"GMD":{"displayName":{"other":"dalasis gambians","one":"dalasi gambià"},"symbol":"GMD","narrow":"GMD"},"GNF":{"displayName":{"other":"francs guineans","one":"franc guineà"},"symbol":"GNF","narrow":"FG"},"GNS":{"displayName":{"other":"sylis guineans","one":"syli guineà"},"symbol":"GNS","narrow":"GNS"},"GQE":{"displayName":{"other":"bipkwele de Guinea Equatorial","one":"ekwele de Guinea Equatorial"},"symbol":"GQE","narrow":"GQE"},"GRD":{"displayName":{"other":"dracmes gregues","one":"dracma grega"},"symbol":"GRD","narrow":"GRD"},"GTQ":{"displayName":{"other":"quetzals guatemalencs","one":"quetzal guatemalenc"},"symbol":"GTQ","narrow":"Q"},"GWE":{"displayName":{"other":"escuts de la Guinea Portuguesa","one":"escut de la Guinea Portuguesa"},"symbol":"GWE","narrow":"GWE"},"GWP":{"displayName":{"other":"pesos de Guinea Bissau","one":"peso de Guinea Bissau"},"symbol":"GWP","narrow":"GWP"},"GYD":{"displayName":{"other":"dòlars de Guyana","one":"dòlar de Guyana"},"symbol":"GYD","narrow":"$"},"HKD":{"displayName":{"other":"dòlars de Hong Kong","one":"dòlar de Hong Kong"},"symbol":"HK$","narrow":"$"},"HNL":{"displayName":{"other":"lempires hondurenyes","one":"lempira hondurenya"},"symbol":"HNL","narrow":"L"},"HRD":{"displayName":{"other":"dinars croats","one":"dinar croat"},"symbol":"HRD","narrow":"HRD"},"HRK":{"displayName":{"other":"kunes croates","one":"kuna croata"},"symbol":"HRK","narrow":"kn"},"HTG":{"displayName":{"other":"gourdes haitians","one":"gourde haitià"},"symbol":"HTG","narrow":"HTG"},"HUF":{"displayName":{"other":"fòrints hongaresos","one":"fòrint hongarès"},"symbol":"HUF","narrow":"Ft"},"IDR":{"displayName":{"other":"rupies indonèsies","one":"rupia indonèsia"},"symbol":"IDR","narrow":"Rp"},"IEP":{"displayName":{"other":"lliures irlandeses","one":"lliura irlandesa"},"symbol":"IEP","narrow":"IEP"},"ILP":{"displayName":{"other":"lliures israelianes","one":"lliura israeliana"},"symbol":"ILP","narrow":"ILP"},"ILR":{"displayName":{"other":"xéquel israelià"},"symbol":"ILR","narrow":"ILR"},"ILS":{"displayName":{"other":"nous xéquels israelians","one":"nou xéquel israelià"},"symbol":"₪","narrow":"₪"},"INR":{"displayName":{"other":"rupies índies","one":"rupia índia"},"symbol":"₹","narrow":"₹"},"IQD":{"displayName":{"other":"dinars iraquians","one":"dinar iraquià"},"symbol":"IQD","narrow":"IQD"},"IRR":{"displayName":{"other":"rials iranians","one":"rial iranià"},"symbol":"IRR","narrow":"IRR"},"ISJ":{"displayName":{"other":"corones islandeses antigues","one":"corona islandesa antiga"},"symbol":"ISJ","narrow":"ISJ"},"ISK":{"displayName":{"other":"corones islandeses","one":"corona islandesa"},"symbol":"ISK","narrow":"kr"},"ITL":{"displayName":{"other":"lires italianes","one":"lira italiana"},"symbol":"ITL","narrow":"ITL"},"JMD":{"displayName":{"other":"dòlars jamaicans","one":"dòlar jamaicà"},"symbol":"JMD","narrow":"$"},"JOD":{"displayName":{"other":"dinars jordans","one":"dinar jordà"},"symbol":"JOD","narrow":"JOD"},"JPY":{"displayName":{"other":"iens japonesos","one":"ien japonès"},"symbol":"¥","narrow":"¥"},"KES":{"displayName":{"other":"xílings kenyans","one":"xíling kenyà"},"symbol":"KES","narrow":"KES"},"KGS":{"displayName":{"other":"soms kirguisos","one":"som kirguís"},"symbol":"KGS","narrow":"KGS"},"KHR":{"displayName":{"other":"riels cambodjans","one":"riel cambodjà"},"symbol":"KHR","narrow":"៛"},"KMF":{"displayName":{"other":"francs de les Comores","one":"franc de les Comores"},"symbol":"KMF","narrow":"CF"},"KPW":{"displayName":{"other":"wons nord-coreans","one":"won nord-coreà"},"symbol":"KPW","narrow":"₩"},"KRH":{"displayName":{"other":"hwans sud-coreans","one":"hwan sud-coreà"},"symbol":"KRH","narrow":"KRH"},"KRO":{"displayName":{"other":"antics wons sud-coreans","one":"antic won sud-coreà"},"symbol":"KRO","narrow":"KRO"},"KRW":{"displayName":{"other":"wons sud-coreans","one":"won sud-coreà"},"symbol":"₩","narrow":"₩"},"KWD":{"displayName":{"other":"dinars kuwaitians","one":"dinar kuwaitià"},"symbol":"KWD","narrow":"KWD"},"KYD":{"displayName":{"other":"dòlars de les illes Caiman","one":"dòlar de les illes Caiman"},"symbol":"KYD","narrow":"$"},"KZT":{"displayName":{"other":"tenges kazakhs","one":"tenge kazakh"},"symbol":"KZT","narrow":"₸"},"LAK":{"displayName":{"other":"kips laosians","one":"kip laosià"},"symbol":"LAK","narrow":"₭"},"LBP":{"displayName":{"other":"lliures libaneses","one":"lliura libanesa"},"symbol":"LBP","narrow":"L£"},"LKR":{"displayName":{"other":"rupies de Sri Lanka","one":"rupia de Sri Lanka"},"symbol":"LKR","narrow":"Rs"},"LRD":{"displayName":{"other":"dòlars liberians","one":"dòlar liberià"},"symbol":"LRD","narrow":"$"},"LSL":{"displayName":{"other":"maloti de Lesotho","one":"loti de Lesotho"},"symbol":"LSL","narrow":"LSL"},"LTL":{"displayName":{"other":"litai lituans","one":"litas lituà"},"symbol":"LTL","narrow":"Lt"},"LTT":{"displayName":{"other":"talonai lituans","one":"talonas lituà"},"symbol":"LTT","narrow":"LTT"},"LUC":{"displayName":{"other":"francs convertibles luxemburguesos","one":"franc convertible luxemburguès"},"symbol":"LUC","narrow":"LUC"},"LUF":{"displayName":{"other":"francs luxemburguesos","one":"franc luxemburguès"},"symbol":"LUF","narrow":"LUF"},"LUL":{"displayName":{"other":"francs financers luxemburguesos","one":"franc financer luxemburguès"},"symbol":"LUL","narrow":"LUL"},"LVL":{"displayName":{"other":"lati letons","one":"lats letó"},"symbol":"LVL","narrow":"Ls"},"LVR":{"displayName":{"other":"rubles letons","one":"ruble letó"},"symbol":"LVR","narrow":"LVR"},"LYD":{"displayName":{"other":"dinars libis","one":"dinar libi"},"symbol":"LYD","narrow":"LYD"},"MAD":{"displayName":{"other":"dírhams marroquins","one":"dírham marroquí"},"symbol":"MAD","narrow":"MAD"},"MAF":{"displayName":{"other":"francs marroquins","one":"franc marroquí"},"symbol":"MAF","narrow":"MAF"},"MCF":{"displayName":{"other":"francs monegascos","one":"franc monegasc"},"symbol":"MCF","narrow":"MCF"},"MDC":{"displayName":{"other":"cupons moldaus","one":"cupó moldau"},"symbol":"MDC","narrow":"MDC"},"MDL":{"displayName":{"other":"lei moldaus","one":"leu moldau"},"symbol":"MDL","narrow":"MDL"},"MGA":{"displayName":{"other":"ariarys malgaixos","one":"ariary malgaix"},"symbol":"MGA","narrow":"Ar"},"MGF":{"displayName":{"other":"francs malgaixos","one":"franc malgaix"},"symbol":"MGF","narrow":"MGF"},"MKD":{"displayName":{"other":"denari macedonis","one":"denar macedoni"},"symbol":"MKD","narrow":"MKD"},"MKN":{"displayName":{"other":"denari macedonis (1992–1993)","one":"denar macedoni (1992–1993)"},"symbol":"MKN","narrow":"MKN"},"MLF":{"displayName":{"other":"francs malians","one":"franc malià"},"symbol":"MLF","narrow":"MLF"},"MMK":{"displayName":{"other":"kyats de Myanmar","one":"kyat de Myanmar"},"symbol":"MMK","narrow":"K"},"MNT":{"displayName":{"other":"tögrögs mongols","one":"tögrög mongol"},"symbol":"MNT","narrow":"₮"},"MOP":{"displayName":{"other":"pataques de Macau","one":"pataca de Macau"},"symbol":"MOP","narrow":"MOP"},"MRO":{"displayName":{"other":"ouguiyas mauritans (1973–2017)","one":"ouguiya maurità (1973–2017)"},"symbol":"MRO","narrow":"MRO"},"MRU":{"displayName":{"other":"ouguiyas mauritans","one":"ouguiya maurità"},"symbol":"MRU","narrow":"MRU"},"MTL":{"displayName":{"other":"lires malteses","one":"lira maltesa"},"symbol":"MTL","narrow":"MTL"},"MTP":{"displayName":{"other":"lliures malteses","one":"lliura maltesa"},"symbol":"MTP","narrow":"MTP"},"MUR":{"displayName":{"other":"rupies mauricianes","one":"rupia mauriciana"},"symbol":"MUR","narrow":"Rs"},"MVP":{"displayName":{"other":"MVP"},"symbol":"MVP","narrow":"MVP"},"MVR":{"displayName":{"other":"rupies de les Maldives","one":"rupia de les Maldives"},"symbol":"MVR","narrow":"MVR"},"MWK":{"displayName":{"other":"kwacha malawians","one":"kwacha malawià"},"symbol":"MWK","narrow":"MWK"},"MXN":{"displayName":{"other":"pesos mexicans","one":"peso mexicà"},"symbol":"MXN","narrow":"$"},"MXP":{"displayName":{"other":"pesos de plata mexicans (1861–1992)","one":"peso de plata mexicà (1861–1992)"},"symbol":"MXP","narrow":"MXP"},"MXV":{"displayName":{"other":"unidades de inversión (UDI) mexicanes","one":"unidad de inversión (UDI) mexicana"},"symbol":"MXV","narrow":"MXV"},"MYR":{"displayName":{"other":"ringgits de Malàisia","one":"ringgit de Malàisia"},"symbol":"MYR","narrow":"RM"},"MZE":{"displayName":{"other":"escuts moçambiquesos","one":"escut moçambiquès"},"symbol":"MZE","narrow":"MZE"},"MZM":{"displayName":{"other":"antics meticals moçambiquesos","one":"antic metical moçambiquès"},"symbol":"MZM","narrow":"MZM"},"MZN":{"displayName":{"other":"meticals moçambiquesos","one":"metical moçambiquès"},"symbol":"MZN","narrow":"MZN"},"NAD":{"displayName":{"other":"dòlars namibians","one":"dòlar namibià"},"symbol":"NAD","narrow":"$"},"NGN":{"displayName":{"other":"naires nigerians","one":"naira nigerià"},"symbol":"NGN","narrow":"₦"},"NIC":{"displayName":{"other":"córdobas nicaragüenques","one":"córdoba nicaragüenca"},"symbol":"NIC","narrow":"NIC"},"NIO":{"displayName":{"other":"córdobas nicaragüencs","one":"córdoba nicaragüenc"},"symbol":"NIO","narrow":"C$"},"NLG":{"displayName":{"other":"florins neerlandesos","one":"florí neerlandès"},"symbol":"NLG","narrow":"NLG"},"NOK":{"displayName":{"other":"corones noruegues","one":"corona noruega"},"symbol":"NOK","narrow":"kr"},"NPR":{"displayName":{"other":"rupies nepaleses","one":"rupia nepalesa"},"symbol":"NPR","narrow":"Rs"},"NZD":{"displayName":{"other":"dòlars neozelandesos","one":"dòlar neozelandès"},"symbol":"NZ$","narrow":"$"},"OMR":{"displayName":{"other":"rials omanites","one":"rial omanita"},"symbol":"OMR","narrow":"OMR"},"PAB":{"displayName":{"other":"balboes panamenys","one":"balboa panameny"},"symbol":"PAB","narrow":"PAB"},"PEI":{"displayName":{"other":"intis peruans","one":"inti peruà"},"symbol":"PEI","narrow":"PEI"},"PEN":{"displayName":{"other":"sols peruans","one":"sol peruà"},"symbol":"PEN","narrow":"PEN"},"PES":{"displayName":{"other":"sols peruans (1863–1965)","one":"sol peruà (1863–1965)"},"symbol":"PES","narrow":"PES"},"PGK":{"displayName":{"other":"kines de Papua Nova Guinea","one":"kina de Papua Nova Guinea"},"symbol":"PGK","narrow":"PGK"},"PHP":{"displayName":{"other":"pesos filipins","one":"peso filipí"},"symbol":"PHP","narrow":"₱"},"PKR":{"displayName":{"other":"rupies pakistaneses","one":"rupia pakistanesa"},"symbol":"PKR","narrow":"Rs"},"PLN":{"displayName":{"other":"zlote polonesos","one":"zloty polonès"},"symbol":"PLN","narrow":"zł"},"PLZ":{"displayName":{"other":"zlote polonesos (1950–1995)","one":"zloty polonès (1950–1995)"},"symbol":"PLZ","narrow":"PLZ"},"PTE":{"displayName":{"other":"escuts portuguesos","one":"escut portuguès"},"symbol":"PTE","narrow":"PTE"},"PYG":{"displayName":{"other":"guaranís paraguaians","one":"guaraní paraguaià"},"symbol":"PYG","narrow":"₲"},"QAR":{"displayName":{"other":"rials de Qatar","one":"rial de Qatar"},"symbol":"QAR","narrow":"QAR"},"RHD":{"displayName":{"other":"dòlars rhodesians","one":"dòlar rhodesià"},"symbol":"RHD","narrow":"RHD"},"ROL":{"displayName":{"other":"antics lei romanesos","one":"antic leu romanès"},"symbol":"ROL","narrow":"ROL"},"RON":{"displayName":{"other":"lei romanesos","one":"leu romanès"},"symbol":"RON","narrow":"lei"},"RSD":{"displayName":{"other":"dinars serbis","one":"dinar serbi"},"symbol":"RSD","narrow":"RSD"},"RUB":{"displayName":{"other":"rubles russos","one":"ruble rus"},"symbol":"RUB","narrow":"₽"},"RUR":{"displayName":{"other":"rubles russos (1991–1998)","one":"ruble rus (1991–1998)"},"symbol":"RUR","narrow":"р."},"RWF":{"displayName":{"other":"francs de Ruanda","one":"franc de Ruanda"},"symbol":"RWF","narrow":"RF"},"SAR":{"displayName":{"other":"rials saudites","one":"rial saudita"},"symbol":"SAR","narrow":"SAR"},"SBD":{"displayName":{"other":"dòlars de les illes Salomó","one":"dòlar de les illes Salomó"},"symbol":"SBD","narrow":"$"},"SCR":{"displayName":{"other":"rupies de les Seychelles","one":"rupia de les Seychelles"},"symbol":"SCR","narrow":"SCR"},"SDD":{"displayName":{"other":"dinars sudanesos","one":"dinar sudanès"},"symbol":"SDD","narrow":"SDD"},"SDG":{"displayName":{"other":"lliures sudaneses","one":"lliura sudanesa"},"symbol":"SDG","narrow":"SDG"},"SDP":{"displayName":{"other":"antigues lliures sudaneses","one":"antiga lliura sudanesa"},"symbol":"SDP","narrow":"SDP"},"SEK":{"displayName":{"other":"corones sueques","one":"corona sueca"},"symbol":"SEK","narrow":"kr"},"SGD":{"displayName":{"other":"dòlars de Singapur","one":"dòlar de Singapur"},"symbol":"SGD","narrow":"$"},"SHP":{"displayName":{"other":"lliures de Santa Helena","one":"lliura de Santa Helena"},"symbol":"SHP","narrow":"£"},"SIT":{"displayName":{"other":"tolars eslovens","one":"tolar eslovè"},"symbol":"SIT","narrow":"SIT"},"SKK":{"displayName":{"other":"corones eslovaques","one":"corona eslovaca"},"symbol":"SKK","narrow":"SKK"},"SLL":{"displayName":{"other":"leones de Sierra Leone","one":"leone de Sierra Leone"},"symbol":"SLL","narrow":"SLL"},"SOS":{"displayName":{"other":"xílings somalis","one":"xíling somali"},"symbol":"SOS","narrow":"SOS"},"SRD":{"displayName":{"other":"dòlars de Surinam","one":"dòlar de Surinam"},"symbol":"SRD","narrow":"$"},"SRG":{"displayName":{"other":"florins de Surinam","one":"florí de Surinam"},"symbol":"SRG","narrow":"SRG"},"SSP":{"displayName":{"other":"lliures del Sudan del Sud","one":"lliura del Sudan del Sud"},"symbol":"SSP","narrow":"£"},"STD":{"displayName":{"other":"dobras de São Tomé i Príncipe (1977–2017)","one":"dobra de São Tomé i Príncipe (1977–2017)"},"symbol":"STD","narrow":"STD"},"STN":{"displayName":{"other":"dobras de São Tomé i Príncipe","one":"dobra de São Tomé i Príncipe"},"symbol":"STN","narrow":"Db"},"SUR":{"displayName":{"other":"rubles soviètics","one":"ruble soviètic"},"symbol":"SUR","narrow":"SUR"},"SVC":{"displayName":{"other":"colones salvadorencs","one":"colón salvadorenc"},"symbol":"SVC","narrow":"SVC"},"SYP":{"displayName":{"other":"lliures sirianes","one":"lliura siriana"},"symbol":"SYP","narrow":"£"},"SZL":{"displayName":{"other":"emalangeni swazis","one":"lilangeni swazi"},"symbol":"SZL","narrow":"SZL"},"THB":{"displayName":{"other":"bahts tailandesos","one":"baht tailandès"},"symbol":"฿","narrow":"฿"},"TJR":{"displayName":{"other":"rubles tadjiks","one":"ruble tadjik"},"symbol":"TJR","narrow":"TJR"},"TJS":{"displayName":{"other":"somonis tadjiks","one":"somoni tadjik"},"symbol":"TJS","narrow":"TJS"},"TMM":{"displayName":{"other":"manats turcmans (1993–2009)","one":"manat turcman (1993–2009)"},"symbol":"TMM","narrow":"TMM"},"TMT":{"displayName":{"other":"manats turcmans","one":"manat turcman"},"symbol":"TMT","narrow":"TMT"},"TND":{"displayName":{"other":"dinars tunisians","one":"dinar tunisià"},"symbol":"TND","narrow":"TND"},"TOP":{"displayName":{"other":"pa‘angas tongans","one":"pa‘anga tongà"},"symbol":"TOP","narrow":"T$"},"TPE":{"displayName":{"other":"escuts de Timor","one":"escut de Timor"},"symbol":"TPE","narrow":"TPE"},"TRL":{"displayName":{"other":"lires turques (1922–2005)","one":"lira turca (1922–2005)"},"symbol":"TRL","narrow":"TRL"},"TRY":{"displayName":{"other":"lires turques","one":"lira turca"},"symbol":"TRY","narrow":"₺"},"TTD":{"displayName":{"other":"dòlars de Trinitat i Tobago","one":"dòlar de Trinitat i Tobago"},"symbol":"TTD","narrow":"$"},"TWD":{"displayName":{"other":"nous dòlars de Taiwan","one":"nou dòlar de Taiwan"},"symbol":"NT$","narrow":"$"},"TZS":{"displayName":{"other":"xílings tanzans","one":"xíling tanzà"},"symbol":"TZS","narrow":"TZS"},"UAH":{"displayName":{"other":"hrívnies ucraïneses","one":"hrívnia ucraïnesa"},"symbol":"UAH","narrow":"₴"},"UAK":{"displayName":{"other":"karbóvantsiv ucraïnesos","one":"karbóvanets ucraïnès"},"symbol":"UAK","narrow":"UAK"},"UGS":{"displayName":{"other":"xílings ugandesos (1966–1987)","one":"xíling ugandès (1966–1987)"},"symbol":"UGS","narrow":"UGS"},"UGX":{"displayName":{"other":"xílings ugandesos","one":"xíling ugandès"},"symbol":"UGX","narrow":"UGX"},"USD":{"displayName":{"other":"dòlars dels Estats Units","one":"dòlar dels Estats Units"},"symbol":"USD","narrow":"$"},"USN":{"displayName":{"other":"dòlars dels Estats Units (dia següent)","one":"dòlar dels Estats Units (dia següent)"},"symbol":"USN","narrow":"USN"},"USS":{"displayName":{"other":"dòlars dels Estats Units (mateix dia)","one":"dòlar dels Estats Units (mateix dia)"},"symbol":"USS","narrow":"USS"},"UYI":{"displayName":{"other":"pesos uruguaians en unitats indexades","one":"peso uruguaià en unitats indexades"},"symbol":"UYI","narrow":"UYI"},"UYP":{"displayName":{"other":"pesos uruguaians (1975–1993)","one":"peso uruguaià (1975–1993)"},"symbol":"UYP","narrow":"UYP"},"UYU":{"displayName":{"other":"pesos uruguaians","one":"peso uruguaià"},"symbol":"UYU","narrow":"$"},"UYW":{"displayName":{"other":"UYW"},"symbol":"UYW","narrow":"UYW"},"UZS":{"displayName":{"other":"soms uzbeks","one":"som uzbek"},"symbol":"UZS","narrow":"UZS"},"VEB":{"displayName":{"other":"bolívars veneçolans (1871–2008)","one":"bolívar veneçolà (1871–2008)"},"symbol":"VEB","narrow":"VEB"},"VEF":{"displayName":{"other":"bolívars veneçolans (2008–2018)","one":"bolívar veneçolà (2008–2018)"},"symbol":"VEF","narrow":"Bs F"},"VES":{"displayName":{"other":"bolívars veneçolans","one":"bolívar veneçolà"},"symbol":"VES","narrow":"VES"},"VND":{"displayName":{"other":"dongs vietnamites","one":"dong vietnamita"},"symbol":"₫","narrow":"₫"},"VNN":{"displayName":{"other":"dongs vietnamites (1978–1985)","one":"dong vietnamita (1978–1985)"},"symbol":"VNN","narrow":"VNN"},"VUV":{"displayName":{"other":"vatus de Vanuatu","one":"vatu de Vanuatu"},"symbol":"VUV","narrow":"VUV"},"WST":{"displayName":{"other":"tales samoans","one":"tala samoà"},"symbol":"WST","narrow":"WST"},"XAF":{"displayName":{"other":"francs CFA BEAC","one":"franc CFA BEAC"},"symbol":"FCFA","narrow":"FCFA"},"XAG":{"displayName":{"other":"plata"},"symbol":"XAG","narrow":"XAG"},"XAU":{"displayName":{"other":"or"},"symbol":"XAU","narrow":"XAU"},"XBA":{"displayName":{"other":"unitats compensatòries europees","one":"unitat compensatòria europea"},"symbol":"XBA","narrow":"XBA"},"XBB":{"displayName":{"other":"unitats monetàries europees","one":"unitat monetària europea"},"symbol":"XBB","narrow":"XBB"},"XBC":{"displayName":{"other":"unitats de compte europees (XBC)","one":"unitat de compte europea (XBC)"},"symbol":"XBC","narrow":"XBC"},"XBD":{"displayName":{"other":"unitats de compte europees (XBD)","one":"unitat de compte europea (XBD)"},"symbol":"XBD","narrow":"XBD"},"XCD":{"displayName":{"other":"dòlars del Carib Oriental","one":"dòlar del Carib Oriental"},"symbol":"XCD","narrow":"$"},"XDR":{"displayName":{"other":"drets especials de gir"},"symbol":"XDR","narrow":"XDR"},"XEU":{"displayName":{"other":"unitats de moneda europees","one":"unitat de moneda europea"},"symbol":"XEU","narrow":"XEU"},"XFO":{"displayName":{"other":"francs or francesos","one":"franc or francès"},"symbol":"XFO","narrow":"XFO"},"XFU":{"displayName":{"other":"francs UIC francesos","one":"franc UIC francès"},"symbol":"XFU","narrow":"XFU"},"XOF":{"displayName":{"other":"francs CFA BCEAO","one":"franc CFA BCEAO"},"symbol":"F CFA","narrow":"F CFA"},"XPD":{"displayName":{"other":"pal·ladi"},"symbol":"XPD","narrow":"XPD"},"XPF":{"displayName":{"other":"francs CFP","one":"franc CFP"},"symbol":"CFPF","narrow":"CFPF"},"XPT":{"displayName":{"other":"platí"},"symbol":"XPT","narrow":"XPT"},"XRE":{"displayName":{"other":"fons RINET"},"symbol":"XRE","narrow":"XRE"},"XSU":{"displayName":{"other":"XSU"},"symbol":"XSU","narrow":"XSU"},"XTS":{"displayName":{"other":"codi reservat per a proves"},"symbol":"XTS","narrow":"XTS"},"XUA":{"displayName":{"other":"XUA"},"symbol":"XUA","narrow":"XUA"},"XXX":{"displayName":{"other":"(moneda desconeguda)","one":"(unitat monetària desconeguda)"},"symbol":"XXX","narrow":"XXX"},"YDD":{"displayName":{"other":"dinars iemenites","one":"dinar iemenita"},"symbol":"YDD","narrow":"YDD"},"YER":{"displayName":{"other":"rials iemenites","one":"rial iemenita"},"symbol":"YER","narrow":"YER"},"YUD":{"displayName":{"other":"dinars forts iugoslaus","one":"dinar fort iugoslau"},"symbol":"YUD","narrow":"YUD"},"YUM":{"displayName":{"other":"nous dinars iugoslaus","one":"nou dinar iugoslau"},"symbol":"YUM","narrow":"YUM"},"YUN":{"displayName":{"other":"dinars convertibles iugoslaus","one":"dinar convertible iugoslau"},"symbol":"YUN","narrow":"YUN"},"YUR":{"displayName":{"other":"dinars reformats iugoslaus","one":"dinar reformat iugoslau"},"symbol":"YUR","narrow":"YUR"},"ZAL":{"displayName":{"other":"rands sud-africans (financers)","one":"rand sud-africà (financer)"},"symbol":"ZAL","narrow":"ZAL"},"ZAR":{"displayName":{"other":"rands sud-africans","one":"rand sud-africà"},"symbol":"ZAR","narrow":"R"},"ZMK":{"displayName":{"other":"kwacha zambians (1968–2012)","one":"kwacha zambià (1968–2012)"},"symbol":"ZMK","narrow":"ZMK"},"ZMW":{"displayName":{"other":"kwacha zambians","one":"kwacha zambià"},"symbol":"ZMW","narrow":"ZK"},"ZRN":{"displayName":{"other":"nous zaires zairesos","one":"nou zaire zairès"},"symbol":"ZRN","narrow":"ZRN"},"ZRZ":{"displayName":{"other":"zaires zairesos","one":"zaire zairès"},"symbol":"ZRZ","narrow":"ZRZ"},"ZWD":{"displayName":{"other":"dòlars zimbabuesos (1980–2008)","one":"dòlar zimbabuès (1980–2008)"},"symbol":"ZWD","narrow":"ZWD"},"ZWL":{"displayName":{"other":"dòlars zimbabuesos (2009)","one":"dòlar zimbabuès (2009)"},"symbol":"ZWL","narrow":"ZWL"},"ZWR":{"displayName":{"other":"dòlars zimbabuesos (2008)","one":"dòlar zimbabuès (2008)"},"symbol":"ZWR","narrow":"ZWR"}},"numbers":{"nu":["latn"],"symbols":{"latn":{"decimal":",","group":".","list":";","percentSign":"%","plusSign":"+","minusSign":"-","approximatelySign":"~","exponential":"E","superscriptingExponent":"×","perMille":"‰","infinity":"∞","nan":"NaN","timeSeparator":":"}},"percent":{"latn":"#,##0%"},"decimal":{"latn":{"standard":"#,##0.###","long":{"1000":{"other":"0 milers","one":"0 miler"},"10000":{"other":"00 milers"},"100000":{"other":"000 milers"},"1000000":{"other":"0 milions","one":"0 milió"},"10000000":{"other":"00 milions"},"100000000":{"other":"000 milions"},"1000000000":{"other":"0 milers de milions","one":"0 miler de milions"},"10000000000":{"other":"00 milers de milions"},"100000000000":{"other":"000 milers de milions"},"1000000000000":{"other":"0 bilions","one":"0 bilió"},"10000000000000":{"other":"00 bilions"},"100000000000000":{"other":"000 bilions"}},"short":{"1000":{"other":"0m"},"10000":{"other":"00m"},"100000":{"other":"000m"},"1000000":{"other":"0 M"},"10000000":{"other":"00 M"},"100000000":{"other":"000 M"},"1000000000":{"other":"0000 M"},"10000000000":{"other":"00mM"},"100000000000":{"other":"000mM"},"1000000000000":{"other":"0 B"},"10000000000000":{"other":"00 B"},"100000000000000":{"other":"000 B"}}}},"currency":{"latn":{"currencySpacing":{"beforeInsertBetween":" ","afterInsertBetween":" "},"standard":"#,##0.00 ¤","accounting":"#,##0.00 ¤;(#,##0.00 ¤)","unitPattern":"{0} {1}","short":{"1000":{"other":"0m ¤"},"10000":{"other":"00m ¤"},"100000":{"other":"000m ¤"},"1000000":{"other":"0 M ¤"},"10000000":{"other":"00 M ¤"},"100000000":{"other":"000 M ¤"},"1000000000":{"other":"0000 M ¤"},"10000000000":{"other":"00mM ¤"},"100000000000":{"other":"000mM ¤"},"1000000000000":{"other":"0 B ¤"},"10000000000000":{"other":"00 B ¤"},"100000000000000":{"other":"000 B ¤"}}}}},"nu":["latn"]},"locale":"ca"}
