{"data":{"units":{"simple":{"degree":{"long":{"other":"{0} stupňů","one":"{0} stupeň","few":"{0} stupně","many":"{0} stupně"},"short":{"other":"{0}°"},"narrow":{"other":"{0}°"},"perUnit":{}},"hectare":{"long":{"other":"{0} hektarů","one":"{0} hektar","few":"{0} hektary","many":"{0} hektaru"},"short":{"other":"{0} ha"},"narrow":{"other":"{0} ha"},"perUnit":{}},"acre":{"long":{"other":"{0} akrů","one":"{0} akr","few":"{0} akry","many":"{0} akru"},"short":{"other":"{0} ac"},"narrow":{"other":"{0} ac"},"perUnit":{}},"percent":{"long":{"other":"{0} procent","one":"{0} procento","few":"{0} procenta","many":"{0} procenta"},"short":{"other":"{0} %"},"narrow":{"other":"{0} %"},"perUnit":{}},"liter-per-kilometer":{"long":{"other":"{0} litrů na kilometr","one":"{0} litr na kilometr","few":"{0} litry na kilometr","many":"{0} litru na kilometr"},"short":{"other":"{0} l/km"},"narrow":{"other":"{0} l/km"},"perUnit":{}},"mile-per-gallon":{"long":{"other":"{0} mil na galon","one":"{0} míle na galon","few":"{0} míle na galon","many":"{0} míle na galon"},"short":{"other":"{0} mpg"},"narrow":{"other":"{0} mpg"},"perUnit":{}},"petabyte":{"long":{"other":"{0} petabajtů","one":"{0} petabajt","few":"{0} petabajty","many":"{0} petabajtu"},"short":{"other":"{0} PB"},"narrow":{"other":"{0} PB"},"perUnit":{}},"terabyte":{"long":{"other":"{0} terabajtů","one":"{0} terabajt","few":"{0} terabajty","many":"{0} terabajtu"},"short":{"other":"{0} TB"},"narrow":{"other":"{0} TB"},"perUnit":{}},"terabit":{"long":{"other":"{0} terabitů","one":"{0} terabit","few":"{0} terabity","many":"{0} terabitu"},"short":{"other":"{0} Tb"},"narrow":{"other":"{0} Tb"},"perUnit":{}},"gigabyte":{"long":{"other":"{0} gigabajtů","one":"{0} gigabajt","few":"{0} gigabajty","many":"{0} gigabajtu"},"short":{"other":"{0} GB"},"narrow":{"other":"{0} GB"},"perUnit":{}},"gigabit":{"long":{"other":"{0} gigabitů","one":"{0} gigabit","few":"{0} gigabity","many":"{0} gigabitu"},"short":{"other":"{0} Gb"},"narrow":{"other":"{0} Gb"},"perUnit":{}},"megabyte":{"long":{"other":"{0} megabajtů","one":"{0} megabajt","few":"{0} megabajty","many":"{0} megabajtu"},"short":{"other":"{0} MB"},"narrow":{"other":"{0} MB"},"perUnit":{}},"megabit":{"long":{"other":"{0} megabitů","one":"{0} megabit","few":"{0} megabity","many":"{0} megabitu"},"short":{"other":"{0} Mb"},"narrow":{"other":"{0} Mb"},"perUnit":{}},"kilobyte":{"long":{"other":"{0} kilobajtů","one":"{0} kilobajt","few":"{0} kilobajty","many":"{0} kilobajtu"},"short":{"other":"{0} kB"},"narrow":{"other":"{0} kB"},"perUnit":{}},"kilobit":{"long":{"other":"{0} kilobitů","one":"{0} kilobit","few":"{0} kilobity","many":"{0} kilobitu"},"short":{"other":"{0} kb"},"narrow":{"other":"{0} kb"},"perUnit":{}},"byte":{"long":{"other":"{0} bajtů","one":"{0} bajt","few":"{0} bajty","many":"{0} bajtu"},"short":{"other":"{0} bajtů","one":"{0} bajt","few":"{0} bajty","many":"{0} bajtu"},"narrow":{"other":"{0} bajtů","one":"{0} bajt","few":"{0} bajty","many":"{0} bajtu"},"perUnit":{}},"bit":{"long":{"other":"{0} bitů","one":"{0} bit","few":"{0} bity","many":"{0} bitu"},"short":{"other":"{0} bitů","one":"{0} bit","few":"{0} bity","many":"{0} bitu"},"narrow":{"other":"{0} bitů","one":"{0} bit","few":"{0} bity","many":"{0} bitu"},"perUnit":{}},"year":{"long":{"other":"{0} let","one":"{0} rok","few":"{0} roky","many":"{0} roku"},"short":{"other":"{0} let","one":"{0} rok","few":"{0} roky","many":"{0} roku"},"narrow":{"other":"{0} r"},"perUnit":{"long":"{0} za rok","short":"{0}/r","narrow":"{0}/r"}},"month":{"long":{"other":"{0} měsíců","one":"{0} měsíc","few":"{0} měsíce","many":"{0} měsíce"},"short":{"other":"{0} měs."},"narrow":{"other":"{0} m"},"perUnit":{"long":"{0} za měsíc","short":"{0}/měs.","narrow":"{0}/měs."}},"week":{"long":{"other":"{0} týdnů","one":"{0} týden","few":"{0} týdny","many":"{0} týdne"},"short":{"other":"{0} týd."},"narrow":{"other":"{0} t"},"perUnit":{"long":"{0} za týden","short":"{0}/týd.","narrow":"{0}/týd."}},"day":{"long":{"other":"{0} dní","one":"{0} den","few":"{0} dny","many":"{0} dne"},"short":{"other":"{0} dní","one":"{0} den","few":"{0} dny","many":"{0} dne"},"narrow":{"other":"{0} d"},"perUnit":{"long":"{0} za den","short":"{0}/den","narrow":"{0}/d"}},"hour":{"long":{"other":"{0} hodin","one":"{0} hodina","few":"{0} hodiny","many":"{0} hodiny"},"short":{"other":"{0} h"},"narrow":{"other":"{0} h"},"perUnit":{"long":"{0} za hodinu","short":"{0}/h","narrow":"{0}/h"}},"minute":{"long":{"other":"{0} minut","one":"{0} minuta","few":"{0} minuty","many":"{0} minuty"},"short":{"other":"{0} min"},"narrow":{"other":"{0} m"},"perUnit":{"long":"{0} za minutu","short":"{0}/min","narrow":"{0}/m"}},"second":{"long":{"other":"{0} sekund","one":"{0} sekunda","few":"{0} sekundy","many":"{0} sekundy"},"short":{"other":"{0} s"},"narrow":{"other":"{0} s"},"perUnit":{"long":"{0} za sekundu","short":"{0}/s","narrow":"{0}/s"}},"millisecond":{"long":{"other":"{0} milisekund","one":"{0} milisekunda","few":"{0} milisekundy","many":"{0} milisekundy"},"short":{"other":"{0} ms"},"narrow":{"other":"{0} ms"},"perUnit":{}},"kilometer":{"long":{"other":"{0} kilometrů","one":"{0} kilometr","few":"{0} kilometry","many":"{0} kilometru"},"short":{"other":"{0} km"},"narrow":{"other":"{0} km"},"perUnit":{"long":"{0} na kilometr","short":"{0}/km","narrow":"{0}/km"}},"meter":{"long":{"other":"{0} metrů","one":"{0} metr","few":"{0} metry","many":"{0} metru"},"short":{"other":"{0} m"},"narrow":{"other":"{0} m"},"perUnit":{"long":"{0} na metr","short":"{0}/m","narrow":"{0}/m"}},"centimeter":{"long":{"other":"{0} centimetrů","one":"{0} centimetr","few":"{0} centimetry","many":"{0} centimetru"},"short":{"other":"{0} cm"},"narrow":{"other":"{0} cm"},"perUnit":{"long":"{0} na centimetr","short":"{0}/cm","narrow":"{0}/cm"}},"millimeter":{"long":{"other":"{0} milimetrů","one":"{0} milimetr","few":"{0} milimetry","many":"{0} milimetru"},"short":{"other":"{0} mm"},"narrow":{"other":"{0} mm"},"perUnit":{}},"mile":{"long":{"other":"{0} mil","one":"{0} míle","few":"{0} míle","many":"{0} míle"},"short":{"other":"{0} mi"},"narrow":{"other":"{0} mi"},"perUnit":{}},"yard":{"long":{"other":"{0} yardů","one":"{0} yard","few":"{0} yardy","many":"{0} yardu"},"short":{"other":"{0} yd"},"narrow":{"other":"{0} yd"},"perUnit":{}},"foot":{"long":{"other":"{0} stop","one":"{0} stopa","few":"{0} stopy","many":"{0} stopy"},"short":{"other":"{0} ft"},"narrow":{"other":"{0}′"},"perUnit":{"long":"{0} na stopu","short":"{0}/ft","narrow":"{0}/ft"}},"inch":{"long":{"other":"{0} palců","one":"{0} palec","few":"{0} palce","many":"{0} palce"},"short":{"other":"{0} in"},"narrow":{"other":"{0}″"},"perUnit":{"long":"{0} na palec","short":"{0}/in","narrow":"{0}/in"}},"mile-scandinavian":{"long":{"other":"{0} skandinávských mil","one":"{0} skandinávská míle","few":"{0} skandinávské míle","many":"{0} skandinávské míle"},"short":{"other":"{0} smi"},"narrow":{"other":"{0} smi"},"perUnit":{}},"kilogram":{"long":{"other":"{0} kilogramů","one":"{0} kilogram","few":"{0} kilogramy","many":"{0} kilogramu"},"short":{"other":"{0} kg"},"narrow":{"other":"{0} kg"},"perUnit":{"long":"{0} na kilogram","short":"{0}/kg","narrow":"{0}/kg"}},"gram":{"long":{"other":"{0} gramů","one":"{0} gram","few":"{0} gramy","many":"{0} gramu"},"short":{"other":"{0} g"},"narrow":{"other":"{0} g"},"perUnit":{"long":"{0} na gram","short":"{0}/g","narrow":"{0}/g"}},"stone":{"long":{"other":"{0} kamenů","one":"{0} kámen","few":"{0} kameny","many":"{0} kamene"},"short":{"other":"{0} st"},"narrow":{"other":"{0} st"},"perUnit":{}},"pound":{"long":{"other":"{0} liber","one":"{0} libra","few":"{0} libry","many":"{0} libry"},"short":{"other":"{0} lb"},"narrow":{"other":"{0} lb"},"perUnit":{"long":"{0} na libru","short":"{0}/lb","narrow":"{0}/lb"}},"ounce":{"long":{"other":"{0} uncí","one":"{0} unce","few":"{0} unce","many":"{0} unce"},"short":{"other":"{0} oz"},"narrow":{"other":"{0} oz"},"perUnit":{"long":"{0} na unci","short":"{0}/oz","narrow":"{0}/oz"}},"kilometer-per-hour":{"long":{"other":"{0} kilometrů za hodinu","one":"{0} kilometr za hodinu","few":"{0} kilometry za hodinu","many":"{0} kilometru za hodinu"},"short":{"other":"{0} km/h"},"narrow":{"other":"{0} km/h"},"perUnit":{}},"meter-per-second":{"long":{"other":"{0} metrů za sekundu","one":"{0} metr za sekundu","few":"{0} metry za sekundu","many":"{0} metru za sekundu"},"short":{"other":"{0} m/s"},"narrow":{"other":"{0} m/s"},"perUnit":{}},"mile-per-hour":{"long":{"other":"{0} mil za hodinu","one":"{0} míle za hodinu","few":"{0} míle za hodinu","many":"{0} míle za hodinu"},"short":{"other":"{0} mi/h"},"narrow":{"other":"{0} mi/h"},"perUnit":{}},"celsius":{"long":{"other":"{0} stupňů Celsia","one":"{0} stupeň Celsia","few":"{0} stupně Celsia","many":"{0} stupně Celsia"},"short":{"other":"{0} °C"},"narrow":{"other":"{0} °C"},"perUnit":{}},"fahrenheit":{"long":{"other":"{0} stupňů Fahrenheita","one":"{0} stupeň Fahrenheita","few":"{0} stupně Fahrenheita","many":"{0} stupně Fahrenheita"},"short":{"other":"{0} °F"},"narrow":{"other":"{0} °F"},"perUnit":{}},"liter":{"long":{"other":"{0} litrů","one":"{0} litr","few":"{0} litry","many":"{0} litru"},"short":{"other":"{0} l"},"narrow":{"other":"{0} l"},"perUnit":{"long":"{0} na litr","short":"{0}/l","narrow":"{0}/l"}},"milliliter":{"long":{"other":"{0} mililitrů","one":"{0} mililitr","few":"{0} mililitry","many":"{0} mililitru"},"short":{"other":"{0} ml"},"narrow":{"other":"{0} ml"},"perUnit":{}},"gallon":{"long":{"other":"{0} galonů","one":"{0} galon","few":"{0} galony","many":"{0} galonu"},"short":{"other":"{0} gal"},"narrow":{"other":"{0} gal"},"perUnit":{"long":"{0} na galon","short":"{0}/gal","narrow":"{0}/gal"}},"fluid-ounce":{"long":{"other":"{0} dutých uncí","one":"{0} dutá unce","few":"{0} duté unce","many":"{0} duté unce"},"short":{"other":"{0} fl oz"},"narrow":{"other":"{0} fl oz"},"perUnit":{}}},"compound":{"per":{"long":"{0}/{1}","short":"{0}/{1}","narrow":"{0}/{1}"}}},"currencies":{"ADP":{"displayName":{"other":"andorrských peset","one":"andorrská peseta","few":"andorrské pesety","many":"andorrské pesety"},"symbol":"ADP","narrow":"ADP"},"AED":{"displayName":{"other":"SAE dirhamů","one":"SAE dirham","few":"SAE dirhamy","many":"SAE dirhamu"},"symbol":"AED","narrow":"AED"},"AFA":{"displayName":{"other":"afghánských afghánů (1927–2002)","one":"afghánský afghán (1927–2002)","few":"afghánské afghány (1927–2002)","many":"afghánského afghánu (1927–2002)"},"symbol":"AFA","narrow":"AFA"},"AFN":{"displayName":{"other":"afghánských afghánů","one":"afghánský afghán","few":"afghánské afghány","many":"afghánského afghánu"},"symbol":"AFN","narrow":"؋"},"ALK":{"displayName":{"other":"albánských leků (1946–1965)","one":"albánský lek (1946–1965)","few":"albánské leky (1946–1965)","many":"albánského leku (1946–1965)"},"symbol":"ALK","narrow":"ALK"},"ALL":{"displayName":{"other":"albánských leků","one":"albánský lek","few":"albánské leky","many":"albánského leku"},"symbol":"ALL","narrow":"ALL"},"AMD":{"displayName":{"other":"arménských dramů","one":"arménský dram","few":"arménské dramy","many":"arménského dramu"},"symbol":"AMD","narrow":"֏"},"ANG":{"displayName":{"other":"nizozemskoantilských guldenů","one":"nizozemskoantilský gulden","few":"nizozemskoantilské guldeny","many":"nizozemskoantilského guldenu"},"symbol":"ANG","narrow":"ANG"},"AOA":{"displayName":{"other":"angolských kwanz","one":"angolská kwanza","few":"angolské kwanzy","many":"angolské kwanzy"},"symbol":"AOA","narrow":"Kz"},"AOK":{"displayName":{"other":"angolských kwanz (1977–1991)","one":"angolská kwanza (1977–1991)","few":"angolské kwanzy (1977–1991)","many":"angolské kwanzy (1977–1991)"},"symbol":"AOK","narrow":"AOK"},"AON":{"displayName":{"other":"angolských kwanz (1990–2000)","one":"angolská kwanza (1990–2000)","few":"angolské kwanzy (1990–2000)","many":"angolské kwanzy (1990–2000)"},"symbol":"AON","narrow":"AON"},"AOR":{"displayName":{"other":"angolských kwanz (1995–1999)","one":"angolská nový kwanza (1995–1999)","few":"angolská kwanza (1995–1999)","many":"angolské kwanzy (1995–1999)"},"symbol":"AOR","narrow":"AOR"},"ARA":{"displayName":{"other":"argentinských australů","one":"argentinský austral","few":"argentinské australy","many":"argentinského australu"},"symbol":"ARA","narrow":"ARA"},"ARL":{"displayName":{"other":"argentinských pes ley (1970–1983)","one":"argentinské peso ley (1970–1983)","few":"argentinská pesa ley (1970–1983)","many":"argentinského pesa ley (1970–1983)"},"symbol":"ARL","narrow":"ARL"},"ARM":{"displayName":{"other":"argentinských pes (1881–1970)","one":"argentinské peso (1881–1970)","few":"argentinská pesa (1881–1970)","many":"argentinského pesa (1881–1970)"},"symbol":"ARM","narrow":"ARM"},"ARP":{"displayName":{"other":"argentinských pes (1983–1985)","one":"argentinské peso (1983–1985)","few":"argentinská pesa (1983–1985)","many":"argentinského pesa (1983–1985)"},"symbol":"ARP","narrow":"ARP"},"ARS":{"displayName":{"other":"argentinských pes","one":"argentinské peso","few":"argentinská pesa","many":"argentinského pesa"},"symbol":"ARS","narrow":"$"},"ATS":{"displayName":{"other":"rakouských šilinků","one":"rakouský šilink","few":"rakouské šilinky","many":"rakouského šilinku"},"symbol":"ATS","narrow":"ATS"},"AUD":{"displayName":{"other":"australských dolarů","one":"australský dolar","few":"australské dolary","many":"australského dolaru"},"symbol":"AU$","narrow":"$"},"AWG":{"displayName":{"other":"arubských zlatých","one":"arubský zlatý","few":"arubské zlaté","many":"arubského zlatého"},"symbol":"AWG","narrow":"AWG"},"AZM":{"displayName":{"other":"ázerbájdžánských manatů (1993–2006)","one":"ázerbájdžánský manat (1993–2006)","few":"ázerbájdžánské manaty (1993–2006)","many":"ázerbájdžánského manatu (1993–2006)"},"symbol":"AZM","narrow":"AZM"},"AZN":{"displayName":{"other":"ázerbájdžánských manatů","one":"ázerbájdžánský manat","few":"ázerbájdžánské manaty","many":"ázerbájdžánského manatu"},"symbol":"AZN","narrow":"₼"},"BAD":{"displayName":{"other":"bosenských dinárů (1992–1994)","one":"bosenský dinár (1992–1994)","few":"bosenské dináry (1992–1994)","many":"bosenského dináru (1992–1994)"},"symbol":"BAD","narrow":"BAD"},"BAM":{"displayName":{"other":"bosenských konvertibilních marek","one":"bosenská konvertibilní marka","few":"bosenské konvertibilní marky","many":"bosenské konvertibilní marky"},"symbol":"BAM","narrow":"KM"},"BAN":{"displayName":{"other":"bosenských nových dinárů (1994–1997)","one":"bosenský nový dinár (1994–1997)","few":"bosenské nové dináry (1994–1997)","many":"bosenského nového dináru (1994–1997)"},"symbol":"BAN","narrow":"BAN"},"BBD":{"displayName":{"other":"barbadoských dolarů","one":"barbadoský dolar","few":"barbadoské dolary","many":"barbadoského dolaru"},"symbol":"BBD","narrow":"$"},"BDT":{"displayName":{"other":"bangladéšských tak","one":"bangladéšská taka","few":"bangladéšské taky","many":"bangladéšské taky"},"symbol":"BDT","narrow":"৳"},"BEC":{"displayName":{"other":"belgických konvertibilních franků","one":"belgický konvertibilní frank","few":"belgické konvertibilní franky","many":"belgického konvertibilního franku"},"symbol":"BEC","narrow":"BEC"},"BEF":{"displayName":{"other":"belgických franků","one":"belgický frank","few":"belgické franky","many":"belgického franku"},"symbol":"BEF","narrow":"BEF"},"BEL":{"displayName":{"other":"belgických finančních franků","one":"belgický finanční frank","few":"belgické finanční franky","many":"belgického finančního franku"},"symbol":"BEL","narrow":"BEL"},"BGL":{"displayName":{"other":"bulharských tvrdých leva","one":"bulharský tvrdý leva","few":"bulharské tvrdé leva","many":"bulharského tvrdého leva"},"symbol":"BGL","narrow":"BGL"},"BGM":{"displayName":{"other":"bulharských socialistických leva","one":"bulharský socialistický leva","few":"bulharské socialistické leva","many":"bulharského socialistického leva"},"symbol":"BGM","narrow":"BGM"},"BGN":{"displayName":{"other":"bulharských leva","one":"bulharský leva","few":"bulharské leva","many":"bulharského leva"},"symbol":"BGN","narrow":"BGN"},"BGO":{"displayName":{"other":"bulharských leva (1879–1952)","one":"bulharský lev (1879–1952)","few":"bulharské leva (1879–1952)","many":"bulharského leva (1879–1952)"},"symbol":"BGO","narrow":"BGO"},"BHD":{"displayName":{"other":"bahrajnských dinárů","one":"bahrajnský dinár","few":"bahrajnské dináry","many":"bahrajnského dináru"},"symbol":"BHD","narrow":"BHD"},"BIF":{"displayName":{"other":"burundských franků","one":"burundský frank","few":"burundské franky","many":"burundského franku"},"symbol":"BIF","narrow":"BIF"},"BMD":{"displayName":{"other":"bermudských dolarů","one":"bermudský dolar","few":"bermudské dolary","many":"bermudského dolaru"},"symbol":"BMD","narrow":"$"},"BND":{"displayName":{"other":"brunejských dolarů","one":"brunejský dolar","few":"brunejské dolary","many":"brunejského dolaru"},"symbol":"BND","narrow":"$"},"BOB":{"displayName":{"other":"bolivijských bolivianos","one":"bolivijský boliviano","few":"bolivijské bolivianos","many":"bolivijského boliviana"},"symbol":"BOB","narrow":"Bs"},"BOL":{"displayName":{"other":"bolivijských bolivianos (1863–1963)","one":"bolivijský boliviano (1863–1963)","few":"bolivijské bolivianos (1863–1963)","many":"bolivijského boliviana (1863–1963)"},"symbol":"BOL","narrow":"BOL"},"BOP":{"displayName":{"other":"bolivijských pes","one":"bolivijské peso","few":"bolivijská pesa","many":"bolivijského pesa"},"symbol":"BOP","narrow":"BOP"},"BOV":{"displayName":{"other":"bolivijských mvdolů","one":"bolivijský mvdol","few":"bolivijské mvdoly","many":"bolivijského mvdolu"},"symbol":"BOV","narrow":"BOV"},"BRB":{"displayName":{"other":"brazilských nových cruzeir (1967–1986)","one":"brazilské nové cruzeiro (1967–1986)","few":"brazilská nová cruzeira (1967–1986)","many":"brazilského nového cruzeira (1967–1986)"},"symbol":"BRB","narrow":"BRB"},"BRC":{"displayName":{"other":"brazilských cruzad (1986–1989)","one":"brazilské cruzado (1986–1989)","few":"brazilská cruzada (1986–1989)","many":"brazilského cruzada (1986–1989)"},"symbol":"BRC","narrow":"BRC"},"BRE":{"displayName":{"other":"brazilských cruzeir (1990–1993)","one":"brazilské cruzeiro (1990–1993)","few":"brazilská cruzeira (1990–1993)","many":"brazilského cruzeira (1990–1993)"},"symbol":"BRE","narrow":"BRE"},"BRL":{"displayName":{"other":"brazilských realů","one":"brazilský real","few":"brazilské realy","many":"brazilského realu"},"symbol":"R$","narrow":"R$"},"BRN":{"displayName":{"other":"brazilských nových cruzad (1989–1990)","one":"brazilské nové cruzado (1989–1990)","few":"brazilská nová cruzada (1989–1990)","many":"brazilského nového cruzada (1989–1990)"},"symbol":"BRN","narrow":"BRN"},"BRR":{"displayName":{"other":"brazilských cruzeir (1993–1994)","one":"brazilské cruzeiro (1993–1994)","few":"brazilská cruzeira (1993–1994)","many":"brazilského cruzeira (1993–1994)"},"symbol":"BRR","narrow":"BRR"},"BRZ":{"displayName":{"other":"brazilských cruzeir (1942–1967)","one":"brazilské cruzeiro (1942–1967)","few":"brazilská cruzeira (1942–1967)","many":"brazilského cruzeira (1942–1967)"},"symbol":"BRZ","narrow":"BRZ"},"BSD":{"displayName":{"other":"bahamských dolarů","one":"bahamský dolar","few":"bahamské dolary","many":"bahamského dolaru"},"symbol":"BSD","narrow":"$"},"BTN":{"displayName":{"other":"bhútánských ngultrumů","one":"bhútánský ngultrum","few":"bhútánské ngultrumy","many":"bhútánského ngultrumu"},"symbol":"BTN","narrow":"BTN"},"BUK":{"displayName":{"other":"barmských kyatů","one":"barmský kyat","few":"barmské kyaty","many":"barmského kyatu"},"symbol":"BUK","narrow":"BUK"},"BWP":{"displayName":{"other":"botswanských pul","one":"botswanská pula","few":"botswanské puly","many":"botswanské puly"},"symbol":"BWP","narrow":"P"},"BYB":{"displayName":{"other":"běloruských rublů (1994–1999)","one":"běloruský rubl (1994–1999)","few":"běloruské rubly (1994–1999)","many":"běloruského rublu (1994–1999)"},"symbol":"BYB","narrow":"BYB"},"BYN":{"displayName":{"other":"běloruských rublů","one":"běloruský rubl","few":"běloruské rubly","many":"běloruského rublu"},"symbol":"BYN","narrow":"р."},"BYR":{"displayName":{"other":"běloruských rublů (2000–2016)","one":"běloruský rubl (2000–2016)","few":"běloruské rubly (2000–2016)","many":"běloruského rublu (2000–2016)"},"symbol":"BYR","narrow":"BYR"},"BZD":{"displayName":{"other":"belizských dolarů","one":"belizský dolar","few":"belizské dolary","many":"belizského dolaru"},"symbol":"BZD","narrow":"$"},"CAD":{"displayName":{"other":"kanadských dolarů","one":"kanadský dolar","few":"kanadské dolary","many":"kanadského dolaru"},"symbol":"CA$","narrow":"$"},"CDF":{"displayName":{"other":"konžských franků","one":"konžský frank","few":"konžské franky","many":"konžského franku"},"symbol":"CDF","narrow":"CDF"},"CHE":{"displayName":{"other":"švýcarských WIR-eur","one":"švýcarské WIR-euro","few":"švýcarská WIR-eura","many":"švýcarského WIR-eura"},"symbol":"CHE","narrow":"CHE"},"CHF":{"displayName":{"other":"švýcarských franků","one":"švýcarský frank","few":"švýcarské franky","many":"švýcarského franku"},"symbol":"CHF","narrow":"CHF"},"CHW":{"displayName":{"other":"švýcarských WIR-franků","one":"švýcarský WIR-frank","few":"švýcarské WIR-franky","many":"švýcarského WIR-franku"},"symbol":"CHW","narrow":"CHW"},"CLE":{"displayName":{"other":"chilských escud","one":"chilské escudo","few":"chilská escuda","many":"chilského escuda"},"symbol":"CLE","narrow":"CLE"},"CLF":{"displayName":{"other":"chilských účetních jednotek (UF)","one":"chilská účetní jednotka (UF)","few":"chilské účetní jednotky (UF)","many":"chilské účetní jednotky (UF)"},"symbol":"CLF","narrow":"CLF"},"CLP":{"displayName":{"other":"chilských pes","one":"chilské peso","few":"chilská pesa","many":"chilského pesa"},"symbol":"CLP","narrow":"$"},"CNH":{"displayName":{"other":"čínských jüanů (offshore)","one":"čínský jüan (offshore)","few":"čínské jüany (offshore)","many":"čínského jüanu (offshore)"},"symbol":"CNH","narrow":"CNH"},"CNX":{"displayName":{"other":"čínských dolarů ČLB","one":"čínský dolar ČLB","few":"čínské dolary ČLB","many":"čínského dolaru ČLB"},"symbol":"CNX","narrow":"CNX"},"CNY":{"displayName":{"other":"čínských jüanů","one":"čínský jüan","few":"čínské jüany","many":"čínského jüanu"},"symbol":"CN¥","narrow":"¥"},"COP":{"displayName":{"other":"kolumbijských pes","one":"kolumbijské peso","few":"kolumbijská pesa","many":"kolumbijského pesa"},"symbol":"COP","narrow":"$"},"COU":{"displayName":{"other":"kolumbijských jednotek reálné hodnoty","one":"kolumbijská jednotka reálné hodnoty","few":"kolumbijské jednotky reálné hodnoty","many":"kolumbijské jednotky reálné hodnoty"},"symbol":"COU","narrow":"COU"},"CRC":{"displayName":{"other":"kostarických colónů","one":"kostarický colón","few":"kostarické colóny","many":"kostarického colónu"},"symbol":"CRC","narrow":"₡"},"CSD":{"displayName":{"other":"srbských dinárů (2002–2006)","one":"srbský dinár (2002–2006)","few":"srbské dináry (2002–2006)","many":"srbského dináru (2002–2006)"},"symbol":"CSD","narrow":"CSD"},"CSK":{"displayName":{"other":"československých korun","one":"československá koruna","few":"československé koruny","many":"československé koruny"},"symbol":"Kčs","narrow":"Kčs"},"CUC":{"displayName":{"other":"kubánských konvertibilních pes","one":"kubánské konvertibilní peso","few":"kubánská konvertibilní pesa","many":"kubánského konvertibilního pesa"},"symbol":"CUC","narrow":"$"},"CUP":{"displayName":{"other":"kubánských pes","one":"kubánské peso","few":"kubánská pesa","many":"kubánského pesa"},"symbol":"CUP","narrow":"$"},"CVE":{"displayName":{"other":"kapverdských escud","one":"kapverdské escudo","few":"kapverdská escuda","many":"kapverdského escuda"},"symbol":"CVE","narrow":"CVE"},"CYP":{"displayName":{"other":"kyperských liber","one":"kyperská libra","few":"kyperské libry","many":"kyperské libry"},"symbol":"CYP","narrow":"CYP"},"CZK":{"displayName":{"other":"českých korun","one":"česká koruna","few":"české koruny","many":"české koruny"},"symbol":"Kč","narrow":"Kč"},"DDM":{"displayName":{"other":"východoněmeckých marek","one":"východoněmecká marka","few":"východoněmecké marky","many":"východoněmecké marky"},"symbol":"DDM","narrow":"DDM"},"DEM":{"displayName":{"other":"německých marek","one":"německá marka","few":"německé marky","many":"německé marky"},"symbol":"DEM","narrow":"DEM"},"DJF":{"displayName":{"other":"džibutských franků","one":"džibutský frank","few":"džibutské franky","many":"džibutského franku"},"symbol":"DJF","narrow":"DJF"},"DKK":{"displayName":{"other":"dánských korun","one":"dánská koruna","few":"dánské koruny","many":"dánské koruny"},"symbol":"DKK","narrow":"kr"},"DOP":{"displayName":{"other":"dominikánských pes","one":"dominikánské peso","few":"dominikánská pesa","many":"dominikánského pesa"},"symbol":"DOP","narrow":"$"},"DZD":{"displayName":{"other":"alžírských dinárů","one":"alžírský dinár","few":"alžírské dináry","many":"alžírského dináru"},"symbol":"DZD","narrow":"DZD"},"ECS":{"displayName":{"other":"ekvádorských sucre","one":"ekvádorský sucre","few":"ekvádorské sucre","many":"ekvádorského sucre"},"symbol":"ECS","narrow":"ECS"},"ECV":{"displayName":{"other":"ekvádorských jednotek konstantní hodnoty","one":"ekvádorská jednotka konstantní hodnoty","few":"ekvádorské jednotky konstantní hodnoty","many":"ekvádorské jednotky konstantní hodnoty"},"symbol":"ECV","narrow":"ECV"},"EEK":{"displayName":{"other":"estonských korun","one":"estonská koruna","few":"estonské koruny","many":"estonské koruny"},"symbol":"EEK","narrow":"EEK"},"EGP":{"displayName":{"other":"egyptských liber","one":"egyptská libra","few":"egyptské libry","many":"egyptské libry"},"symbol":"EGP","narrow":"E£"},"ERN":{"displayName":{"other":"eritrejských nakf","one":"eritrejská nakfa","few":"eritrejské nakfy","many":"eritrejské nakfy"},"symbol":"ERN","narrow":"ERN"},"ESA":{"displayName":{"other":"španělských peset („A“ účet)","one":"španělská peseta („A“ účet)","few":"španělské pesety („A“ účet)","many":"španělské pesety („A“ účet)"},"symbol":"ESA","narrow":"ESA"},"ESB":{"displayName":{"other":"španělských peset (konvertibilní účet)","one":"španělská peseta (konvertibilní účet)","few":"španělské pesety (konvertibilní účet)","many":"španělské pesety (konvertibilní účet)"},"symbol":"ESB","narrow":"ESB"},"ESP":{"displayName":{"other":"španělských peset","one":"španělská peseta","few":"španělské pesety","many":"španělské pesety"},"symbol":"ESP","narrow":"₧"},"ETB":{"displayName":{"other":"etiopských birrů","one":"etiopský birr","few":"etiopské birry","many":"etiopského birru"},"symbol":"ETB","narrow":"ETB"},"EUR":{"displayName":{"other":"eur","one":"euro","few":"eura","many":"eura"},"symbol":"€","narrow":"€"},"FIM":{"displayName":{"other":"finských marek","one":"finská marka","few":"finské marky","many":"finské marky"},"symbol":"FIM","narrow":"FIM"},"FJD":{"displayName":{"other":"fidžijských dolarů","one":"fidžijský dolar","few":"fidžijské dolary","many":"fidžijského dolaru"},"symbol":"FJD","narrow":"$"},"FKP":{"displayName":{"other":"falklandských liber","one":"falklandská libra","few":"falklandské libry","many":"falklandské libry"},"symbol":"FKP","narrow":"£"},"FRF":{"displayName":{"other":"francouzských franků","one":"francouzský frank","few":"francouzské franky","many":"francouzského franku"},"symbol":"FRF","narrow":"FRF"},"GBP":{"displayName":{"other":"britských liber","one":"britská libra","few":"britské libry","many":"britské libry"},"symbol":"£","narrow":"£"},"GEK":{"displayName":{"other":"gruzínských kuponových lari","one":"gruzínské kuponové lari","few":"gruzínské kuponové lari","many":"gruzínského kuponového lari"},"symbol":"GEK","narrow":"GEK"},"GEL":{"displayName":{"other":"gruzínských lari","one":"gruzínské lari","few":"gruzínské lari","many":"gruzínského lari"},"symbol":"GEL","narrow":"₾"},"GHC":{"displayName":{"other":"ghanských cedi (1979–2007)","one":"ghanský cedi (1979–2007)","few":"ghanské cedi (1979–2007)","many":"ghanského cedi (1979–2007)"},"symbol":"GHC","narrow":"GHC"},"GHS":{"displayName":{"other":"ghanských cedi","one":"ghanský cedi","few":"ghanské cedi","many":"ghanského cedi"},"symbol":"GHS","narrow":"GH₵"},"GIP":{"displayName":{"other":"gibraltarských liber","one":"gibraltarská libra","few":"gibraltarské libry","many":"gibraltarské libry"},"symbol":"GIP","narrow":"£"},"GMD":{"displayName":{"other":"gambijských dalasi","one":"gambijský dalasi","few":"gambijské dalasi","many":"gambijského dalasi"},"symbol":"GMD","narrow":"GMD"},"GNF":{"displayName":{"other":"guinejských franků","one":"guinejský frank","few":"guinejské franky","many":"guinejského franku"},"symbol":"GNF","narrow":"FG"},"GNS":{"displayName":{"other":"guinejských syli","one":"guinejský syli","few":"guinejské syli","many":"guinejského syli"},"symbol":"GNS","narrow":"GNS"},"GQE":{"displayName":{"other":"rovníkovoguinejských ekwele","one":"rovníkovoguinejský ekwele","few":"rovníkovoguinejské ekwele","many":"rovníkovoguinejského ekwele"},"symbol":"GQE","narrow":"GQE"},"GRD":{"displayName":{"other":"řeckých drachem","one":"řecká drachma","few":"řecké drachmy","many":"řecké drachmy"},"symbol":"GRD","narrow":"GRD"},"GTQ":{"displayName":{"other":"guatemalských quetzalů","one":"guatemalský quetzal","few":"guatemalské quetzaly","many":"guatemalského quetzalu"},"symbol":"GTQ","narrow":"Q"},"GWE":{"displayName":{"other":"portugalskoguinejských escud","one":"portugalskoguinejské escudo","few":"portugalskoguinejská escuda","many":"portugalskoguinejského escuda"},"symbol":"GWE","narrow":"GWE"},"GWP":{"displayName":{"other":"guinejsko-bissauských pes","one":"guinejsko-bissauské peso","few":"guinejsko-bissauská pesa","many":"guinejsko-bissauského pesa"},"symbol":"GWP","narrow":"GWP"},"GYD":{"displayName":{"other":"guyanských dolarů","one":"guyanský dolar","few":"guyanské dolary","many":"guyanského dolaru"},"symbol":"GYD","narrow":"$"},"HKD":{"displayName":{"other":"hongkongských dolarů","one":"hongkongský dolar","few":"hongkongské dolary","many":"hongkongského dolaru"},"symbol":"HK$","narrow":"$"},"HNL":{"displayName":{"other":"honduraských lempir","one":"honduraská lempira","few":"honduraské lempiry","many":"honduraské lempiry"},"symbol":"HNL","narrow":"L"},"HRD":{"displayName":{"other":"chorvatských dinárů","one":"chorvatský dinár","few":"chorvatské dináry","many":"chorvatského dináru"},"symbol":"HRD","narrow":"HRD"},"HRK":{"displayName":{"other":"chorvatských kun","one":"chorvatská kuna","few":"chorvatské kuny","many":"chorvatské kuny"},"symbol":"HRK","narrow":"kn"},"HTG":{"displayName":{"other":"haitských gourde","one":"haitský gourde","few":"haitské gourde","many":"haitského gourde"},"symbol":"HTG","narrow":"HTG"},"HUF":{"displayName":{"other":"maďarských forintů","one":"maďarský forint","few":"maďarské forinty","many":"maďarského forintu"},"symbol":"HUF","narrow":"Ft"},"IDR":{"displayName":{"other":"indonéských rupií","one":"indonéská rupie","few":"indonéské rupie","many":"indonéské rupie"},"symbol":"IDR","narrow":"Rp"},"IEP":{"displayName":{"other":"irských liber","one":"irská libra","few":"irské libry","many":"irské libry"},"symbol":"IEP","narrow":"IEP"},"ILP":{"displayName":{"other":"izraelských liber","one":"izraelská libra","few":"izraelské libry","many":"izraelské libry"},"symbol":"ILP","narrow":"ILP"},"ILR":{"displayName":{"other":"izraelských šekelů (1980–1985)","one":"izraelský šekel (1980–1985)","few":"izraelské šekely (1980–1985)","many":"izraelského šekelu (1980–1985)"},"symbol":"ILR","narrow":"ILR"},"ILS":{"displayName":{"other":"izraelských nových šekelů","one":"izraelský nový šekel","few":"izraelské nové šekely","many":"izraelského nového šekelu"},"symbol":"ILS","narrow":"₪"},"INR":{"displayName":{"other":"indických rupií","one":"indická rupie","few":"indické rupie","many":"indické rupie"},"symbol":"INR","narrow":"₹"},"IQD":{"displayName":{"other":"iráckých dinárů","one":"irácký dinár","few":"irácké dináry","many":"iráckého dináru"},"symbol":"IQD","narrow":"IQD"},"IRR":{"displayName":{"other":"íránských rijálů","one":"íránský rijál","few":"íránské rijály","many":"íránského rijálu"},"symbol":"IRR","narrow":"IRR"},"ISJ":{"displayName":{"other":"islandských korun (1918–1981)","one":"islandská koruna (1918–1981)","few":"islandské koruny (1918–1981)","many":"islandské koruny (1918–1981)"},"symbol":"ISJ","narrow":"ISJ"},"ISK":{"displayName":{"other":"islandských korun","one":"islandská koruna","few":"islandské koruny","many":"islandské koruny"},"symbol":"ISK","narrow":"kr"},"ITL":{"displayName":{"other":"italských lir","one":"italská lira","few":"italské liry","many":"italské liry"},"symbol":"ITL","narrow":"ITL"},"JMD":{"displayName":{"other":"jamajských dolarů","one":"jamajský dolar","few":"jamajské dolary","many":"jamajského dolaru"},"symbol":"JMD","narrow":"$"},"JOD":{"displayName":{"other":"jordánských dinárů","one":"jordánský dinár","few":"jordánské dináry","many":"jordánského dináru"},"symbol":"JOD","narrow":"JOD"},"JPY":{"displayName":{"other":"japonských jenů","one":"japonský jen","few":"japonské jeny","many":"japonského jenu"},"symbol":"JP¥","narrow":"¥"},"KES":{"displayName":{"other":"keňských šilinků","one":"keňský šilink","few":"keňské šilinky","many":"keňského šilinku"},"symbol":"KES","narrow":"KES"},"KGS":{"displayName":{"other":"kyrgyzských somů","one":"kyrgyzský som","few":"kyrgyzské somy","many":"kyrgyzského somu"},"symbol":"KGS","narrow":"KGS"},"KHR":{"displayName":{"other":"kambodžských rielů","one":"kambodžský riel","few":"kambodžské riely","many":"kambodžského rielu"},"symbol":"KHR","narrow":"៛"},"KMF":{"displayName":{"other":"komorských franků","one":"komorský frank","few":"komorské franky","many":"komorského franku"},"symbol":"KMF","narrow":"CF"},"KPW":{"displayName":{"other":"severokorejských wonů","one":"severokorejský won","few":"severokorejské wony","many":"severokorejského wonu"},"symbol":"KPW","narrow":"₩"},"KRH":{"displayName":{"other":"jihokorejských hwanů (1953–1962)","one":"jihokorejský hwan (1953–1962)","few":"jihokorejské hwany (1953–1962)","many":"jihokorejského hwanu (1953–1962)"},"symbol":"KRH","narrow":"KRH"},"KRO":{"displayName":{"other":"jihokorejských wonů (1945–1953)","one":"jihokorejský won (1945–1953)","few":"jihokorejské wony (1945–1953)","many":"jihokorejského wonu (1945–1953)"},"symbol":"KRO","narrow":"KRO"},"KRW":{"displayName":{"other":"jihokorejských wonů","one":"jihokorejský won","few":"jihokorejské wony","many":"jihokorejského wonu"},"symbol":"₩","narrow":"₩"},"KWD":{"displayName":{"other":"kuvajtských dinárů","one":"kuvajtský dinár","few":"kuvajtské dináry","many":"kuvajtského dináru"},"symbol":"KWD","narrow":"KWD"},"KYD":{"displayName":{"other":"kajmanských dolarů","one":"kajmanský dolar","few":"kajmanské dolary","many":"kajmanského dolaru"},"symbol":"KYD","narrow":"$"},"KZT":{"displayName":{"other":"kazašských tenge","one":"kazašské tenge","few":"kazašské tenge","many":"kazašského tenge"},"symbol":"KZT","narrow":"₸"},"LAK":{"displayName":{"other":"laoských kipů","one":"laoský kip","few":"laoské kipy","many":"laoského kipu"},"symbol":"LAK","narrow":"₭"},"LBP":{"displayName":{"other":"libanonských liber","one":"libanonská libra","few":"libanonské libry","many":"libanonské libry"},"symbol":"LBP","narrow":"L£"},"LKR":{"displayName":{"other":"srílanských rupií","one":"srílanská rupie","few":"srílanské rupie","many":"srílanské rupie"},"symbol":"LKR","narrow":"Rs"},"LRD":{"displayName":{"other":"liberijských dolarů","one":"liberijský dolar","few":"liberijské dolary","many":"liberijského dolaru"},"symbol":"LRD","narrow":"$"},"LSL":{"displayName":{"other":"lesothských maloti","one":"lesothský loti","few":"lesothské maloti","many":"lesothského loti"},"symbol":"LSL","narrow":"LSL"},"LTL":{"displayName":{"other":"litevských litů","one":"litevský litas","few":"litevské lity","many":"litevského litu"},"symbol":"LTL","narrow":"Lt"},"LTT":{"displayName":{"other":"litevských talonů","one":"litevský talonas","few":"litevské talony","many":"litevského talonu"},"symbol":"LTT","narrow":"LTT"},"LUC":{"displayName":{"other":"lucemburských konvertibilních franků","one":"lucemburský konvertibilní frank","few":"lucemburské konvertibilní franky","many":"lucemburského konvertibilního franku"},"symbol":"LUC","narrow":"LUC"},"LUF":{"displayName":{"other":"lucemburských franků","one":"lucemburský frank","few":"lucemburské franky","many":"lucemburského franku"},"symbol":"LUF","narrow":"LUF"},"LUL":{"displayName":{"other":"lucemburských finančních franků","one":"lucemburský finanční frank","few":"lucemburské finanční franky","many":"lucemburského finančního franku"},"symbol":"LUL","narrow":"LUL"},"LVL":{"displayName":{"other":"lotyšských latů","one":"lotyšský lat","few":"lotyšské laty","many":"lotyšského latu"},"symbol":"LVL","narrow":"Ls"},"LVR":{"displayName":{"other":"lotyšských rublů","one":"lotyšský rubl","few":"lotyšské rubly","many":"lotyšského rublu"},"symbol":"LVR","narrow":"LVR"},"LYD":{"displayName":{"other":"libyjských dinárů","one":"libyjský dinár","few":"libyjské dináry","many":"libyjského dináru"},"symbol":"LYD","narrow":"LYD"},"MAD":{"displayName":{"other":"marockých dinárů","one":"marocký dinár","few":"marocké dináry","many":"marockého dináru"},"symbol":"MAD","narrow":"MAD"},"MAF":{"displayName":{"other":"marockých franků","one":"marocký frank","few":"marocké franky","many":"marockého franku"},"symbol":"MAF","narrow":"MAF"},"MCF":{"displayName":{"other":"monackých franků","one":"monacký frank","few":"monacké franky","many":"monackého franku"},"symbol":"MCF","narrow":"MCF"},"MDC":{"displayName":{"other":"moldavských kuponů","one":"moldavský kupon","few":"moldavské kupony","many":"moldavského kuponu"},"symbol":"MDC","narrow":"MDC"},"MDL":{"displayName":{"other":"moldavských lei","one":"moldavský leu","few":"moldavské lei","many":"moldavského leu"},"symbol":"MDL","narrow":"MDL"},"MGA":{"displayName":{"other":"madagaskarských ariary","one":"madagaskarský ariary","few":"madagaskarské ariary","many":"madagaskarského ariary"},"symbol":"MGA","narrow":"Ar"},"MGF":{"displayName":{"other":"madagaskarských franků","one":"madagaskarský frank","few":"madagaskarské franky","many":"madagaskarského franku"},"symbol":"MGF","narrow":"MGF"},"MKD":{"displayName":{"other":"makedonských denárů","one":"makedonský denár","few":"makedonské denáry","many":"makedonského denáru"},"symbol":"MKD","narrow":"MKD"},"MKN":{"displayName":{"other":"makedonských denárů (1992–1993)","one":"makedonský denár (1992–1993)","few":"makedonské denáry (1992–1993)","many":"makedonského denáru (1992–1993)"},"symbol":"MKN","narrow":"MKN"},"MLF":{"displayName":{"other":"malijských franků","one":"malijský frank","few":"malijské franky","many":"malijského franku"},"symbol":"MLF","narrow":"MLF"},"MMK":{"displayName":{"other":"myanmarských kyatů","one":"myanmarský kyat","few":"myanmarské kyaty","many":"myanmarského kyatu"},"symbol":"MMK","narrow":"K"},"MNT":{"displayName":{"other":"mongolských tugriků","one":"mongolský tugrik","few":"mongolské tugriky","many":"mongolského tugriku"},"symbol":"MNT","narrow":"₮"},"MOP":{"displayName":{"other":"macajských patac","one":"macajská pataca","few":"macajské patacy","many":"macajské patacy"},"symbol":"MOP","narrow":"MOP"},"MRO":{"displayName":{"other":"mauritánských ouguiyí (1973–2017)","one":"mauritánská ouguiya (1973–2017)","few":"mauritánské ouguiye (1973–2017)","many":"mauritánské ouguiye (1973–2017)"},"symbol":"MRO","narrow":"MRO"},"MRU":{"displayName":{"other":"mauritánských ouguiyí","one":"mauritánská ouguiya","few":"mauritánské ouguiye","many":"mauritánské ouguiye"},"symbol":"MRU","narrow":"MRU"},"MTL":{"displayName":{"other":"maltských lir","one":"maltská lira","few":"maltské liry","many":"maltské liry"},"symbol":"MTL","narrow":"MTL"},"MTP":{"displayName":{"other":"maltských liber","one":"maltská libra","few":"maltské libry","many":"maltské libry"},"symbol":"MTP","narrow":"MTP"},"MUR":{"displayName":{"other":"mauricijských rupií","one":"mauricijská rupie","few":"mauricijské rupie","many":"mauricijské rupie"},"symbol":"MUR","narrow":"Rs"},"MVP":{"displayName":{"other":"maledivských rupií (1947–1981)","one":"maledivská rupie (1947–1981)","few":"maledivské rupie (1947–1981)","many":"maledivské rupie (1947–1981)"},"symbol":"MVP","narrow":"MVP"},"MVR":{"displayName":{"other":"maledivských rupií","one":"maledivská rupie","few":"maledivské rupie","many":"maledivské rupie"},"symbol":"MVR","narrow":"MVR"},"MWK":{"displayName":{"other":"malawijských kwach","one":"malawijská kwacha","few":"malawijské kwachy","many":"malawijské kwachy"},"symbol":"MWK","narrow":"MWK"},"MXN":{"displayName":{"other":"mexických pes","one":"mexické peso","few":"mexická pesa","many":"mexického pesa"},"symbol":"MX$","narrow":"$"},"MXP":{"displayName":{"other":"mexických stříbrných pes (1861–1992)","one":"mexické stříbrné peso (1861–1992)","few":"mexická stříbrná pesa (1861–1992)","many":"mexického stříbrného pesa (1861–1992)"},"symbol":"MXP","narrow":"MXP"},"MXV":{"displayName":{"other":"mexických investičních jednotek","one":"mexická investiční jednotka","few":"mexické investiční jednotky","many":"mexické investiční jednotky"},"symbol":"MXV","narrow":"MXV"},"MYR":{"displayName":{"other":"malajsijských ringgitů","one":"malajsijský ringgit","few":"malajsijské ringgity","many":"malajsijského ringgitu"},"symbol":"MYR","narrow":"RM"},"MZE":{"displayName":{"other":"mosambických escud","one":"mosambický escudo","few":"mosambická escuda","many":"mosambického escuda"},"symbol":"MZE","narrow":"MZE"},"MZM":{"displayName":{"other":"mosambických meticalů (1980–2006)","one":"mosambický metical (1980–2006)","few":"mosambické meticaly (1980–2006)","many":"mosambického meticalu (1980–2006)"},"symbol":"MZM","narrow":"MZM"},"MZN":{"displayName":{"other":"mozambických meticalů","one":"mozambický metical","few":"mozambické meticaly","many":"mozambického meticalu"},"symbol":"MZN","narrow":"MZN"},"NAD":{"displayName":{"other":"namibijských dolarů","one":"namibijský dolar","few":"namibijské dolary","many":"namibijského dolaru"},"symbol":"NAD","narrow":"$"},"NGN":{"displayName":{"other":"nigerijských nair","one":"nigerijská naira","few":"nigerijské nairy","many":"nigerijské nairy"},"symbol":"NGN","narrow":"₦"},"NIC":{"displayName":{"other":"nikaragujských córdob (1988–1991)","one":"nikaragujská córdoba (1988–1991)","few":"nikaragujské córdoby (1988–1991)","many":"nikaragujské córdoby (1988–1991)"},"symbol":"NIC","narrow":"NIC"},"NIO":{"displayName":{"other":"nikaragujských córdob","one":"nikaragujská córdoba","few":"nikaragujské córdoby","many":"nikaragujské córdoby"},"symbol":"NIO","narrow":"C$"},"NLG":{"displayName":{"other":"nizozemských guldenů","one":"nizozemský gulden","few":"nizozemské guldeny","many":"nizozemského guldenu"},"symbol":"NLG","narrow":"NLG"},"NOK":{"displayName":{"other":"norských korun","one":"norská koruna","few":"norské koruny","many":"norské koruny"},"symbol":"NOK","narrow":"kr"},"NPR":{"displayName":{"other":"nepálských rupií","one":"nepálská rupie","few":"nepálské rupie","many":"nepálské rupie"},"symbol":"NPR","narrow":"Rs"},"NZD":{"displayName":{"other":"novozélandských dolarů","one":"novozélandský dolar","few":"novozélandské dolary","many":"novozélandského dolaru"},"symbol":"NZ$","narrow":"$"},"OMR":{"displayName":{"other":"ománských rijálů","one":"ománský rijál","few":"ománské rijály","many":"ománského rijálu"},"symbol":"OMR","narrow":"OMR"},"PAB":{"displayName":{"other":"panamských balboí","one":"panamská balboa","few":"panamské balboy","many":"panamské balboy"},"symbol":"PAB","narrow":"PAB"},"PEI":{"displayName":{"other":"peruánských inti","one":"peruánská inti","few":"peruánské inti","many":"peruánské inti"},"symbol":"PEI","narrow":"PEI"},"PEN":{"displayName":{"other":"peruánských solů","one":"peruánský sol","few":"peruánské soly","many":"peruánského solu"},"symbol":"PEN","narrow":"PEN"},"PES":{"displayName":{"other":"peruánských solů (1863–1965)","one":"peruánský sol (1863–1965)","few":"peruánské soly (1863–1965)","many":"peruánského solu (1863–1965)"},"symbol":"PES","narrow":"PES"},"PGK":{"displayName":{"other":"papuánských nových kin","one":"papuánská nová kina","few":"papuánské nové kiny","many":"papuánské nové kiny"},"symbol":"PGK","narrow":"PGK"},"PHP":{"displayName":{"other":"filipínských pes","one":"filipínské peso","few":"filipínská pesa","many":"filipínského pesa"},"symbol":"PHP","narrow":"₱"},"PKR":{"displayName":{"other":"pákistánských rupií","one":"pákistánská rupie","few":"pákistánské rupie","many":"pákistánské rupie"},"symbol":"PKR","narrow":"Rs"},"PLN":{"displayName":{"other":"polských zlotých","one":"polský zlotý","few":"polské zloté","many":"polského zlotého"},"symbol":"PLN","narrow":"zł"},"PLZ":{"displayName":{"other":"polských zlotých (1950–1995)","one":"polský zlotý (1950–1995)","few":"polské zloté (1950–1995)","many":"polského zlotého (1950–1995)"},"symbol":"PLZ","narrow":"PLZ"},"PTE":{"displayName":{"other":"portugalských escud","one":"portugalské escudo","few":"portugalská escuda","many":"portugalského escuda"},"symbol":"PTE","narrow":"PTE"},"PYG":{"displayName":{"other":"paraguajských guarani","one":"paraguajské guarani","few":"paraguajská guarani","many":"paraguajského guarani"},"symbol":"PYG","narrow":"₲"},"QAR":{"displayName":{"other":"katarských rijálů","one":"katarský rijál","few":"katarské rijály","many":"katarského rijálu"},"symbol":"QAR","narrow":"QAR"},"RHD":{"displayName":{"other":"rhodéských dolarů","one":"rhodéský dolar","few":"rhodéské dolary","many":"rhodéského dolaru"},"symbol":"RHD","narrow":"RHD"},"ROL":{"displayName":{"other":"rumunských lei (1952–2006)","one":"rumunské leu (1952–2006)","few":"rumunské lei (1952–2006)","many":"rumunského leu (1952–2006)"},"symbol":"ROL","narrow":"ROL"},"RON":{"displayName":{"other":"rumunských lei","one":"rumunský leu","few":"rumunské lei","many":"rumunského leu"},"symbol":"RON","narrow":"L"},"RSD":{"displayName":{"other":"srbských dinárů","one":"srbský dinár","few":"srbské dináry","many":"srbského dináru"},"symbol":"RSD","narrow":"RSD"},"RUB":{"displayName":{"other":"ruských rublů","one":"ruský rubl","few":"ruské rubly","many":"ruského rublu"},"symbol":"RUB","narrow":"₽"},"RUR":{"displayName":{"other":"ruských rublů (1991–1998)","one":"ruský rubl (1991–1998)","few":"ruské rubly (1991–1998)","many":"ruského rublu (1991–1998)"},"symbol":"RUR","narrow":"р."},"RWF":{"displayName":{"other":"rwandských franků","one":"rwandský frank","few":"rwandské franky","many":"rwandského franku"},"symbol":"RWF","narrow":"RF"},"SAR":{"displayName":{"other":"saúdských rijálů","one":"saúdský rijál","few":"saúdské rijály","many":"saúdského rijálu"},"symbol":"SAR","narrow":"SAR"},"SBD":{"displayName":{"other":"šalamounských dolarů","one":"šalamounský dolar","few":"šalamounské dolary","many":"šalamounského dolaru"},"symbol":"SBD","narrow":"$"},"SCR":{"displayName":{"other":"seychelských rupií","one":"seychelská rupie","few":"seychelské rupie","many":"seychelské rupie"},"symbol":"SCR","narrow":"SCR"},"SDD":{"displayName":{"other":"súdánských dinárů (1992–2007)","one":"súdánský dinár (1992–2007)","few":"súdánské dináry (1992–2007)","many":"súdánského dináru (1992–2007)"},"symbol":"SDD","narrow":"SDD"},"SDG":{"displayName":{"other":"súdánských liber","one":"súdánská libra","few":"súdánské libry","many":"súdánské libry"},"symbol":"SDG","narrow":"SDG"},"SDP":{"displayName":{"other":"súdánských liber (1957–1998)","one":"súdánská libra (1957–1998)","few":"súdánské libry (1957–1998)","many":"súdánské libry (1957–1998)"},"symbol":"SDP","narrow":"SDP"},"SEK":{"displayName":{"other":"švédských korun","one":"švédská koruna","few":"švédské koruny","many":"švédské koruny"},"symbol":"SEK","narrow":"kr"},"SGD":{"displayName":{"other":"singapurských dolarů","one":"singapurský dolar","few":"singapurské dolary","many":"singapurského dolaru"},"symbol":"SGD","narrow":"$"},"SHP":{"displayName":{"other":"svatohelenských liber","one":"svatohelenská libra","few":"svatohelenské libry","many":"svatohelenské libry"},"symbol":"SHP","narrow":"£"},"SIT":{"displayName":{"other":"slovinských tolarů","one":"slovinský tolar","few":"slovinské tolary","many":"slovinského tolaru"},"symbol":"SIT","narrow":"SIT"},"SKK":{"displayName":{"other":"slovenských korun","one":"slovenská koruna","few":"slovenské koruny","many":"slovenské koruny"},"symbol":"SKK","narrow":"SKK"},"SLL":{"displayName":{"other":"sierro-leonských leone","one":"sierro-leonský leone","few":"sierro-leonské leone","many":"sierro-leonského leone"},"symbol":"SLL","narrow":"SLL"},"SOS":{"displayName":{"other":"somálských šilinků","one":"somálský šilink","few":"somálské šilinky","many":"somálského šilinku"},"symbol":"SOS","narrow":"SOS"},"SRD":{"displayName":{"other":"surinamských dolarů","one":"surinamský dolar","few":"surinamské dolary","many":"surinamského dolaru"},"symbol":"SRD","narrow":"$"},"SRG":{"displayName":{"other":"surinamských zlatých","one":"surinamský zlatý","few":"surinamské zlaté","many":"surinamského zlatého"},"symbol":"SRG","narrow":"SRG"},"SSP":{"displayName":{"other":"jihosúdánských liber","one":"jihosúdánská libra","few":"jihosúdánské libry","many":"jihosúdánské libry"},"symbol":"SSP","narrow":"£"},"STD":{"displayName":{"other":"svatotomášských dober (1977–2017)","one":"svatotomášská dobra (1977–2017)","few":"svatotomášské dobry (1977–2017)","many":"svatotomášské dobry (1977–2017)"},"symbol":"STD","narrow":"STD"},"STN":{"displayName":{"other":"svatotomášských dober","one":"svatotomášská dobra","few":"svatotomášské dobry","many":"svatotomášské dobry"},"symbol":"STN","narrow":"Db"},"SUR":{"displayName":{"other":"sovětských rublů","one":"sovětský rubl","few":"sovětské rubly","many":"sovětského rublu"},"symbol":"SUR","narrow":"SUR"},"SVC":{"displayName":{"other":"salvadorských colónů","one":"salvadorský colón","few":"salvadorské colóny","many":"salvadorského colónu"},"symbol":"SVC","narrow":"SVC"},"SYP":{"displayName":{"other":"syrských liber","one":"syrská libra","few":"syrské libry","many":"syrské libry"},"symbol":"SYP","narrow":"£"},"SZL":{"displayName":{"other":"svazijských emalangeni","one":"svazijský lilangeni","few":"svazijské emalangeni","many":"svazijského lilangeni"},"symbol":"SZL","narrow":"SZL"},"THB":{"displayName":{"other":"thajských bahtů","one":"thajský baht","few":"thajské bahty","many":"thajského bahtu"},"symbol":"THB","narrow":"฿"},"TJR":{"displayName":{"other":"tádžických rublů","one":"tádžický rubl","few":"tádžické rubly","many":"tádžického rublu"},"symbol":"TJR","narrow":"TJR"},"TJS":{"displayName":{"other":"tádžických somoni","one":"tádžické somoni","few":"tádžická somoni","many":"tádžického somoni"},"symbol":"TJS","narrow":"TJS"},"TMM":{"displayName":{"other":"turkmenských manatů (1993–2009)","one":"turkmenský manat (1993–2009)","few":"turkmenské manaty (1993–2009)","many":"turkmenského manatu (1993–2009)"},"symbol":"TMM","narrow":"TMM"},"TMT":{"displayName":{"other":"turkmenských manatů","one":"turkmenský manat","few":"turkmenské manaty","many":"turkmenského manatu"},"symbol":"TMT","narrow":"TMT"},"TND":{"displayName":{"other":"tuniských dinárů","one":"tuniský dinár","few":"tuniské dináry","many":"tuniského dináru"},"symbol":"TND","narrow":"TND"},"TOP":{"displayName":{"other":"tonžských paang","one":"tonžská paanga","few":"tonžské paangy","many":"tonžské paangy"},"symbol":"TOP","narrow":"T$"},"TPE":{"displayName":{"other":"timorských escud","one":"timorské escudo","few":"timorská escuda","many":"timorského escuda"},"symbol":"TPE","narrow":"TPE"},"TRL":{"displayName":{"other":"tureckých lir (1922–2005)","one":"turecká lira (1922–2005)","few":"turecké liry (1922–2005)","many":"turecké liry (1922–2005)"},"symbol":"TRL","narrow":"TRL"},"TRY":{"displayName":{"other":"tureckých lir","one":"turecká lira","few":"turecké liry","many":"turecké liry"},"symbol":"TRY","narrow":"₺"},"TTD":{"displayName":{"other":"trinidadských dolarů","one":"trinidadský dolar","few":"trinidadské dolary","many":"trinidadského dolaru"},"symbol":"TTD","narrow":"$"},"TWD":{"displayName":{"other":"tchajwanských dolarů","one":"tchajwanský dolar","few":"tchajwanské dolary","many":"tchajwanského dolaru"},"symbol":"NT$","narrow":"NT$"},"TZS":{"displayName":{"other":"tanzanských šilinků","one":"tanzanský šilink","few":"tanzanské šilinky","many":"tanzanského šilinku"},"symbol":"TZS","narrow":"TZS"},"UAH":{"displayName":{"other":"ukrajinských hřiven","one":"ukrajinská hřivna","few":"ukrajinské hřivny","many":"ukrajinské hřivny"},"symbol":"UAH","narrow":"₴"},"UAK":{"displayName":{"other":"ukrajinských karbovanců","one":"ukrajinský karbovanec","few":"ukrajinské karbovance","many":"ukrajinského karbovance"},"symbol":"UAK","narrow":"UAK"},"UGS":{"displayName":{"other":"ugandských šilinků (1966–1987)","one":"ugandský šilink (1966–1987)","few":"ugandské šilinky (1966–1987)","many":"ugandského šilinku (1966–1987)"},"symbol":"UGS","narrow":"UGS"},"UGX":{"displayName":{"other":"ugandských šilinků","one":"ugandský šilink","few":"ugandské šilinky","many":"ugandského šilinku"},"symbol":"UGX","narrow":"UGX"},"USD":{"displayName":{"other":"amerických dolarů","one":"americký dolar","few":"americké dolary","many":"amerického dolaru"},"symbol":"US$","narrow":"$"},"USN":{"displayName":{"other":"amerických dolarů (příští den)","one":"americký dolar (příští den)","few":"americké dolary (příští den)","many":"amerického dolaru (příští den)"},"symbol":"USN","narrow":"USN"},"USS":{"displayName":{"other":"amerických dolarů (týž den)","one":"americký dolar (týž den)","few":"americké dolary (týž den)","many":"amerického dolaru (týž den)"},"symbol":"USS","narrow":"USS"},"UYI":{"displayName":{"other":"uruguayských pes (v indexovaných jednotkách)","one":"uruguayské peso (v indexovaných jednotkách)","few":"uruguayská pesa (v indexovaných jednotkách)","many":"uruguayského pesa (v indexovaných jednotkách)"},"symbol":"UYI","narrow":"UYI"},"UYP":{"displayName":{"other":"uruguayských pes (1975–1993)","one":"uruguayské peso (1975–1993)","few":"uruguayská pesa (1975–1993)","many":"uruguayského pesa (1975–1993)"},"symbol":"UYP","narrow":"UYP"},"UYU":{"displayName":{"other":"uruguayských pes","one":"uruguayské peso","few":"uruguayská pesa","many":"uruguayského pesa"},"symbol":"UYU","narrow":"$"},"UYW":{"displayName":{"other":"UYW"},"symbol":"UYW","narrow":"UYW"},"UZS":{"displayName":{"other":"uzbeckých sumů","one":"uzbecký sum","few":"uzbecké sumy","many":"uzbeckého sumu"},"symbol":"UZS","narrow":"UZS"},"VEB":{"displayName":{"other":"venezuelských bolívarů (1871–2008)","one":"venezuelský bolívar (1871–2008)","few":"venezuelské bolívary (1871–2008)","many":"venezuelského bolívaru (1871–2008)"},"symbol":"VEB","narrow":"VEB"},"VEF":{"displayName":{"other":"venezuelských bolívarů (2008–2018)","one":"venezuelský bolívar (2008–2018)","few":"venezuelské bolívary (2008–2018)","many":"venezuelského bolívaru (2008–2018)"},"symbol":"VEF","narrow":"Bs"},"VES":{"displayName":{"other":"venezuelských bolívarů","one":"venezuelský bolívar","few":"venezuelské bolívary","many":"venezuelského bolívaru"},"symbol":"VES","narrow":"VES"},"VND":{"displayName":{"other":"vietnamských dongů","one":"vietnamský dong","few":"vietnamské dongy","many":"vietnamského dongu"},"symbol":"VND","narrow":"₫"},"VNN":{"displayName":{"other":"vietnamských dongů (1978–1985)","one":"vietnamský dong (1978–1985)","few":"vietnamské dongy (1978–1985)","many":"vietnamského dongu (1978–1985)"},"symbol":"VNN","narrow":"VNN"},"VUV":{"displayName":{"other":"vanuatských vatu","one":"vanuatský vatu","few":"vanuatské vatu","many":"vanuatského vatu"},"symbol":"VUV","narrow":"VUV"},"WST":{"displayName":{"other":"samojských tal","one":"samojská tala","few":"samojské taly","many":"samojské taly"},"symbol":"WST","narrow":"WST"},"XAF":{"displayName":{"other":"CFA/BEAC franků","one":"CFA/BEAC frank","few":"CFA/BEAC franky","many":"CFA/BEAC franku"},"symbol":"FCFA","narrow":"FCFA"},"XAG":{"displayName":{"other":"trojských uncí stříbra","one":"trojská unce stříbra","few":"trojské unce stříbra","many":"trojské unce stříbra"},"symbol":"XAG","narrow":"XAG"},"XAU":{"displayName":{"other":"trojských uncí zlata","one":"trojská unce zlata","few":"trojské unce zlata","many":"trojské unce zlata"},"symbol":"XAU","narrow":"XAU"},"XBA":{"displayName":{"other":"evropských smíšených jednotek","one":"evropská smíšená jednotka","few":"evropské smíšené jednotky","many":"evropské smíšené jednotky"},"symbol":"XBA","narrow":"XBA"},"XBB":{"displayName":{"other":"evropských peněžních jednotek","one":"evropská peněžní jednotka","few":"evropské peněžní jednotky","many":"evropské peněžní jednotky"},"symbol":"XBB","narrow":"XBB"},"XBC":{"displayName":{"other":"evropských jednotek účtu 9 (XBC)","one":"evropská jednotka účtu 9 (XBC)","few":"evropské jednotky účtu 9 (XBC)","many":"evropské jednotky účtu 9 (XBC)"},"symbol":"XBC","narrow":"XBC"},"XBD":{"displayName":{"other":"evropských jednotek účtu 17 (XBD)","one":"evropská jednotka účtu 17 (XBD)","few":"evropské jednotky účtu 17 (XBD)","many":"evropské jednotky účtu 17 (XBD)"},"symbol":"XBD","narrow":"XBD"},"XCD":{"displayName":{"other":"východokaribských dolarů","one":"východokaribský dolar","few":"východokaribské dolary","many":"východokaribského dolaru"},"symbol":"EC$","narrow":"$"},"XDR":{"displayName":{"other":"SDR"},"symbol":"XDR","narrow":"XDR"},"XEU":{"displayName":{"other":"ECU"},"symbol":"ECU","narrow":"ECU"},"XFO":{"displayName":{"other":"francouzských zlatých franků","one":"francouzský zlatý frank","few":"francouzské zlaté franky","many":"francouzského zlatého franku"},"symbol":"XFO","narrow":"XFO"},"XFU":{"displayName":{"other":"francouzských UIC franků","one":"francouzský UIC frank","few":"francouzské UIC franky","many":"francouzského UIC franku"},"symbol":"XFU","narrow":"XFU"},"XOF":{"displayName":{"other":"CFA/BCEAO franků","one":"CFA/BCEAO frank","few":"CFA/BCEAO franky","many":"CFA/BCEAO franku"},"symbol":"F CFA","narrow":"F CFA"},"XPD":{"displayName":{"other":"trojských uncí palladia","one":"trojská unce palladia","few":"trojské unce palladia","many":"trojské unce palladia"},"symbol":"XPD","narrow":"XPD"},"XPF":{"displayName":{"other":"CFP franků","one":"CFP frank","few":"CFP franky","many":"CFP franku"},"symbol":"CFPF","narrow":"CFPF"},"XPT":{"displayName":{"other":"trojských uncí platiny","one":"trojská unce platiny","few":"trojské unce platiny","many":"trojské unce platiny"},"symbol":"XPT","narrow":"XPT"},"XRE":{"displayName":{"other":"kód fondů RINET"},"symbol":"XRE","narrow":"XRE"},"XSU":{"displayName":{"other":"sucre"},"symbol":"XSU","narrow":"XSU"},"XTS":{"displayName":{"other":"kódů zvlášť vyhrazených pro testovací účely","one":"kód zvlášť vyhrazený pro testovací účely","few":"kódy zvlášť vyhrazené pro testovací účely","many":"kódu zvlášť vyhrazeného pro testovací účely"},"symbol":"XTS","narrow":"XTS"},"XUA":{"displayName":{"other":"XUA"},"symbol":"XUA","narrow":"XUA"},"XXX":{"displayName":{"other":"neznámá měna"},"symbol":"XXX","narrow":"XXX"},"YDD":{"displayName":{"other":"jemenských dinárů","one":"jemenský dinár","few":"jemenské dináry","many":"jemenského dináru"},"symbol":"YDD","narrow":"YDD"},"YER":{"displayName":{"other":"jemenských rijálů","one":"jemenský rijál","few":"jemenské rijály","many":"jemenského rijálu"},"symbol":"YER","narrow":"YER"},"YUD":{"displayName":{"other":"jugoslávských dinárů (1966–1990)","one":"jugoslávský dinár (1966–1990)","few":"jugoslávské dináry (1966–1990)","many":"jugoslávského dináru (1966–1990)"},"symbol":"YUD","narrow":"YUD"},"YUM":{"displayName":{"other":"jugoslávských nových dinárů (1994–2002)","one":"jugoslávský nový dinár (1994–2002)","few":"jugoslávské nové dináry (1994–2002)","many":"jugoslávského nového dináru (1994–2002)"},"symbol":"YUM","narrow":"YUM"},"YUN":{"displayName":{"other":"jugoslávských konvertibilních dinárů (1990–1992)","one":"jugoslávský konvertibilní dinár (1990–1992)","few":"jugoslávské konvertibilní dináry (1990–1992)","many":"jugoslávského konvertibilního dináru (1990–1992)"},"symbol":"YUN","narrow":"YUN"},"YUR":{"displayName":{"other":"jugoslávských reformovaných dinárů (1992–1993)","one":"jugoslávský reformovaný dinár (1992–1993)","few":"jugoslávské reformované dináry (1992–1993)","many":"jugoslávského reformovaného dináru (1992–1993)"},"symbol":"YUR","narrow":"YUR"},"ZAL":{"displayName":{"other":"jihoafrických finančních randů","one":"jihoafrický finanční rand","few":"jihoafrické finanční randy","many":"jihoafrického finančního randu"},"symbol":"ZAL","narrow":"ZAL"},"ZAR":{"displayName":{"other":"jihoafrických randů","one":"jihoafrický rand","few":"jihoafrické randy","many":"jihoafrického randu"},"symbol":"ZAR","narrow":"R"},"ZMK":{"displayName":{"other":"zambijských kwach (1968–2012)","one":"zambijská kwacha (1968–2012)","few":"zambijské kwachy (1968–2012)","many":"zambijské kwachy (1968–2012)"},"symbol":"ZMK","narrow":"ZMK"},"ZMW":{"displayName":{"other":"zambijských kwach","one":"zambijská kwacha","few":"zambijské kwachy","many":"zambijské kwachy"},"symbol":"ZMW","narrow":"ZK"},"ZRN":{"displayName":{"other":"zairských nových zairů (1993–1998)","one":"zairský nový zaire (1993–1998)","few":"zairské nové zairy (1993–1998)","many":"zairského nového zairu (1993–1998)"},"symbol":"ZRN","narrow":"ZRN"},"ZRZ":{"displayName":{"other":"zairských zairů (1971–1993)","one":"zairský zaire (1971–1993)","few":"zairské zairy (1971–1993)","many":"zairského zairu (1971–1993)"},"symbol":"ZRZ","narrow":"ZRZ"},"ZWD":{"displayName":{"other":"zimbabwských dolarů (1980–2008)","one":"zimbabwský dolar (1980–2008)","few":"zimbabwské dolary (1980–2008)","many":"zimbabwského dolaru (1980–2008)"},"symbol":"ZWD","narrow":"ZWD"},"ZWL":{"displayName":{"other":"zimbabwských dolarů (2009)","one":"zimbabwský dolar (2009)","few":"zimbabwské dolary (2009)","many":"zimbabwského dolaru (2009)"},"symbol":"ZWL","narrow":"ZWL"},"ZWR":{"displayName":{"other":"zimbabwských dolarů (2008)","one":"zimbabwský dolar (2008)","few":"zimbabwské dolary (2008)","many":"zimbabwského dolaru (2008)"},"symbol":"ZWR","narrow":"ZWR"}},"numbers":{"nu":["latn"],"symbols":{"latn":{"decimal":",","group":" ","list":";","percentSign":"%","plusSign":"+","minusSign":"-","approximatelySign":"~","exponential":"E","superscriptingExponent":"×","perMille":"‰","infinity":"∞","nan":"NaN","timeSeparator":":"}},"percent":{"latn":"#,##0 %"},"decimal":{"latn":{"standard":"#,##0.###","long":{"1000":{"other":"0 tisíc","few":"0 tisíce","many":"0 tisíce"},"10000":{"other":"00 tisíc","many":"00 tisíce"},"100000":{"other":"000 tisíc","many":"000 tisíce"},"1000000":{"other":"0 milionů","one":"0 milion","few":"0 miliony","many":"0 milionu"},"10000000":{"other":"00 milionů","many":"00 milionu"},"100000000":{"other":"000 milionů","many":"000 milionu"},"1000000000":{"other":"0 miliard","one":"0 miliarda","few":"0 miliardy","many":"0 miliardy"},"10000000000":{"other":"00 miliard","many":"00 miliardy"},"100000000000":{"other":"000 miliard","many":"000 miliardy"},"1000000000000":{"other":"0 bilionů","one":"0 bilion","few":"0 biliony","many":"0 bilionu"},"10000000000000":{"other":"00 bilionů","many":"00 bilionu"},"100000000000000":{"other":"000 bilionů","many":"000 bilionu"}},"short":{"1000":{"other":"0 tis'.'"},"10000":{"other":"00 tis'.'"},"100000":{"other":"000 tis'.'"},"1000000":{"other":"0 mil'.'"},"10000000":{"other":"00 mil'.'"},"100000000":{"other":"000 mil'.'"},"1000000000":{"other":"0 mld'.'"},"10000000000":{"other":"00 mld'.'"},"100000000000":{"other":"000 mld'.'"},"1000000000000":{"other":"0 bil'.'"},"10000000000000":{"other":"00 bil'.'"},"100000000000000":{"other":"000 bil'.'"}}}},"currency":{"latn":{"currencySpacing":{"beforeInsertBetween":" ","afterInsertBetween":" "},"standard":"#,##0.00 ¤","accounting":"#,##0.00 ¤","unitPattern":"{0} {1}","short":{"1000":{"other":"0 tis'.' ¤"},"10000":{"other":"00 tis'.' ¤"},"100000":{"other":"000 tis'.' ¤"},"1000000":{"other":"0 mil'.' ¤"},"10000000":{"other":"00 mil'.' ¤"},"100000000":{"other":"000 mil'.' ¤"},"1000000000":{"other":"0 mld'.' ¤"},"10000000000":{"other":"00 mld'.' ¤"},"100000000000":{"other":"000 mld'.' ¤"},"1000000000000":{"other":"0 bil'.' ¤"},"10000000000000":{"other":"00 bil'.' ¤"},"100000000000000":{"other":"000 bil'.' ¤"}}}}},"nu":["latn"]},"locale":"cs"}
