{"data":{"units":{"simple":{"degree":{"long":{"other":"{0} Grad"},"short":{"other":"{0}°"},"narrow":{"other":"{0}°"},"perUnit":{}},"hectare":{"long":{"other":"{0} Hektar"},"short":{"other":"{0} ha"},"narrow":{"other":"{0} ha"},"perUnit":{}},"acre":{"long":{"other":"{0} Acres","one":"{0} Acre"},"short":{"other":"{0} ac"},"narrow":{"other":"{0} ac"},"perUnit":{}},"percent":{"long":{"other":"{0} Prozent"},"short":{"other":"{0} %"},"narrow":{"other":"{0} %"},"perUnit":{}},"liter-per-kilometer":{"long":{"other":"{0} Liter pro Kilometer"},"short":{"other":"{0} l/km"},"narrow":{"other":"{0} l/km"},"perUnit":{}},"mile-per-gallon":{"long":{"other":"{0} Meilen pro Gallone","one":"{0} Meile pro Gallone"},"short":{"other":"{0} mpg"},"narrow":{"other":"{0} mpg"},"perUnit":{}},"petabyte":{"long":{"other":"{0} Petabyte"},"short":{"other":"{0} PB"},"narrow":{"other":"{0} PB"},"perUnit":{}},"terabyte":{"long":{"other":"{0} Terabyte","one":"{0} Terabyte"},"short":{"other":"{0} TB"},"narrow":{"other":"{0} TB"},"perUnit":{}},"terabit":{"long":{"other":"{0} Terabit","one":"{0} Terabit"},"short":{"other":"{0} Tb"},"narrow":{"other":"{0} Tb"},"perUnit":{}},"gigabyte":{"long":{"other":"{0} Gigabyte","one":"{0} Gigabyte"},"short":{"other":"{0} GB"},"narrow":{"other":"{0} GB"},"perUnit":{}},"gigabit":{"long":{"other":"{0} Gigabit","one":"{0} Gigabit"},"short":{"other":"{0} Gb"},"narrow":{"other":"{0} Gb"},"perUnit":{}},"megabyte":{"long":{"other":"{0} Megabyte","one":"{0} Megabyte"},"short":{"other":"{0} MB"},"narrow":{"other":"{0} MB"},"perUnit":{}},"megabit":{"long":{"other":"{0} Megabit","one":"{0} Megabit"},"short":{"other":"{0} Mb"},"narrow":{"other":"{0} Mb"},"perUnit":{}},"kilobyte":{"long":{"other":"{0} Kilobyte","one":"{0} Kilobyte"},"short":{"other":"{0} kB"},"narrow":{"other":"{0} kB"},"perUnit":{}},"kilobit":{"long":{"other":"{0} Kilobits","one":"{0} Kilobit"},"short":{"other":"{0} kb"},"narrow":{"other":"{0} kb"},"perUnit":{}},"byte":{"long":{"other":"{0} Byte","one":"{0} Byte"},"short":{"other":"{0} Bytes","one":"{0} Byte"},"narrow":{"other":"{0} Bytes","one":"{0} Byte"},"perUnit":{}},"bit":{"long":{"other":"{0} Bit","one":"{0} Bit"},"short":{"other":"{0} Bit","one":"{0} Bit"},"narrow":{"other":"{0} Bits","one":"{0} Bit"},"perUnit":{}},"year":{"long":{"other":"{0} Jahre","one":"{0} Jahr"},"short":{"other":"{0} J"},"narrow":{"other":"{0} J"},"perUnit":{"long":"{0} pro Jahr","short":"{0}/J","narrow":"{0}/J"}},"month":{"long":{"other":"{0} Monate","one":"{0} Monat"},"short":{"other":"{0} Mon."},"narrow":{"other":"{0} M"},"perUnit":{"long":"{0} pro Monat","short":"{0}/M","narrow":"{0}/M"}},"week":{"long":{"other":"{0} Wochen","one":"{0} Woche"},"short":{"other":"{0} Wo."},"narrow":{"other":"{0} W"},"perUnit":{"long":"{0} pro Woche","short":"{0}/W","narrow":"{0}/W"}},"day":{"long":{"other":"{0} Tage","one":"{0} Tag"},"short":{"other":"{0} Tg."},"narrow":{"other":"{0} T"},"perUnit":{"long":"{0} pro Tag","short":"{0}/T","narrow":"{0}/T"}},"hour":{"long":{"other":"{0} Stunden","one":"{0} Stunde"},"short":{"other":"{0} Std."},"narrow":{"other":"{0} Std."},"perUnit":{"long":"{0} pro Stunde","short":"{0}/h","narrow":"{0}/h"}},"minute":{"long":{"other":"{0} Minuten","one":"{0} Minute"},"short":{"other":"{0} Min."},"narrow":{"other":"{0} Min."},"perUnit":{"long":"{0} pro Minute","short":"{0}/min","narrow":"{0}/min"}},"second":{"long":{"other":"{0} Sekunden","one":"{0} Sekunde"},"short":{"other":"{0} Sek."},"narrow":{"other":"{0} Sek."},"perUnit":{"long":"{0} pro Sekunde","short":"{0}/s","narrow":"{0}/s"}},"millisecond":{"long":{"other":"{0} Millisekunden","one":"{0} Millisekunde"},"short":{"other":"{0} ms"},"narrow":{"other":"{0} ms"},"perUnit":{}},"kilometer":{"long":{"other":"{0} Kilometer"},"short":{"other":"{0} km"},"narrow":{"other":"{0} km"},"perUnit":{"long":"{0} pro Kilometer","short":"{0}/km","narrow":"{0}/km"}},"meter":{"long":{"other":"{0} Meter"},"short":{"other":"{0} m"},"narrow":{"other":"{0} m"},"perUnit":{"long":"{0} pro Meter","short":"{0}/m","narrow":"{0}/m"}},"centimeter":{"long":{"other":"{0} Zentimeter"},"short":{"other":"{0} cm"},"narrow":{"other":"{0} cm"},"perUnit":{"long":"{0} pro Zentimeter","short":"{0}/cm","narrow":"{0}/cm"}},"millimeter":{"long":{"other":"{0} Millimeter"},"short":{"other":"{0} mm"},"narrow":{"other":"{0} mm"},"perUnit":{}},"mile":{"long":{"other":"{0} Meilen","one":"{0} Meile"},"short":{"other":"{0} mi"},"narrow":{"other":"{0} mi"},"perUnit":{}},"yard":{"long":{"other":"{0} Yards","one":"{0} Yard"},"short":{"other":"{0} yd"},"narrow":{"other":"{0} yd"},"perUnit":{}},"foot":{"long":{"other":"{0} Fuß"},"short":{"other":"{0} ft"},"narrow":{"other":"{0} ft"},"perUnit":{"long":"{0} pro Fuß","short":"{0}/ft","narrow":"{0}/ft"}},"inch":{"long":{"other":"{0} Zoll"},"short":{"other":"{0} in","one":"{0} in"},"narrow":{"other":"{0} in","one":"{0} in"},"perUnit":{"long":"{0} pro Zoll","short":"{0}/in","narrow":"{0}/in"}},"mile-scandinavian":{"long":{"other":"{0} skandinavische Meilen","one":"{0} skandinavische Meile"},"short":{"other":"{0} smi"},"narrow":{"other":"{0} smi"},"perUnit":{}},"kilogram":{"long":{"other":"{0} Kilogramm"},"short":{"other":"{0} kg"},"narrow":{"other":"{0} kg"},"perUnit":{"long":"{0} pro Kilogramm","short":"{0}/kg","narrow":"{0}/kg"}},"gram":{"long":{"other":"{0} Gramm"},"short":{"other":"{0} g"},"narrow":{"other":"{0} g"},"perUnit":{"long":"{0} pro Gramm","short":"{0}/g","narrow":"{0}/g"}},"stone":{"long":{"other":"{0} Stones","one":"{0} Stone"},"short":{"other":"{0} st"},"narrow":{"other":"{0} st"},"perUnit":{}},"pound":{"long":{"other":"{0} Pfund"},"short":{"other":"{0} lb"},"narrow":{"other":"{0} lb"},"perUnit":{"long":"{0} pro Pfund","short":"{0}/lb","narrow":"{0}/lb"}},"ounce":{"long":{"other":"{0} Unzen","one":"{0} Unze"},"short":{"other":"{0} oz"},"narrow":{"other":"{0} oz"},"perUnit":{"long":"{0} pro Unze","short":"{0}/oz","narrow":"{0}/oz"}},"kilometer-per-hour":{"long":{"other":"{0} Kilometer pro Stunde"},"short":{"other":"{0} km/h"},"narrow":{"other":"{0} km/h"},"perUnit":{}},"meter-per-second":{"long":{"other":"{0} Meter pro Sekunde"},"short":{"other":"{0} m/s"},"narrow":{"other":"{0} m/s"},"perUnit":{}},"mile-per-hour":{"long":{"other":"{0} Meilen pro Stunde","one":"{0} Meile pro Stunde"},"short":{"other":"{0} mi/h"},"narrow":{"other":"{0} mi/h"},"perUnit":{}},"celsius":{"long":{"other":"{0} Grad Celsius"},"short":{"other":"{0} °C"},"narrow":{"other":"{0} °C"},"perUnit":{}},"fahrenheit":{"long":{"other":"{0} Grad Fahrenheit"},"short":{"other":"{0} °F"},"narrow":{"other":"{0}°F"},"perUnit":{}},"liter":{"long":{"other":"{0} Liter"},"short":{"other":"{0} l"},"narrow":{"other":"{0} l"},"perUnit":{"long":"{0} pro Liter","short":"{0}/l","narrow":"{0}/l"}},"milliliter":{"long":{"other":"{0} Milliliter"},"short":{"other":"{0} ml"},"narrow":{"other":"{0} ml"},"perUnit":{}},"gallon":{"long":{"other":"{0} Gallonen","one":"{0} Gallone"},"short":{"other":"{0} gal"},"narrow":{"other":"{0} gal"},"perUnit":{"long":"{0} pro Gallone","short":"{0}/gal","narrow":"{0}/gal"}},"fluid-ounce":{"long":{"other":"{0} Flüssigunzen","one":"{0} Flüssigunze"},"short":{"other":"{0} fl oz"},"narrow":{"other":"{0} fl oz"},"perUnit":{}}},"compound":{"per":{"long":"{0} pro {1}","short":"{0}/{1}","narrow":"{0}/{1}"}}},"currencies":{"ADP":{"displayName":{"other":"Andorranische Peseten","one":"Andorranische Pesete"},"symbol":"ADP","narrow":"ADP"},"AED":{"displayName":{"other":"VAE-Dirham"},"symbol":"AED","narrow":"AED"},"AFA":{"displayName":{"other":"Afghanische Afghani (1927–2002)"},"symbol":"AFA","narrow":"AFA"},"AFN":{"displayName":{"other":"Afghanische Afghani","one":"Afghanischer Afghani"},"symbol":"AFN","narrow":"؋"},"ALK":{"displayName":{"other":"Albanische Lek (1946–1965)","one":"Albanischer Lek (1946–1965)"},"symbol":"ALK","narrow":"ALK"},"ALL":{"displayName":{"other":"Albanische Lek","one":"Albanischer Lek"},"symbol":"ALL","narrow":"ALL"},"AMD":{"displayName":{"other":"Armenische Dram","one":"Armenischer Dram"},"symbol":"AMD","narrow":"֏"},"ANG":{"displayName":{"other":"Niederländische-Antillen-Gulden"},"symbol":"ANG","narrow":"ANG"},"AOA":{"displayName":{"other":"Angolanische Kwanza","one":"Angolanischer Kwanza"},"symbol":"AOA","narrow":"Kz"},"AOK":{"displayName":{"other":"Angolanische Kwanza (1977–1990)","one":"Angolanischer Kwanza (1977–1990)"},"symbol":"AOK","narrow":"AOK"},"AON":{"displayName":{"other":"Angolanische Neue Kwanza (1990–2000)","one":"Angolanischer Neuer Kwanza (1990–2000)"},"symbol":"AON","narrow":"AON"},"AOR":{"displayName":{"other":"Angolanische Kwanza Reajustado (1995–1999)","one":"Angolanischer Kwanza Reajustado (1995–1999)"},"symbol":"AOR","narrow":"AOR"},"ARA":{"displayName":{"other":"Argentinische Austral","one":"Argentinischer Austral"},"symbol":"ARA","narrow":"ARA"},"ARL":{"displayName":{"other":"Argentinische Pesos Ley (1970–1983)","one":"Argentinischer Peso Ley (1970–1983)"},"symbol":"ARL","narrow":"ARL"},"ARM":{"displayName":{"other":"Argentinische Pesos (1881–1970)","one":"Argentinischer Peso (1881–1970)"},"symbol":"ARM","narrow":"ARM"},"ARP":{"displayName":{"other":"Argentinische Peso (1983–1985)","one":"Argentinischer Peso (1983–1985)"},"symbol":"ARP","narrow":"ARP"},"ARS":{"displayName":{"other":"Argentinische Pesos","one":"Argentinischer Peso"},"symbol":"ARS","narrow":"$"},"ATS":{"displayName":{"other":"Österreichische Schilling","one":"Österreichischer Schilling"},"symbol":"öS","narrow":"öS"},"AUD":{"displayName":{"other":"Australische Dollar","one":"Australischer Dollar"},"symbol":"AU$","narrow":"$"},"AWG":{"displayName":{"other":"Aruba-Florin"},"symbol":"AWG","narrow":"AWG"},"AZM":{"displayName":{"other":"Aserbaidschan-Manat (1993–2006)"},"symbol":"AZM","narrow":"AZM"},"AZN":{"displayName":{"other":"Aserbaidschan-Manat"},"symbol":"AZN","narrow":"₼"},"BAD":{"displayName":{"other":"Bosnien und Herzegowina Dinar (1992–1994)"},"symbol":"BAD","narrow":"BAD"},"BAM":{"displayName":{"other":"Konvertible Mark Bosnien und Herzegowina"},"symbol":"BAM","narrow":"KM"},"BAN":{"displayName":{"other":"Bosnien und Herzegowina Neue Dinar (1994–1997)","one":"Bosnien und Herzegowina Neuer Dinar (1994–1997)"},"symbol":"BAN","narrow":"BAN"},"BBD":{"displayName":{"other":"Barbados-Dollar"},"symbol":"BBD","narrow":"$"},"BDT":{"displayName":{"other":"Bangladesch-Taka"},"symbol":"BDT","narrow":"৳"},"BEC":{"displayName":{"other":"Belgische Franc (konvertibel)","one":"Belgischer Franc (konvertibel)"},"symbol":"BEC","narrow":"BEC"},"BEF":{"displayName":{"other":"Belgische Franc","one":"Belgischer Franc"},"symbol":"BEF","narrow":"BEF"},"BEL":{"displayName":{"other":"Belgische Finanz-Franc","one":"Belgischer Finanz-Franc"},"symbol":"BEL","narrow":"BEL"},"BGL":{"displayName":{"other":"Bulgarische Lew (1962–1999)"},"symbol":"BGL","narrow":"BGL"},"BGM":{"displayName":{"other":"Bulgarische Lew (1952–1962)","one":"Bulgarischer Lew (1952–1962)"},"symbol":"BGK","narrow":"BGK"},"BGN":{"displayName":{"other":"Bulgarische Lew","one":"Bulgarischer Lew"},"symbol":"BGN","narrow":"BGN"},"BGO":{"displayName":{"other":"Bulgarische Lew (1879–1952)","one":"Bulgarischer Lew (1879–1952)"},"symbol":"BGJ","narrow":"BGJ"},"BHD":{"displayName":{"other":"Bahrain-Dinar"},"symbol":"BHD","narrow":"BHD"},"BIF":{"displayName":{"other":"Burundi-Francs","one":"Burundi-Franc"},"symbol":"BIF","narrow":"BIF"},"BMD":{"displayName":{"other":"Bermuda-Dollar"},"symbol":"BMD","narrow":"$"},"BND":{"displayName":{"other":"Brunei-Dollar"},"symbol":"BND","narrow":"$"},"BOB":{"displayName":{"other":"Bolivianische Bolivianos","one":"Bolivianischer Boliviano"},"symbol":"BOB","narrow":"Bs"},"BOL":{"displayName":{"other":"Bolivianische Bolivianos (1863–1963)","one":"Bolivianischer Boliviano (1863–1963)"},"symbol":"BOL","narrow":"BOL"},"BOP":{"displayName":{"other":"Bolivianische Peso","one":"Bolivianischer Peso"},"symbol":"BOP","narrow":"BOP"},"BOV":{"displayName":{"other":"Bolivianische Mvdol","one":"Boliviansiche Mvdol"},"symbol":"BOV","narrow":"BOV"},"BRB":{"displayName":{"other":"Brasilianische Cruzeiro Novo (1967–1986)","one":"Brasilianischer Cruzeiro Novo (1967–1986)"},"symbol":"BRB","narrow":"BRB"},"BRC":{"displayName":{"other":"Brasilianische Cruzado (1986–1989)","one":"Brasilianischer Cruzado (1986–1989)"},"symbol":"BRC","narrow":"BRC"},"BRE":{"displayName":{"other":"Brasilianische Cruzeiro (1990–1993)","one":"Brasilianischer Cruzeiro (1990–1993)"},"symbol":"BRE","narrow":"BRE"},"BRL":{"displayName":{"other":"Brasilianische Real","one":"Brasilianischer Real"},"symbol":"R$","narrow":"R$"},"BRN":{"displayName":{"other":"Brasilianische Cruzado Novo (1989–1990)","one":"Brasilianischer Cruzado Novo (1989–1990)"},"symbol":"BRN","narrow":"BRN"},"BRR":{"displayName":{"other":"Brasilianische Cruzeiro (1993–1994)","one":"Brasilianischer Cruzeiro (1993–1994)"},"symbol":"BRR","narrow":"BRR"},"BRZ":{"displayName":{"other":"Brasilianischer Cruzeiro (1942–1967)"},"symbol":"BRZ","narrow":"BRZ"},"BSD":{"displayName":{"other":"Bahamas-Dollar"},"symbol":"BSD","narrow":"$"},"BTN":{"displayName":{"other":"Bhutan-Ngultrum"},"symbol":"BTN","narrow":"BTN"},"BUK":{"displayName":{"other":"Birmanische Kyat","one":"Birmanischer Kyat"},"symbol":"BUK","narrow":"BUK"},"BWP":{"displayName":{"other":"Botswanische Pula","one":"Botswanischer Pula"},"symbol":"BWP","narrow":"P"},"BYB":{"displayName":{"other":"Belarus-Rubel (1994–1999)"},"symbol":"BYB","narrow":"BYB"},"BYN":{"displayName":{"other":"Weißrussische Rubel","one":"Weißrussischer Rubel"},"symbol":"BYN","narrow":"р."},"BYR":{"displayName":{"other":"Weißrussische Rubel (2000–2016)","one":"Weißrussischer Rubel (2000–2016)"},"symbol":"BYR","narrow":"BYR"},"BZD":{"displayName":{"other":"Belize-Dollar"},"symbol":"BZD","narrow":"$"},"CAD":{"displayName":{"other":"Kanadische Dollar","one":"Kanadischer Dollar"},"symbol":"CA$","narrow":"$"},"CDF":{"displayName":{"other":"Kongo-Francs","one":"Kongo-Franc"},"symbol":"CDF","narrow":"CDF"},"CHE":{"displayName":{"other":"WIR-Euro"},"symbol":"CHE","narrow":"CHE"},"CHF":{"displayName":{"other":"Schweizer Franken"},"symbol":"CHF","narrow":"CHF"},"CHW":{"displayName":{"other":"WIR Franken"},"symbol":"CHW","narrow":"CHW"},"CLE":{"displayName":{"other":"Chilenische Escudo","one":"Chilenischer Escudo"},"symbol":"CLE","narrow":"CLE"},"CLF":{"displayName":{"other":"Chilenische Unidades de Fomento"},"symbol":"CLF","narrow":"CLF"},"CLP":{"displayName":{"other":"Chilenische Pesos","one":"Chilenischer Peso"},"symbol":"CLP","narrow":"$"},"CNH":{"displayName":{"other":"Renminbi-Yuan (Offshore)"},"symbol":"CNH","narrow":"CNH"},"CNX":{"displayName":{"other":"Dollar der Chinesischen Volksbank"},"symbol":"CNX","narrow":"CNX"},"CNY":{"displayName":{"other":"Renminbi Yuan","one":"Chinesischer Yuan"},"symbol":"CN¥","narrow":"¥"},"COP":{"displayName":{"other":"Kolumbianische Pesos","one":"Kolumbianischer Peso"},"symbol":"COP","narrow":"$"},"COU":{"displayName":{"other":"Kolumbianische Unidades de valor real","one":"Kolumbianische Unidad de valor real"},"symbol":"COU","narrow":"COU"},"CRC":{"displayName":{"other":"Costa-Rica-Colón"},"symbol":"CRC","narrow":"₡"},"CSD":{"displayName":{"other":"Serbische Dinar (2002–2006)","one":"Serbischer Dinar (2002–2006)"},"symbol":"CSD","narrow":"CSD"},"CSK":{"displayName":{"other":"Tschechoslowakische Kronen"},"symbol":"CSK","narrow":"CSK"},"CUC":{"displayName":{"other":"Kubanische Pesos (konvertibel)","one":"Kubanischer Peso (konvertibel)"},"symbol":"CUC","narrow":"Cub$"},"CUP":{"displayName":{"other":"Kubanische Pesos","one":"Kubanischer Peso"},"symbol":"CUP","narrow":"$"},"CVE":{"displayName":{"other":"Cabo-Verde-Escudos","one":"Cabo-Verde-Escudo"},"symbol":"CVE","narrow":"CVE"},"CYP":{"displayName":{"other":"Zypern Pfund"},"symbol":"CYP","narrow":"CYP"},"CZK":{"displayName":{"other":"Tschechische Kronen","one":"Tschechische Krone"},"symbol":"CZK","narrow":"Kč"},"DDM":{"displayName":{"other":"Mark der DDR"},"symbol":"DDM","narrow":"DDM"},"DEM":{"displayName":{"other":"Deutsche Mark"},"symbol":"DM","narrow":"DM"},"DJF":{"displayName":{"other":"Dschibuti-Franc"},"symbol":"DJF","narrow":"DJF"},"DKK":{"displayName":{"other":"Dänische Kronen","one":"Dänische Krone"},"symbol":"DKK","narrow":"kr"},"DOP":{"displayName":{"other":"Dominikanische Pesos","one":"Dominikanischer Peso"},"symbol":"DOP","narrow":"$"},"DZD":{"displayName":{"other":"Algerische Dinar","one":"Algerischer Dinar"},"symbol":"DZD","narrow":"DZD"},"ECS":{"displayName":{"other":"Ecuadorianische Sucre","one":"Ecuadorianischer Sucre"},"symbol":"ECS","narrow":"ECS"},"ECV":{"displayName":{"other":"Verrechnungseinheiten für Ecuador"},"symbol":"ECV","narrow":"ECV"},"EEK":{"displayName":{"other":"Estnische Kronen","one":"Estnische Krone"},"symbol":"EEK","narrow":"EEK"},"EGP":{"displayName":{"other":"Ägyptische Pfund","one":"Ägyptisches Pfund"},"symbol":"EGP","narrow":"E£"},"ERN":{"displayName":{"other":"Eritreische Nakfa","one":"Eritreischer Nakfa"},"symbol":"ERN","narrow":"ERN"},"ESA":{"displayName":{"other":"Spanische Peseten (A–Konten)","one":"Spanische Peseta (A–Konten)"},"symbol":"ESA","narrow":"ESA"},"ESB":{"displayName":{"other":"Spanische Peseten (konvertibel)","one":"Spanische Peseta (konvertibel)"},"symbol":"ESB","narrow":"ESB"},"ESP":{"displayName":{"other":"Spanische Peseten","one":"Spanische Peseta"},"symbol":"ESP","narrow":"₧"},"ETB":{"displayName":{"other":"Äthiopische Birr","one":"Äthiopischer Birr"},"symbol":"ETB","narrow":"ETB"},"EUR":{"displayName":{"other":"Euro"},"symbol":"€","narrow":"€"},"FIM":{"displayName":{"other":"Finnische Mark"},"symbol":"FIM","narrow":"FIM"},"FJD":{"displayName":{"other":"Fidschi-Dollar"},"symbol":"FJD","narrow":"$"},"FKP":{"displayName":{"other":"Falkland-Pfund"},"symbol":"FKP","narrow":"Fl£"},"FRF":{"displayName":{"other":"Französische Franc","one":"Französischer Franc"},"symbol":"FRF","narrow":"FRF"},"GBP":{"displayName":{"other":"Britische Pfund","one":"Britisches Pfund"},"symbol":"£","narrow":"£"},"GEK":{"displayName":{"other":"Georgische Kupon Larit","one":"Georgischer Kupon Larit"},"symbol":"GEK","narrow":"GEK"},"GEL":{"displayName":{"other":"Georgische Lari","one":"Georgischer Lari"},"symbol":"GEL","narrow":"₾"},"GHC":{"displayName":{"other":"Ghanaische Cedi (1979–2007)","one":"Ghanaischer Cedi (1979–2007)"},"symbol":"GHC","narrow":"GHC"},"GHS":{"displayName":{"other":"Ghanaische Cedi","one":"Ghanaischer Cedi"},"symbol":"GHS","narrow":"₵"},"GIP":{"displayName":{"other":"Gibraltar-Pfund"},"symbol":"GIP","narrow":"£"},"GMD":{"displayName":{"other":"Gambia-Dalasi"},"symbol":"GMD","narrow":"GMD"},"GNF":{"displayName":{"other":"Guinea-Franc"},"symbol":"GNF","narrow":"F.G."},"GNS":{"displayName":{"other":"Guineische Syli","one":"Guineischer Syli"},"symbol":"GNS","narrow":"GNS"},"GQE":{"displayName":{"other":"Äquatorialguinea-Ekwele"},"symbol":"GQE","narrow":"GQE"},"GRD":{"displayName":{"other":"Griechische Drachmen","one":"Griechische Drachme"},"symbol":"GRD","narrow":"GRD"},"GTQ":{"displayName":{"other":"Guatemaltekische Quetzales","one":"Guatemaltekischer Quetzal"},"symbol":"GTQ","narrow":"Q"},"GWE":{"displayName":{"other":"Portugiesisch Guinea Escudo"},"symbol":"GWE","narrow":"GWE"},"GWP":{"displayName":{"other":"Guinea-Bissau Pesos","one":"Guinea-Bissau Peso"},"symbol":"GWP","narrow":"GWP"},"GYD":{"displayName":{"other":"Guyana-Dollar"},"symbol":"GYD","narrow":"$"},"HKD":{"displayName":{"other":"Hongkong-Dollar"},"symbol":"HK$","narrow":"$"},"HNL":{"displayName":{"other":"Honduras-Lempira"},"symbol":"HNL","narrow":"L"},"HRD":{"displayName":{"other":"Kroatische Dinar","one":"Kroatischer Dinar"},"symbol":"HRD","narrow":"HRD"},"HRK":{"displayName":{"other":"Kroatische Kuna","one":"Kroatischer Kuna"},"symbol":"HRK","narrow":"kn"},"HTG":{"displayName":{"other":"Haitianische Gourdes","one":"Haitianische Gourde"},"symbol":"HTG","narrow":"HTG"},"HUF":{"displayName":{"other":"Ungarische Forint","one":"Ungarischer Forint"},"symbol":"HUF","narrow":"Ft"},"IDR":{"displayName":{"other":"Indonesische Rupiah"},"symbol":"IDR","narrow":"Rp"},"IEP":{"displayName":{"other":"Irische Pfund","one":"Irisches Pfund"},"symbol":"IEP","narrow":"IEP"},"ILP":{"displayName":{"other":"Israelische Pfund","one":"Israelisches Pfund"},"symbol":"ILP","narrow":"ILP"},"ILR":{"displayName":{"other":"Israelische Schekel (1980–1985)","one":"Israelischer Schekel (1980–1985)"},"symbol":"ILR","narrow":"ILR"},"ILS":{"displayName":{"other":"Israelische Neue Schekel","one":"Israelischer Neuer Schekel"},"symbol":"₪","narrow":"₪"},"INR":{"displayName":{"other":"Indische Rupien","one":"Indische Rupie"},"symbol":"₹","narrow":"₹"},"IQD":{"displayName":{"other":"Irakische Dinar","one":"Irakischer Dinar"},"symbol":"IQD","narrow":"IQD"},"IRR":{"displayName":{"other":"Iranische Rial","one":"Iranischer Rial"},"symbol":"IRR","narrow":"IRR"},"ISJ":{"displayName":{"other":"Isländische Kronen (1918–1981)","one":"Isländische Krone (1918–1981)"},"symbol":"ISJ","narrow":"ISJ"},"ISK":{"displayName":{"other":"Isländische Kronen","one":"Isländische Krone"},"symbol":"ISK","narrow":"kr"},"ITL":{"displayName":{"other":"Italienische Lire","one":"Italienische Lira"},"symbol":"ITL","narrow":"ITL"},"JMD":{"displayName":{"other":"Jamaika-Dollar"},"symbol":"JMD","narrow":"$"},"JOD":{"displayName":{"other":"Jordanische Dinar","one":"Jordanischer Dinar"},"symbol":"JOD","narrow":"JOD"},"JPY":{"displayName":{"other":"Japanische Yen","one":"Japanischer Yen"},"symbol":"¥","narrow":"¥"},"KES":{"displayName":{"other":"Kenia-Schilling"},"symbol":"KES","narrow":"KES"},"KGS":{"displayName":{"other":"Kirgisische Som","one":"Kirgisischer Som"},"symbol":"KGS","narrow":"KGS"},"KHR":{"displayName":{"other":"Kambodschanische Riel","one":"Kambodschanischer Riel"},"symbol":"KHR","narrow":"៛"},"KMF":{"displayName":{"other":"Komoren-Francs","one":"Komoren-Franc"},"symbol":"KMF","narrow":"FC"},"KPW":{"displayName":{"other":"Nordkoreanische Won","one":"Nordkoreanischer Won"},"symbol":"KPW","narrow":"₩"},"KRH":{"displayName":{"other":"Südkoreanischer Hwan (1953–1962)"},"symbol":"KRH","narrow":"KRH"},"KRO":{"displayName":{"other":"Südkoreanischer Won (1945–1953)"},"symbol":"KRO","narrow":"KRO"},"KRW":{"displayName":{"other":"Südkoreanische Won","one":"Südkoreanischer Won"},"symbol":"₩","narrow":"₩"},"KWD":{"displayName":{"other":"Kuwait-Dinar"},"symbol":"KWD","narrow":"KWD"},"KYD":{"displayName":{"other":"Kaiman-Dollar"},"symbol":"KYD","narrow":"$"},"KZT":{"displayName":{"other":"Kasachische Tenge","one":"Kasachischer Tenge"},"symbol":"KZT","narrow":"₸"},"LAK":{"displayName":{"other":"Laotische Kip","one":"Laotischer Kip"},"symbol":"LAK","narrow":"₭"},"LBP":{"displayName":{"other":"Libanesische Pfund","one":"Libanesisches Pfund"},"symbol":"LBP","narrow":"L£"},"LKR":{"displayName":{"other":"Sri-Lanka-Rupien","one":"Sri-Lanka-Rupie"},"symbol":"LKR","narrow":"Rs"},"LRD":{"displayName":{"other":"Liberianische Dollar","one":"Liberianischer Dollar"},"symbol":"LRD","narrow":"$"},"LSL":{"displayName":{"other":"Loti"},"symbol":"LSL","narrow":"LSL"},"LTL":{"displayName":{"other":"Litauische Litas","one":"Litauischer Litas"},"symbol":"LTL","narrow":"Lt"},"LTT":{"displayName":{"other":"Litauische Talonas"},"symbol":"LTT","narrow":"LTT"},"LUC":{"displayName":{"other":"Luxemburgische Franc (konvertibel)"},"symbol":"LUC","narrow":"LUC"},"LUF":{"displayName":{"other":"Luxemburgische Franc"},"symbol":"LUF","narrow":"LUF"},"LUL":{"displayName":{"other":"Luxemburgische Finanz-Franc"},"symbol":"LUL","narrow":"LUL"},"LVL":{"displayName":{"other":"Lettische Lats","one":"Lettischer Lats"},"symbol":"LVL","narrow":"Ls"},"LVR":{"displayName":{"other":"Lettische Rubel"},"symbol":"LVR","narrow":"LVR"},"LYD":{"displayName":{"other":"Libysche Dinar","one":"Libyscher Dinar"},"symbol":"LYD","narrow":"LYD"},"MAD":{"displayName":{"other":"Marokkanische Dirham","one":"Marokkanischer Dirham"},"symbol":"MAD","narrow":"MAD"},"MAF":{"displayName":{"other":"Marokkanische Franc"},"symbol":"MAF","narrow":"MAF"},"MCF":{"displayName":{"other":"Monegassische Franc","one":"Monegassischer Franc"},"symbol":"MCF","narrow":"MCF"},"MDC":{"displayName":{"other":"Moldau-Cupon"},"symbol":"MDC","narrow":"MDC"},"MDL":{"displayName":{"other":"Moldau-Leu"},"symbol":"MDL","narrow":"MDL"},"MGA":{"displayName":{"other":"Madagaskar-Ariary"},"symbol":"MGA","narrow":"Ar"},"MGF":{"displayName":{"other":"Madagaskar-Franc"},"symbol":"MGF","narrow":"MGF"},"MKD":{"displayName":{"other":"Mazedonische Denari","one":"Mazedonischer Denar"},"symbol":"MKD","narrow":"MKD"},"MKN":{"displayName":{"other":"Mazedonische Denar (1992–1993)","one":"Mazedonischer Denar (1992–1993)"},"symbol":"MKN","narrow":"MKN"},"MLF":{"displayName":{"other":"Malische Franc"},"symbol":"MLF","narrow":"MLF"},"MMK":{"displayName":{"other":"Myanmarische Kyat","one":"Myanmarischer Kyat"},"symbol":"MMK","narrow":"K"},"MNT":{"displayName":{"other":"Mongolische Tögrög","one":"Mongolischer Tögrög"},"symbol":"MNT","narrow":"₮"},"MOP":{"displayName":{"other":"Macao-Pataca"},"symbol":"MOP","narrow":"MOP"},"MRO":{"displayName":{"other":"Mauretanische Ouguiya (1973–2017)","one":"Mauretanischer Ouguiya (1973–2017)"},"symbol":"MRO","narrow":"MRO"},"MRU":{"displayName":{"other":"Mauretanische Ouguiya","one":"Mauretanischer Ouguiya"},"symbol":"MRU","narrow":"MRU"},"MTL":{"displayName":{"other":"Maltesische Lira"},"symbol":"MTL","narrow":"MTL"},"MTP":{"displayName":{"other":"Maltesische Pfund"},"symbol":"MTP","narrow":"MTP"},"MUR":{"displayName":{"other":"Mauritius-Rupien","one":"Mauritius-Rupie"},"symbol":"MUR","narrow":"Rs"},"MVP":{"displayName":{"other":"Malediven-Rupien (alt)","one":"Malediven-Rupie (alt)"},"symbol":"MVP","narrow":"MVP"},"MVR":{"displayName":{"other":"Malediven-Rupien","one":"Malediven-Rufiyaa"},"symbol":"MVR","narrow":"MVR"},"MWK":{"displayName":{"other":"Malawi-Kwacha"},"symbol":"MWK","narrow":"MWK"},"MXN":{"displayName":{"other":"Mexikanische Pesos","one":"Mexikanischer Peso"},"symbol":"MX$","narrow":"$"},"MXP":{"displayName":{"other":"Mexikanische Silber-Pesos (1861–1992)","one":"Mexikanische Silber-Peso (1861–1992)"},"symbol":"MXP","narrow":"MXP"},"MXV":{"displayName":{"other":"Mexikanische Unidad de Inversion (UDI)","one":"Mexicanischer Unidad de Inversion (UDI)"},"symbol":"MXV","narrow":"MXV"},"MYR":{"displayName":{"other":"Malaysische Ringgit","one":"Malaysischer Ringgit"},"symbol":"MYR","narrow":"RM"},"MZE":{"displayName":{"other":"Mozambikanische Escudo"},"symbol":"MZE","narrow":"MZE"},"MZM":{"displayName":{"other":"Mosambikanische Meticais (1980–2006)","one":"Mosambikanischer Metical (1980–2006)"},"symbol":"MZM","narrow":"MZM"},"MZN":{"displayName":{"other":"Mosambikanische Meticais","one":"Mosambikanischer Metical"},"symbol":"MZN","narrow":"MZN"},"NAD":{"displayName":{"other":"Namibia-Dollar"},"symbol":"NAD","narrow":"$"},"NGN":{"displayName":{"other":"Nigerianische Naira","one":"Nigerianischer Naira"},"symbol":"NGN","narrow":"₦"},"NIC":{"displayName":{"other":"Nicaraguanische Córdoba (1988–1991)","one":"Nicaraguanischer Córdoba (1988–1991)"},"symbol":"NIC","narrow":"NIC"},"NIO":{"displayName":{"other":"Nicaragua-Córdobas","one":"Nicaragua-Córdoba"},"symbol":"NIO","narrow":"C$"},"NLG":{"displayName":{"other":"Niederländische Gulden","one":"Niederländischer Gulden"},"symbol":"NLG","narrow":"NLG"},"NOK":{"displayName":{"other":"Norwegische Kronen","one":"Norwegische Krone"},"symbol":"NOK","narrow":"kr"},"NPR":{"displayName":{"other":"Nepalesische Rupien","one":"Nepalesische Rupie"},"symbol":"NPR","narrow":"Rs"},"NZD":{"displayName":{"other":"Neuseeland-Dollar"},"symbol":"NZ$","narrow":"$"},"OMR":{"displayName":{"other":"Omanische Rials","one":"Omanischer Rial"},"symbol":"OMR","narrow":"OMR"},"PAB":{"displayName":{"other":"Panamaische Balboas","one":"Panamaischer Balboa"},"symbol":"PAB","narrow":"PAB"},"PEI":{"displayName":{"other":"Peruanische Inti"},"symbol":"PEI","narrow":"PEI"},"PEN":{"displayName":{"other":"Peruanische Sol","one":"Peruanischer Sol"},"symbol":"PEN","narrow":"PEN"},"PES":{"displayName":{"other":"Peruanische Sol (1863–1965)","one":"Peruanischer Sol (1863–1965)"},"symbol":"PES","narrow":"PES"},"PGK":{"displayName":{"other":"Papua-neuguineischer Kina"},"symbol":"PGK","narrow":"PGK"},"PHP":{"displayName":{"other":"Philippinische Pesos","one":"Philippinischer Peso"},"symbol":"PHP","narrow":"₱"},"PKR":{"displayName":{"other":"Pakistanische Rupien","one":"Pakistanische Rupie"},"symbol":"PKR","narrow":"Rs"},"PLN":{"displayName":{"other":"Polnische Złoty","one":"Polnischer Złoty"},"symbol":"PLN","narrow":"zł"},"PLZ":{"displayName":{"other":"Polnische Zloty (1950–1995)","one":"Polnischer Zloty (1950–1995)"},"symbol":"PLZ","narrow":"PLZ"},"PTE":{"displayName":{"other":"Portugiesische Escudo"},"symbol":"PTE","narrow":"PTE"},"PYG":{"displayName":{"other":"Paraguayische Guaraníes","one":"Paraguayischer Guaraní"},"symbol":"PYG","narrow":"₲"},"QAR":{"displayName":{"other":"Katar-Riyal"},"symbol":"QAR","narrow":"QAR"},"RHD":{"displayName":{"other":"Rhodesische Dollar"},"symbol":"RHD","narrow":"RHD"},"ROL":{"displayName":{"other":"Rumänische Leu (1952–2006)","one":"Rumänischer Leu (1952–2006)"},"symbol":"ROL","narrow":"ROL"},"RON":{"displayName":{"other":"Rumänische Leu","one":"Rumänischer Leu"},"symbol":"RON","narrow":"L"},"RSD":{"displayName":{"other":"Serbische Dinaren","one":"Serbischer Dinar"},"symbol":"RSD","narrow":"RSD"},"RUB":{"displayName":{"other":"Russische Rubel","one":"Russischer Rubel"},"symbol":"RUB","narrow":"₽"},"RUR":{"displayName":{"other":"Russische Rubel (1991–1998)","one":"Russischer Rubel (1991–1998)"},"symbol":"RUR","narrow":"р."},"RWF":{"displayName":{"other":"Ruanda-Francs","one":"Ruanda-Franc"},"symbol":"RWF","narrow":"F.Rw"},"SAR":{"displayName":{"other":"Saudi-Rial"},"symbol":"SAR","narrow":"SAR"},"SBD":{"displayName":{"other":"Salomonen-Dollar"},"symbol":"SBD","narrow":"$"},"SCR":{"displayName":{"other":"Seychellen-Rupien","one":"Seychellen-Rupie"},"symbol":"SCR","narrow":"SCR"},"SDD":{"displayName":{"other":"Sudanesische Dinar (1992–2007)","one":"Sudanesischer Dinar (1992–2007)"},"symbol":"SDD","narrow":"SDD"},"SDG":{"displayName":{"other":"Sudanesische Pfund","one":"Sudanesisches Pfund"},"symbol":"SDG","narrow":"SDG"},"SDP":{"displayName":{"other":"Sudanesische Pfund (1957–1998)","one":"Sudanesisches Pfund (1957–1998)"},"symbol":"SDP","narrow":"SDP"},"SEK":{"displayName":{"other":"Schwedische Kronen","one":"Schwedische Krone"},"symbol":"SEK","narrow":"kr"},"SGD":{"displayName":{"other":"Singapur-Dollar"},"symbol":"SGD","narrow":"$"},"SHP":{"displayName":{"other":"St.-Helena-Pfund"},"symbol":"SHP","narrow":"£"},"SIT":{"displayName":{"other":"Slowenische Tolar","one":"Slowenischer Tolar"},"symbol":"SIT","narrow":"SIT"},"SKK":{"displayName":{"other":"Slowakische Kronen"},"symbol":"SKK","narrow":"SKK"},"SLL":{"displayName":{"other":"Sierra-leonische Leones","one":"Sierra-leonischer Leone"},"symbol":"SLL","narrow":"SLL"},"SOS":{"displayName":{"other":"Somalia-Schilling"},"symbol":"SOS","narrow":"SOS"},"SRD":{"displayName":{"other":"Suriname-Dollar"},"symbol":"SRD","narrow":"$"},"SRG":{"displayName":{"other":"Suriname-Gulden"},"symbol":"SRG","narrow":"SRG"},"SSP":{"displayName":{"other":"Südsudanesische Pfund","one":"Südsudanesisches Pfund"},"symbol":"SSP","narrow":"£"},"STD":{"displayName":{"other":"São-toméische Dobra (1977–2017)","one":"São-toméischer Dobra (1977–2017)"},"symbol":"STD","narrow":"STD"},"STN":{"displayName":{"other":"São-toméische Dobras","one":"São-toméischer Dobra"},"symbol":"STN","narrow":"Db"},"SUR":{"displayName":{"other":"Sowjetische Rubel"},"symbol":"SUR","narrow":"SUR"},"SVC":{"displayName":{"other":"El Salvador-Colon"},"symbol":"SVC","narrow":"SVC"},"SYP":{"displayName":{"other":"Syrische Pfund","one":"Syrisches Pfund"},"symbol":"SYP","narrow":"SYP"},"SZL":{"displayName":{"other":"Swasiländische Emalangeni","one":"Swasiländischer Lilangeni"},"symbol":"SZL","narrow":"SZL"},"THB":{"displayName":{"other":"Thailändische Baht","one":"Thailändischer Baht"},"symbol":"฿","narrow":"฿"},"TJR":{"displayName":{"other":"Tadschikistan-Rubel"},"symbol":"TJR","narrow":"TJR"},"TJS":{"displayName":{"other":"Tadschikistan-Somoni"},"symbol":"TJS","narrow":"TJS"},"TMM":{"displayName":{"other":"Turkmenistan-Manat (1993–2009)"},"symbol":"TMM","narrow":"TMM"},"TMT":{"displayName":{"other":"Turkmenistan-Manat"},"symbol":"TMT","narrow":"TMT"},"TND":{"displayName":{"other":"Tunesische Dinar","one":"Tunesischer Dinar"},"symbol":"TND","narrow":"TND"},"TOP":{"displayName":{"other":"Tongaische Paʻanga","one":"Tongaischer Paʻanga"},"symbol":"TOP","narrow":"T$"},"TPE":{"displayName":{"other":"Timor-Escudo"},"symbol":"TPE","narrow":"TPE"},"TRL":{"displayName":{"other":"Türkische Lira (1922–2005)"},"symbol":"TRL","narrow":"TRL"},"TRY":{"displayName":{"other":"Türkische Lira"},"symbol":"TRY","narrow":"₺"},"TTD":{"displayName":{"other":"Trinidad-und-Tobago-Dollar"},"symbol":"TTD","narrow":"$"},"TWD":{"displayName":{"other":"Neue Taiwan-Dollar","one":"Neuer Taiwan-Dollar"},"symbol":"NT$","narrow":"NT$"},"TZS":{"displayName":{"other":"Tansania-Schilling"},"symbol":"TZS","narrow":"TZS"},"UAH":{"displayName":{"other":"Ukrainische Hrywen","one":"Ukrainische Hrywnja"},"symbol":"UAH","narrow":"₴"},"UAK":{"displayName":{"other":"Ukrainische Karbovanetz"},"symbol":"UAK","narrow":"UAK"},"UGS":{"displayName":{"other":"Uganda-Schilling (1966–1987)"},"symbol":"UGS","narrow":"UGS"},"UGX":{"displayName":{"other":"Uganda-Schilling"},"symbol":"UGX","narrow":"UGX"},"USD":{"displayName":{"other":"US-Dollar"},"symbol":"$","narrow":"$"},"USN":{"displayName":{"other":"US-Dollar (Nächster Tag)"},"symbol":"USN","narrow":"USN"},"USS":{"displayName":{"other":"US-Dollar (Gleicher Tag)"},"symbol":"USS","narrow":"USS"},"UYI":{"displayName":{"other":"Uruguayische Pesos (Indexierte Rechnungseinheiten)","one":"Uruguayischer Peso (Indexierte Rechnungseinheiten)"},"symbol":"UYI","narrow":"UYI"},"UYP":{"displayName":{"other":"Uruguayische Pesos (1975–1993)","one":"Uruguayischer Peso (1975–1993)"},"symbol":"UYP","narrow":"UYP"},"UYU":{"displayName":{"other":"Uruguayische Pesos","one":"Uruguayischer Peso"},"symbol":"UYU","narrow":"$"},"UYW":{"displayName":{"other":"UYW"},"symbol":"UYW","narrow":"UYW"},"UZS":{"displayName":{"other":"Usbekistan-Sum"},"symbol":"UZS","narrow":"UZS"},"VEB":{"displayName":{"other":"Venezolanische Bolívares (1871–2008)","one":"Venezolanischer Bolívar (1871–2008)"},"symbol":"VEB","narrow":"VEB"},"VEF":{"displayName":{"other":"Venezolanische Bolívares (2008–2018)","one":"Venezolanischer Bolívar (2008–2018)"},"symbol":"VEF","narrow":"Bs"},"VES":{"displayName":{"other":"Venezolanische Bolívares","one":"Venezolanischer Bolívar"},"symbol":"VES","narrow":"VES"},"VND":{"displayName":{"other":"Vietnamesische Dong","one":"Vietnamesischer Dong"},"symbol":"₫","narrow":"₫"},"VNN":{"displayName":{"other":"Vietnamesische Dong(1978–1985)","one":"Vietnamesischer Dong(1978–1985)"},"symbol":"VNN","narrow":"VNN"},"VUV":{"displayName":{"other":"Vanuatu-Vatu"},"symbol":"VUV","narrow":"VUV"},"WST":{"displayName":{"other":"Samoanische Tala","one":"Samoanischer Tala"},"symbol":"WST","narrow":"WST"},"XAF":{"displayName":{"other":"CFA-Franc (BEAC)"},"symbol":"FCFA","narrow":"FCFA"},"XAG":{"displayName":{"other":"Unzen Silber","one":"Unze Silber"},"symbol":"XAG","narrow":"XAG"},"XAU":{"displayName":{"other":"Unzen Gold","one":"Unze Gold"},"symbol":"XAU","narrow":"XAU"},"XBA":{"displayName":{"other":"Europäische Rechnungseinheiten"},"symbol":"XBA","narrow":"XBA"},"XBB":{"displayName":{"other":"Europäische Währungseinheiten (XBB)"},"symbol":"XBB","narrow":"XBB"},"XBC":{"displayName":{"other":"Europäische Rechnungseinheiten (XBC)"},"symbol":"XBC","narrow":"XBC"},"XBD":{"displayName":{"other":"Europäische Rechnungseinheiten (XBD)"},"symbol":"XBD","narrow":"XBD"},"XCD":{"displayName":{"other":"Ostkaribische Dollar","one":"Ostkaribischer Dollar"},"symbol":"EC$","narrow":"$"},"XDR":{"displayName":{"other":"Sonderziehungsrechte"},"symbol":"XDR","narrow":"XDR"},"XEU":{"displayName":{"other":"Europäische Währungseinheiten (XEU)"},"symbol":"XEU","narrow":"XEU"},"XFO":{"displayName":{"other":"Französische Gold-Franc"},"symbol":"XFO","narrow":"XFO"},"XFU":{"displayName":{"other":"Französische UIC-Franc"},"symbol":"XFU","narrow":"XFU"},"XOF":{"displayName":{"other":"CFA-Francs (BCEAO)","one":"CFA-Franc (BCEAO)"},"symbol":"F CFA","narrow":"F CFA"},"XPD":{"displayName":{"other":"Unzen Palladium","one":"Unze Palladium"},"symbol":"XPD","narrow":"XPD"},"XPF":{"displayName":{"other":"CFP-Franc"},"symbol":"CFPF","narrow":"CFPF"},"XPT":{"displayName":{"other":"Unzen Platin","one":"Unze Platin"},"symbol":"XPT","narrow":"XPT"},"XRE":{"displayName":{"other":"RINET Funds"},"symbol":"XRE","narrow":"XRE"},"XSU":{"displayName":{"other":"SUCRE"},"symbol":"XSU","narrow":"XSU"},"XTS":{"displayName":{"other":"Testwährung"},"symbol":"XTS","narrow":"XTS"},"XUA":{"displayName":{"other":"Rechnungseinheiten der AfEB","one":"Rechnungseinheit der AfEB"},"symbol":"XUA","narrow":"XUA"},"XXX":{"displayName":{"other":"(unbekannte Währung)"},"symbol":"XXX","narrow":"XXX"},"YDD":{"displayName":{"other":"Jemen-Dinar"},"symbol":"YDD","narrow":"YDD"},"YER":{"displayName":{"other":"Jemen-Rial"},"symbol":"YER","narrow":"YER"},"YUD":{"displayName":{"other":"Jugoslawische Dinar (1966–1990)","one":"Jugoslawischer Dinar (1966–1990)"},"symbol":"YUD","narrow":"YUD"},"YUM":{"displayName":{"other":"Jugoslawische Neue Dinar (1994–2002)","one":"Jugoslawischer Neuer Dinar (1994–2002)"},"symbol":"YUM","narrow":"YUM"},"YUN":{"displayName":{"other":"Jugoslawische Dinar (konvertibel)"},"symbol":"YUN","narrow":"YUN"},"YUR":{"displayName":{"other":"Jugoslawische reformierte Dinar (1992–1993)","one":"Jugoslawischer reformierter Dinar (1992–1993)"},"symbol":"YUR","narrow":"YUR"},"ZAL":{"displayName":{"other":"Südafrikanischer Rand (Finanz)"},"symbol":"ZAL","narrow":"ZAL"},"ZAR":{"displayName":{"other":"Südafrikanische Rand","one":"Südafrikanischer Rand"},"symbol":"ZAR","narrow":"R"},"ZMK":{"displayName":{"other":"Kwacha (1968–2012)"},"symbol":"ZMK","narrow":"ZMK"},"ZMW":{"displayName":{"other":"Kwacha"},"symbol":"ZMW","narrow":"K"},"ZRN":{"displayName":{"other":"Zaire-Neue Zaïre (1993–1998)","one":"Zaire-Neuer Zaïre (1993–1998)"},"symbol":"ZRN","narrow":"ZRN"},"ZRZ":{"displayName":{"other":"Zaire-Zaïre (1971–1993)"},"symbol":"ZRZ","narrow":"ZRZ"},"ZWD":{"displayName":{"other":"Simbabwe-Dollar (1980–2008)"},"symbol":"ZWD","narrow":"ZWD"},"ZWL":{"displayName":{"other":"Simbabwe-Dollar (2009)"},"symbol":"ZWL","narrow":"ZWL"},"ZWR":{"displayName":{"other":"Simbabwe-Dollar (2008)"},"symbol":"ZWR","narrow":"ZWR"}},"numbers":{"nu":["latn"],"symbols":{"latn":{"decimal":",","group":".","list":";","percentSign":"%","plusSign":"+","minusSign":"-","approximatelySign":"≈","exponential":"E","superscriptingExponent":"·","perMille":"‰","infinity":"∞","nan":"NaN","timeSeparator":":"}},"percent":{"latn":"#,##0 %"},"decimal":{"latn":{"standard":"#,##0.###","long":{"1000":{"other":"0 Tausend"},"10000":{"other":"00 Tausend"},"100000":{"other":"000 Tausend"},"1000000":{"other":"0 Millionen","one":"0 Million"},"10000000":{"other":"00 Millionen"},"100000000":{"other":"000 Millionen"},"1000000000":{"other":"0 Milliarden","one":"0 Milliarde"},"10000000000":{"other":"00 Milliarden"},"100000000000":{"other":"000 Milliarden"},"1000000000000":{"other":"0 Billionen","one":"0 Billion"},"10000000000000":{"other":"00 Billionen"},"100000000000000":{"other":"000 Billionen"}},"short":{"1000":{"other":"0"},"10000":{"other":"0"},"100000":{"other":"0"},"1000000":{"other":"0 Mio'.'"},"10000000":{"other":"00 Mio'.'"},"100000000":{"other":"000 Mio'.'"},"1000000000":{"other":"0 Mrd'.'"},"10000000000":{"other":"00 Mrd'.'"},"100000000000":{"other":"000 Mrd'.'"},"1000000000000":{"other":"0 Bio'.'"},"10000000000000":{"other":"00 Bio'.'"},"100000000000000":{"other":"000 Bio'.'"}}}},"currency":{"latn":{"currencySpacing":{"beforeInsertBetween":" ","afterInsertBetween":" "},"standard":"#,##0.00 ¤","accounting":"#,##0.00 ¤","unitPattern":"{0} {1}","short":{"1000":{"other":"0"},"10000":{"other":"0"},"100000":{"other":"0"},"1000000":{"other":"0 Mio'.' ¤"},"10000000":{"other":"00 Mio'.' ¤"},"100000000":{"other":"000 Mio'.' ¤"},"1000000000":{"other":"0 Mrd'.' ¤"},"10000000000":{"other":"00 Mrd'.' ¤"},"100000000000":{"other":"000 Mrd'.' ¤"},"1000000000000":{"other":"0 Bio'.' ¤"},"10000000000000":{"other":"00 Bio'.' ¤"},"100000000000000":{"other":"000 Bio'.' ¤"}}}}},"nu":["latn"]},"locale":"de"}
