{"data":{"units":{"simple":{"degree":{"long":{"other":"{0} μοίρες","one":"{0} μοίρα"},"short":{"other":"{0}°"},"narrow":{"other":"{0}°"},"perUnit":{}},"hectare":{"long":{"other":"{0} εκτάρια","one":"{0} εκτάριο"},"short":{"other":"{0} εκτ."},"narrow":{"other":"{0} ha"},"perUnit":{}},"acre":{"long":{"other":"{0} ακρ"},"short":{"other":"{0} ακρ"},"narrow":{"other":"{0} ac"},"perUnit":{}},"percent":{"long":{"other":"{0} τοις εκατό"},"short":{"other":"{0}%"},"narrow":{"other":"{0}%"},"perUnit":{}},"liter-per-kilometer":{"long":{"other":"{0} λίτρα ανά χιλιόμετρο","one":"{0} λίτρο ανά χιλιόμετρο"},"short":{"other":"{0} λίτρα/χλμ","one":"{0} λίτρο/χλμ"},"narrow":{"other":"{0} λίτρα/χλμ","one":"{0} λίτρο/χλμ"},"perUnit":{}},"mile-per-gallon":{"long":{"other":"{0} μίλια ανά γαλόνι","one":"{0} μίλι ανά γαλόνι"},"short":{"other":"{0} mpg"},"narrow":{"other":"{0} mpg"},"perUnit":{}},"petabyte":{"long":{"other":"{0} petabyte"},"short":{"other":"{0} PB"},"narrow":{"other":"{0} PB"},"perUnit":{}},"terabyte":{"long":{"other":"{0} terabyte"},"short":{"other":"{0} TB"},"narrow":{"other":"{0} TB"},"perUnit":{}},"terabit":{"long":{"other":"{0} terabit"},"short":{"other":"{0} Tb"},"narrow":{"other":"{0} Tb"},"perUnit":{}},"gigabyte":{"long":{"other":"{0} gigabyte"},"short":{"other":"{0} GB"},"narrow":{"other":"{0} GB"},"perUnit":{}},"gigabit":{"long":{"other":"{0} gigabit"},"short":{"other":"{0} Gb"},"narrow":{"other":"{0} Gb"},"perUnit":{}},"megabyte":{"long":{"other":"{0} megabyte"},"short":{"other":"{0} MB"},"narrow":{"other":"{0} MB"},"perUnit":{}},"megabit":{"long":{"other":"{0} megabit"},"short":{"other":"{0} Mb"},"narrow":{"other":"{0} Mb"},"perUnit":{}},"kilobyte":{"long":{"other":"{0} kilobyte"},"short":{"other":"{0} kB"},"narrow":{"other":"{0} kB"},"perUnit":{}},"kilobit":{"long":{"other":"{0} kilobit"},"short":{"other":"{0} kb"},"narrow":{"other":"{0} kb"},"perUnit":{}},"byte":{"long":{"other":"{0} byte"},"short":{"other":"{0} byte"},"narrow":{"other":"{0} byte"},"perUnit":{}},"bit":{"long":{"other":"{0} bit"},"short":{"other":"{0} bit"},"narrow":{"other":"{0} bit"},"perUnit":{}},"year":{"long":{"other":"{0} έτη","one":"{0} έτος"},"short":{"other":"{0} έτ."},"narrow":{"other":"{0} έ"},"perUnit":{"long":"{0} ανά έτος","short":"{0}/έτ.","narrow":"{0}/έτ."}},"month":{"long":{"other":"{0} μήνες","one":"{0} μήνας"},"short":{"other":"{0} μήν."},"narrow":{"other":"{0} μ"},"perUnit":{"long":"{0} ανά μήνα","short":"{0}/μ.","narrow":"{0}/μ."}},"week":{"long":{"other":"{0} εβδομάδες","one":"{0} εβδομάδα"},"short":{"other":"{0} εβδ."},"narrow":{"other":"{0} ε"},"perUnit":{"long":"{0} ανά εβδομάδα","short":"{0}/εβδ.","narrow":"{0}/εβδ."}},"day":{"long":{"other":"{0} ημέρες","one":"{0} ημέρα"},"short":{"other":"{0} ημέρες","one":"{0} ημέρα"},"narrow":{"other":"{0} η"},"perUnit":{"long":"{0} ανά ημέρα","short":"{0}/ημ.","narrow":"{0}/ημ."}},"hour":{"long":{"other":"{0} ώρες","one":"{0} ώρα"},"short":{"other":"{0} ώρ.","one":"{0} ώρα"},"narrow":{"other":"{0} ώ"},"perUnit":{"long":"{0} ανά ώρα","short":"{0}/ώ.","narrow":"{0}/ώ."}},"minute":{"long":{"other":"{0} λεπτά","one":"{0} λεπτό"},"short":{"other":"{0} λεπ."},"narrow":{"other":"{0} λ"},"perUnit":{"long":"{0} ανά λεπτό","short":"{0}/λ.","narrow":"{0}/λ."}},"second":{"long":{"other":"{0} δευτερόλεπτα","one":"{0} δευτερόλεπτο"},"short":{"other":"{0} δευτ."},"narrow":{"other":"{0} δ"},"perUnit":{"long":"{0} ανά δευτερόλεπτο","short":"{0}/δευτ.","narrow":"{0}/δευτ."}},"millisecond":{"long":{"other":"{0} χιλιοστά του δευτερολέπτου","one":"{0} χιλιοστό του δευτερολέπτου"},"short":{"other":"{0} ms"},"narrow":{"other":"{0} ms"},"perUnit":{}},"kilometer":{"long":{"other":"{0} χιλιόμετρα","one":"{0} χιλιόμετρο"},"short":{"other":"{0} χλμ."},"narrow":{"other":"{0} χλμ."},"perUnit":{"long":"{0} ανά χιλιόμετρο","short":"{0}/χλμ.","narrow":"{0}/χλμ."}},"meter":{"long":{"other":"{0} μέτρα","one":"{0} μέτρο"},"short":{"other":"{0} μ."},"narrow":{"other":"{0} μ."},"perUnit":{"long":"{0} ανά μέτρο","short":"{0}/μ.","narrow":"{0}/μ."}},"centimeter":{"long":{"other":"{0} εκατοστά","one":"{0} εκατοστό"},"short":{"other":"{0} εκ."},"narrow":{"other":"{0} εκ."},"perUnit":{"long":"{0} ανά εκατοστό","short":"{0}/εκ.","narrow":"{0}/εκ."}},"millimeter":{"long":{"other":"{0} χιλιοστόμετρα","one":"{0} χιλιοστόμετρο"},"short":{"other":"{0} χλστ."},"narrow":{"other":"{0} χλστ."},"perUnit":{}},"mile":{"long":{"other":"{0} μίλια","one":"{0} μίλι"},"short":{"other":"{0} μίλ."},"narrow":{"other":"{0} mi"},"perUnit":{}},"yard":{"long":{"other":"{0} γιάρδες","one":"{0} γιάρδα"},"short":{"other":"{0} γρδ"},"narrow":{"other":"{0} yd"},"perUnit":{}},"foot":{"long":{"other":"{0} πόδια","one":"{0} πόδι"},"short":{"other":"{0} πδ"},"narrow":{"other":"{0} ft"},"perUnit":{"long":"{0} ανά πόδι","short":"{0}/πδ","narrow":"{0}/πδ"}},"inch":{"long":{"other":"{0} ίντσες","one":"{0} ίντσα"},"short":{"other":"{0} ίν."},"narrow":{"other":"{0} in"},"perUnit":{"long":"{0} ανά ίντσα","short":"{0}/ίν.","narrow":"{0}/ίν."}},"mile-scandinavian":{"long":{"other":"{0} σκανδιναβικά μίλια","one":"{0} σκανδιναβικό μίλι"},"short":{"other":"{0} σκανδ. μίλια","one":"{0} σκανδ. μίλι"},"narrow":{"other":"{0} σκανδ. μίλια","one":"{0} σκανδ. μίλι"},"perUnit":{}},"kilogram":{"long":{"other":"{0} χιλιόγραμμα","one":"{0} χιλιόγραμμο"},"short":{"other":"{0} κιλά","one":"{0} κιλό"},"narrow":{"other":"{0} kg"},"perUnit":{"long":"{0} ανά χιλιόγραμμο","short":"{0}/κιλό","narrow":"{0}/κιλό"}},"gram":{"long":{"other":"{0} γραμμάρια","one":"{0} γραμμάριο"},"short":{"other":"{0} γρ."},"narrow":{"other":"{0} γρ."},"perUnit":{"long":"{0} ανά γραμμάριο","short":"{0}/γρ.","narrow":"{0}/γρ."}},"stone":{"long":{"other":"{0} stone"},"short":{"other":"{0} st"},"narrow":{"other":"{0} st"},"perUnit":{}},"pound":{"long":{"other":"{0} λίβρες","one":"{0} λίβρα"},"short":{"other":"{0} λβ"},"narrow":{"other":"{0} lb"},"perUnit":{"long":"{0} ανά λίβρα","short":"{0}/λβ","narrow":"{0}/λβ"}},"ounce":{"long":{"other":"{0} ουγγιές","one":"{0} ουγγιά"},"short":{"other":"{0} oz"},"narrow":{"other":"{0} oz"},"perUnit":{"long":"{0} ανά ουγγιά","short":"{0}/oz","narrow":"{0}/oz"}},"kilometer-per-hour":{"long":{"other":"{0} χιλιόμετρα ανά ώρα","one":"{0} χιλιόμετρο ανά ώρα"},"short":{"other":"{0} χλμ./ώρα"},"narrow":{"other":"{0} χλμ/ώ."},"perUnit":{}},"meter-per-second":{"long":{"other":"{0} μέτρα ανά δευτερόλεπτο","one":"{0} μέτρο ανά δευτερόλεπτο"},"short":{"other":"{0} μέτρα/δευτ.","one":"{0} μέτρο/δευτ."},"narrow":{"other":"{0} m/s"},"perUnit":{}},"mile-per-hour":{"long":{"other":"{0} μίλια ανά ώρα","one":"{0} μίλι ανά ώρα"},"short":{"other":"{0} μίλια/ώρα","one":"{0} μίλι/ώρα"},"narrow":{"other":"{0} mi/h"},"perUnit":{}},"celsius":{"long":{"other":"{0} βαθμοί Κελσίου","one":"{0} βαθμός Κελσίου"},"short":{"other":"{0}°C"},"narrow":{"other":"{0}°C"},"perUnit":{}},"fahrenheit":{"long":{"other":"{0} βαθμοί Φαρενάιτ","one":"{0} βαθμός Φαρενάιτ"},"short":{"other":"{0}°F"},"narrow":{"other":"{0}°F"},"perUnit":{}},"liter":{"long":{"other":"{0} λίτρα","one":"{0} λίτρο"},"short":{"other":"{0} λίτ."},"narrow":{"other":"{0} λ."},"perUnit":{"long":"{0} ανά λίτρο","short":"{0}/λ.","narrow":"{0}/λ."}},"milliliter":{"long":{"other":"{0} χιλιοστόλιτρα","one":"{0} χιλιοστόλιτρο"},"short":{"other":"{0} mL"},"narrow":{"other":"{0} mL"},"perUnit":{}},"gallon":{"long":{"other":"{0} γαλόνια","one":"{0} γαλόνι"},"short":{"other":"{0} γαλ."},"narrow":{"other":"{0} γαλ."},"perUnit":{"long":"{0} ανά γαλόνι","short":"{0}/γαλ.","narrow":"{0}/γαλ."}},"fluid-ounce":{"long":{"other":"{0} ουγγιές όγκου","one":"{0} ουγγιά όγκου"},"short":{"other":"{0} fl oz"},"narrow":{"other":"{0} fl oz"},"perUnit":{}}},"compound":{"per":{"long":"{0} ανά {1}","short":"{0}/{1}","narrow":"{0}/{1}"}}},"currencies":{"ADP":{"displayName":{"other":"πεσέτες Ανδόρας","one":"πεσέτα Ανδόρας"},"symbol":"ADP","narrow":"ADP"},"AED":{"displayName":{"other":"ντιράμ Ηνωμένων Αραβικών Εμιράτων"},"symbol":"AED","narrow":"AED"},"AFA":{"displayName":{"other":"αφγάνι Αφγανιστάν (AFA)"},"symbol":"AFA","narrow":"AFA"},"AFN":{"displayName":{"other":"αφγάνια Αφγανιστάν","one":"αφγάνι Αφγανιστάν"},"symbol":"AFN","narrow":"؋"},"ALK":{"displayName":{"other":"ALK"},"symbol":"ALK","narrow":"ALK"},"ALL":{"displayName":{"other":"λεκ Αλβανίας"},"symbol":"ALL","narrow":"ALL"},"AMD":{"displayName":{"other":"ντραμ Αρμενίας"},"symbol":"AMD","narrow":"֏"},"ANG":{"displayName":{"other":"γκίλντες Ολλανδικών Αντιλλών","one":"γκίλντα Ολλανδικών Αντιλλών"},"symbol":"ANG","narrow":"ANG"},"AOA":{"displayName":{"other":"κουάνζα Ανγκόλας"},"symbol":"AOA","narrow":"Kz"},"AOK":{"displayName":{"other":"κουάνζα Ανγκόλας (AOK)"},"symbol":"AOK","narrow":"AOK"},"AON":{"displayName":{"other":"νέα κουάνζα Ανγκόλας (1990–2000)","one":"νέο κουάνζα Ανγκόλας (1990–2000)"},"symbol":"AON","narrow":"AON"},"AOR":{"displayName":{"other":"AOR"},"symbol":"AOR","narrow":"AOR"},"ARA":{"displayName":{"other":"αουστράλ Αργεντινής"},"symbol":"ARA","narrow":"ARA"},"ARL":{"displayName":{"other":"ARL"},"symbol":"ARL","narrow":"ARL"},"ARM":{"displayName":{"other":"ARM"},"symbol":"ARM","narrow":"ARM"},"ARP":{"displayName":{"other":"πέσο Αργεντινής (ARP)"},"symbol":"ARP","narrow":"ARP"},"ARS":{"displayName":{"other":"πέσο Αργεντινής"},"symbol":"ARS","narrow":"$"},"ATS":{"displayName":{"other":"σελίνια Αυστρίας","one":"σελίνι Αυστρίας"},"symbol":"ATS","narrow":"ATS"},"AUD":{"displayName":{"other":"δολάρια Αυστραλίας","one":"δολάριο Αυστραλίας"},"symbol":"A$","narrow":"$"},"AWG":{"displayName":{"other":"φλορίνια Αρούμπας","one":"φλορίνι Αρούμπας"},"symbol":"AWG","narrow":"AWG"},"AZM":{"displayName":{"other":"μανάτ Αζερμπαϊτζάν (1993–2006)"},"symbol":"AZM","narrow":"AZM"},"AZN":{"displayName":{"other":"μανάτ Αζερμπαϊτζάν"},"symbol":"AZN","narrow":"₼"},"BAD":{"displayName":{"other":"δηνάρια Βοσνίας-Ερζεγοβίνης","one":"δηνάριο Βοσνίας-Ερζεγοβίνης"},"symbol":"BAD","narrow":"BAD"},"BAM":{"displayName":{"other":"μετατρέψιμα μάρκα Βοσνίας-Ερζεγοβίνης","one":"μετατρέψιμο μάρκο Βοσνίας-Ερζεγοβίνης"},"symbol":"BAM","narrow":"KM"},"BAN":{"displayName":{"other":"BAN"},"symbol":"BAN","narrow":"BAN"},"BBD":{"displayName":{"other":"δολάρια Μπαρμπέιντος","one":"δολάριο Μπαρμπέιντος"},"symbol":"BBD","narrow":"$"},"BDT":{"displayName":{"other":"τάκα Μπαγκλαντές"},"symbol":"BDT","narrow":"৳"},"BEC":{"displayName":{"other":"φράγκα Βελγίου (μετατρέψιμα)","one":"φράγκο Βελγίου (μετατρέψιμο)"},"symbol":"BEC","narrow":"BEC"},"BEF":{"displayName":{"other":"φράγκα Βελγίου","one":"φράγκο Βελγίου"},"symbol":"BEF","narrow":"BEF"},"BEL":{"displayName":{"other":"φράγκα Βελγίου (οικονομικό)","one":"φράγκο Βελγίου (οικονομικό)"},"symbol":"BEL","narrow":"BEL"},"BGL":{"displayName":{"other":"μεταλλικά λεβ Βουλγαρίας","one":"μεταλλικό λεβ Βουλγαρίας"},"symbol":"BGL","narrow":"BGL"},"BGM":{"displayName":{"other":"BGM"},"symbol":"BGM","narrow":"BGM"},"BGN":{"displayName":{"other":"λεβ Βουλγαρίας"},"symbol":"BGN","narrow":"BGN"},"BGO":{"displayName":{"other":"BGO"},"symbol":"BGO","narrow":"BGO"},"BHD":{"displayName":{"other":"δηνάρια Μπαχρέιν","one":"δηνάριο Μπαχρέιν"},"symbol":"BHD","narrow":"BHD"},"BIF":{"displayName":{"other":"φράγκα Μπουρούντι","one":"φράγκο Μπουρούντι"},"symbol":"BIF","narrow":"BIF"},"BMD":{"displayName":{"other":"δολάρια Βερμούδων","one":"δολάριο Βερμούδων"},"symbol":"BMD","narrow":"$"},"BND":{"displayName":{"other":"δολάρια Μπρουνέι","one":"δολάριο Μπρουνέι"},"symbol":"BND","narrow":"$"},"BOB":{"displayName":{"other":"μπολιβιάνο Βολιβίας"},"symbol":"BOB","narrow":"Bs"},"BOL":{"displayName":{"other":"BOL"},"symbol":"BOL","narrow":"BOL"},"BOP":{"displayName":{"other":"πέσο Βολιβίας"},"symbol":"BOP","narrow":"BOP"},"BOV":{"displayName":{"other":"μβντολ Βολιβίας"},"symbol":"BOV","narrow":"BOV"},"BRB":{"displayName":{"other":"νέα κρουζέιρο Βραζιλίας (BRB)","one":"νέο κρουζέιρο Βραζιλίας (BRB)"},"symbol":"BRB","narrow":"BRB"},"BRC":{"displayName":{"other":"κρουζάντο Βραζιλίας"},"symbol":"BRC","narrow":"BRC"},"BRE":{"displayName":{"other":"κρουζέιρο Βραζιλίας (BRE)"},"symbol":"BRE","narrow":"BRE"},"BRL":{"displayName":{"other":"ρεάλ Βραζιλίας"},"symbol":"R$","narrow":"R$"},"BRN":{"displayName":{"other":"νέα κρουζάντο Βραζιλίας","one":"νέο κρουζάντο Βραζιλίας"},"symbol":"BRN","narrow":"BRN"},"BRR":{"displayName":{"other":"κρουζέιρο Βραζιλίας"},"symbol":"BRR","narrow":"BRR"},"BRZ":{"displayName":{"other":"BRZ"},"symbol":"BRZ","narrow":"BRZ"},"BSD":{"displayName":{"other":"δολάρια Μπαχαμών","one":"δολάριο Μπαχαμών"},"symbol":"BSD","narrow":"$"},"BTN":{"displayName":{"other":"νγκούλτρουμ Μπουτάν"},"symbol":"BTN","narrow":"BTN"},"BUK":{"displayName":{"other":"κιάτ Βιρμανίας"},"symbol":"BUK","narrow":"BUK"},"BWP":{"displayName":{"other":"πούλα Μποτσουάνας"},"symbol":"BWP","narrow":"P"},"BYB":{"displayName":{"other":"νέα ρούβλια Λευκορωσίας (1994–1999)","one":"νέο ρούβλι Λευκορωσίας (1994–1999)"},"symbol":"BYB","narrow":"BYB"},"BYN":{"displayName":{"other":"ρούβλια Λευκορωσίας","one":"ρούβλι Λευκορωσίας"},"symbol":"BYN","narrow":"р."},"BYR":{"displayName":{"other":"ρούβλια Λευκορωσίας (2000–2016)","one":"ρούβλι Λευκορωσίας (2000–2016)"},"symbol":"BYR","narrow":"BYR"},"BZD":{"displayName":{"other":"δολάρια Μπελίζ","one":"δολάριο Μπελίζ"},"symbol":"BZD","narrow":"$"},"CAD":{"displayName":{"other":"δολάρια Καναδά","one":"δολάριο Καναδά"},"symbol":"CA$","narrow":"$"},"CDF":{"displayName":{"other":"φράγκα Κονγκό","one":"φράγκο Κονγκό"},"symbol":"CDF","narrow":"CDF"},"CHE":{"displayName":{"other":"ευρώ WIR"},"symbol":"CHE","narrow":"CHE"},"CHF":{"displayName":{"other":"φράγκα Ελβετίας","one":"φράγκο Ελβετίας"},"symbol":"CHF","narrow":"CHF"},"CHW":{"displayName":{"other":"φράγκα WIR","one":"φράγκο WIR"},"symbol":"CHW","narrow":"CHW"},"CLE":{"displayName":{"other":"CLE"},"symbol":"CLE","narrow":"CLE"},"CLF":{"displayName":{"other":"ουνιδάδες ντε φομέντο Χιλής"},"symbol":"CLF","narrow":"CLF"},"CLP":{"displayName":{"other":"πέσο Χιλής"},"symbol":"CLP","narrow":"$"},"CNH":{"displayName":{"other":"γουάν Κίνας (υπεράκτια)","one":"γουάν Κίνας (υπεράκτιο)"},"symbol":"CNH","narrow":"CNH"},"CNX":{"displayName":{"other":"CNX"},"symbol":"CNX","narrow":"CNX"},"CNY":{"displayName":{"other":"γουάν Κίνας"},"symbol":"CN¥","narrow":"¥"},"COP":{"displayName":{"other":"πέσο Κολομβίας"},"symbol":"COP","narrow":"$"},"COU":{"displayName":{"other":"COU"},"symbol":"COU","narrow":"COU"},"CRC":{"displayName":{"other":"κολόν Κόστα Ρίκα"},"symbol":"CRC","narrow":"₡"},"CSD":{"displayName":{"other":"παλιά δινάρια Σερβίας","one":"παλιό δινάρη Σερβίας"},"symbol":"CSD","narrow":"CSD"},"CSK":{"displayName":{"other":"σκληρές κορόνες Τσεχοσλοβακίας","one":"σκληρή κορόνα Τσεχοσλοβακίας"},"symbol":"CSK","narrow":"CSK"},"CUC":{"displayName":{"other":"μετατρέψιμα πέσο Κούβας","one":"μετατρέψιμο πέσο Κούβας"},"symbol":"CUC","narrow":"$"},"CUP":{"displayName":{"other":"πέσο Κούβας"},"symbol":"CUP","narrow":"$"},"CVE":{"displayName":{"other":"εσκούδο Πράσινου Ακρωτηρίου"},"symbol":"CVE","narrow":"CVE"},"CYP":{"displayName":{"other":"λίρες Κύπρου","one":"λίρα Κύπρου"},"symbol":"CYP","narrow":"CYP"},"CZK":{"displayName":{"other":"κορόνες Τσεχίας","one":"κορόνα Τσεχίας"},"symbol":"CZK","narrow":"Kč"},"DDM":{"displayName":{"other":"όστμαρκ Ανατολικής Γερμανίας"},"symbol":"DDM","narrow":"DDM"},"DEM":{"displayName":{"other":"μάρκα Γερμανίας","one":"μάρκο Γερμανίας"},"symbol":"DEM","narrow":"DEM"},"DJF":{"displayName":{"other":"φράγκα Τζιμπουτί","one":"φράγκο Τζιμπουτί"},"symbol":"DJF","narrow":"DJF"},"DKK":{"displayName":{"other":"κορόνες Δανίας","one":"κορόνα Δανίας"},"symbol":"DKK","narrow":"kr"},"DOP":{"displayName":{"other":"πέσο Δομινικανής Δημοκρατίας"},"symbol":"DOP","narrow":"$"},"DZD":{"displayName":{"other":"δηνάρια Αλγερίας","one":"δηνάριο Αλγερίας"},"symbol":"DZD","narrow":"DZD"},"ECS":{"displayName":{"other":"σούκρε Εκουαδόρ"},"symbol":"ECS","narrow":"ECS"},"ECV":{"displayName":{"other":"ECV"},"symbol":"ECV","narrow":"ECV"},"EEK":{"displayName":{"other":"κορόνες Εσθονίας","one":"κορόνα Εσθονίας"},"symbol":"EEK","narrow":"EEK"},"EGP":{"displayName":{"other":"λίρες Αιγύπτου","one":"λίρα Αιγύπτου"},"symbol":"EGP","narrow":"E£"},"ERN":{"displayName":{"other":"νάκφα Ερυθραίας"},"symbol":"ERN","narrow":"ERN"},"ESA":{"displayName":{"other":"πεσέτες Ισπανίας (λογαριασμός Α)","one":"πεσέτα Ισπανίας (λογαριασμός Α)"},"symbol":"ESA","narrow":"ESA"},"ESB":{"displayName":{"other":"πεσέτες Ισπανίας (μετατρέψιμες)","one":"πεσέτα Ισπανίας (μετατρέψιμος λογαριασμός)"},"symbol":"ESB","narrow":"ESB"},"ESP":{"displayName":{"other":"πεσέτες Ισπανίας","one":"πεσέτα Ισπανίας"},"symbol":"ESP","narrow":"₧"},"ETB":{"displayName":{"other":"μπιρ Αιθιοπίας"},"symbol":"ETB","narrow":"ETB"},"EUR":{"displayName":{"other":"ευρώ"},"symbol":"€","narrow":"€"},"FIM":{"displayName":{"other":"μάρκα Φινλανδίας","one":"μάρκο Φινλανδίας"},"symbol":"FIM","narrow":"FIM"},"FJD":{"displayName":{"other":"δολάρια Φίτζι","one":"δολάριο Φίτζι"},"symbol":"FJD","narrow":"$"},"FKP":{"displayName":{"other":"λίρες Νήσων Φόκλαντ","one":"λίρα Νήσων Φόκλαντ"},"symbol":"FKP","narrow":"£"},"FRF":{"displayName":{"other":"φράγκα Γαλλίας","one":"φράγκο Γαλλίας"},"symbol":"FRF","narrow":"FRF"},"GBP":{"displayName":{"other":"λίρες στερλίνες Βρετανίας","one":"λίρα στερλίνα Βρετανίας"},"symbol":"£","narrow":"£"},"GEK":{"displayName":{"other":"κούπον λάρι Γεωργίας"},"symbol":"GEK","narrow":"GEK"},"GEL":{"displayName":{"other":"λάρι Γεωργίας"},"symbol":"GEL","narrow":"₾"},"GHC":{"displayName":{"other":"σέντι Γκάνας (GHC)"},"symbol":"GHC","narrow":"GHC"},"GHS":{"displayName":{"other":"σέντι Γκάνας"},"symbol":"GHS","narrow":"GH₵"},"GIP":{"displayName":{"other":"λίρες Γιβραλτάρ","one":"λίρα Γιβραλτάρ"},"symbol":"GIP","narrow":"£"},"GMD":{"displayName":{"other":"νταλάσι Γκάμπιας"},"symbol":"GMD","narrow":"GMD"},"GNF":{"displayName":{"other":"φράγκα Γουινέας","one":"φράγκο Γουινέας"},"symbol":"GNF","narrow":"FG"},"GNS":{"displayName":{"other":"συλί Γουινέας"},"symbol":"GNS","narrow":"GNS"},"GQE":{"displayName":{"other":"εκουέλε Ισημερινής Γουινέας"},"symbol":"GQE","narrow":"GQE"},"GRD":{"displayName":{"other":"δραχμές Ελλάδας","one":"δραχμή Ελλάδας"},"symbol":"Δρχ","narrow":"Δρχ"},"GTQ":{"displayName":{"other":"κουετσάλ Γουατεμάλας"},"symbol":"GTQ","narrow":"Q"},"GWE":{"displayName":{"other":"γκινέα εσκούδο Πορτογαλίας"},"symbol":"GWE","narrow":"GWE"},"GWP":{"displayName":{"other":"πέσο Γουινέα-Μπισάου"},"symbol":"GWP","narrow":"GWP"},"GYD":{"displayName":{"other":"δολάρια Γουιάνας","one":"δολάριο Γουιάνας"},"symbol":"GYD","narrow":"$"},"HKD":{"displayName":{"other":"δολάρια Χονγκ Κονγκ","one":"δολάριο Χονγκ Κονγκ"},"symbol":"HK$","narrow":"$"},"HNL":{"displayName":{"other":"λεμπίρα Ονδούρας"},"symbol":"HNL","narrow":"L"},"HRD":{"displayName":{"other":"δηνάρια Κροατίας","one":"δηνάριο Κροατίας"},"symbol":"HRD","narrow":"HRD"},"HRK":{"displayName":{"other":"κούνα Κροατίας"},"symbol":"HRK","narrow":"kn"},"HTG":{"displayName":{"other":"γκουρντ Αϊτής"},"symbol":"HTG","narrow":"HTG"},"HUF":{"displayName":{"other":"φιορίνια Ουγγαρίας","one":"φιορίνι Ουγγαρίας"},"symbol":"HUF","narrow":"Ft"},"IDR":{"displayName":{"other":"ρουπία Ινδονησίας"},"symbol":"IDR","narrow":"Rp"},"IEP":{"displayName":{"other":"λίρες Ιρλανδίας","one":"λίρα Ιρλανδίας"},"symbol":"IEP","narrow":"IEP"},"ILP":{"displayName":{"other":"λίρες Ισραήλ","one":"λίρα Ισραήλ"},"symbol":"ILP","narrow":"ILP"},"ILR":{"displayName":{"other":"παλιά σεκέλ Ισραήλ","one":"παλιό σεκέλ Ισραήλ"},"symbol":"ILR","narrow":"ILR"},"ILS":{"displayName":{"other":"νέα σέκελ Ισραήλ","one":"νέο σέκελ Ισραήλ"},"symbol":"₪","narrow":"₪"},"INR":{"displayName":{"other":"ρουπίες Ινδίας","one":"ρουπία Ινδίας"},"symbol":"₹","narrow":"₹"},"IQD":{"displayName":{"other":"δηνάρια Ιράκ","one":"δηνάριο Ιράκ"},"symbol":"IQD","narrow":"IQD"},"IRR":{"displayName":{"other":"ριάλ Ιράν"},"symbol":"IRR","narrow":"IRR"},"ISJ":{"displayName":{"other":"παλιές κορόνες Ισλανδίας","one":"Παλιά κορόνα Ισλανδίας"},"symbol":"ISJ","narrow":"ISJ"},"ISK":{"displayName":{"other":"κορόνες Ισλανδίας","one":"κορόνα Ισλανδίας"},"symbol":"ISK","narrow":"kr"},"ITL":{"displayName":{"other":"λιρέτες Ιταλίας","one":"λιρέτα Ιταλίας"},"symbol":"ITL","narrow":"ITL"},"JMD":{"displayName":{"other":"δολάρια Τζαμάικας","one":"δολάριο Τζαμάικας"},"symbol":"JMD","narrow":"$"},"JOD":{"displayName":{"other":"δηνάρια Ιορδανίας","one":"δηνάριο Ιορδανίας"},"symbol":"JOD","narrow":"JOD"},"JPY":{"displayName":{"other":"γιεν Ιαπωνίας"},"symbol":"JP¥","narrow":"¥"},"KES":{"displayName":{"other":"σελίνια Κένυας","one":"σελίνι Κένυας"},"symbol":"KES","narrow":"KES"},"KGS":{"displayName":{"other":"σομ Κιργιζίας"},"symbol":"KGS","narrow":"KGS"},"KHR":{"displayName":{"other":"ρίελ Καμπότζης"},"symbol":"KHR","narrow":"៛"},"KMF":{"displayName":{"other":"φράγκα Κομορών","one":"φράγκο Κομορών"},"symbol":"KMF","narrow":"CF"},"KPW":{"displayName":{"other":"γουόν Βόρειας Κορέας"},"symbol":"KPW","narrow":"₩"},"KRH":{"displayName":{"other":"KRH"},"symbol":"KRH","narrow":"KRH"},"KRO":{"displayName":{"other":"KRO"},"symbol":"KRO","narrow":"KRO"},"KRW":{"displayName":{"other":"γουόν Νότιας Κορέας"},"symbol":"₩","narrow":"₩"},"KWD":{"displayName":{"other":"δηνάρια Κουβέιτ","one":"δηνάριο Κουβέιτ"},"symbol":"KWD","narrow":"KWD"},"KYD":{"displayName":{"other":"δολάρια Νήσων Κέιμαν","one":"δολάριο Νήσων Κέιμαν"},"symbol":"KYD","narrow":"$"},"KZT":{"displayName":{"other":"τένγκε Καζακστάν"},"symbol":"KZT","narrow":"₸"},"LAK":{"displayName":{"other":"κιπ Λάος"},"symbol":"LAK","narrow":"₭"},"LBP":{"displayName":{"other":"λίρες Λιβάνου","one":"λίρα Λιβάνου"},"symbol":"LBP","narrow":"L£"},"LKR":{"displayName":{"other":"ρουπίες Σρι Λάνκα","one":"ρουπία Σρι Λάνκα"},"symbol":"LKR","narrow":"Rs"},"LRD":{"displayName":{"other":"δολάρια Λιβερίας","one":"δολάριο Λιβερίας"},"symbol":"LRD","narrow":"$"},"LSL":{"displayName":{"other":"λότι Λεσόθο"},"symbol":"LSL","narrow":"LSL"},"LTL":{"displayName":{"other":"λίτα Λιθουανίας"},"symbol":"LTL","narrow":"Lt"},"LTT":{"displayName":{"other":"ταλόνας Λιθουανίας"},"symbol":"LTT","narrow":"LTT"},"LUC":{"displayName":{"other":"Μετατρέψιμο Φράγκο Λουξεμβούργου"},"symbol":"LUC","narrow":"LUC"},"LUF":{"displayName":{"other":"φράγκα Λουξεμβούργου","one":"φράγκο Λουξεμβούργου"},"symbol":"LUF","narrow":"LUF"},"LUL":{"displayName":{"other":"Οικονομικό Φράγκο Λουξεμβούργου"},"symbol":"LUL","narrow":"LUL"},"LVL":{"displayName":{"other":"λατς Λετονίας"},"symbol":"LVL","narrow":"Ls"},"LVR":{"displayName":{"other":"ρούβλια Λετονίας","one":"ρούβλι Λετονίας"},"symbol":"LVR","narrow":"LVR"},"LYD":{"displayName":{"other":"δηνάρια Λιβύης","one":"δηνάριο Λιβύης"},"symbol":"LYD","narrow":"LYD"},"MAD":{"displayName":{"other":"ντιράμ Μαρόκου"},"symbol":"MAD","narrow":"MAD"},"MAF":{"displayName":{"other":"φράγκα Μαρόκου","one":"φράγκο Μαρόκου"},"symbol":"MAF","narrow":"MAF"},"MCF":{"displayName":{"other":"MCF"},"symbol":"MCF","narrow":"MCF"},"MDC":{"displayName":{"other":"MDC"},"symbol":"MDC","narrow":"MDC"},"MDL":{"displayName":{"other":"λέου Μολδαβίας"},"symbol":"MDL","narrow":"MDL"},"MGA":{"displayName":{"other":"αριάρι Μαδαγασκάρης"},"symbol":"MGA","narrow":"Ar"},"MGF":{"displayName":{"other":"φράγκα Μαδαγασκάρης","one":"φράγκο Μαδαγασκάρης"},"symbol":"MGF","narrow":"MGF"},"MKD":{"displayName":{"other":"δηνάρια ΠΓΔΜ","one":"δηνάριο ΠΓΔΜ"},"symbol":"MKD","narrow":"MKD"},"MKN":{"displayName":{"other":"MKN"},"symbol":"MKN","narrow":"MKN"},"MLF":{"displayName":{"other":"φράγκα Μαλί","one":"φράγκο Μαλί"},"symbol":"MLF","narrow":"MLF"},"MMK":{"displayName":{"other":"κιάτ Μιανμάρ"},"symbol":"MMK","narrow":"K"},"MNT":{"displayName":{"other":"τουγκρίκ Μογγολίας"},"symbol":"MNT","narrow":"₮"},"MOP":{"displayName":{"other":"πατάκα Μακάο"},"symbol":"MOP","narrow":"MOP"},"MRO":{"displayName":{"other":"ουγκίγια Μαυριτανίας (1973–2017)"},"symbol":"MRO","narrow":"MRO"},"MRU":{"displayName":{"other":"ουγκίγια Μαυριτανίας"},"symbol":"MRU","narrow":"MRU"},"MTL":{"displayName":{"other":"λιρέτες Μάλτας","one":"λιρέτα Μάλτας"},"symbol":"MTL","narrow":"MTL"},"MTP":{"displayName":{"other":"λίρες Μάλτας","one":"λίρα Μάλτας"},"symbol":"MTP","narrow":"MTP"},"MUR":{"displayName":{"other":"ρουπίες Μαυρικίου","one":"ρουπία Μαυρικίου"},"symbol":"MUR","narrow":"Rs"},"MVP":{"displayName":{"other":"MVP"},"symbol":"MVP","narrow":"MVP"},"MVR":{"displayName":{"other":"ρουφίγιες Μαλδίβων","one":"ρουφίγια Μαλδίβων"},"symbol":"MVR","narrow":"MVR"},"MWK":{"displayName":{"other":"κουάτσα Μαλάουι"},"symbol":"MWK","narrow":"MWK"},"MXN":{"displayName":{"other":"πέσο Μεξικού"},"symbol":"MX$","narrow":"$"},"MXP":{"displayName":{"other":"ασημένια πέσο Μεξικού (MXP)","one":"ασημένιο πέσο Μεξικού (MXP)"},"symbol":"MXP","narrow":"MXP"},"MXV":{"displayName":{"other":"MXV"},"symbol":"MXV","narrow":"MXV"},"MYR":{"displayName":{"other":"ρινγκίτ Μαλαισίας"},"symbol":"MYR","narrow":"RM"},"MZE":{"displayName":{"other":"εσκούδο Μοζαμβίκης"},"symbol":"MZE","narrow":"MZE"},"MZM":{"displayName":{"other":"παλιά μετικάλ Μοζαμβίκης","one":"παλιό μετικάλ Μοζαμβίκης"},"symbol":"MZM","narrow":"MZM"},"MZN":{"displayName":{"other":"μετικάλ Μοζαμβίκης"},"symbol":"MZN","narrow":"MZN"},"NAD":{"displayName":{"other":"δολάρια Ναμίμπιας","one":"δολάριο Ναμίμπιας"},"symbol":"NAD","narrow":"$"},"NGN":{"displayName":{"other":"νάιρα Νιγηρίας"},"symbol":"NGN","narrow":"₦"},"NIC":{"displayName":{"other":"κόρδοβα Νικαράγουας"},"symbol":"NIC","narrow":"NIC"},"NIO":{"displayName":{"other":"χρυσές κόρδοβα Νικαράγουας","one":"χρυσή κόρδοβα Νικαράγουας"},"symbol":"NIO","narrow":"C$"},"NLG":{"displayName":{"other":"γκίλντα Ολλανδίας"},"symbol":"NLG","narrow":"NLG"},"NOK":{"displayName":{"other":"κορόνες Νορβηγίας","one":"κορόνα Νορβηγίας"},"symbol":"NOK","narrow":"kr"},"NPR":{"displayName":{"other":"ρουπίες Νεπάλ","one":"ρουπία Νεπάλ"},"symbol":"NPR","narrow":"Rs"},"NZD":{"displayName":{"other":"δολάρια Νέας Ζηλανδίας","one":"δολάριο Νέας Ζηλανδίας"},"symbol":"NZ$","narrow":"$"},"OMR":{"displayName":{"other":"ριάλ Ομάν"},"symbol":"OMR","narrow":"OMR"},"PAB":{"displayName":{"other":"μπαλμπόα Παναμά"},"symbol":"PAB","narrow":"PAB"},"PEI":{"displayName":{"other":"ίντι Περού"},"symbol":"PEI","narrow":"PEI"},"PEN":{"displayName":{"other":"σολ Περού"},"symbol":"PEN","narrow":"PEN"},"PES":{"displayName":{"other":"σολ Περού (1863–1965)"},"symbol":"PES","narrow":"PES"},"PGK":{"displayName":{"other":"κίνα Παπούας Νέας Γουινέας"},"symbol":"PGK","narrow":"PGK"},"PHP":{"displayName":{"other":"πέσο Φιλιππίνων"},"symbol":"PHP","narrow":"₱"},"PKR":{"displayName":{"other":"ρουπίες Πακιστάν","one":"ρουπία Πακιστάν"},"symbol":"PKR","narrow":"Rs"},"PLN":{"displayName":{"other":"ζλότι Πολωνίας"},"symbol":"PLN","narrow":"zł"},"PLZ":{"displayName":{"other":"ζλότυ Πολωνίας (PLZ)"},"symbol":"PLZ","narrow":"PLZ"},"PTE":{"displayName":{"other":"εσκούδο Πορτογαλίας"},"symbol":"PTE","narrow":"PTE"},"PYG":{"displayName":{"other":"γκουαρανί Παραγουάης"},"symbol":"PYG","narrow":"₲"},"QAR":{"displayName":{"other":"ριάλ Κατάρ"},"symbol":"QAR","narrow":"QAR"},"RHD":{"displayName":{"other":"δολάρια Ροδεσίας","one":"δολάριο Ροδεσίας"},"symbol":"RHD","narrow":"RHD"},"ROL":{"displayName":{"other":"παλιά λέι Ρουμανίας","one":"παλιό λέι Ρουμανίας"},"symbol":"ROL","narrow":"ROL"},"RON":{"displayName":{"other":"λέου Ρουμανίας"},"symbol":"RON","narrow":"lei"},"RSD":{"displayName":{"other":"δηνάρια Σερβίας","one":"δηνάριο Σερβίας"},"symbol":"RSD","narrow":"RSD"},"RUB":{"displayName":{"other":"ρούβλια Ρωσίας","one":"ρούβλι Ρωσίας"},"symbol":"RUB","narrow":"₽"},"RUR":{"displayName":{"other":"ρούβλια Ρωσίας (1991–1998)","one":"ρούβλι Ρωσίας (RUR)"},"symbol":"RUR","narrow":"р."},"RWF":{"displayName":{"other":"φράγκα Ρουάντας","one":"φράγκο Ρουάντας"},"symbol":"RWF","narrow":"RF"},"SAR":{"displayName":{"other":"ριάλ Σαουδικής Αραβίας"},"symbol":"SAR","narrow":"SAR"},"SBD":{"displayName":{"other":"δολάρια Νήσων Σολομώντος","one":"δολάριο Νήσων Σολομώντος"},"symbol":"SBD","narrow":"$"},"SCR":{"displayName":{"other":"ρουπίες Σεϋχελλών","one":"ρουπία Σεϋχελλών"},"symbol":"SCR","narrow":"SCR"},"SDD":{"displayName":{"other":"δηνάρια Σουδάν","one":"δηνάριο Σουδάν"},"symbol":"SDD","narrow":"SDD"},"SDG":{"displayName":{"other":"λίρες Σουδάν","one":"λίρα Σουδάν"},"symbol":"SDG","narrow":"SDG"},"SDP":{"displayName":{"other":"παλαιές λίρες Σουδάν","one":"παλιά λίρα Σουδάν"},"symbol":"SDP","narrow":"SDP"},"SEK":{"displayName":{"other":"κορόνες Σουηδίας","one":"κορόνα Σουηδίας"},"symbol":"SEK","narrow":"kr"},"SGD":{"displayName":{"other":"δολάρια Σιγκαπούρης","one":"δολάριο Σιγκαπούρης"},"symbol":"SGD","narrow":"$"},"SHP":{"displayName":{"other":"λίρες Αγίας Ελένης","one":"λίρα Αγίας Ελένης"},"symbol":"SHP","narrow":"£"},"SIT":{"displayName":{"other":"τόλαρ Σλοβ","one":"τόλαρ Σλοβενίας"},"symbol":"SIT","narrow":"SIT"},"SKK":{"displayName":{"other":"κορόνες Σλοβενίας","one":"κορόνα Σλοβενίας"},"symbol":"SKK","narrow":"SKK"},"SLL":{"displayName":{"other":"λεόνε Σιέρα Λεόνε"},"symbol":"SLL","narrow":"SLL"},"SOS":{"displayName":{"other":"σελίνια Σομαλίας","one":"σελίνι Σομαλίας"},"symbol":"SOS","narrow":"SOS"},"SRD":{"displayName":{"other":"δολάρια Σουρινάμ","one":"δολάριο Σουρινάμ"},"symbol":"SRD","narrow":"$"},"SRG":{"displayName":{"other":"γκίλντα Σουρινάμ"},"symbol":"SRG","narrow":"SRG"},"SSP":{"displayName":{"other":"λίρες Νότιου Σουδάν","one":"λίρα Νότιου Σουδάν"},"symbol":"SSP","narrow":"£"},"STD":{"displayName":{"other":"ντόμπρα Σάο Τομέ και Πρίνσιπε (1977–2017)"},"symbol":"STD","narrow":"STD"},"STN":{"displayName":{"other":"ντόμπρα Σάο Τομέ και Πρίνσιπε"},"symbol":"STN","narrow":"Db"},"SUR":{"displayName":{"other":"σοβιετικά ρούβλια","one":"σοβιετικό ρούβλι"},"symbol":"SUR","narrow":"SUR"},"SVC":{"displayName":{"other":"κολόν Ελ Σαλβαδόρ"},"symbol":"SVC","narrow":"SVC"},"SYP":{"displayName":{"other":"λίρες Συρίας","one":"λίρα Συρίας"},"symbol":"SYP","narrow":"£"},"SZL":{"displayName":{"other":"λιλανγκένι Σουαζιλάνδης"},"symbol":"SZL","narrow":"SZL"},"THB":{"displayName":{"other":"μπατ Ταϊλάνδης"},"symbol":"฿","narrow":"฿"},"TJR":{"displayName":{"other":"ρούβλια Τατζικιστάν","one":"ρούβλι Τατζικιστάν"},"symbol":"TJR","narrow":"TJR"},"TJS":{"displayName":{"other":"σομόνι Τατζικιστάν"},"symbol":"TJS","narrow":"TJS"},"TMM":{"displayName":{"other":"μανάτ Τουρκμενιστάν"},"symbol":"TMM","narrow":"TMM"},"TMT":{"displayName":{"other":"μάνατ Τουρκμενιστάν"},"symbol":"TMT","narrow":"TMT"},"TND":{"displayName":{"other":"δηνάρια Τυνησίας","one":"δηνάριο Τυνησίας"},"symbol":"TND","narrow":"TND"},"TOP":{"displayName":{"other":"παάγκα Τόνγκα"},"symbol":"TOP","narrow":"T$"},"TPE":{"displayName":{"other":"εσκούδο Τιμόρ"},"symbol":"TPE","narrow":"TPE"},"TRL":{"displayName":{"other":"παλιές λίρες Τουρκίας","one":"παλιά λίρα Τουρκίας"},"symbol":"TRL","narrow":"TRL"},"TRY":{"displayName":{"other":"λίρες Τουρκίας","one":"λίρα Τουρκίας"},"symbol":"TRY","narrow":"₺"},"TTD":{"displayName":{"other":"δολάρια Τρινιντάντ και Τομπάγκο","one":"δολάριο Τρινιντάντ και Τομπάγκο"},"symbol":"TTD","narrow":"$"},"TWD":{"displayName":{"other":"νέα δολάρια Ταϊβάν","one":"νέο δολάριο Ταϊβάν"},"symbol":"NT$","narrow":"$"},"TZS":{"displayName":{"other":"σελίνια Τανζανίας","one":"σελίνι Τανζανίας"},"symbol":"TZS","narrow":"TZS"},"UAH":{"displayName":{"other":"γρίβνα Ουκρανίας"},"symbol":"UAH","narrow":"₴"},"UAK":{"displayName":{"other":"καρμποβανέτς Ουκρανίας"},"symbol":"UAK","narrow":"UAK"},"UGS":{"displayName":{"other":"σελίνια Ουγκάντας (UGS)","one":"σελίνι Ουγκάντας (UGS)"},"symbol":"UGS","narrow":"UGS"},"UGX":{"displayName":{"other":"σελίνια Ουγκάντας","one":"σελίνι Ουγκάντας"},"symbol":"UGX","narrow":"UGX"},"USD":{"displayName":{"other":"δολάρια ΗΠΑ","one":"δολάριο ΗΠΑ"},"symbol":"$","narrow":"$"},"USN":{"displayName":{"other":"δολάρια Η.Π.Α. (επόμενη ημέρα)","one":"δολάριο Η.Π.Α. (επόμενη ημέρα)"},"symbol":"USN","narrow":"USN"},"USS":{"displayName":{"other":"δολάρια Η.Π.Α. (ίδια ημέρα)","one":"δολάριο Η.Π.Α. (ίδια ημέρα)"},"symbol":"USS","narrow":"USS"},"UYI":{"displayName":{"other":"UYI"},"symbol":"UYI","narrow":"UYI"},"UYP":{"displayName":{"other":"πέσο Ουρουγουάης (UYP)"},"symbol":"UYP","narrow":"UYP"},"UYU":{"displayName":{"other":"πέσο Ουρουγουάης"},"symbol":"UYU","narrow":"$"},"UYW":{"displayName":{"other":"UYW"},"symbol":"UYW","narrow":"UYW"},"UZS":{"displayName":{"other":"σομ Ουζμπεκιστάν"},"symbol":"UZS","narrow":"UZS"},"VEB":{"displayName":{"other":"μπολιβάρ Βενεζουέλας (1871–2008)"},"symbol":"VEB","narrow":"VEB"},"VEF":{"displayName":{"other":"μπολιβάρ Βενεζουέλας (2008–2018)"},"symbol":"VEF","narrow":"Bs"},"VES":{"displayName":{"other":"μπολιβάρ Βενεζουέλας"},"symbol":"VES","narrow":"VES"},"VND":{"displayName":{"other":"ντονγκ Βιετνάμ"},"symbol":"₫","narrow":"₫"},"VNN":{"displayName":{"other":"VNN"},"symbol":"VNN","narrow":"VNN"},"VUV":{"displayName":{"other":"βατού Βανουάτου"},"symbol":"VUV","narrow":"VUV"},"WST":{"displayName":{"other":"τάλα Σαμόα"},"symbol":"WST","narrow":"WST"},"XAF":{"displayName":{"other":"φράγκα CFA Κεντρικής Αφρικής","one":"φράγκο CFA Κεντρικής Αφρικής"},"symbol":"FCFA","narrow":"FCFA"},"XAG":{"displayName":{"other":"XAG"},"symbol":"XAG","narrow":"XAG"},"XAU":{"displayName":{"other":"XAU"},"symbol":"XAU","narrow":"XAU"},"XBA":{"displayName":{"other":"ευρωπαϊκές σύνθετες μονάδες","one":"ευρωπαϊκή σύνθετη μονάδα"},"symbol":"XBA","narrow":"XBA"},"XBB":{"displayName":{"other":"ευρωπαϊκές νομισματικές μονάδες","one":"ευρωπαϊκή νομισματική μονάδα"},"symbol":"XBB","narrow":"XBB"},"XBC":{"displayName":{"other":"ευρωπαϊκές μονάδες λογαριασμού (XBC)","one":"ευρωπαϊκή μονάδα λογαριασμού (XBC)"},"symbol":"XBC","narrow":"XBC"},"XBD":{"displayName":{"other":"ευρωπαϊκές μονάδες λογαριασμού (XBD)","one":"ευρωπαϊκή μονάδα λογαριασμού (XBD)"},"symbol":"XBD","narrow":"XBD"},"XCD":{"displayName":{"other":"δολάρια Ανατολικής Καραϊβικής","one":"δολάριο Ανατολικής Καραϊβικής"},"symbol":"EC$","narrow":"$"},"XDR":{"displayName":{"other":"ειδικά δικαιώματα ανάληψης","one":"ειδικό δικαίωμα ανάληψης"},"symbol":"XDR","narrow":"XDR"},"XEU":{"displayName":{"other":"ευρωπαϊκές συναλλαγματικές μονάδες","one":"ευρωπαϊκή συναλλαγματική μονάδα"},"symbol":"XEU","narrow":"XEU"},"XFO":{"displayName":{"other":"χρυσά φράγκα Γαλλίας","one":"χρυσό φράγκο Γαλλίας"},"symbol":"XFO","narrow":"XFO"},"XFU":{"displayName":{"other":"UIC-φράγκα Γαλλίας","one":"UIC-φράγκο Γαλλίας"},"symbol":"XFU","narrow":"XFU"},"XOF":{"displayName":{"other":"φράγκα CFA Δυτικής Αφρικής","one":"φράγκο CFA Δυτικής Αφρικής"},"symbol":"F CFA","narrow":"F CFA"},"XPD":{"displayName":{"other":"XPD"},"symbol":"XPD","narrow":"XPD"},"XPF":{"displayName":{"other":"φράγκα CFP","one":"φράγκο CFP"},"symbol":"CFPF","narrow":"CFPF"},"XPT":{"displayName":{"other":"XPT"},"symbol":"XPT","narrow":"XPT"},"XRE":{"displayName":{"other":"XRE"},"symbol":"XRE","narrow":"XRE"},"XSU":{"displayName":{"other":"XSU"},"symbol":"XSU","narrow":"XSU"},"XTS":{"displayName":{"other":"XTS"},"symbol":"XTS","narrow":"XTS"},"XUA":{"displayName":{"other":"XUA"},"symbol":"XUA","narrow":"XUA"},"XXX":{"displayName":{"other":"(άγνωστο νόμισμα)"},"symbol":"¤","narrow":"¤"},"YDD":{"displayName":{"other":"δηνάρια Υεμένης","one":"δηνάριο Υεμένης"},"symbol":"YDD","narrow":"YDD"},"YER":{"displayName":{"other":"ριάλ Υεμένης"},"symbol":"YER","narrow":"YER"},"YUD":{"displayName":{"other":"μεταλλικά δηνάρια Γιουγκοσλαβίας","one":"μεταλλικό δηνάριο Γιουγκοσλαβίας"},"symbol":"YUD","narrow":"YUD"},"YUM":{"displayName":{"other":"νέο δηνάριο Γιουγκοσλαβίας"},"symbol":"YUM","narrow":"YUM"},"YUN":{"displayName":{"other":"μετατρέψιμο δηνάριο Γιουγκοσλαβίας","one":"μετατρέψιμο δινάριο Γιουγκοσλαβίας"},"symbol":"YUN","narrow":"YUN"},"YUR":{"displayName":{"other":"YUR"},"symbol":"YUR","narrow":"YUR"},"ZAL":{"displayName":{"other":"ραντ Νότιας Αφρικής (οικονομικό)"},"symbol":"ZAL","narrow":"ZAL"},"ZAR":{"displayName":{"other":"ραντ Νότιας Αφρικής"},"symbol":"ZAR","narrow":"R"},"ZMK":{"displayName":{"other":"κουάτσα Ζάμπιας (1968–2012)"},"symbol":"ZMK","narrow":"ZMK"},"ZMW":{"displayName":{"other":"κουάτσα Ζάμπιας"},"symbol":"ZMW","narrow":"ZK"},"ZRN":{"displayName":{"other":"νέα ζαΐρ Ζαΐρ","one":"νέο ζαΐρ Ζαΐρ"},"symbol":"ZRN","narrow":"ZRN"},"ZRZ":{"displayName":{"other":"ζαΐρ Ζαΐρ"},"symbol":"ZRZ","narrow":"ZRZ"},"ZWD":{"displayName":{"other":"δολάρια Ζιμπάμπουε","one":"δολάριο Ζιμπάμπουε"},"symbol":"ZWD","narrow":"ZWD"},"ZWL":{"displayName":{"other":"Δολάριο Ζιμπάμπουε (2009)"},"symbol":"ZWL","narrow":"ZWL"},"ZWR":{"displayName":{"other":"ZWR"},"symbol":"ZWR","narrow":"ZWR"}},"numbers":{"nu":["latn"],"symbols":{"latn":{"decimal":",","group":".","list":";","percentSign":"%","plusSign":"+","minusSign":"-","approximatelySign":"~","exponential":"e","superscriptingExponent":"×","perMille":"‰","infinity":"∞","nan":"NaN","timeSeparator":":"}},"percent":{"latn":"#,##0%"},"decimal":{"latn":{"standard":"#,##0.###","long":{"1000":{"other":"0 χιλιάδες","one":"0 χιλιάδα"},"10000":{"other":"00 χιλιάδες"},"100000":{"other":"000 χιλιάδες"},"1000000":{"other":"0 εκατομμύρια","one":"0 εκατομμύριο"},"10000000":{"other":"00 εκατομμύρια"},"100000000":{"other":"000 εκατομμύρια"},"1000000000":{"other":"0 δισεκατομμύρια","one":"0 δισεκατομμύριο"},"10000000000":{"other":"00 δισεκατομμύρια"},"100000000000":{"other":"000 δισεκατομμύρια"},"1000000000000":{"other":"0 τρισεκατομμύρια","one":"0 τρισεκατομμύριο"},"10000000000000":{"other":"00 τρισεκατομμύρια"},"100000000000000":{"other":"000 τρισεκατομμύρια"}},"short":{"1000":{"other":"0 χιλ'.'"},"10000":{"other":"00 χιλ'.'"},"100000":{"other":"000 χιλ'.'"},"1000000":{"other":"0 εκ'.'"},"10000000":{"other":"00 εκ'.'"},"100000000":{"other":"000 εκ'.'"},"1000000000":{"other":"0 δισ'.'"},"10000000000":{"other":"00 δισ'.'"},"100000000000":{"other":"000 δισ'.'"},"1000000000000":{"other":"0 τρισ'.'"},"10000000000000":{"other":"00 τρισ'.'"},"100000000000000":{"other":"000 τρισ'.'"}}}},"currency":{"latn":{"currencySpacing":{"beforeInsertBetween":" ","afterInsertBetween":" "},"standard":"#,##0.00 ¤","accounting":"#,##0.00 ¤","unitPattern":"{0} {1}","short":{"1000":{"other":"0 χιλ'.' ¤"},"10000":{"other":"00 χιλ'.' ¤"},"100000":{"other":"000 χιλ'.' ¤"},"1000000":{"other":"0 εκ'.' ¤"},"10000000":{"other":"00 εκ'.' ¤"},"100000000":{"other":"000 εκ'.' ¤"},"1000000000":{"other":"0 δισ'.' ¤"},"10000000000":{"other":"00 δισ'.' ¤"},"100000000000":{"other":"000 δισ'.' ¤"},"1000000000000":{"other":"0 τρισ'.' ¤"},"10000000000000":{"other":"00 τρισ'.' ¤"},"100000000000000":{"other":"000 τρισ'.' ¤"}}}}},"nu":["latn"]},"locale":"el"}
