{"data":{"units":{"simple":{"degree":{"long":{"other":"{0} kraadi","one":"{0} kraad"},"short":{"other":"{0}°"},"narrow":{"other":"{0}°"},"perUnit":{}},"hectare":{"long":{"other":"{0} hektarit","one":"{0} hektar"},"short":{"other":"{0} ha"},"narrow":{"other":"{0} ha"},"perUnit":{}},"acre":{"long":{"other":"{0} aakrit","one":"{0} aaker"},"short":{"other":"{0} ac"},"narrow":{"other":"{0} aakrit","one":"{0} aaker"},"perUnit":{}},"percent":{"long":{"other":"{0} protsenti","one":"{0} protsent"},"short":{"other":"{0}%"},"narrow":{"other":"{0}%"},"perUnit":{}},"liter-per-kilometer":{"long":{"other":"{0} liitrit kilomeetri kohta","one":"{0} liiter kilomeetri kohta"},"short":{"other":"{0} l/km"},"narrow":{"other":"{0} l/km"},"perUnit":{}},"mile-per-gallon":{"long":{"other":"{0} miili galloni kohta","one":"{0} miil galloni kohta"},"short":{"other":"{0} mpg"},"narrow":{"other":"{0} mpg"},"perUnit":{}},"petabyte":{"long":{"other":"{0} petabaiti","one":"{0} petabait"},"short":{"other":"{0} PB"},"narrow":{"other":"{0} PB"},"perUnit":{}},"terabyte":{"long":{"other":"{0} terabaiti","one":"{0} terabait"},"short":{"other":"{0} TB"},"narrow":{"other":"{0} TB"},"perUnit":{}},"terabit":{"long":{"other":"{0} terabitti","one":"{0} terabitt"},"short":{"other":"{0} Tb"},"narrow":{"other":"{0} Tb"},"perUnit":{}},"gigabyte":{"long":{"other":"{0} gigabaiti","one":"{0} gigabait"},"short":{"other":"{0} GB"},"narrow":{"other":"{0} GB"},"perUnit":{}},"gigabit":{"long":{"other":"{0} gigabitti","one":"{0} gigabitt"},"short":{"other":"{0} Gb"},"narrow":{"other":"{0} Gb"},"perUnit":{}},"megabyte":{"long":{"other":"{0} megabaiti","one":"{0} megabait"},"short":{"other":"{0} MB"},"narrow":{"other":"{0} MB"},"perUnit":{}},"megabit":{"long":{"other":"{0} megabitti","one":"{0} megabitt"},"short":{"other":"{0} Mb"},"narrow":{"other":"{0} Mb"},"perUnit":{}},"kilobyte":{"long":{"other":"{0} kilobaiti","one":"{0} kilobait"},"short":{"other":"{0} kB"},"narrow":{"other":"{0} kB"},"perUnit":{}},"kilobit":{"long":{"other":"{0} kilobitti","one":"{0} kilobitt"},"short":{"other":"{0} kb"},"narrow":{"other":"{0} kb"},"perUnit":{}},"byte":{"long":{"other":"{0} baiti","one":"{0} bait"},"short":{"other":"{0} baiti","one":"{0} bait"},"narrow":{"other":"{0} B"},"perUnit":{}},"bit":{"long":{"other":"{0} bitti","one":"{0} bitt"},"short":{"other":"{0} b"},"narrow":{"other":"{0} b"},"perUnit":{}},"year":{"long":{"other":"{0} aastat","one":"{0} aasta"},"short":{"other":"{0} a"},"narrow":{"other":"{0} a"},"perUnit":{"long":"{0} aastas","short":"{0}/a","narrow":"{0}/a"}},"month":{"long":{"other":"{0} kuud","one":"{0} kuu"},"short":{"other":"{0} kuud","one":"{0} kuu"},"narrow":{"other":"{0} k"},"perUnit":{"long":"{0} kuus","short":"{0}/k","narrow":"{0}/k"}},"week":{"long":{"other":"{0} nädalat","one":"{0} nädal"},"short":{"other":"{0} näd"},"narrow":{"other":"{0} n"},"perUnit":{"long":"{0} nädalas","short":"{0}/näd","narrow":"{0}/näd"}},"day":{"long":{"other":"{0} ööpäeva","one":"{0} ööpäev"},"short":{"other":"{0} päeva","one":"{0} päev"},"narrow":{"other":"{0} p"},"perUnit":{"long":"{0} ööpäevas","short":"{0}/ööp","narrow":"{0}/ööp"}},"hour":{"long":{"other":"{0} tundi","one":"{0} tund"},"short":{"other":"{0} t"},"narrow":{"other":"{0} t"},"perUnit":{"long":"{0} tunnis","short":"{0}/t","narrow":"{0}/t"}},"minute":{"long":{"other":"{0} minutit","one":"{0} minut"},"short":{"other":"{0} min"},"narrow":{"other":"{0} min"},"perUnit":{"long":"{0} minutis","short":"{0}/min","narrow":"{0}/min"}},"second":{"long":{"other":"{0} sekundit","one":"{0} sekund"},"short":{"other":"{0} sek"},"narrow":{"other":"{0} s"},"perUnit":{"long":"{0} sekundis","short":"{0}/sek","narrow":"{0}/s"}},"millisecond":{"long":{"other":"{0} millisekundit","one":"{0} millisekund"},"short":{"other":"{0} ms"},"narrow":{"other":"{0} ms"},"perUnit":{}},"kilometer":{"long":{"other":"{0} kilomeetrit","one":"{0} kilomeeter"},"short":{"other":"{0} km"},"narrow":{"other":"{0} km"},"perUnit":{"long":"{0} kilomeetri kohta","short":"{0}/km","narrow":"{0}/km"}},"meter":{"long":{"other":"{0} meetrit","one":"{0} meeter"},"short":{"other":"{0} m"},"narrow":{"other":"{0} m"},"perUnit":{"long":"{0} meetri kohta","short":"{0}/m","narrow":"{0}/m"}},"centimeter":{"long":{"other":"{0} sentimeetrit","one":"{0} sentimeeter"},"short":{"other":"{0} cm"},"narrow":{"other":"{0} cm"},"perUnit":{"long":"{0} sentimeetri kohta","short":"{0}/cm","narrow":"{0}/cm"}},"millimeter":{"long":{"other":"{0} millimeetrit","one":"{0} millimeeter"},"short":{"other":"{0} mm"},"narrow":{"other":"{0} mm"},"perUnit":{}},"mile":{"long":{"other":"{0} miili","one":"{0} miil"},"short":{"other":"{0} mi"},"narrow":{"other":"{0} miili","one":"{0} miil"},"perUnit":{}},"yard":{"long":{"other":"{0} jardi","one":"{0} jard"},"short":{"other":"{0} yd"},"narrow":{"other":"{0} jardi","one":"{0} jard"},"perUnit":{}},"foot":{"long":{"other":"{0} jalga","one":"{0} jalg"},"short":{"other":"{0} ft"},"narrow":{"other":"{0} jalga","one":"{0} jalg"},"perUnit":{"long":"{0} jala kohta","short":"{0}/ft","narrow":"{0}/ft"}},"inch":{"long":{"other":"{0} tolli","one":"{0} toll"},"short":{"other":"{0} in"},"narrow":{"other":"{0} tolli","one":"{0} toll"},"perUnit":{"long":"{0} tolli kohta","short":"{0}/in","narrow":"{0}/in"}},"mile-scandinavian":{"long":{"other":"{0} Skandinaavia miili","one":"{0} Skandinaavia miil"},"short":{"other":"{0} smi"},"narrow":{"other":"{0} smi"},"perUnit":{}},"kilogram":{"long":{"other":"{0} kilogrammi","one":"{0} kilogramm"},"short":{"other":"{0} kg"},"narrow":{"other":"{0} kg"},"perUnit":{"long":"{0} kilogrammi kohta","short":"{0}/kg","narrow":"{0}/kg"}},"gram":{"long":{"other":"{0} grammi","one":"{0} gramm"},"short":{"other":"{0} g"},"narrow":{"other":"{0} g"},"perUnit":{"long":"{0} grammi kohta","short":"{0}/g","narrow":"{0}/g"}},"stone":{"long":{"other":"{0} kivi"},"short":{"other":"{0} st"},"narrow":{"other":"{0} st"},"perUnit":{}},"pound":{"long":{"other":"{0} naela","one":"{0} nael"},"short":{"other":"{0} lb"},"narrow":{"other":"{0} lb"},"perUnit":{"long":"{0} naela kohta","short":"{0}/lb","narrow":"{0}/lb"}},"ounce":{"long":{"other":"{0} untsi","one":"{0} unts"},"short":{"other":"{0} oz"},"narrow":{"other":"{0} oz"},"perUnit":{"long":"{0} untsi kohta","short":"{0}/oz","narrow":"{0}/oz"}},"kilometer-per-hour":{"long":{"other":"{0} kilomeetrit tunnis","one":"{0} kilomeeter tunnis"},"short":{"other":"{0} km/h"},"narrow":{"other":"{0} km/h"},"perUnit":{}},"meter-per-second":{"long":{"other":"{0} meetrit sekundis","one":"{0} meeter sekundis"},"short":{"other":"{0} m/s"},"narrow":{"other":"{0} m/s"},"perUnit":{}},"mile-per-hour":{"long":{"other":"{0} miili tunnis","one":"{0} miil tunnis"},"short":{"other":"{0} mi/h"},"narrow":{"other":"{0} mi/h"},"perUnit":{}},"celsius":{"long":{"other":"{0} Celsiuse kraadi","one":"{0} Celsiuse kraad"},"short":{"other":"{0} °C"},"narrow":{"other":"{0} °C"},"perUnit":{}},"fahrenheit":{"long":{"other":"{0} Fahrenheiti kraadi","one":"{0} Fahrenheiti kraad"},"short":{"other":"{0} °F"},"narrow":{"other":"{0} °F"},"perUnit":{}},"liter":{"long":{"other":"{0} liitrit","one":"{0} liiter"},"short":{"other":"{0} l"},"narrow":{"other":"{0} l"},"perUnit":{"long":"{0} liitri kohta","short":"{0}/l","narrow":"{0}/l"}},"milliliter":{"long":{"other":"{0} milliliitrit","one":"{0} milliliiter"},"short":{"other":"{0} ml"},"narrow":{"other":"{0} ml"},"perUnit":{}},"gallon":{"long":{"other":"{0} gallonit","one":"{0} gallon"},"short":{"other":"{0} gal"},"narrow":{"other":"{0} gal"},"perUnit":{"long":"{0} galloni kohta","short":"{0}/gal","narrow":"{0}/gal"}},"fluid-ounce":{"long":{"other":"{0} vedelikuuntsi","one":"{0} vedelikuunts"},"short":{"other":"{0} fl oz"},"narrow":{"other":"{0} fl oz"},"perUnit":{}}},"compound":{"per":{"long":"{0} {1} kohta","short":"{0}/{1}","narrow":"{0}/{1}"}}},"currencies":{"ADP":{"displayName":{"other":"Andorra peseetat","one":"Andorra peseeta"},"symbol":"ADP","narrow":"ADP"},"AED":{"displayName":{"other":"Araabia Ühendemiraatide dirhemit","one":"Araabia Ühendemiraatide dirhem"},"symbol":"AED","narrow":"AED"},"AFA":{"displayName":{"other":"Afganistani afgaanit (1927–2002)","one":"Afganistani afgaani (1927–2002)"},"symbol":"AFA","narrow":"AFA"},"AFN":{"displayName":{"other":"Afganistani afgaanit","one":"Afganistani afgaani"},"symbol":"AFN","narrow":"؋"},"ALK":{"displayName":{"other":"Albaania lekki (1946–1965)","one":"Albaania lekk (1946–1965)"},"symbol":"ALK","narrow":"ALK"},"ALL":{"displayName":{"other":"Albaania lekki","one":"Albaania lekk"},"symbol":"ALL","narrow":"ALL"},"AMD":{"displayName":{"other":"Armeenia drammi","one":"Armeenia dramm"},"symbol":"AMD","narrow":"֏"},"ANG":{"displayName":{"other":"Hollandi Antillide kuldnat","one":"Hollandi Antillide kulden"},"symbol":"ANG","narrow":"ANG"},"AOA":{"displayName":{"other":"Angola kvanzat","one":"Angola kvanza"},"symbol":"AOA","narrow":"Kz"},"AOK":{"displayName":{"other":"Angola kvanzat (1977–1990)","one":"Angola kvanza (1977–1990)"},"symbol":"AOK","narrow":"AOK"},"AON":{"displayName":{"other":"Angola kvanzat (1990–2000)","one":"Angola kvanza (1990–2000)"},"symbol":"AON","narrow":"AON"},"AOR":{"displayName":{"other":"Angola reformitud kvanza, 1995–1999"},"symbol":"AOR","narrow":"AOR"},"ARA":{"displayName":{"other":"Argentina austral"},"symbol":"ARA","narrow":"ARA"},"ARL":{"displayName":{"other":"ARL"},"symbol":"ARL","narrow":"ARL"},"ARM":{"displayName":{"other":"Argentina peesot (1881–1970)","one":"Argentina peeso (1881–1970)"},"symbol":"ARM","narrow":"ARM"},"ARP":{"displayName":{"other":"Argentina peesot (1983–1985)","one":"Argentina peeso (1983–1985)"},"symbol":"ARP","narrow":"ARP"},"ARS":{"displayName":{"other":"Argentina peesot","one":"Argentina peeso"},"symbol":"ARS","narrow":"$"},"ATS":{"displayName":{"other":"Austria šillingit","one":"Austria šilling"},"symbol":"ATS","narrow":"ATS"},"AUD":{"displayName":{"other":"Austraalia dollarit","one":"Austraalia dollar"},"symbol":"AU$","narrow":"$"},"AWG":{"displayName":{"other":"Aruba kuldnat","one":"Aruba kulden"},"symbol":"AWG","narrow":"AWG"},"AZM":{"displayName":{"other":"Aserbaidžaani manatit (1993–2006)","one":"Aserbaidžaani manat (1993–2006)"},"symbol":"AZM","narrow":"AZM"},"AZN":{"displayName":{"other":"Aserbaidžaani manatit","one":"Aserbaidžaani manat"},"symbol":"AZN","narrow":"₼"},"BAD":{"displayName":{"other":"Bosnia ja Hertsegoviina dinaari (1992–1994)","one":"Bosnia ja Hertsegoviina dinaar (1992–1994)"},"symbol":"BAD","narrow":"BAD"},"BAM":{"displayName":{"other":"Bosnia ja Hertsegoviina konverteeritavat marka","one":"Bosnia ja Hertsegoviina konverteeritav mark"},"symbol":"BAM","narrow":"KM"},"BAN":{"displayName":{"other":"Bosnia ja Hertsegoviina uut dinaari (1994–1997)","one":"Bosnia ja Hertsegoviina uus dinaar (1994–1997)"},"symbol":"BAN","narrow":"BAN"},"BBD":{"displayName":{"other":"Barbadose dollarit","one":"Barbadose dollar"},"symbol":"BBD","narrow":"$"},"BDT":{"displayName":{"other":"Bangladeshi takat","one":"Bangladeshi taka"},"symbol":"BDT","narrow":"৳"},"BEC":{"displayName":{"other":"Belgia konverteeritavat franki","one":"Belgia konverteeritav frank"},"symbol":"BEC","narrow":"BEC"},"BEF":{"displayName":{"other":"Belgia franki","one":"Belgia frank"},"symbol":"BEF","narrow":"BEF"},"BEL":{"displayName":{"other":"Belgia arveldusfrank"},"symbol":"BEL","narrow":"BEL"},"BGL":{"displayName":{"other":"Bulgaaria püsiv leev"},"symbol":"BGL","narrow":"BGL"},"BGM":{"displayName":{"other":"BGM"},"symbol":"BGM","narrow":"BGM"},"BGN":{"displayName":{"other":"Bulgaaria leevi","one":"Bulgaaria leev"},"symbol":"BGN","narrow":"BGN"},"BGO":{"displayName":{"other":"Bulgaaria leevi (1879–1952)","one":"Bulgaaria leev (1879–1952)"},"symbol":"BGO","narrow":"BGO"},"BHD":{"displayName":{"other":"Bahreini dinaari","one":"Bahreini dinaar"},"symbol":"BHD","narrow":"BHD"},"BIF":{"displayName":{"other":"Burundi franki","one":"Burundi frank"},"symbol":"BIF","narrow":"BIF"},"BMD":{"displayName":{"other":"Bermuda dollarit","one":"Bermuda dollar"},"symbol":"BMD","narrow":"$"},"BND":{"displayName":{"other":"Brunei dollarit","one":"Brunei dollar"},"symbol":"BND","narrow":"$"},"BOB":{"displayName":{"other":"Boliivia boliviaanot","one":"Boliivia boliviaano"},"symbol":"BOB","narrow":"Bs"},"BOL":{"displayName":{"other":"Boliivia boliviaanot (1863–1963)","one":"Boliivia boliviaano (1863–1963)"},"symbol":"BOL","narrow":"BOL"},"BOP":{"displayName":{"other":"Boliivia peesot","one":"Boliivia peeso"},"symbol":"BOP","narrow":"BOP"},"BOV":{"displayName":{"other":"BOV"},"symbol":"BOV","narrow":"BOV"},"BRB":{"displayName":{"other":"Brasiilia uut kruseirot (1967–1986)","one":"Brasiilia uus kruseiro (1967–1986)"},"symbol":"BRB","narrow":"BRB"},"BRC":{"displayName":{"other":"Brasiilia krusado"},"symbol":"BRC","narrow":"BRC"},"BRE":{"displayName":{"other":"Brasiilia kruseirot (1990–1993)","one":"Brasiilia kruseiro (1990–1993)"},"symbol":"BRE","narrow":"BRE"},"BRL":{"displayName":{"other":"Brasiilia reaali","one":"Brasiilia reaal"},"symbol":"R$","narrow":"R$"},"BRN":{"displayName":{"other":"BRN"},"symbol":"BRN","narrow":"BRN"},"BRR":{"displayName":{"other":"Brasiilia kruseirot (1993–1994)","one":"Brasiilia kruseiro (1993–1994)"},"symbol":"BRR","narrow":"BRR"},"BRZ":{"displayName":{"other":"Brasiilia kruseirot (1942–1967)","one":"Brasiilia kruseiro (1942–1967)"},"symbol":"BRZ","narrow":"BRZ"},"BSD":{"displayName":{"other":"Bahama dollarit","one":"Bahama dollar"},"symbol":"BSD","narrow":"$"},"BTN":{"displayName":{"other":"Bhutani ngultrumit","one":"Bhutani ngultrum"},"symbol":"BTN","narrow":"BTN"},"BUK":{"displayName":{"other":"Birma kjatti","one":"Birma kjatt"},"symbol":"BUK","narrow":"BUK"},"BWP":{"displayName":{"other":"Botswana pulat","one":"Botswana pula"},"symbol":"BWP","narrow":"P"},"BYB":{"displayName":{"other":"Valgevene uut rubla (1994–1999)","one":"Valgevene uus rubla (1994–1999)"},"symbol":"BYB","narrow":"BYB"},"BYN":{"displayName":{"other":"Valgevene rubla"},"symbol":"BYN","narrow":"р."},"BYR":{"displayName":{"other":"Valgevene rubla (2000–2016)"},"symbol":"BYR","narrow":"BYR"},"BZD":{"displayName":{"other":"Belize’i dollarit","one":"Belize’i dollar"},"symbol":"BZD","narrow":"$"},"CAD":{"displayName":{"other":"Kanada dollarit","one":"Kanada dollar"},"symbol":"CA$","narrow":"$"},"CDF":{"displayName":{"other":"Kongo franki","one":"Kongo frank"},"symbol":"CDF","narrow":"CDF"},"CHE":{"displayName":{"other":"CHE"},"symbol":"CHE","narrow":"CHE"},"CHF":{"displayName":{"other":"Šveitsi franki","one":"Šveitsi frank"},"symbol":"CHF","narrow":"CHF"},"CHW":{"displayName":{"other":"CHW"},"symbol":"CHW","narrow":"CHW"},"CLE":{"displayName":{"other":"Tšiili eskuudot","one":"Tšiili eskuudo"},"symbol":"CLE","narrow":"CLE"},"CLF":{"displayName":{"other":"CLF"},"symbol":"CLF","narrow":"CLF"},"CLP":{"displayName":{"other":"Tšiili peesot","one":"Tšiili peeso"},"symbol":"CLP","narrow":"$"},"CNH":{"displayName":{"other":"Hiina jüaani (välismaine turg)","one":"Hiina jüaan (välismaine turg)"},"symbol":"CNH","narrow":"CNH"},"CNX":{"displayName":{"other":"CNX"},"symbol":"CNX","narrow":"CNX"},"CNY":{"displayName":{"other":"Hiina jüaani","one":"Hiina jüaan"},"symbol":"CN¥","narrow":"¥"},"COP":{"displayName":{"other":"Colombia peesot","one":"Colombia peeso"},"symbol":"COP","narrow":"$"},"COU":{"displayName":{"other":"COU"},"symbol":"COU","narrow":"COU"},"CRC":{"displayName":{"other":"Costa Rica kolooni","one":"Costa Rica koloon"},"symbol":"CRC","narrow":"₡"},"CSD":{"displayName":{"other":"Serbia dinaari (2002–2006)","one":"Serbia dinaar (2002–2006)"},"symbol":"CSD","narrow":"CSD"},"CSK":{"displayName":{"other":"CSK"},"symbol":"CSK","narrow":"CSK"},"CUC":{"displayName":{"other":"Kuuba konverteeritavat peesot","one":"Kuuba konverteeritav peeso"},"symbol":"CUC","narrow":"$"},"CUP":{"displayName":{"other":"Kuuba peesot","one":"Kuuba peeso"},"symbol":"CUP","narrow":"$"},"CVE":{"displayName":{"other":"Cabo Verde eskuudot","one":"Cabo Verde eskuudo"},"symbol":"CVE","narrow":"CVE"},"CYP":{"displayName":{"other":"Küprose naela","one":"Küprose nael"},"symbol":"CYP","narrow":"CYP"},"CZK":{"displayName":{"other":"Tšehhi krooni","one":"Tšehhi kroon"},"symbol":"CZK","narrow":"Kč"},"DDM":{"displayName":{"other":"Ida-Saksa marka","one":"Ida-Saksa mark"},"symbol":"DDM","narrow":"DDM"},"DEM":{"displayName":{"other":"Saksa marka","one":"Saksa mark"},"symbol":"DEM","narrow":"DEM"},"DJF":{"displayName":{"other":"Djibouti franki","one":"Djibouti frank"},"symbol":"DJF","narrow":"DJF"},"DKK":{"displayName":{"other":"Taani krooni","one":"Taani kroon"},"symbol":"DKK","narrow":"kr"},"DOP":{"displayName":{"other":"Dominikaani peesot","one":"Dominikaani peeso"},"symbol":"DOP","narrow":"$"},"DZD":{"displayName":{"other":"Alžeeria dinaari","one":"Alžeeria dinaar"},"symbol":"DZD","narrow":"DZD"},"ECS":{"displayName":{"other":"Ecuadori sukret","one":"Ecuadori sukre"},"symbol":"ECS","narrow":"ECS"},"ECV":{"displayName":{"other":"ECV"},"symbol":"ECV","narrow":"ECV"},"EEK":{"displayName":{"other":"Eesti krooni","one":"Eesti kroon"},"symbol":"kr","narrow":"kr"},"EGP":{"displayName":{"other":"Egiptuse naela","one":"Egiptuse nael"},"symbol":"EGP","narrow":"E£"},"ERN":{"displayName":{"other":"Eritrea nakfat","one":"Eritrea nakfa"},"symbol":"ERN","narrow":"ERN"},"ESA":{"displayName":{"other":"ESA"},"symbol":"ESA","narrow":"ESA"},"ESB":{"displayName":{"other":"ESB"},"symbol":"ESB","narrow":"ESB"},"ESP":{"displayName":{"other":"Hispaania peseetat","one":"Hispaania peseeta"},"symbol":"ESP","narrow":"₧"},"ETB":{"displayName":{"other":"Etioopia birri","one":"Etioopia birr"},"symbol":"ETB","narrow":"ETB"},"EUR":{"displayName":{"other":"eurot","one":"euro"},"symbol":"€","narrow":"€"},"FIM":{"displayName":{"other":"Soome marka","one":"Soome mark"},"symbol":"FIM","narrow":"FIM"},"FJD":{"displayName":{"other":"Fidži dollarit","one":"Fidži dollar"},"symbol":"FJD","narrow":"$"},"FKP":{"displayName":{"other":"Falklandi saarte naela","one":"Falklandi saarte nael"},"symbol":"FKP","narrow":"£"},"FRF":{"displayName":{"other":"Prantsuse franki","one":"Prantsuse frank"},"symbol":"FRF","narrow":"FRF"},"GBP":{"displayName":{"other":"Suurbritannia naelsterlingit","one":"Suurbritannia naelsterling"},"symbol":"£","narrow":"£"},"GEK":{"displayName":{"other":"GEK"},"symbol":"GEK","narrow":"GEK"},"GEL":{"displayName":{"other":"Gruusia lari"},"symbol":"GEL","narrow":"₾"},"GHC":{"displayName":{"other":"Ghana sedit (1979–2007)","one":"Ghana sedi (1979–2007)"},"symbol":"GHC","narrow":"GHC"},"GHS":{"displayName":{"other":"Ghana sedit","one":"Ghana sedi"},"symbol":"GHS","narrow":"GH₵"},"GIP":{"displayName":{"other":"Gibraltari naela","one":"Gibraltari nael"},"symbol":"GIP","narrow":"£"},"GMD":{"displayName":{"other":"Gambia dalasit","one":"Gambia dalasi"},"symbol":"GMD","narrow":"GMD"},"GNF":{"displayName":{"other":"Guinea franki","one":"Guinea frank"},"symbol":"GNF","narrow":"FG"},"GNS":{"displayName":{"other":"Guinea syli"},"symbol":"GNS","narrow":"GNS"},"GQE":{"displayName":{"other":"GQE"},"symbol":"GQE","narrow":"GQE"},"GRD":{"displayName":{"other":"Kreeka drahmi","one":"Kreeka drahm"},"symbol":"GRD","narrow":"GRD"},"GTQ":{"displayName":{"other":"Guatemala ketsaali","one":"Guatemala ketsaal"},"symbol":"GTQ","narrow":"Q"},"GWE":{"displayName":{"other":"Portugali Guinea eskuudot","one":"Portugali Guinea eskuudo"},"symbol":"GWE","narrow":"GWE"},"GWP":{"displayName":{"other":"Guinea-Bissau peesot","one":"Guinea-Bissau peeso"},"symbol":"GWP","narrow":"GWP"},"GYD":{"displayName":{"other":"Guyana dollarit","one":"Guyana dollar"},"symbol":"GYD","narrow":"$"},"HKD":{"displayName":{"other":"Hongkongi dollarit","one":"Hongkongi dollar"},"symbol":"HK$","narrow":"$"},"HNL":{"displayName":{"other":"Hondurase lempiirat","one":"Hondurase lempiira"},"symbol":"HNL","narrow":"L"},"HRD":{"displayName":{"other":"Horvaatia dinaari","one":"Horvaatia dinaar"},"symbol":"HRD","narrow":"HRD"},"HRK":{"displayName":{"other":"Horvaatia kuna"},"symbol":"HRK","narrow":"kn"},"HTG":{"displayName":{"other":"Haiti gurdi","one":"Haiti gurd"},"symbol":"HTG","narrow":"HTG"},"HUF":{"displayName":{"other":"Ungari forintit","one":"Ungari forint"},"symbol":"HUF","narrow":"Ft"},"IDR":{"displayName":{"other":"Indoneesia ruupiat","one":"Indoneesia ruupia"},"symbol":"IDR","narrow":"Rp"},"IEP":{"displayName":{"other":"Iiri naela","one":"Iiri nael"},"symbol":"IEP","narrow":"IEP"},"ILP":{"displayName":{"other":"Iisraeli naela","one":"Iisraeli nael"},"symbol":"ILP","narrow":"ILP"},"ILR":{"displayName":{"other":"Iisraeli seekelit (1980–1985)","one":"Iisraeli seekel (1980–1985)"},"symbol":"ILR","narrow":"ILR"},"ILS":{"displayName":{"other":"Iisraeli uut seeklit","one":"Iisraeli uus seekel"},"symbol":"₪","narrow":"₪"},"INR":{"displayName":{"other":"India ruupiat","one":"India ruupia"},"symbol":"₹","narrow":"₹"},"IQD":{"displayName":{"other":"Iraagi dinaari","one":"Iraagi dinaar"},"symbol":"IQD","narrow":"IQD"},"IRR":{"displayName":{"other":"Iraani riaali","one":"Iraani riaal"},"symbol":"IRR","narrow":"IRR"},"ISJ":{"displayName":{"other":"Islandi krooni (1918–1981)","one":"Islandi kroon (1918–1981)"},"symbol":"ISJ","narrow":"ISJ"},"ISK":{"displayName":{"other":"Islandi krooni","one":"Islandi kroon"},"symbol":"ISK","narrow":"kr"},"ITL":{"displayName":{"other":"Itaalia liiri","one":"Itaalia liir"},"symbol":"ITL","narrow":"ITL"},"JMD":{"displayName":{"other":"Jamaica dollarit","one":"Jamaica dollar"},"symbol":"JMD","narrow":"$"},"JOD":{"displayName":{"other":"Jordaania dinaari","one":"Jordaania dinaar"},"symbol":"JOD","narrow":"JOD"},"JPY":{"displayName":{"other":"Jaapani jeeni","one":"Jaapani jeen"},"symbol":"¥","narrow":"¥"},"KES":{"displayName":{"other":"Keenia šillingit","one":"Keenia šilling"},"symbol":"KES","narrow":"KES"},"KGS":{"displayName":{"other":"Kõrgõzstani sommi","one":"Kõrgõzstani somm"},"symbol":"KGS","narrow":"KGS"},"KHR":{"displayName":{"other":"Kambodža riaali","one":"Kambodža riaal"},"symbol":"KHR","narrow":"៛"},"KMF":{"displayName":{"other":"Komoori franki","one":"Komoori frank"},"symbol":"KMF","narrow":"CF"},"KPW":{"displayName":{"other":"Põhja-Korea vonni","one":"Põhja-Korea vonn"},"symbol":"KPW","narrow":"₩"},"KRH":{"displayName":{"other":"KRH"},"symbol":"KRH","narrow":"KRH"},"KRO":{"displayName":{"other":"Lõuna-Korea vonni (1945–1953)","one":"Lõuna-Korea vonn (1945–1953)"},"symbol":"KRO","narrow":"KRO"},"KRW":{"displayName":{"other":"Lõuna-Korea vonni","one":"Lõuna-Korea vonn"},"symbol":"₩","narrow":"₩"},"KWD":{"displayName":{"other":"Kuveidi dinaari","one":"Kuveidi dinaar"},"symbol":"KWD","narrow":"KWD"},"KYD":{"displayName":{"other":"Kaimanisaarte dollarit","one":"Kaimanisaarte dollar"},"symbol":"KYD","narrow":"$"},"KZT":{"displayName":{"other":"Kasahstani tenget","one":"Kasahstani tenge"},"symbol":"KZT","narrow":"₸"},"LAK":{"displayName":{"other":"Laose kiipi","one":"Laose kiip"},"symbol":"LAK","narrow":"₭"},"LBP":{"displayName":{"other":"Liibanoni naela","one":"Liibanoni nael"},"symbol":"LBP","narrow":"L£"},"LKR":{"displayName":{"other":"Sri Lanka ruupiat","one":"Sri Lanka ruupia"},"symbol":"LKR","narrow":"Rs"},"LRD":{"displayName":{"other":"Libeeria dollarit","one":"Libeeria dollar"},"symbol":"LRD","narrow":"$"},"LSL":{"displayName":{"other":"Lesotho lotit","one":"Lesotho loti"},"symbol":"LSL","narrow":"LSL"},"LTL":{"displayName":{"other":"Leedu litti","one":"Leedu litt"},"symbol":"LTL","narrow":"Lt"},"LTT":{"displayName":{"other":"LTT"},"symbol":"LTT","narrow":"LTT"},"LUC":{"displayName":{"other":"Luksemburgi konverteeritavat franki","one":"Luksemburgi konverteeritav frank"},"symbol":"LUC","narrow":"LUC"},"LUF":{"displayName":{"other":"Luksemburgi franki","one":"Luksemburgi frank"},"symbol":"LUF","narrow":"LUF"},"LUL":{"displayName":{"other":"LUL"},"symbol":"LUL","narrow":"LUL"},"LVL":{"displayName":{"other":"Läti latti","one":"Läti latt"},"symbol":"LVL","narrow":"Ls"},"LVR":{"displayName":{"other":"Läti rubla"},"symbol":"LVR","narrow":"LVR"},"LYD":{"displayName":{"other":"Liibüa dinaari","one":"Liibüa dinaar"},"symbol":"LYD","narrow":"LYD"},"MAD":{"displayName":{"other":"Maroko dirhemit","one":"Maroko dirhem"},"symbol":"MAD","narrow":"MAD"},"MAF":{"displayName":{"other":"Maroko franki","one":"Maroko frank"},"symbol":"MAF","narrow":"MAF"},"MCF":{"displayName":{"other":"Monaco franki","one":"Monaco frank"},"symbol":"MCF","narrow":"MCF"},"MDC":{"displayName":{"other":"MDC"},"symbol":"MDC","narrow":"MDC"},"MDL":{"displayName":{"other":"Moldova leud","one":"Moldova leu"},"symbol":"MDL","narrow":"MDL"},"MGA":{"displayName":{"other":"Madagaskari ariarit","one":"Madagaskari ariari"},"symbol":"MGA","narrow":"Ar"},"MGF":{"displayName":{"other":"Madagaskar franki","one":"Madagaskar frank"},"symbol":"MGF","narrow":"MGF"},"MKD":{"displayName":{"other":"Makedoonia dinaari","one":"Makedoonia dinaar"},"symbol":"MKD","narrow":"MKD"},"MKN":{"displayName":{"other":"Makedoonia dinaari (1992–1993)","one":"Makedoonia dinaar (1992–1993)"},"symbol":"MKN","narrow":"MKN"},"MLF":{"displayName":{"other":"Mali franki","one":"Mali frank"},"symbol":"MLF","narrow":"MLF"},"MMK":{"displayName":{"other":"Myanmari kjatti","one":"Myanmari kjatt"},"symbol":"MMK","narrow":"K"},"MNT":{"displayName":{"other":"Mongoolia tugrikut","one":"Mongoolia tugrik"},"symbol":"MNT","narrow":"₮"},"MOP":{"displayName":{"other":"Macau pataakat","one":"Macau pataaka"},"symbol":"MOP","narrow":"MOP"},"MRO":{"displayName":{"other":"Mauritaania ugiat (1973–2017)","one":"Mauritaania ugia (1973–2017)"},"symbol":"MRO","narrow":"MRO"},"MRU":{"displayName":{"other":"Mauritaania ugiat","one":"Mauritaania ugia"},"symbol":"MRU","narrow":"MRU"},"MTL":{"displayName":{"other":"Malta liiri","one":"Malta liir"},"symbol":"MTL","narrow":"MTL"},"MTP":{"displayName":{"other":"Malta naela","one":"Malta nael"},"symbol":"MTP","narrow":"MTP"},"MUR":{"displayName":{"other":"Mauritiuse ruupiat","one":"Mauritiuse ruupia"},"symbol":"MUR","narrow":"Rs"},"MVP":{"displayName":{"other":"Maldiivi ruupiat (1947–1981)","one":"Maldiivi ruupia (1947–1981)"},"symbol":"MVP","narrow":"MVP"},"MVR":{"displayName":{"other":"Maldiivi ruupiat","one":"Maldiivi ruupia"},"symbol":"MVR","narrow":"MVR"},"MWK":{"displayName":{"other":"Malawi kvatšat","one":"Malawi kvatša"},"symbol":"MWK","narrow":"MWK"},"MXN":{"displayName":{"other":"Mehhiko peesot","one":"Mehhiko peeso"},"symbol":"MX$","narrow":"$"},"MXP":{"displayName":{"other":"Mehhiko peesot (1861–1992)","one":"Mehhiko peeso (1861–1992)"},"symbol":"MXP","narrow":"MXP"},"MXV":{"displayName":{"other":"MXV"},"symbol":"MXV","narrow":"MXV"},"MYR":{"displayName":{"other":"Malaisia ringgitit","one":"Malaisia ringgit"},"symbol":"MYR","narrow":"RM"},"MZE":{"displayName":{"other":"Mosambiigi eskuudot","one":"Mosambiigi eskuudo"},"symbol":"MZE","narrow":"MZE"},"MZM":{"displayName":{"other":"Mosambiigi metikali (1980–2006)","one":"Mosambiigi metikal (1980–2006)"},"symbol":"MZM","narrow":"MZM"},"MZN":{"displayName":{"other":"Mosambiigi metikali","one":"Mosambiigi metikal"},"symbol":"MZN","narrow":"MZN"},"NAD":{"displayName":{"other":"Namiibia dollarit","one":"Namiibia dollar"},"symbol":"NAD","narrow":"$"},"NGN":{"displayName":{"other":"Nigeeria nairat","one":"Nigeeria naira"},"symbol":"NGN","narrow":"₦"},"NIC":{"displayName":{"other":"Nicaragua kordobat (1988–1991)","one":"Nicaragua kordoba (1988–1991)"},"symbol":"NIC","narrow":"NIC"},"NIO":{"displayName":{"other":"Nicaragua kordobat","one":"Nicaragua kordoba"},"symbol":"NIO","narrow":"C$"},"NLG":{"displayName":{"other":"Hollandi kuldnat","one":"Hollandi kulden"},"symbol":"NLG","narrow":"NLG"},"NOK":{"displayName":{"other":"Norra krooni","one":"Norra kroon"},"symbol":"NOK","narrow":"kr"},"NPR":{"displayName":{"other":"Nepali ruupiat","one":"Nepali ruupia"},"symbol":"NPR","narrow":"Rs"},"NZD":{"displayName":{"other":"Uus-Meremaa dollarit","one":"Uus-Meremaa dollar"},"symbol":"NZ$","narrow":"$"},"OMR":{"displayName":{"other":"Omaani riaali","one":"Omaani riaal"},"symbol":"OMR","narrow":"OMR"},"PAB":{"displayName":{"other":"Panama balboad","one":"Panama balboa"},"symbol":"PAB","narrow":"PAB"},"PEI":{"displayName":{"other":"Peruu inti"},"symbol":"PEI","narrow":"PEI"},"PEN":{"displayName":{"other":"Peruu solli","one":"Peruu soll"},"symbol":"PEN","narrow":"PEN"},"PES":{"displayName":{"other":"Peruu solli (1863–1965)","one":"Peruu soll (1863–1965)"},"symbol":"PES","narrow":"PES"},"PGK":{"displayName":{"other":"Paapua Uus-Guinea kinat","one":"Paapua Uus-Guinea kina"},"symbol":"PGK","narrow":"PGK"},"PHP":{"displayName":{"other":"Filipiini peesot","one":"Filipiini peeso"},"symbol":"PHP","narrow":"₱"},"PKR":{"displayName":{"other":"Pakistani ruupiat","one":"Pakistani ruupia"},"symbol":"PKR","narrow":"Rs"},"PLN":{"displayName":{"other":"Poola zlotti","one":"Poola zlott"},"symbol":"PLN","narrow":"zł"},"PLZ":{"displayName":{"other":"Poola zlotti (1950–1995)","one":"Poola zlott (1950–1995)"},"symbol":"PLZ","narrow":"PLZ"},"PTE":{"displayName":{"other":"Portugali eskuudot","one":"Portugali eskuudo"},"symbol":"PTE","narrow":"PTE"},"PYG":{"displayName":{"other":"Paraguay guaraniid","one":"Paraguay guaranii"},"symbol":"PYG","narrow":"₲"},"QAR":{"displayName":{"other":"Katari riaali","one":"Katari riaal"},"symbol":"QAR","narrow":"QAR"},"RHD":{"displayName":{"other":"Rodeesia dollarit","one":"Rodeesia dollar"},"symbol":"RHD","narrow":"RHD"},"ROL":{"displayName":{"other":"Rumeenia leud (1952–2006)","one":"Rumeenia leu (1952–2006)"},"symbol":"ROL","narrow":"ROL"},"RON":{"displayName":{"other":"Rumeenia leud","one":"Rumeenia leu"},"symbol":"RON","narrow":"lei"},"RSD":{"displayName":{"other":"Serbia dinaari","one":"Serbia dinaar"},"symbol":"RSD","narrow":"RSD"},"RUB":{"displayName":{"other":"Venemaa rubla"},"symbol":"RUB","narrow":"₽"},"RUR":{"displayName":{"other":"Venemaa rubla (1991–1998)"},"symbol":"RUR","narrow":"р."},"RWF":{"displayName":{"other":"Rwanda franki","one":"Rwanda frank"},"symbol":"RWF","narrow":"RF"},"SAR":{"displayName":{"other":"Saudi Araabia riaali","one":"Saudi Araabia riaal"},"symbol":"SAR","narrow":"SAR"},"SBD":{"displayName":{"other":"Saalomoni Saarte dollarit","one":"Saalomoni Saarte dollar"},"symbol":"SBD","narrow":"$"},"SCR":{"displayName":{"other":"Seišelli ruupiat","one":"Seišelli ruupia"},"symbol":"SCR","narrow":"SCR"},"SDD":{"displayName":{"other":"Sudaani dinaari (1992–2007)","one":"Sudaani dinaar (1992–2007)"},"symbol":"SDD","narrow":"SDD"},"SDG":{"displayName":{"other":"Sudaani naela","one":"Sudaani nael"},"symbol":"SDG","narrow":"SDG"},"SDP":{"displayName":{"other":"Sudaani naela (1957–1998)","one":"Sudaani nael (1957–1998)"},"symbol":"SDP","narrow":"SDP"},"SEK":{"displayName":{"other":"Rootsi krooni","one":"Rootsi kroon"},"symbol":"SEK","narrow":"kr"},"SGD":{"displayName":{"other":"Singapuri dollarit","one":"Singapuri dollar"},"symbol":"SGD","narrow":"$"},"SHP":{"displayName":{"other":"Saint Helena naela","one":"Saint Helena nael"},"symbol":"SHP","narrow":"£"},"SIT":{"displayName":{"other":"Sloveenia tolarit","one":"Sloveenia tolar"},"symbol":"SIT","narrow":"SIT"},"SKK":{"displayName":{"other":"Slovaki krooni","one":"Slovaki kroon"},"symbol":"SKK","narrow":"SKK"},"SLL":{"displayName":{"other":"Sierra Leone leoonet","one":"Sierra Leone leoone"},"symbol":"SLL","narrow":"SLL"},"SOS":{"displayName":{"other":"Somaalia šillingit","one":"Somaalia šilling"},"symbol":"SOS","narrow":"SOS"},"SRD":{"displayName":{"other":"Suriname dollarit","one":"Suriname dollar"},"symbol":"SRD","narrow":"$"},"SRG":{"displayName":{"other":"Suriname kuldnat","one":"Suriname kulden"},"symbol":"SRG","narrow":"SRG"},"SSP":{"displayName":{"other":"Lõuna-Sudaani naela","one":"Lõuna-Sudaani nael"},"symbol":"SSP","narrow":"£"},"STD":{"displayName":{"other":"São Tomé ja Príncipe dobrat (1977–2017)","one":"São Tomé ja Príncipe dobra (1977–2017)"},"symbol":"STD","narrow":"STD"},"STN":{"displayName":{"other":"São Tomé ja Príncipe dobrat","one":"São Tomé ja Príncipe dobra"},"symbol":"STN","narrow":"Db"},"SUR":{"displayName":{"other":"NSVL-i rubla"},"symbol":"SUR","narrow":"SUR"},"SVC":{"displayName":{"other":"El Salvadori kolooni","one":"El Salvadori koloon"},"symbol":"SVC","narrow":"SVC"},"SYP":{"displayName":{"other":"Süüria naela","one":"Süüria nael"},"symbol":"SYP","narrow":"£"},"SZL":{"displayName":{"other":"Svaasimaa lilangenit","one":"Svaasimaa lilangeni"},"symbol":"SZL","narrow":"SZL"},"THB":{"displayName":{"other":"Tai baati","one":"Tai baat"},"symbol":"฿","narrow":"฿"},"TJR":{"displayName":{"other":"Tadžikistani rubla"},"symbol":"TJR","narrow":"TJR"},"TJS":{"displayName":{"other":"Tadžikistani somonit","one":"Tadžikistani somoni"},"symbol":"TJS","narrow":"TJS"},"TMM":{"displayName":{"other":"Türkmenistani manatit (1993–2009)","one":"Türkmenistani manat (1993–2009)"},"symbol":"TMM","narrow":"TMM"},"TMT":{"displayName":{"other":"Türkmenistani manatit","one":"Türkmenistani manat"},"symbol":"TMT","narrow":"TMT"},"TND":{"displayName":{"other":"Tuneesia dinaari","one":"Tuneesia dinaar"},"symbol":"TND","narrow":"TND"},"TOP":{"displayName":{"other":"Tonga pa’angat","one":"Tonga pa’anga"},"symbol":"TOP","narrow":"T$"},"TPE":{"displayName":{"other":"Timori eskuudot","one":"Timori eskuudo"},"symbol":"TPE","narrow":"TPE"},"TRL":{"displayName":{"other":"Türgi liiri (1922–2005)","one":"Türgi liir (1922–2005)"},"symbol":"TRL","narrow":"TRL"},"TRY":{"displayName":{"other":"Türgi liiri","one":"Türgi liir"},"symbol":"TRY","narrow":"₺"},"TTD":{"displayName":{"other":"Trinidadi ja Tobago dollarit","one":"Trinidadi ja Tobago dollar"},"symbol":"TTD","narrow":"$"},"TWD":{"displayName":{"other":"uut Taiwani dollarit","one":"uus Taiwani dollar"},"symbol":"NT$","narrow":"NT$"},"TZS":{"displayName":{"other":"Tansaania šillingit","one":"Tansaania šilling"},"symbol":"TZS","narrow":"TZS"},"UAH":{"displayName":{"other":"Ukraina grivnat","one":"Ukraina grivna"},"symbol":"UAH","narrow":"₴"},"UAK":{"displayName":{"other":"Ukraina karbovanets"},"symbol":"UAK","narrow":"UAK"},"UGS":{"displayName":{"other":"Uganda šillingit (1966–1987)","one":"Uganda šilling (1966–1987)"},"symbol":"UGS","narrow":"UGS"},"UGX":{"displayName":{"other":"Uganda šillingit","one":"Uganda šilling"},"symbol":"UGX","narrow":"UGX"},"USD":{"displayName":{"other":"USA dollarit","one":"USA dollar"},"symbol":"$","narrow":"$"},"USN":{"displayName":{"other":"USA järgmise päeva dollar"},"symbol":"USN","narrow":"USN"},"USS":{"displayName":{"other":"USA sama päeva dollar"},"symbol":"USS","narrow":"USS"},"UYI":{"displayName":{"other":"UYI"},"symbol":"UYI","narrow":"UYI"},"UYP":{"displayName":{"other":"Uruguay peesot (1975–1993)","one":"Uruguay peeso (1975–1993)"},"symbol":"UYP","narrow":"UYP"},"UYU":{"displayName":{"other":"Uruguay peesot","one":"Uruguay peeso"},"symbol":"UYU","narrow":"$"},"UYW":{"displayName":{"other":"UYW"},"symbol":"UYW","narrow":"UYW"},"UZS":{"displayName":{"other":"Usbekistani sommi","one":"Usbekistani somm"},"symbol":"UZS","narrow":"UZS"},"VEB":{"displayName":{"other":"Venezuela boliivarit (1871–2008)","one":"Venezuela boliivar (1871–2008)"},"symbol":"VEB","narrow":"VEB"},"VEF":{"displayName":{"other":"Venezuela boliivarit (2008–2018)","one":"Venezuela boliivar (2008–2018)"},"symbol":"VEF","narrow":"Bs"},"VES":{"displayName":{"other":"Venezuela boliivarit","one":"Venezuela boliivar"},"symbol":"VES","narrow":"VES"},"VND":{"displayName":{"other":"Vietnami dongi","one":"Vietnami dong"},"symbol":"₫","narrow":"₫"},"VNN":{"displayName":{"other":"Vietnami dongi (1978–1985)","one":"Vietnami dong (1978–1985)"},"symbol":"VNN","narrow":"VNN"},"VUV":{"displayName":{"other":"Vanuatu vatut","one":"Vanuatu vatu"},"symbol":"VUV","narrow":"VUV"},"WST":{"displayName":{"other":"Samoa taalat","one":"Samoa taala"},"symbol":"WST","narrow":"WST"},"XAF":{"displayName":{"other":"Kesk-Aafrika CFA franki","one":"Kesk-Aafrika CFA frank"},"symbol":"FCFA","narrow":"FCFA"},"XAG":{"displayName":{"other":"troiuntsi hõbedat","one":"troiunts hõbedat"},"symbol":"XAG","narrow":"XAG"},"XAU":{"displayName":{"other":"troiuntsi kulda","one":"troiunts kulda"},"symbol":"XAU","narrow":"XAU"},"XBA":{"displayName":{"other":"EURCO"},"symbol":"XBA","narrow":"XBA"},"XBB":{"displayName":{"other":"Euroopa rahaühik"},"symbol":"XBB","narrow":"XBB"},"XBC":{"displayName":{"other":"Euroopa rahaline arvestusühik (XBC)"},"symbol":"XBC","narrow":"XBC"},"XBD":{"displayName":{"other":"Euroopa rahaline arvestusühik (XBD)"},"symbol":"XBD","narrow":"XBD"},"XCD":{"displayName":{"other":"Ida-Kariibi dollarit","one":"Ida-Kariibi dollar"},"symbol":"EC$","narrow":"$"},"XDR":{"displayName":{"other":"Rahvusvahelise Valuutafondi arvestusühik"},"symbol":"XDR","narrow":"XDR"},"XEU":{"displayName":{"other":"eküüd","one":"eküü"},"symbol":"XEU","narrow":"XEU"},"XFO":{"displayName":{"other":"Prantsuse kuldfranki","one":"Prantsuse kuldfrank"},"symbol":"XFO","narrow":"XFO"},"XFU":{"displayName":{"other":"Prantsuse UIC-frank"},"symbol":"XFU","narrow":"XFU"},"XOF":{"displayName":{"other":"Lääne-Aafrika CFA franki","one":"Lääne-Aafrika CFA frank"},"symbol":"F CFA","narrow":"F CFA"},"XPD":{"displayName":{"other":"troiuntsi pallaadiumit","one":"troiunts pallaadiumit"},"symbol":"XPD","narrow":"XPD"},"XPF":{"displayName":{"other":"CFP franki","one":"CFP frank"},"symbol":"CFPF","narrow":"CFPF"},"XPT":{"displayName":{"other":"troiuntsi plaatinat","one":"troiunts plaatinat"},"symbol":"XPT","narrow":"XPT"},"XRE":{"displayName":{"other":"XRE"},"symbol":"XRE","narrow":"XRE"},"XSU":{"displayName":{"other":"XSU"},"symbol":"XSU","narrow":"XSU"},"XTS":{"displayName":{"other":"vääringute testkood"},"symbol":"XTS","narrow":"XTS"},"XUA":{"displayName":{"other":"XUA"},"symbol":"XUA","narrow":"XUA"},"XXX":{"displayName":{"other":"(määramata rahaühikut)","one":"(määramata rahaühik)"},"symbol":"¤","narrow":"¤"},"YDD":{"displayName":{"other":"Jeemeni dinaari","one":"Jeemeni dinaar"},"symbol":"YDD","narrow":"YDD"},"YER":{"displayName":{"other":"Jeemeni riaali","one":"Jeemeni riaal"},"symbol":"YER","narrow":"YER"},"YUD":{"displayName":{"other":"YUD"},"symbol":"YUD","narrow":"YUD"},"YUM":{"displayName":{"other":"Jugoslaavia uut dinaari (1994–2002)","one":"Jugoslaavia uus dinaar (1994–2002)"},"symbol":"YUM","narrow":"YUM"},"YUN":{"displayName":{"other":"Jugoslaavia konverteeritavat dinaari (1990–1992)","one":"Jugoslaavia konverteeritav dinaar (1990–1992)"},"symbol":"YUN","narrow":"YUN"},"YUR":{"displayName":{"other":"YUR"},"symbol":"YUR","narrow":"YUR"},"ZAL":{"displayName":{"other":"ZAL"},"symbol":"ZAL","narrow":"ZAL"},"ZAR":{"displayName":{"other":"Lõuna-Aafrika randi","one":"Lõuna-Aafrika rand"},"symbol":"ZAR","narrow":"R"},"ZMK":{"displayName":{"other":"Sambia kvatšat (1968–2012)","one":"Sambia kvatša (1968–2012)"},"symbol":"ZMK","narrow":"ZMK"},"ZMW":{"displayName":{"other":"Sambia kvatšat","one":"Sambia kvatša"},"symbol":"ZMW","narrow":"ZK"},"ZRN":{"displayName":{"other":"ZRN"},"symbol":"ZRN","narrow":"ZRN"},"ZRZ":{"displayName":{"other":"Sairi zaire"},"symbol":"ZRZ","narrow":"ZRZ"},"ZWD":{"displayName":{"other":"Zimbabwe dollarit (1980–2008)","one":"Zimbabwe dollar (1980–2008)"},"symbol":"ZWD","narrow":"ZWD"},"ZWL":{"displayName":{"other":"Zimbabwe dollarit (2009)","one":"Zimbabwe dollar (2009)"},"symbol":"ZWL","narrow":"ZWL"},"ZWR":{"displayName":{"other":"Zimbabwe dollarit (2008)","one":"Zimbabwe dollar (2008)"},"symbol":"ZWR","narrow":"ZWR"}},"numbers":{"nu":["latn"],"symbols":{"latn":{"decimal":",","group":" ","list":";","percentSign":"%","plusSign":"+","minusSign":"−","approximatelySign":"≈","exponential":"×10^","superscriptingExponent":"×","perMille":"‰","infinity":"∞","nan":"NaN","timeSeparator":":"}},"percent":{"latn":"#,##0%"},"decimal":{"latn":{"standard":"#,##0.###","long":{"1000":{"other":"0 tuhat"},"10000":{"other":"00 tuhat"},"100000":{"other":"000 tuhat"},"1000000":{"other":"0 miljonit","one":"0 miljon"},"10000000":{"other":"00 miljonit"},"100000000":{"other":"000 miljonit"},"1000000000":{"other":"0 miljardit","one":"0 miljard"},"10000000000":{"other":"00 miljardit"},"100000000000":{"other":"000 miljardit"},"1000000000000":{"other":"0 triljonit","one":"0 triljon"},"10000000000000":{"other":"00 triljonit"},"100000000000000":{"other":"000 triljonit"}},"short":{"1000":{"other":"0 tuh"},"10000":{"other":"00 tuh"},"100000":{"other":"000 tuh"},"1000000":{"other":"0 mln"},"10000000":{"other":"00 mln"},"100000000":{"other":"000 mln"},"1000000000":{"other":"0 mld"},"10000000000":{"other":"00 mld"},"100000000000":{"other":"000 mld"},"1000000000000":{"other":"0 trl"},"10000000000000":{"other":"00 trl"},"100000000000000":{"other":"000 trl"}}}},"currency":{"latn":{"currencySpacing":{"beforeInsertBetween":" ","afterInsertBetween":" "},"standard":"#,##0.00 ¤","accounting":"#,##0.00 ¤;(#,##0.00 ¤)","unitPattern":"{0} {1}","short":{"1000":{"other":"0 tuh ¤"},"10000":{"other":"00 tuh ¤"},"100000":{"other":"000 tuh ¤"},"1000000":{"other":"0 mln ¤"},"10000000":{"other":"00 mln ¤"},"100000000":{"other":"000 mln ¤"},"1000000000":{"other":"0 mld ¤"},"10000000000":{"other":"00 mld ¤"},"100000000000":{"other":"000 mld ¤"},"1000000000000":{"other":"0 trln ¤"},"10000000000000":{"other":"00 trln ¤"},"100000000000000":{"other":"000 trln ¤"}}}}},"nu":["latn"]},"locale":"et"}
