{"data":{"units":{"simple":{"degree":{"long":{"other":"{0} astetta","one":"{0} aste"},"short":{"other":"{0}°"},"narrow":{"other":"{0}°"},"perUnit":{}},"hectare":{"long":{"other":"{0} hehtaaria","one":"{0} hehtaari"},"short":{"other":"{0} ha"},"narrow":{"other":"{0}ha"},"perUnit":{}},"acre":{"long":{"other":"{0} eekkeriä","one":"{0} eekkeri"},"short":{"other":"{0} ac"},"narrow":{"other":"{0}ac"},"perUnit":{}},"percent":{"long":{"other":"{0} prosenttia","one":"{0} prosentti"},"short":{"other":"{0} %"},"narrow":{"other":"{0} %"},"perUnit":{}},"liter-per-kilometer":{"long":{"other":"{0} litraa / kilometri","one":"{0} litra / kilometri"},"short":{"other":"{0} l/km"},"narrow":{"other":"{0}l/km"},"perUnit":{}},"mile-per-gallon":{"long":{"other":"{0} mailia / am. gallona","one":"{0} maili / am. gallona"},"short":{"other":"{0} mpg-am"},"narrow":{"other":"{0}mpg-am"},"perUnit":{}},"petabyte":{"long":{"other":"{0} petatavua","one":"{0} petatavu"},"short":{"other":"{0} Pt"},"narrow":{"other":"{0}Pt"},"perUnit":{}},"terabyte":{"long":{"other":"{0} teratavua","one":"{0} teratavu"},"short":{"other":"{0} Tt"},"narrow":{"other":"{0}Tt"},"perUnit":{}},"terabit":{"long":{"other":"{0} terabittiä","one":"{0} terabitti"},"short":{"other":"{0} Tb"},"narrow":{"other":"{0}Tb"},"perUnit":{}},"gigabyte":{"long":{"other":"{0} gigatavua","one":"{0} gigatavu"},"short":{"other":"{0} Gt"},"narrow":{"other":"{0}Gt"},"perUnit":{}},"gigabit":{"long":{"other":"{0} gigabittiä","one":"{0} gigabitti"},"short":{"other":"{0} Gb"},"narrow":{"other":"{0}Gb"},"perUnit":{}},"megabyte":{"long":{"other":"{0} megatavua","one":"{0} megatavu"},"short":{"other":"{0} Mt"},"narrow":{"other":"{0}Mt"},"perUnit":{}},"megabit":{"long":{"other":"{0} megabittiä","one":"{0} megabitti"},"short":{"other":"{0} Mb"},"narrow":{"other":"{0}Mb"},"perUnit":{}},"kilobyte":{"long":{"other":"{0} kilotavua","one":"{0} kilotavu"},"short":{"other":"{0} kt"},"narrow":{"other":"{0}kt"},"perUnit":{}},"kilobit":{"long":{"other":"{0} kilobittiä","one":"{0} kilobitti"},"short":{"other":"{0} kb"},"narrow":{"other":"{0}kb"},"perUnit":{}},"byte":{"long":{"other":"{0} tavua","one":"{0} tavu"},"short":{"other":"{0} t"},"narrow":{"other":"{0}t"},"perUnit":{}},"bit":{"long":{"other":"{0} bittiä","one":"{0} bitti"},"short":{"other":"{0} b"},"narrow":{"other":"{0}b"},"perUnit":{}},"year":{"long":{"other":"{0} vuotta","one":"{0} vuosi"},"short":{"other":"{0} v"},"narrow":{"other":"{0}v"},"perUnit":{"long":"{0} / vuosi","short":"{0}/v","narrow":"{0}/v"}},"month":{"long":{"other":"{0} kuukautta","one":"{0} kuukausi"},"short":{"other":"{0} kk"},"narrow":{"other":"{0}kk"},"perUnit":{"long":"{0} / kuukausi","short":"{0}/kk","narrow":"{0}/kk"}},"week":{"long":{"other":"{0} viikkoa","one":"{0} viikko"},"short":{"other":"{0} vk"},"narrow":{"other":"{0}vk"},"perUnit":{"long":"{0} / viikko","short":"{0}/vk","narrow":"{0}/vk"}},"day":{"long":{"other":"{0} päivää","one":"{0} päivä"},"short":{"other":"{0} pv"},"narrow":{"other":"{0}pv"},"perUnit":{"long":"{0} / päivä","short":"{0}/pv","narrow":"{0}/pv"}},"hour":{"long":{"other":"{0} tuntia","one":"{0} tunti"},"short":{"other":"{0} t"},"narrow":{"other":"{0}t"},"perUnit":{"long":"{0} / tunti","short":"{0}/t","narrow":"{0}/t"}},"minute":{"long":{"other":"{0} minuuttia","one":"{0} minuutti"},"short":{"other":"{0} min"},"narrow":{"other":"{0}min"},"perUnit":{"long":"{0} / minuutti","short":"{0}/min","narrow":"{0}/min"}},"second":{"long":{"other":"{0} sekuntia","one":"{0} sekunti"},"short":{"other":"{0} s"},"narrow":{"other":"{0}s"},"perUnit":{"long":"{0} / sekunti","short":"{0}/s","narrow":"{0}/s"}},"millisecond":{"long":{"other":"{0} millisekuntia","one":"{0} millisekunti"},"short":{"other":"{0} ms"},"narrow":{"other":"{0}ms"},"perUnit":{}},"kilometer":{"long":{"other":"{0} kilometriä","one":"{0} kilometri"},"short":{"other":"{0} km"},"narrow":{"other":"{0}km"},"perUnit":{"long":"{0} / kilometri","short":"{0}/km","narrow":"{0}/km"}},"meter":{"long":{"other":"{0} metriä","one":"{0} metri"},"short":{"other":"{0} m"},"narrow":{"other":"{0}m"},"perUnit":{"long":"{0} / metri","short":"{0}/m","narrow":"{0}/m"}},"centimeter":{"long":{"other":"{0} senttimetriä","one":"{0} senttimetri"},"short":{"other":"{0} cm"},"narrow":{"other":"{0}cm"},"perUnit":{"long":"{0} / senttimetri","short":"{0}/cm","narrow":"{0}/cm"}},"millimeter":{"long":{"other":"{0} millimetriä","one":"{0} millimetri"},"short":{"other":"{0} mm"},"narrow":{"other":"{0}mm"},"perUnit":{}},"mile":{"long":{"other":"{0} mailia","one":"{0} maili"},"short":{"other":"{0} mi"},"narrow":{"other":"{0}mi"},"perUnit":{}},"yard":{"long":{"other":"{0} jaardia","one":"{0} jaardi"},"short":{"other":"{0} yd"},"narrow":{"other":"{0}yd"},"perUnit":{}},"foot":{"long":{"other":"{0} jalkaa","one":"{0} jalka"},"short":{"other":"{0} ft"},"narrow":{"other":"{0}′"},"perUnit":{"long":"{0} / jalka","short":"{0}/ft","narrow":"{0}/′"}},"inch":{"long":{"other":"{0} tuumaa","one":"{0} tuuma"},"short":{"other":"{0} in"},"narrow":{"other":"{0}″"},"perUnit":{"long":"{0} / tuuma","short":"{0}/in","narrow":"{0}/″"}},"mile-scandinavian":{"long":{"other":"{0} peninkulmaa","one":"{0} peninkulma"},"short":{"other":"{0} pnk"},"narrow":{"other":"{0}pnk"},"perUnit":{}},"kilogram":{"long":{"other":"{0} kilogrammaa","one":"{0} kilogramma"},"short":{"other":"{0} kg"},"narrow":{"other":"{0}kg"},"perUnit":{"long":"{0} / kilogramma","short":"{0}/kg","narrow":"{0}/kg"}},"gram":{"long":{"other":"{0} grammaa","one":"{0} gramma"},"short":{"other":"{0} g"},"narrow":{"other":"{0}g"},"perUnit":{"long":"{0} / gramma","short":"{0}/g","narrow":"{0}/g"}},"stone":{"long":{"other":"{0} stonea","one":"{0} stone"},"short":{"other":"{0} st"},"narrow":{"other":"{0}st"},"perUnit":{}},"pound":{"long":{"other":"{0} paunaa","one":"{0} pauna"},"short":{"other":"{0} lb"},"narrow":{"other":"{0}lb"},"perUnit":{"long":"{0} / pauna","short":"{0}/lb","narrow":"{0}/lb"}},"ounce":{"long":{"other":"{0} unssia","one":"{0} unssi"},"short":{"other":"{0} oz"},"narrow":{"other":"{0}oz"},"perUnit":{"long":"{0} / unssi","short":"{0}/oz","narrow":"{0}/oz"}},"kilometer-per-hour":{"long":{"other":"{0} kilometriä tunnissa","one":"{0} kilometri tunnissa"},"short":{"other":"{0} km/h"},"narrow":{"other":"{0}km/h"},"perUnit":{}},"meter-per-second":{"long":{"other":"{0} metriä sekunnissa","one":"{0} metri sekunnissa"},"short":{"other":"{0} m/s"},"narrow":{"other":"{0}m/s"},"perUnit":{}},"mile-per-hour":{"long":{"other":"{0} mailia tunnissa","one":"{0} maili tunnissa"},"short":{"other":"{0} mi/h"},"narrow":{"other":"{0}mi/h"},"perUnit":{}},"celsius":{"long":{"other":"{0} celsiusastetta","one":"{0} celsiusaste"},"short":{"other":"{0} °C"},"narrow":{"other":"{0}°"},"perUnit":{}},"fahrenheit":{"long":{"other":"{0} fahrenheitastetta","one":"{0} fahrenheitaste"},"short":{"other":"{0} °F"},"narrow":{"other":"{0}°F"},"perUnit":{}},"liter":{"long":{"other":"{0} litraa","one":"{0} litra"},"short":{"other":"{0} l"},"narrow":{"other":"{0}l"},"perUnit":{"long":"{0} / litra","short":"{0}/l","narrow":"{0}/l"}},"milliliter":{"long":{"other":"{0} millilitraa","one":"{0} millilitra"},"short":{"other":"{0} ml"},"narrow":{"other":"{0}ml"},"perUnit":{}},"gallon":{"long":{"other":"{0} am. gallonaa","one":"{0} am. gallona"},"short":{"other":"{0} am. gal"},"narrow":{"other":"{0}am.gal"},"perUnit":{"long":"{0} / am. gallona","short":"{0}/am. gal","narrow":"{0}/am.gal"}},"fluid-ounce":{"long":{"other":"{0} nesteunssia","one":"{0} nesteunssi"},"short":{"other":"{0} fl oz"},"narrow":{"other":"{0}fl oz"},"perUnit":{}}},"compound":{"per":{"long":"{0}/{1}","short":"{0}/{1}","narrow":"{0}/{1}"}}},"currencies":{"ADP":{"displayName":{"other":"Andorran pesetaa","one":"Andorran peseta"},"symbol":"ADP","narrow":"ADP"},"AED":{"displayName":{"other":"Arabiemiirikuntien dirhamia","one":"Arabiemiirikuntien dirhami"},"symbol":"AED","narrow":"AED"},"AFA":{"displayName":{"other":"Afganistanin afgaania (1927–2002)","one":"Afganistanin afgaani (1927–2002)"},"symbol":"AFA","narrow":"AFA"},"AFN":{"displayName":{"other":"Afganistanin afgaania","one":"Afganistanin afgaani"},"symbol":"AFN","narrow":"؋"},"ALK":{"displayName":{"other":"Albanian lekiä (1946–1965)","one":"Albanian lek (1946–1965)"},"symbol":"ALK","narrow":"ALK"},"ALL":{"displayName":{"other":"Albanian lekiä","one":"Albanian lek"},"symbol":"ALL","narrow":"ALL"},"AMD":{"displayName":{"other":"Armenian dramia","one":"Armenian dram"},"symbol":"AMD","narrow":"֏"},"ANG":{"displayName":{"other":"Alankomaiden Antillien guldenia","one":"Alankomaiden Antillien guldeni"},"symbol":"ANG","narrow":"ANG"},"AOA":{"displayName":{"other":"Angolan kwanzaa","one":"Angolan kwanza"},"symbol":"AOA","narrow":"AOA"},"AOK":{"displayName":{"other":"Angolan kwanzaa (1977–1990)","one":"Angolan kwanza (1977–1990)"},"symbol":"AOK","narrow":"AOK"},"AON":{"displayName":{"other":"Angolan uutta kwanzaa (1990–2000)","one":"Angolan uusi kwanza (1990–2000)"},"symbol":"AON","narrow":"AON"},"AOR":{"displayName":{"other":"Angolan kwanza reajustadoa (1995–1999)","one":"Angolan kwanza reajustado (1995–1999)"},"symbol":"AOR","narrow":"AOR"},"ARA":{"displayName":{"other":"Argentiinan australia","one":"Argentiinan austral"},"symbol":"ARA","narrow":"ARA"},"ARL":{"displayName":{"other":"Argentiinan ley-pesoa (1970–1983)","one":"Argentiinan ley-peso (1970–1983)"},"symbol":"ARL","narrow":"ARL"},"ARM":{"displayName":{"other":"Argentiinan pesoa (1881–1970)","one":"Argentiinan peso (1881–1970)"},"symbol":"ARM","narrow":"ARM"},"ARP":{"displayName":{"other":"Argentiinan pesoa (1983–1985)","one":"Argentiinan peso (1983–1985)"},"symbol":"ARP","narrow":"ARP"},"ARS":{"displayName":{"other":"Argentiinan pesoa","one":"Argentiinan peso"},"symbol":"ARS","narrow":"ARS"},"ATS":{"displayName":{"other":"Itävallan šillinkiä","one":"Itävallan šillinki"},"symbol":"ATS","narrow":"ATS"},"AUD":{"displayName":{"other":"Australian dollaria","one":"Australian dollari"},"symbol":"AUD","narrow":"AUD"},"AWG":{"displayName":{"other":"Aruban floriinia","one":"Aruban floriini"},"symbol":"AWG","narrow":"AWG"},"AZM":{"displayName":{"other":"Azerbaidžanin manatia (1993–2006)","one":"Azerbaidžanin manat (1993–2006)"},"symbol":"AZM","narrow":"AZM"},"AZN":{"displayName":{"other":"Azerbaidžanin manatia","one":"Azerbaidžanin manat"},"symbol":"AZN","narrow":"₼"},"BAD":{"displayName":{"other":"Bosnia-Hertsegovinan dinaaria (1992–1994)","one":"Bosnia-Hertsegovinan dinaari (1992–1994)"},"symbol":"BAD","narrow":"BAD"},"BAM":{"displayName":{"other":"Bosnia-Hertsegovinan vaihdettavaa markkaa","one":"Bosnia-Hertsegovinan vaihdettava markka"},"symbol":"BAM","narrow":"BAM"},"BAN":{"displayName":{"other":"Bosnia-Hertsegovinan uutta dinaaria (1994–1997)","one":"Bosnia-Hertsegovinan uusi dinaari (1994–1997)"},"symbol":"BAN","narrow":"BAN"},"BBD":{"displayName":{"other":"Barbadosin dollaria","one":"Barbadosin dollari"},"symbol":"BBD","narrow":"BBD"},"BDT":{"displayName":{"other":"Bangladeshin takaa","one":"Bangladeshin taka"},"symbol":"BDT","narrow":"BDT"},"BEC":{"displayName":{"other":"Belgian vaihdettavaa frangia","one":"Belgian vaihdettava frangi"},"symbol":"BEC","narrow":"BEC"},"BEF":{"displayName":{"other":"Belgian frangia","one":"Belgian frangi"},"symbol":"BEF","narrow":"BEF"},"BEL":{"displayName":{"other":"Belgian rahoitusfrangia","one":"Belgian rahoitusfrangi"},"symbol":"BEL","narrow":"BEL"},"BGL":{"displayName":{"other":"Bulgarian kovaa leviä","one":"Bulgarian kova lev"},"symbol":"BGL","narrow":"BGL"},"BGM":{"displayName":{"other":"Bulgarian sosialistista leviä","one":"Bulgarian sosialistinen lev"},"symbol":"BGM","narrow":"BGM"},"BGN":{"displayName":{"other":"Bulgarian leviä","one":"Bulgarian lev"},"symbol":"BGN","narrow":"BGN"},"BGO":{"displayName":{"other":"Bulgarian leviä (1879–1952)","one":"Bulgarian lev (1879–1952)"},"symbol":"BGO","narrow":"BGO"},"BHD":{"displayName":{"other":"Bahrainin dinaaria","one":"Bahrainin dinaari"},"symbol":"BHD","narrow":"BHD"},"BIF":{"displayName":{"other":"Burundin frangia","one":"Burundin frangi"},"symbol":"BIF","narrow":"BIF"},"BMD":{"displayName":{"other":"Bermudan dollaria","one":"Bermudan dollari"},"symbol":"BMD","narrow":"BMD"},"BND":{"displayName":{"other":"Brunein dollaria","one":"Brunein dollari"},"symbol":"BND","narrow":"BND"},"BOB":{"displayName":{"other":"Bolivian bolivianoa","one":"Bolivian boliviano"},"symbol":"BOB","narrow":"BOB"},"BOL":{"displayName":{"other":"Bolivian bolivianoa (1863–1963)","one":"Bolivian boliviano (1863–1963)"},"symbol":"BOL","narrow":"BOL"},"BOP":{"displayName":{"other":"Bolivian pesoa","one":"Bolivian peso"},"symbol":"BOP","narrow":"BOP"},"BOV":{"displayName":{"other":"Bolivian mvdol’ia","one":"Bolivian mvdol"},"symbol":"BOV","narrow":"BOV"},"BRB":{"displayName":{"other":"Brasilian uutta cruzeiroa (1967–1986)","one":"Brasilian uusi cruzeiro (1967–1986)"},"symbol":"BRB","narrow":"BRB"},"BRC":{"displayName":{"other":"Brasilian cruzadoa (1986–1989)","one":"Brasilian cruzado (1986–1989)"},"symbol":"BRC","narrow":"BRC"},"BRE":{"displayName":{"other":"Brasilian cruzeiroa (1990–1993)","one":"Brasilian cruzeiro (1990–1993)"},"symbol":"BRE","narrow":"BRE"},"BRL":{"displayName":{"other":"Brasilian realia","one":"Brasilian real"},"symbol":"BRL","narrow":"BRL"},"BRN":{"displayName":{"other":"Brasilian uutta cruzadoa (1989–1990)","one":"Brasilian uusi cruzado (1989–1990)"},"symbol":"BRN","narrow":"BRN"},"BRR":{"displayName":{"other":"Brasilian cruzeiroa (1993–1994)","one":"Brasilian cruzeiro (1993–1994)"},"symbol":"BRR","narrow":"BRR"},"BRZ":{"displayName":{"other":"Brasilian cruzeiroa (1942–1967)","one":"Brasilian cruzeiro (1942–1967)"},"symbol":"BRZ","narrow":"BRZ"},"BSD":{"displayName":{"other":"Bahaman dollaria","one":"Bahaman dollari"},"symbol":"BSD","narrow":"BSD"},"BTN":{"displayName":{"other":"Bhutanin ngultrumia","one":"Bhutanin ngultrum"},"symbol":"BTN","narrow":"BTN"},"BUK":{"displayName":{"other":"Burman kyatia","one":"Burman kyat"},"symbol":"BUK","narrow":"BUK"},"BWP":{"displayName":{"other":"Botswanan pulaa","one":"Botswanan pula"},"symbol":"BWP","narrow":"BWP"},"BYB":{"displayName":{"other":"Valko-Venäjän uutta ruplaa (1994–1999)","one":"Valko-Venäjän uusi rupla (1994–1999)"},"symbol":"BYB","narrow":"BYB"},"BYN":{"displayName":{"other":"Valko-Venäjän ruplaa","one":"Valko-Venäjän rupla"},"symbol":"BYN","narrow":"BYN"},"BYR":{"displayName":{"other":"Valko-Venäjän ruplaa (2000–2016)","one":"Valko-Venäjän rupla (2000–2016)"},"symbol":"BYR","narrow":"BYR"},"BZD":{"displayName":{"other":"Belizen dollaria","one":"Belizen dollari"},"symbol":"BZD","narrow":"BZD"},"CAD":{"displayName":{"other":"Kanadan dollaria","one":"Kanadan dollari"},"symbol":"CAD","narrow":"CAD"},"CDF":{"displayName":{"other":"Kongon frangia","one":"Kongon frangi"},"symbol":"CDF","narrow":"CDF"},"CHE":{"displayName":{"other":"Sveitsin WIR-euroa","one":"Sveitsin WIR-euro"},"symbol":"CHE","narrow":"CHE"},"CHF":{"displayName":{"other":"Sveitsin frangia","one":"Sveitsin frangi"},"symbol":"CHF","narrow":"CHF"},"CHW":{"displayName":{"other":"Sveitsin WIR-frangia","one":"Sveitsin WIR-frangi"},"symbol":"CHW","narrow":"CHW"},"CLE":{"displayName":{"other":"Chilen escudoa","one":"Chilen escudo"},"symbol":"CLE","narrow":"CLE"},"CLF":{"displayName":{"other":"Chilen unidades de fomentoa","one":"Chilen unidades de fomento"},"symbol":"CLF","narrow":"CLF"},"CLP":{"displayName":{"other":"Chilen pesoa","one":"Chilen peso"},"symbol":"CLP","narrow":"CLP"},"CNH":{"displayName":{"other":"Kiinan juania (offshore)","one":"Kiinan juan (offshore)"},"symbol":"CNH","narrow":"CNH"},"CNX":{"displayName":{"other":"Kiinan kansanpankin dollaria","one":"Kiinan kansanpankin dollari"},"symbol":"CNX","narrow":"CNX"},"CNY":{"displayName":{"other":"Kiinan juania","one":"Kiinan juan"},"symbol":"CNY","narrow":"CNY"},"COP":{"displayName":{"other":"Kolumbian pesoa","one":"Kolumbian peso"},"symbol":"COP","narrow":"COP"},"COU":{"displayName":{"other":"Kolumbian unidad de valor realia","one":"Kolumbian unidad de valor real"},"symbol":"COU","narrow":"COU"},"CRC":{"displayName":{"other":"Costa Rican colónia","one":"Costa Rican colón"},"symbol":"CRC","narrow":"CRC"},"CSD":{"displayName":{"other":"Serbian dinaaria (2002–2006)","one":"Serbian dinaari (2002–2006)"},"symbol":"CSD","narrow":"CSD"},"CSK":{"displayName":{"other":"Tšekkoslovakian kovaa korunaa","one":"Tšekkoslovakian kova koruna"},"symbol":"CSK","narrow":"CSK"},"CUC":{"displayName":{"other":"Kuuban vaihdettavaa pesoa","one":"Kuuban vaihdettava peso"},"symbol":"CUC","narrow":"CUC"},"CUP":{"displayName":{"other":"Kuuban pesoa","one":"Kuuban peso"},"symbol":"CUP","narrow":"CUP"},"CVE":{"displayName":{"other":"Kap Verden escudoa","one":"Kap Verden escudo"},"symbol":"CVE","narrow":"CVE"},"CYP":{"displayName":{"other":"Kyproksen puntaa","one":"Kyproksen punta"},"symbol":"CYP","narrow":"CYP"},"CZK":{"displayName":{"other":"Tšekin korunaa","one":"Tšekin koruna"},"symbol":"CZK","narrow":"CZK"},"DDM":{"displayName":{"other":"Itä-Saksan markkaa","one":"Itä-Saksan markka"},"symbol":"DDM","narrow":"DDM"},"DEM":{"displayName":{"other":"Saksan markkaa","one":"Saksan markka"},"symbol":"DEM","narrow":"DEM"},"DJF":{"displayName":{"other":"Djiboutin frangia","one":"Djiboutin frangi"},"symbol":"DJF","narrow":"DJF"},"DKK":{"displayName":{"other":"Tanskan kruunua","one":"Tanskan kruunu"},"symbol":"DKK","narrow":"DKK"},"DOP":{"displayName":{"other":"Dominikaanisen tasavallan pesoa","one":"Dominikaanisen tasavallan peso"},"symbol":"DOP","narrow":"DOP"},"DZD":{"displayName":{"other":"Algerian dinaaria","one":"Algerian dinaari"},"symbol":"DZD","narrow":"DZD"},"ECS":{"displayName":{"other":"Ecuadorin sucrea","one":"Ecuadorin sucre"},"symbol":"ECS","narrow":"ECS"},"ECV":{"displayName":{"other":"Ecuadorin UVC’ta","one":"Ecuadorin UVC"},"symbol":"ECV","narrow":"ECV"},"EEK":{"displayName":{"other":"Viron kruunua","one":"Viron kruunu"},"symbol":"EEK","narrow":"EEK"},"EGP":{"displayName":{"other":"Egyptin puntaa","one":"Egyptin punta"},"symbol":"EGP","narrow":"EGP"},"ERN":{"displayName":{"other":"Eritrean nakfaa","one":"Eritrean nakfa"},"symbol":"ERN","narrow":"ERN"},"ESA":{"displayName":{"other":"Espanjan pesetaa (A-tili)","one":"Espanjan peseta (A-tili)"},"symbol":"ESA","narrow":"ESA"},"ESB":{"displayName":{"other":"Espanjan pesetaa (vaihdettava tili)","one":"Espanjan peseta (vaihdettava tili)"},"symbol":"ESB","narrow":"ESB"},"ESP":{"displayName":{"other":"Espanjan pesetaa","one":"Espanjan peseta"},"symbol":"ESP","narrow":"ESP"},"ETB":{"displayName":{"other":"Etiopian birriä","one":"Etiopian birr"},"symbol":"ETB","narrow":"ETB"},"EUR":{"displayName":{"other":"euroa","one":"euro"},"symbol":"€","narrow":"€"},"FIM":{"displayName":{"other":"Suomen markkaa","one":"Suomen markka"},"symbol":"mk","narrow":"mk"},"FJD":{"displayName":{"other":"Fidžin dollaria","one":"Fidžin dollari"},"symbol":"FJD","narrow":"FJD"},"FKP":{"displayName":{"other":"Falklandinsaarten puntaa","one":"Falklandinsaarten punta"},"symbol":"FKP","narrow":"FKP"},"FRF":{"displayName":{"other":"Ranskan frangia","one":"Ranskan frangi"},"symbol":"FRF","narrow":"FRF"},"GBP":{"displayName":{"other":"Englannin puntaa","one":"Englannin punta"},"symbol":"£","narrow":"£"},"GEK":{"displayName":{"other":"Georgian kuponkilaria","one":"Georgian kuponkilari"},"symbol":"GEK","narrow":"GEK"},"GEL":{"displayName":{"other":"Georgian laria","one":"Georgian lari"},"symbol":"GEL","narrow":"GEL"},"GHC":{"displayName":{"other":"Ghanan cediä (1979–2007)","one":"Ghanan cedi (1979–2007)"},"symbol":"GHC","narrow":"GHC"},"GHS":{"displayName":{"other":"Ghanan cediä","one":"Ghanan cedi"},"symbol":"GHS","narrow":"GH₵"},"GIP":{"displayName":{"other":"Gibraltarin puntaa","one":"Gibraltarin punta"},"symbol":"GIP","narrow":"GIP"},"GMD":{"displayName":{"other":"Gambian dalasia","one":"Gambian dalasi"},"symbol":"GMD","narrow":"GMD"},"GNF":{"displayName":{"other":"Guinean frangia","one":"Guinean frangi"},"symbol":"GNF","narrow":"GNF"},"GNS":{"displayName":{"other":"Guinean syliä","one":"Guinean syli"},"symbol":"GNS","narrow":"GNS"},"GQE":{"displayName":{"other":"Päiväntasaajan Guinean ekweleä","one":"Päiväntasaajan Guinean ekwele"},"symbol":"GQE","narrow":"GQE"},"GRD":{"displayName":{"other":"Kreikan drakmaa","one":"Kreikan drakma"},"symbol":"GRD","narrow":"GRD"},"GTQ":{"displayName":{"other":"Guatemalan quetzalia","one":"Guatemalan quetzal"},"symbol":"GTQ","narrow":"GTQ"},"GWE":{"displayName":{"other":"Portugalin Guinean escudoa","one":"Portugalin Guinean escudo"},"symbol":"GWE","narrow":"GWE"},"GWP":{"displayName":{"other":"Guinea-Bissaun pesoa","one":"Guinea-Bissaun peso"},"symbol":"GWP","narrow":"GWP"},"GYD":{"displayName":{"other":"Guyanan dollaria","one":"Guyanan dollari"},"symbol":"GYD","narrow":"GYD"},"HKD":{"displayName":{"other":"Hongkongin dollaria","one":"Hongkongin dollari"},"symbol":"HKD","narrow":"HKD"},"HNL":{"displayName":{"other":"Hondurasin lempiraa","one":"Hondurasin lempira"},"symbol":"HNL","narrow":"HNL"},"HRD":{"displayName":{"other":"Kroatian dinaaria","one":"Kroatian dinaari"},"symbol":"HRD","narrow":"HRD"},"HRK":{"displayName":{"other":"Kroatian kunaa","one":"Kroatian kuna"},"symbol":"HRK","narrow":"HRK"},"HTG":{"displayName":{"other":"Haitin gourdea","one":"Haitin gourde"},"symbol":"HTG","narrow":"HTG"},"HUF":{"displayName":{"other":"Unkarin forinttia","one":"Unkarin forintti"},"symbol":"HUF","narrow":"HUF"},"IDR":{"displayName":{"other":"Indonesian rupiaa","one":"Indonesian rupia"},"symbol":"IDR","narrow":"IDR"},"IEP":{"displayName":{"other":"Irlannin puntaa","one":"Irlannin punta"},"symbol":"IEP","narrow":"IEP"},"ILP":{"displayName":{"other":"Israelin puntaa","one":"Israelin punta"},"symbol":"ILP","narrow":"ILP"},"ILR":{"displayName":{"other":"Israelin sekeliä (1980–1985)","one":"Israelin sekeli (1980–1985)"},"symbol":"ILR","narrow":"ILR"},"ILS":{"displayName":{"other":"Israelin uutta sekeliä","one":"Israelin uusi sekeli"},"symbol":"ILS","narrow":"ILS"},"INR":{"displayName":{"other":"Intian rupiaa","one":"Intian rupia"},"symbol":"INR","narrow":"INR"},"IQD":{"displayName":{"other":"Irakin dinaaria","one":"Irakin dinaari"},"symbol":"IQD","narrow":"IQD"},"IRR":{"displayName":{"other":"Iranin rialia","one":"Iranin rial"},"symbol":"IRR","narrow":"IRR"},"ISJ":{"displayName":{"other":"Islannin kruunua (1918–1981)","one":"Islannin kruunu (1918–1981)"},"symbol":"ISJ","narrow":"ISJ"},"ISK":{"displayName":{"other":"Islannin kruunua","one":"Islannin kruunu"},"symbol":"ISK","narrow":"ISK"},"ITL":{"displayName":{"other":"Italian liiraa","one":"Italian liira"},"symbol":"ITL","narrow":"ITL"},"JMD":{"displayName":{"other":"Jamaikan dollaria","one":"Jamaikan dollari"},"symbol":"JMD","narrow":"JMD"},"JOD":{"displayName":{"other":"Jordanian dinaaria","one":"Jordanian dinaari"},"symbol":"JOD","narrow":"JOD"},"JPY":{"displayName":{"other":"Japanin jeniä","one":"Japanin jeni"},"symbol":"¥","narrow":"¥"},"KES":{"displayName":{"other":"Kenian šillinkiä","one":"Kenian šillinki"},"symbol":"KES","narrow":"KES"},"KGS":{"displayName":{"other":"Kirgisian somia","one":"Kirgisian som"},"symbol":"KGS","narrow":"KGS"},"KHR":{"displayName":{"other":"Kambodžan rieliä","one":"Kambodžan riel"},"symbol":"KHR","narrow":"KHR"},"KMF":{"displayName":{"other":"Komorien frangia","one":"Komorien frangi"},"symbol":"KMF","narrow":"KMF"},"KPW":{"displayName":{"other":"Pohjois-Korean wonia","one":"Pohjois-Korean won"},"symbol":"KPW","narrow":"KPW"},"KRH":{"displayName":{"other":"Etelä-Korean hwania (1953–1962)","one":"Etelä-Korean hwan (1953–1962)"},"symbol":"KRH","narrow":"KRH"},"KRO":{"displayName":{"other":"Etelä-Korean wonia (1945–1953)","one":"Etelä-Korean won (1945–1953)"},"symbol":"KRO","narrow":"KRO"},"KRW":{"displayName":{"other":"Etelä-Korean wonia","one":"Etelä-Korean won"},"symbol":"KRW","narrow":"KRW"},"KWD":{"displayName":{"other":"Kuwaitin dinaaria","one":"Kuwaitin dinaari"},"symbol":"KWD","narrow":"KWD"},"KYD":{"displayName":{"other":"Caymansaarten dollaria","one":"Caymansaarten dollari"},"symbol":"KYD","narrow":"KYD"},"KZT":{"displayName":{"other":"Kazakstanin tengeä","one":"Kazakstanin tenge"},"symbol":"KZT","narrow":"KZT"},"LAK":{"displayName":{"other":"Laosin kipiä","one":"Laosin kip"},"symbol":"LAK","narrow":"LAK"},"LBP":{"displayName":{"other":"Libanonin puntaa","one":"Libanonin punta"},"symbol":"LBP","narrow":"LBP"},"LKR":{"displayName":{"other":"Sri Lankan rupiaa","one":"Sri Lankan rupia"},"symbol":"LKR","narrow":"LKR"},"LRD":{"displayName":{"other":"Liberian dollaria","one":"Liberian dollari"},"symbol":"LRD","narrow":"LRD"},"LSL":{"displayName":{"other":"Lesothon lotia","one":"Lesothon loti"},"symbol":"LSL","narrow":"LSL"},"LTL":{"displayName":{"other":"Liettuan litiä","one":"Liettuan liti"},"symbol":"LTL","narrow":"LTL"},"LTT":{"displayName":{"other":"Liettuan talonasia","one":"Liettuan talonas"},"symbol":"LTT","narrow":"LTT"},"LUC":{"displayName":{"other":"Luxemburgin vaihdettavaa frangia","one":"Luxemburgin vaihdettava frangi"},"symbol":"LUC","narrow":"LUC"},"LUF":{"displayName":{"other":"Luxemburgin frangia","one":"Luxemburgin frangi"},"symbol":"LUF","narrow":"LUF"},"LUL":{"displayName":{"other":"Luxemburgin rahoitusfrangia","one":"Luxemburgin rahoitusfrangi"},"symbol":"LUL","narrow":"LUL"},"LVL":{"displayName":{"other":"Latvian latia","one":"Latvian lati"},"symbol":"LVL","narrow":"LVL"},"LVR":{"displayName":{"other":"Latvian ruplaa","one":"Latvian rupla"},"symbol":"LVR","narrow":"LVR"},"LYD":{"displayName":{"other":"Libyan dinaaria","one":"Libyan dinaari"},"symbol":"LYD","narrow":"LYD"},"MAD":{"displayName":{"other":"Marokon dirhamia","one":"Marokon dirhami"},"symbol":"MAD","narrow":"MAD"},"MAF":{"displayName":{"other":"Marokon frangia","one":"Marokon frangi"},"symbol":"MAF","narrow":"MAF"},"MCF":{"displayName":{"other":"Monacon frangia","one":"Monacon frangi"},"symbol":"MCF","narrow":"MCF"},"MDC":{"displayName":{"other":"Moldovan kuponkileuta","one":"Moldovan kuponkileu"},"symbol":"MDC","narrow":"MDC"},"MDL":{"displayName":{"other":"Moldovan leuta","one":"Moldovan leu"},"symbol":"MDL","narrow":"MDL"},"MGA":{"displayName":{"other":"Madagaskarin ariarya","one":"Madagaskarin ariary"},"symbol":"MGA","narrow":"MGA"},"MGF":{"displayName":{"other":"Madagaskarin frangia","one":"Madagaskarin frangi"},"symbol":"MGF","narrow":"MGF"},"MKD":{"displayName":{"other":"Makedonian denaaria","one":"Makedonian denaari"},"symbol":"MKD","narrow":"MKD"},"MKN":{"displayName":{"other":"Makedonian dinaaria (1992–1993)","one":"Makedonian dinaari (1992–1993)"},"symbol":"MKN","narrow":"MKN"},"MLF":{"displayName":{"other":"Malin frangia","one":"Malin frangi"},"symbol":"MLF","narrow":"MLF"},"MMK":{"displayName":{"other":"Myanmarin kyatia","one":"Myanmarin kyat"},"symbol":"MMK","narrow":"MMK"},"MNT":{"displayName":{"other":"Mongolian tugrikia","one":"Mongolian tugrik"},"symbol":"MNT","narrow":"MNT"},"MOP":{"displayName":{"other":"Macaon patacaa","one":"Macaon pataca"},"symbol":"MOP","narrow":"MOP"},"MRO":{"displayName":{"other":"Mauritanian ouguiyaa (1973–2017)","one":"Mauritanian ouguiya (1973–2017)"},"symbol":"MRO","narrow":"MRO"},"MRU":{"displayName":{"other":"Mauritanian ouguiyaa","one":"Mauritanian ouguiya"},"symbol":"MRU","narrow":"MRU"},"MTL":{"displayName":{"other":"Maltan liiraa","one":"Maltan liira"},"symbol":"MTL","narrow":"MTL"},"MTP":{"displayName":{"other":"Maltan puntaa","one":"Maltan punta"},"symbol":"MTP","narrow":"MTP"},"MUR":{"displayName":{"other":"Mauritiuksen rupiaa","one":"Mauritiuksen rupia"},"symbol":"MUR","narrow":"MUR"},"MVP":{"displayName":{"other":"Malediivien rupiaa (1947–1981)","one":"Malediivien rupia (1947–1981)"},"symbol":"MVP","narrow":"MVP"},"MVR":{"displayName":{"other":"Malediivien rufiyaata","one":"Malediivien rufiyaa"},"symbol":"MVR","narrow":"MVR"},"MWK":{"displayName":{"other":"Malawin kwachaa","one":"Malawin kwacha"},"symbol":"MWK","narrow":"MWK"},"MXN":{"displayName":{"other":"Meksikon pesoa","one":"Meksikon peso"},"symbol":"MXN","narrow":"MXN"},"MXP":{"displayName":{"other":"Meksikon hopeapesoa (1861–1992)","one":"Meksikon hopeapeso (1861–1992)"},"symbol":"MXP","narrow":"MXP"},"MXV":{"displayName":{"other":"Meksikon UDI’ta","one":"Meksikon UDI"},"symbol":"MXV","narrow":"MXV"},"MYR":{"displayName":{"other":"Malesian ringgitiä","one":"Malesian ringgit"},"symbol":"MYR","narrow":"MYR"},"MZE":{"displayName":{"other":"Mosambikin escudoa","one":"Mosambikin escudo"},"symbol":"MZE","narrow":"MZE"},"MZM":{"displayName":{"other":"Mosambikin meticalia (1980–2006)","one":"Mosambikin metical (1980–2006)"},"symbol":"MZM","narrow":"MZM"},"MZN":{"displayName":{"other":"Mosambikin meticalia","one":"Mosambikin metical"},"symbol":"MZN","narrow":"MZN"},"NAD":{"displayName":{"other":"Namibian dollaria","one":"Namibian dollari"},"symbol":"NAD","narrow":"NAD"},"NGN":{"displayName":{"other":"Nigerian nairaa","one":"Nigerian naira"},"symbol":"NGN","narrow":"NGN"},"NIC":{"displayName":{"other":"Nicaraguan córdobaa (1988–1991)","one":"Nicaraguan córdoba (1988–1991)"},"symbol":"NIC","narrow":"NIC"},"NIO":{"displayName":{"other":"Nicaraguan córdobaa","one":"Nicaraguan córdoba"},"symbol":"NIO","narrow":"NIO"},"NLG":{"displayName":{"other":"Alankomaiden guldenia","one":"Alankomaiden guldeni"},"symbol":"NLG","narrow":"NLG"},"NOK":{"displayName":{"other":"Norjan kruunua","one":"Norjan kruunu"},"symbol":"NOK","narrow":"NOK"},"NPR":{"displayName":{"other":"Nepalin rupiaa","one":"Nepalin rupia"},"symbol":"NPR","narrow":"NPR"},"NZD":{"displayName":{"other":"Uuden-Seelannin dollaria","one":"Uuden-Seelannin dollari"},"symbol":"NZD","narrow":"NZD"},"OMR":{"displayName":{"other":"Omanin rialia","one":"Omanin rial"},"symbol":"OMR","narrow":"OMR"},"PAB":{"displayName":{"other":"Panaman balboaa","one":"Panaman balboa"},"symbol":"PAB","narrow":"PAB"},"PEI":{"displayName":{"other":"Perun intiä","one":"Perun inti"},"symbol":"PEI","narrow":"PEI"},"PEN":{"displayName":{"other":"Perun solia","one":"Perun sol"},"symbol":"PEN","narrow":"PEN"},"PES":{"displayName":{"other":"Perun solia (1863–1965)","one":"Perun sol (1863–1965)"},"symbol":"PES","narrow":"PES"},"PGK":{"displayName":{"other":"Papua-Uuden-Guinean kinaa","one":"Papua-Uuden-Guinean kina"},"symbol":"PGK","narrow":"PGK"},"PHP":{"displayName":{"other":"Filippiinien pesoa","one":"Filippiinien peso"},"symbol":"PHP","narrow":"PHP"},"PKR":{"displayName":{"other":"Pakistanin rupiaa","one":"Pakistanin rupia"},"symbol":"PKR","narrow":"PKR"},"PLN":{"displayName":{"other":"Puolan złotya","one":"Puolan złoty"},"symbol":"PLN","narrow":"PLN"},"PLZ":{"displayName":{"other":"Puolan złotya (1950–1995)","one":"Puolan złoty (1950–1995)"},"symbol":"PLZ","narrow":"PLZ"},"PTE":{"displayName":{"other":"Portugalin escudoa","one":"Portugalin escudo"},"symbol":"PTE","narrow":"PTE"},"PYG":{"displayName":{"other":"Paraguayn guarania","one":"Paraguayn guarani"},"symbol":"PYG","narrow":"PYG"},"QAR":{"displayName":{"other":"Qatarin rialia","one":"Qatarin rial"},"symbol":"QAR","narrow":"QAR"},"RHD":{"displayName":{"other":"Rhodesian dollaria","one":"Rhodesian dollari"},"symbol":"RHD","narrow":"RHD"},"ROL":{"displayName":{"other":"Romanian leuta (1952–2006)","one":"Romanian leu (1952–2006)"},"symbol":"ROL","narrow":"ROL"},"RON":{"displayName":{"other":"Romanian leuta","one":"Romanian leu"},"symbol":"RON","narrow":"RON"},"RSD":{"displayName":{"other":"Serbian dinaaria","one":"Serbian dinaari"},"symbol":"RSD","narrow":"RSD"},"RUB":{"displayName":{"other":"Venäjän ruplaa","one":"Venäjän rupla"},"symbol":"RUB","narrow":"₽"},"RUR":{"displayName":{"other":"Venäjän ruplaa (1991–1998)","one":"Venäjän rupla (1991–1998)"},"symbol":"RUR","narrow":"RUR"},"RWF":{"displayName":{"other":"Ruandan frangia","one":"Ruandan frangi"},"symbol":"RWF","narrow":"RWF"},"SAR":{"displayName":{"other":"Saudi-Arabian rialia","one":"Saudi-Arabian rial"},"symbol":"SAR","narrow":"SAR"},"SBD":{"displayName":{"other":"Salomonsaarten dollaria","one":"Salomonsaarten dollari"},"symbol":"SBD","narrow":"SBD"},"SCR":{"displayName":{"other":"Seychellien rupiaa","one":"Seychellien rupia"},"symbol":"SCR","narrow":"SCR"},"SDD":{"displayName":{"other":"Sudanin dinaaria (1992–2007)","one":"Sudanin dinaari (1992–2007)"},"symbol":"SDD","narrow":"SDD"},"SDG":{"displayName":{"other":"Sudanin puntaa","one":"Sudanin punta"},"symbol":"SDG","narrow":"SDG"},"SDP":{"displayName":{"other":"Sudanin puntaa (1957–1998)","one":"Sudanin punta (1957–1998)"},"symbol":"SDP","narrow":"SDP"},"SEK":{"displayName":{"other":"Ruotsin kruunua","one":"Ruotsin kruunu"},"symbol":"SEK","narrow":"SEK"},"SGD":{"displayName":{"other":"Singaporen dollaria","one":"Singaporen dollari"},"symbol":"SGD","narrow":"SGD"},"SHP":{"displayName":{"other":"Saint Helenan puntaa","one":"Saint Helenan punta"},"symbol":"SHP","narrow":"SHP"},"SIT":{"displayName":{"other":"Slovenian tolaria","one":"Slovenian tolar"},"symbol":"SIT","narrow":"SIT"},"SKK":{"displayName":{"other":"Slovakian korunaa","one":"Slovakian koruna"},"symbol":"SKK","narrow":"SKK"},"SLL":{"displayName":{"other":"Sierra Leonen leonea","one":"Sierra Leonen leone"},"symbol":"SLL","narrow":"SLL"},"SOS":{"displayName":{"other":"Somalian šillinkiä","one":"Somalian šillinki"},"symbol":"SOS","narrow":"SOS"},"SRD":{"displayName":{"other":"Surinamen dollaria","one":"Surinamen dollari"},"symbol":"SRD","narrow":"SRD"},"SRG":{"displayName":{"other":"Surinamen guldeni"},"symbol":"SRG","narrow":"SRG"},"SSP":{"displayName":{"other":"Etelä-Sudanin puntaa","one":"Etelä-Sudanin punta"},"symbol":"SSP","narrow":"SSP"},"STD":{"displayName":{"other":"São Tomén ja Príncipen dobraa (1977–2017)","one":"São Tomén ja Príncipen dobra (1977–2017)"},"symbol":"STD","narrow":"STD"},"STN":{"displayName":{"other":"São Tomén ja Príncipen dobraa","one":"São Tomén ja Príncipen dobra"},"symbol":"STN","narrow":"STD"},"SUR":{"displayName":{"other":"Neuvostoliiton ruplaa","one":"Neuvostoliiton rupla"},"symbol":"SUR","narrow":"SUR"},"SVC":{"displayName":{"other":"El Salvadorin colónia","one":"El Salvadorin colón"},"symbol":"SVC","narrow":"SVC"},"SYP":{"displayName":{"other":"Syyrian puntaa","one":"Syyrian punta"},"symbol":"SYP","narrow":"SYP"},"SZL":{"displayName":{"other":"Swazimaan lilangenia","one":"Swazimaan lilangeni"},"symbol":"SZL","narrow":"SZL"},"THB":{"displayName":{"other":"Thaimaan bahtia","one":"Thaimaan baht"},"symbol":"THB","narrow":"THB"},"TJR":{"displayName":{"other":"Tadžikistanin ruplaa","one":"Tadžikistanin rupla"},"symbol":"TJR","narrow":"TJR"},"TJS":{"displayName":{"other":"Tadžikistanin somonia","one":"Tadžikistanin somoni"},"symbol":"TJS","narrow":"TJS"},"TMM":{"displayName":{"other":"Turkmenistanin manatia (1993–2009)","one":"Turkmenistanin manat (1993–2009)"},"symbol":"TMM","narrow":"TMM"},"TMT":{"displayName":{"other":"Turkmenistanin manatia","one":"Turkmenistanin manat"},"symbol":"TMT","narrow":"TMT"},"TND":{"displayName":{"other":"Tunisian dinaaria","one":"Tunisian dinaari"},"symbol":"TND","narrow":"TND"},"TOP":{"displayName":{"other":"Tongan pa’angaa","one":"Tongan pa’anga"},"symbol":"TOP","narrow":"TOP"},"TPE":{"displayName":{"other":"Timorin escudoa","one":"Timorin escudo"},"symbol":"TPE","narrow":"TPE"},"TRL":{"displayName":{"other":"Turkin liiraa (1922–2005)","one":"Turkin liira (1922–2005)"},"symbol":"TRL","narrow":"TRL"},"TRY":{"displayName":{"other":"Turkin liiraa","one":"Turkin liira"},"symbol":"TRY","narrow":"TRY"},"TTD":{"displayName":{"other":"Trinidadin ja Tobagon dollaria","one":"Trinidadin ja Tobagon dollari"},"symbol":"TTD","narrow":"TTD"},"TWD":{"displayName":{"other":"Taiwanin uutta dollaria","one":"Taiwanin uusi dollari"},"symbol":"TWD","narrow":"TWD"},"TZS":{"displayName":{"other":"Tansanian šillinkiä","one":"Tansanian šillinki"},"symbol":"TZS","narrow":"TZS"},"UAH":{"displayName":{"other":"Ukrainan hryvniaa","one":"Ukrainan hryvnia"},"symbol":"UAH","narrow":"UAH"},"UAK":{"displayName":{"other":"Ukrainan karbovanetzia","one":"Ukrainan karbovanetz"},"symbol":"UAK","narrow":"UAK"},"UGS":{"displayName":{"other":"Ugandan šillinkiä (1966–1987)","one":"Ugandan šillinki (1966–1987)"},"symbol":"UGS","narrow":"UGS"},"UGX":{"displayName":{"other":"Ugandan šillinkiä","one":"Ugandan šillinki"},"symbol":"UGX","narrow":"UGX"},"USD":{"displayName":{"other":"Yhdysvaltain dollaria","one":"Yhdysvaltain dollari"},"symbol":"$","narrow":"$"},"USN":{"displayName":{"other":"Yhdysvaltain dollaria (seuraava päivä)","one":"Yhdysvaltain dollari (seuraava päivä)"},"symbol":"USN","narrow":"USN"},"USS":{"displayName":{"other":"Yhdysvaltain dollaria (sama päivä)","one":"Yhdysvaltain dollari (sama päivä)"},"symbol":"USS","narrow":"USS"},"UYI":{"displayName":{"other":"Uruguayn pesoa en unidades indexadas","one":"Uruguayn peso en unidades indexadas"},"symbol":"UYI","narrow":"UYI"},"UYP":{"displayName":{"other":"Uruguayn pesoa (1975–1993)","one":"Uruguayn peso (1975–1993)"},"symbol":"UYP","narrow":"UYP"},"UYU":{"displayName":{"other":"Uruguayn pesoa","one":"Uruguayn peso"},"symbol":"UYU","narrow":"UYU"},"UYW":{"displayName":{"other":"Uruguayn nimellistä palkkaindeksiyksikköä","one":"Uruguayn nimellinen palkkaindeksiyksikkö"},"symbol":"UYW","narrow":"UYW"},"UZS":{"displayName":{"other":"Uzbekistanin somia","one":"Uzbekistanin som"},"symbol":"UZS","narrow":"UZS"},"VEB":{"displayName":{"other":"Venezuelan bolivaria (1871–2008)","one":"Venezuelan bolivar (1871–2008)"},"symbol":"VEB","narrow":"VEB"},"VEF":{"displayName":{"other":"Venezuelan bolívaria (2008–2018)","one":"Venezuelan bolívar (2008–2018)"},"symbol":"VEF","narrow":"VEF"},"VES":{"displayName":{"other":"Venezuelan suvereenia bolívaria","one":"Venezuelan suvereeni bolívar"},"symbol":"VES","narrow":"VES"},"VND":{"displayName":{"other":"Vietnamin dongia","one":"Vietnamin dong"},"symbol":"VND","narrow":"VND"},"VNN":{"displayName":{"other":"Vietnamin dongia (1978–1985)","one":"Vietnamin dong (1978–1985)"},"symbol":"VNN","narrow":"VNN"},"VUV":{"displayName":{"other":"Vanuatun vatua","one":"Vanuatun vatu"},"symbol":"VUV","narrow":"VUV"},"WST":{"displayName":{"other":"Samoan talaa","one":"Samoan tala"},"symbol":"WST","narrow":"WST"},"XAF":{"displayName":{"other":"CFA-frangia BEAC","one":"CFA-frangi BEAC"},"symbol":"FCFA","narrow":"FCFA"},"XAG":{"displayName":{"other":"troy-unssia hopeaa","one":"troy-unssi hopeaa"},"symbol":"XAG","narrow":"XAG"},"XAU":{"displayName":{"other":"troy-unssia kultaa","one":"troy-unssi kultaa"},"symbol":"XAU","narrow":"XAU"},"XBA":{"displayName":{"other":"EURCO’a","one":"EURCO"},"symbol":"XBA","narrow":"XBA"},"XBB":{"displayName":{"other":"Euroopan rahayksikköä (EMU)","one":"Euroopan rahayksikkö (EMU)"},"symbol":"XBB","narrow":"XBB"},"XBC":{"displayName":{"other":"EUA’ta (XBC)","one":"EUA (XBC)"},"symbol":"XBC","narrow":"XBC"},"XBD":{"displayName":{"other":"EUA’ta (XBD)","one":"EUA (XBD)"},"symbol":"XBD","narrow":"XBD"},"XCD":{"displayName":{"other":"Itä-Karibian dollaria","one":"Itä-Karibian dollari"},"symbol":"XCD","narrow":"XCD"},"XDR":{"displayName":{"other":"erityisnosto-oikeutta (SDR)","one":"erityisnosto-oikeus (SDR)"},"symbol":"XDR","narrow":"XDR"},"XEU":{"displayName":{"other":"Euroopan valuuttayksikköä (ECU)","one":"Euroopan valuuttayksikkö (ECU)"},"symbol":"XEU","narrow":"XEU"},"XFO":{"displayName":{"other":"Ranskan kultafrangia","one":"Ranskan kultafrangi"},"symbol":"XFO","narrow":"XFO"},"XFU":{"displayName":{"other":"Ranskan UIC-frangia","one":"Ranskan UIC-frangi"},"symbol":"XFU","narrow":"XFU"},"XOF":{"displayName":{"other":"CFA-frangia BCEAO","one":"CFA-frangi BCEAO"},"symbol":"F CFA","narrow":"F CFA"},"XPD":{"displayName":{"other":"troy-unssia palladiumia","one":"troy-unssi palladiumia"},"symbol":"XPD","narrow":"XPD"},"XPF":{"displayName":{"other":"CFP-frangia","one":"CFP-frangi"},"symbol":"XPF","narrow":"XPF"},"XPT":{"displayName":{"other":"troy-unssia platinaa","one":"troy-unssi platinaa"},"symbol":"XPT","narrow":"XPT"},"XRE":{"displayName":{"other":"RINET-rahastoyksikköä","one":"RINET-rahastoyksikkö"},"symbol":"XRE","narrow":"XRE"},"XSU":{"displayName":{"other":"sucrea","one":"sucre"},"symbol":"XSU","narrow":"XSU"},"XTS":{"displayName":{"other":"testaustarkoitukseen varattua valuuttakoodia","one":"testaustarkoitukseen varattu valuuttakoodi"},"symbol":"XTS","narrow":"XTS"},"XUA":{"displayName":{"other":"AfDB-laskentayksikköä","one":"AfDB-laskentayksikkö"},"symbol":"XUA","narrow":"XUA"},"XXX":{"displayName":{"other":"tuntematonta rahayksikköä","one":"tuntematon rahayksikkö"},"symbol":"XXX","narrow":"XXX"},"YDD":{"displayName":{"other":"Jemenin dinaaria","one":"Jemenin dinaari"},"symbol":"YDD","narrow":"YDD"},"YER":{"displayName":{"other":"Jemenin rialia","one":"Jemenin rial"},"symbol":"YER","narrow":"YER"},"YUD":{"displayName":{"other":"Jugoslavian kovaa dinaaria (1966–1990)","one":"Jugoslavian kova dinaari (1966–1990)"},"symbol":"YUD","narrow":"YUD"},"YUM":{"displayName":{"other":"Jugoslavian uutta dinaaria (1994–2002)","one":"Jugoslavian uusi dinaari (1994–2002)"},"symbol":"YUM","narrow":"YUM"},"YUN":{"displayName":{"other":"Jugoslavian vaihdettavaa dinaaria (1990–1992)","one":"Jugoslavian vaihdettava dinaari (1990–1992)"},"symbol":"YUN","narrow":"YUN"},"YUR":{"displayName":{"other":"Jugoslavian uudistettua dinaaria (1992–1993)","one":"Jugoslavian uudistettu dinaari (1992–1993)"},"symbol":"YUR","narrow":"YUR"},"ZAL":{"displayName":{"other":"Etelä-Afrikan rahoitusrandia","one":"Etelä-Afrikan rahoitusrandi"},"symbol":"ZAL","narrow":"ZAL"},"ZAR":{"displayName":{"other":"Etelä-Afrikan randia","one":"Etelä-Afrikan randi"},"symbol":"ZAR","narrow":"ZAR"},"ZMK":{"displayName":{"other":"Sambian kwachaa (1968–2012)","one":"Sambian kwacha (1968–2012)"},"symbol":"ZMK","narrow":"ZMK"},"ZMW":{"displayName":{"other":"Sambian kwachaa","one":"Sambian kwacha"},"symbol":"ZMW","narrow":"ZMW"},"ZRN":{"displayName":{"other":"Zairen uutta zairea (1993–1998)","one":"Zairen uusi zaire (1993–1998)"},"symbol":"ZRN","narrow":"ZRN"},"ZRZ":{"displayName":{"other":"Zairen zairea (1971–1993)","one":"Zairen zaire (1971–1993)"},"symbol":"ZRZ","narrow":"ZRZ"},"ZWD":{"displayName":{"other":"Zimbabwen dollaria (1980–2008)","one":"Zimbabwen dollari (1980–2008)"},"symbol":"ZWD","narrow":"ZWD"},"ZWL":{"displayName":{"other":"Zimbabwen dollaria (2009)","one":"Zimbabwen dollari (2009)"},"symbol":"ZWL","narrow":"ZWL"},"ZWR":{"displayName":{"other":"Zimbabwen dollaria (2008)","one":"Zimbabwen dollari (2008)"},"symbol":"ZWR","narrow":"ZWR"}},"numbers":{"nu":["latn"],"symbols":{"latn":{"decimal":",","group":" ","list":";","percentSign":"%","plusSign":"+","minusSign":"−","approximatelySign":"~","exponential":"E","superscriptingExponent":"×","perMille":"‰","infinity":"∞","nan":"epäluku","timeSeparator":"."}},"percent":{"latn":"#,##0 %"},"decimal":{"latn":{"standard":"#,##0.###","long":{"1000":{"other":"0 tuhatta","one":"0 tuhat"},"10000":{"other":"00 tuhatta"},"100000":{"other":"000 tuhatta"},"1000000":{"other":"0 miljoonaa","one":"0 miljoona"},"10000000":{"other":"00 miljoonaa"},"100000000":{"other":"000 miljoonaa"},"1000000000":{"other":"0 miljardia","one":"0 miljardi"},"10000000000":{"other":"00 miljardia"},"100000000000":{"other":"000 miljardia"},"1000000000000":{"other":"0 biljoonaa","one":"0 biljoona"},"10000000000000":{"other":"00 biljoonaa"},"100000000000000":{"other":"000 biljoonaa"}},"short":{"1000":{"other":"0 t'.'"},"10000":{"other":"00 t'.'"},"100000":{"other":"000 t'.'"},"1000000":{"other":"0 milj'.'"},"10000000":{"other":"00 milj'.'"},"100000000":{"other":"000 milj'.'"},"1000000000":{"other":"0 mrd'.'"},"10000000000":{"other":"00 mrd'.'"},"100000000000":{"other":"000 mrd'.'"},"1000000000000":{"other":"0 bilj'.'"},"10000000000000":{"other":"00 bilj'.'"},"100000000000000":{"other":"000 bilj'.'"}}}},"currency":{"latn":{"currencySpacing":{"beforeInsertBetween":" ","afterInsertBetween":" "},"standard":"#,##0.00 ¤","accounting":"#,##0.00 ¤","unitPattern":"{0} {1}","short":{"1000":{"other":"0 t'.' ¤"},"10000":{"other":"00 t'.' ¤"},"100000":{"other":"000 t'.' ¤"},"1000000":{"other":"0 milj'.' ¤"},"10000000":{"other":"00 milj'.' ¤"},"100000000":{"other":"000 milj'.' ¤"},"1000000000":{"other":"0 mrd'.' ¤"},"10000000000":{"other":"00 mrd'.' ¤"},"100000000000":{"other":"000 mrd'.' ¤"},"1000000000000":{"other":"0 bilj'.' ¤"},"10000000000000":{"other":"00 bilj'.' ¤"},"100000000000000":{"other":"000 bilj'.' ¤"}}}}},"nu":["latn"]},"locale":"fi"}
