{"data":{"units":{"simple":{"degree":{"long":{"other":"{0} booggraden","one":"{0} booggraad"},"short":{"other":"{0}°"},"narrow":{"other":"{0}°"},"perUnit":{}},"hectare":{"long":{"other":"{0} hektare"},"short":{"other":"{0} ha"},"narrow":{"other":"{0} ha"},"perUnit":{}},"acre":{"long":{"other":"{0} ares","one":"{0} are"},"short":{"other":"{0} ares","one":"{0} are"},"narrow":{"other":"{0} acres","one":"{0} acre"},"perUnit":{}},"percent":{"long":{"other":"{0}%"},"short":{"other":"{0}%"},"narrow":{"other":"{0}%"},"perUnit":{}},"liter-per-kilometer":{"long":{"other":"{0} L/km"},"short":{"other":"{0} L/km"},"narrow":{"other":"{0} L/km"},"perUnit":{}},"mile-per-gallon":{"long":{"other":"{0} mpg US"},"short":{"other":"{0} mpg US"},"narrow":{"other":"{0} mpg US"},"perUnit":{}},"petabyte":{"long":{"other":"{0} PB"},"short":{"other":"{0} PB"},"narrow":{"other":"{0} PB"},"perUnit":{}},"terabyte":{"long":{"other":"{0} TB"},"short":{"other":"{0} TB"},"narrow":{"other":"{0} TB"},"perUnit":{}},"terabit":{"long":{"other":"{0} Tb"},"short":{"other":"{0} Tb"},"narrow":{"other":"{0} Tb"},"perUnit":{}},"gigabyte":{"long":{"other":"{0} GB"},"short":{"other":"{0} GB"},"narrow":{"other":"{0} GB"},"perUnit":{}},"gigabit":{"long":{"other":"{0} Gb"},"short":{"other":"{0} Gb"},"narrow":{"other":"{0} Gb"},"perUnit":{}},"megabyte":{"long":{"other":"{0} MB"},"short":{"other":"{0} MB"},"narrow":{"other":"{0} MB"},"perUnit":{}},"megabit":{"long":{"other":"{0} Mb"},"short":{"other":"{0} Mb"},"narrow":{"other":"{0} Mb"},"perUnit":{}},"kilobyte":{"long":{"other":"{0} kB"},"short":{"other":"{0} kB"},"narrow":{"other":"{0} kB"},"perUnit":{}},"kilobit":{"long":{"other":"{0} kb"},"short":{"other":"{0} kb"},"narrow":{"other":"{0} kb"},"perUnit":{}},"byte":{"long":{"other":"{0} byte"},"short":{"other":"{0} byte"},"narrow":{"other":"{0} byte"},"perUnit":{}},"bit":{"long":{"other":"{0} bit"},"short":{"other":"{0} bit"},"narrow":{"other":"{0} bit"},"perUnit":{}},"year":{"long":{"other":"{0} jier"},"short":{"other":"{0} jr"},"narrow":{"other":"{0} jr"},"perUnit":{"long":"{0}/y","short":"{0}/y","narrow":"{0}/y"}},"month":{"long":{"other":"{0} moanneen","one":"{0} moanne"},"short":{"other":"{0} mn"},"narrow":{"other":"{0} m"},"perUnit":{"long":"{0}/m","short":"{0}/m","narrow":"{0}/m"}},"week":{"long":{"other":"{0} wiken","one":"{0} wike"},"short":{"other":"{0} wkn","one":"{0} wk"},"narrow":{"other":"{0} w"},"perUnit":{"long":"{0}/w","short":"{0}/w","narrow":"{0}/w"}},"day":{"long":{"other":"{0} deien","one":"{0} dei"},"short":{"other":"{0} deien","one":"{0} dei"},"narrow":{"other":"{0} d"},"perUnit":{"long":"{0}/d","short":"{0}/d","narrow":"{0}/d"}},"hour":{"long":{"other":"{0} oere"},"short":{"other":"{0} oere"},"narrow":{"other":"{0} u"},"perUnit":{"long":"{0}/h","short":"{0}/h","narrow":"{0}/h"}},"minute":{"long":{"other":"{0} minuten","one":"{0} minút"},"short":{"other":"{0} min"},"narrow":{"other":"{0} m"},"perUnit":{"long":"{0}/min","short":"{0}/min","narrow":"{0}/min"}},"second":{"long":{"other":"{0} sekonden","one":"{0} sekonde"},"short":{"other":"{0} sek."},"narrow":{"other":"{0} s"},"perUnit":{"long":"{0}/s","short":"{0}/s","narrow":"{0}/s"}},"millisecond":{"long":{"other":"{0} millisekonden","one":"{0} millisekonde"},"short":{"other":"{0} ms"},"narrow":{"other":"{0} ms"},"perUnit":{}},"kilometer":{"long":{"other":"{0} kilometer"},"short":{"other":"{0} km"},"narrow":{"other":"{0} km"},"perUnit":{"long":"{0}/km","short":"{0}/km","narrow":"{0}/km"}},"meter":{"long":{"other":"{0} meter"},"short":{"other":"{0} m"},"narrow":{"other":"{0} m"},"perUnit":{"long":"{0}/m","short":"{0}/m","narrow":"{0}/m"}},"centimeter":{"long":{"other":"{0} sentimeter"},"short":{"other":"{0} sm"},"narrow":{"other":"{0} cm"},"perUnit":{"long":"{0}/cm","short":"{0}/cm","narrow":"{0}/cm"}},"millimeter":{"long":{"other":"{0} millimeter"},"short":{"other":"{0} mm"},"narrow":{"other":"{0} mm"},"perUnit":{}},"mile":{"long":{"other":"{0} myl"},"short":{"other":"{0} mi"},"narrow":{"other":"{0} mi"},"perUnit":{}},"yard":{"long":{"other":"{0} yards","one":"{0} yard"},"short":{"other":"{0} yd"},"narrow":{"other":"{0} yd"},"perUnit":{}},"foot":{"long":{"other":"{0} foet"},"short":{"other":"{0} ft"},"narrow":{"other":"{0} ft"},"perUnit":{"long":"{0}/ft","short":"{0}/ft","narrow":"{0}/ft"}},"inch":{"long":{"other":"{0} tommen","one":"{0} tomme"},"short":{"other":"{0} tm"},"narrow":{"other":"{0}\\\""},"perUnit":{"long":"{0}/in","short":"{0}/in","narrow":"{0}/in"}},"mile-scandinavian":{"long":{"other":"{0} smi"},"short":{"other":"{0} smi"},"narrow":{"other":"{0} smi"},"perUnit":{}},"kilogram":{"long":{"other":"{0} kilogram"},"short":{"other":"{0} kg"},"narrow":{"other":"{0} kg"},"perUnit":{"long":"{0}/kg","short":"{0}/kg","narrow":"{0}/kg"}},"gram":{"long":{"other":"{0} gram"},"short":{"other":"{0} g"},"narrow":{"other":"{0} g"},"perUnit":{"long":"{0}/g","short":"{0}/g","narrow":"{0}/g"}},"stone":{"long":{"other":"{0} st"},"short":{"other":"{0} st"},"narrow":{"other":"{0} st"},"perUnit":{}},"pound":{"long":{"other":"{0} lb"},"short":{"other":"{0} lb"},"narrow":{"other":"{0} lb"},"perUnit":{"long":"{0}/lb","short":"{0}/lb","narrow":"{0}/lb"}},"ounce":{"long":{"other":"{0} oz"},"short":{"other":"{0} oz"},"narrow":{"other":"{0} oz"},"perUnit":{"long":"{0}/oz","short":"{0}/oz","narrow":"{0}/oz"}},"kilometer-per-hour":{"long":{"other":"{0} kilometer de oere"},"short":{"other":"{0} km/h"},"narrow":{"other":"{0} km/h"},"perUnit":{}},"meter-per-second":{"long":{"other":"{0} meter de sekonde"},"short":{"other":"{0} m/s"},"narrow":{"other":"{0} m/s"},"perUnit":{}},"mile-per-hour":{"long":{"other":"{0} myl de oere"},"short":{"other":"{0} mi/h"},"narrow":{"other":"{0} mi/h"},"perUnit":{}},"celsius":{"long":{"other":"{0} graden Celsius","one":"{0} graad Celsius"},"short":{"other":"{0}°C"},"narrow":{"other":"{0}°"},"perUnit":{}},"fahrenheit":{"long":{"other":"{0} graden Fahrenheit","one":"{0} graad Fahrenheit"},"short":{"other":"{0}°F"},"narrow":{"other":"{0}°F"},"perUnit":{}},"liter":{"long":{"other":"{0} liter"},"short":{"other":"{0} l"},"narrow":{"other":"{0} l"},"perUnit":{"long":"{0}/l","short":"{0}/l","narrow":"{0}/l"}},"milliliter":{"long":{"other":"{0} mL"},"short":{"other":"{0} mL"},"narrow":{"other":"{0} mL"},"perUnit":{}},"gallon":{"long":{"other":"{0} gal US"},"short":{"other":"{0} gal US"},"narrow":{"other":"{0} gal US"},"perUnit":{"long":"{0}/gal US","short":"{0}/gal US","narrow":"{0}/gal US"}},"fluid-ounce":{"long":{"other":"{0} fl oz US"},"short":{"other":"{0} fl oz US"},"narrow":{"other":"{0} fl oz US"},"perUnit":{}}},"compound":{"per":{"long":"{0} per {1}","short":"{0}/{1}","narrow":"{0}/{1}"}}},"currencies":{"ADP":{"displayName":{"other":"Andorrese peseta"},"symbol":"ADP","narrow":"ADP"},"AED":{"displayName":{"other":"VAE-dirham"},"symbol":"AED","narrow":"AED"},"AFA":{"displayName":{"other":"Afghani (AFA)"},"symbol":"AFA","narrow":"AFA"},"AFN":{"displayName":{"other":"Afghaanske afghani"},"symbol":"AFN","narrow":"؋"},"ALK":{"displayName":{"other":"ALK"},"symbol":"ALK","narrow":"ALK"},"ALL":{"displayName":{"other":"Albanese lek"},"symbol":"ALL","narrow":"ALL"},"AMD":{"displayName":{"other":"Armeense dram"},"symbol":"AMD","narrow":"֏"},"ANG":{"displayName":{"other":"Nederlânsk-Antilliaanske gûne"},"symbol":"ANG","narrow":"ANG"},"AOA":{"displayName":{"other":"Angolese kwanza"},"symbol":"AOA","narrow":"Kz"},"AOK":{"displayName":{"other":"Angolese kwanza (1977–1990)"},"symbol":"AOK","narrow":"AOK"},"AON":{"displayName":{"other":"Angolese nieuwe kwanza (1990–2000)"},"symbol":"AON","narrow":"AON"},"AOR":{"displayName":{"other":"Angolese kwanza reajustado (1995–1999)"},"symbol":"AOR","narrow":"AOR"},"ARA":{"displayName":{"other":"Argentynske austral"},"symbol":"ARA","narrow":"ARA"},"ARL":{"displayName":{"other":"Argentynske peso ley (1970–1983)"},"symbol":"ARL","narrow":"ARL"},"ARM":{"displayName":{"other":"Argentynske peso (1881–1970)"},"symbol":"ARM","narrow":"ARM"},"ARP":{"displayName":{"other":"Argentynske peso (1983–1985)"},"symbol":"ARP","narrow":"ARP"},"ARS":{"displayName":{"other":"Argentynske peso"},"symbol":"ARS","narrow":"$"},"ATS":{"displayName":{"other":"Eastenrykse schilling"},"symbol":"ATS","narrow":"ATS"},"AUD":{"displayName":{"other":"Australyske dollar"},"symbol":"AU$","narrow":"$"},"AWG":{"displayName":{"other":"Arubaanske gulden"},"symbol":"AWG","narrow":"AWG"},"AZM":{"displayName":{"other":"Azerbeidzjaanske manat (1993–2006)"},"symbol":"AZM","narrow":"AZM"},"AZN":{"displayName":{"other":"Azerbeidzjaanske manat"},"symbol":"AZN","narrow":"₼"},"BAD":{"displayName":{"other":"Bosnyske dinar"},"symbol":"BAD","narrow":"BAD"},"BAM":{"displayName":{"other":"Bosnyske convertibele mark"},"symbol":"BAM","narrow":"KM"},"BAN":{"displayName":{"other":"Nije Bosnyske dinar (1994–1997)"},"symbol":"BAN","narrow":"BAN"},"BBD":{"displayName":{"other":"Barbadaanske dollar"},"symbol":"BBD","narrow":"$"},"BDT":{"displayName":{"other":"Bengalese taka"},"symbol":"BDT","narrow":"৳"},"BEC":{"displayName":{"other":"Belgyske frank (convertibel)"},"symbol":"BEC","narrow":"BEC"},"BEF":{"displayName":{"other":"Belgyske frank"},"symbol":"BEF","narrow":"BEF"},"BEL":{"displayName":{"other":"Belgyske frank (finansjeel)"},"symbol":"BEL","narrow":"BEL"},"BGL":{"displayName":{"other":"Bulgaarse harde lev"},"symbol":"BGL","narrow":"BGL"},"BGM":{"displayName":{"other":"Bulgaarse socialistyske lev"},"symbol":"BGM","narrow":"BGM"},"BGN":{"displayName":{"other":"Bulgaarse leva","one":"Bulgaarse lev"},"symbol":"BGN","narrow":"BGN"},"BGO":{"displayName":{"other":"Bulgaarse lev (1879–1952)"},"symbol":"BGO","narrow":"BGO"},"BHD":{"displayName":{"other":"Bahreinse dinar"},"symbol":"BHD","narrow":"BHD"},"BIF":{"displayName":{"other":"Burundese frank"},"symbol":"BIF","narrow":"BIF"},"BMD":{"displayName":{"other":"Bermuda-dollar"},"symbol":"BMD","narrow":"$"},"BND":{"displayName":{"other":"Bruneise dollar"},"symbol":"BND","narrow":"$"},"BOB":{"displayName":{"other":"Boliviaanske boliviano"},"symbol":"BOB","narrow":"Bs"},"BOL":{"displayName":{"other":"Boliviaanske boliviano (1863–1963)"},"symbol":"BOL","narrow":"BOL"},"BOP":{"displayName":{"other":"Boliviaanske peso"},"symbol":"BOP","narrow":"BOP"},"BOV":{"displayName":{"other":"Boliviaanske mvdol"},"symbol":"BOV","narrow":"BOV"},"BRB":{"displayName":{"other":"Braziliaanske cruzeiro novo (1967–1986)"},"symbol":"BRB","narrow":"BRB"},"BRC":{"displayName":{"other":"Braziliaanske cruzado"},"symbol":"BRC","narrow":"BRC"},"BRE":{"displayName":{"other":"Braziliaanske cruzeiro (1990–1993)"},"symbol":"BRE","narrow":"BRE"},"BRL":{"displayName":{"other":"Braziliaanske real"},"symbol":"R$","narrow":"R$"},"BRN":{"displayName":{"other":"Braziliaanske cruzado novo"},"symbol":"BRN","narrow":"BRN"},"BRR":{"displayName":{"other":"Braziliaanske cruzeiro"},"symbol":"BRR","narrow":"BRR"},"BRZ":{"displayName":{"other":"Braziliaanske cruzeiro (1942–1967)"},"symbol":"BRZ","narrow":"BRZ"},"BSD":{"displayName":{"other":"Bahamaanske dollar"},"symbol":"BSD","narrow":"$"},"BTN":{"displayName":{"other":"Bhutaanske ngultrum"},"symbol":"BTN","narrow":"BTN"},"BUK":{"displayName":{"other":"Birmese kyat"},"symbol":"BUK","narrow":"BUK"},"BWP":{"displayName":{"other":"Botswaanske pula"},"symbol":"BWP","narrow":"P"},"BYB":{"displayName":{"other":"Wit-Russyske nieuwe roebel (1994–1999)"},"symbol":"BYB","narrow":"BYB"},"BYN":{"displayName":{"other":"Wit-Russyske roebel"},"symbol":"BYN","narrow":"р."},"BYR":{"displayName":{"other":"Wit-Russyske roebel (2000–2016)"},"symbol":"BYR","narrow":"BYR"},"BZD":{"displayName":{"other":"Belizaanske dollar"},"symbol":"BZD","narrow":"$"},"CAD":{"displayName":{"other":"Canadese dollar"},"symbol":"C$","narrow":"$"},"CDF":{"displayName":{"other":"Congolese frank"},"symbol":"CDF","narrow":"CDF"},"CHE":{"displayName":{"other":"WIR euro"},"symbol":"CHE","narrow":"CHE"},"CHF":{"displayName":{"other":"Zwitserse frank"},"symbol":"CHF","narrow":"CHF"},"CHW":{"displayName":{"other":"WIR franc"},"symbol":"CHW","narrow":"CHW"},"CLE":{"displayName":{"other":"Sileenske escudo"},"symbol":"CLE","narrow":"CLE"},"CLF":{"displayName":{"other":"Sileenske unidades de fomento"},"symbol":"CLF","narrow":"CLF"},"CLP":{"displayName":{"other":"Sileenske peso"},"symbol":"CLP","narrow":"$"},"CNH":{"displayName":{"other":"CNH"},"symbol":"CNH","narrow":"CNH"},"CNX":{"displayName":{"other":"CNX"},"symbol":"CNX","narrow":"CNX"},"CNY":{"displayName":{"other":"Sineeske renminbi"},"symbol":"CN¥","narrow":"¥"},"COP":{"displayName":{"other":"Kolombiaanske peso"},"symbol":"COP","narrow":"$"},"COU":{"displayName":{"other":"Unidad de Valor Real"},"symbol":"COU","narrow":"COU"},"CRC":{"displayName":{"other":"Costaricaanske colón"},"symbol":"CRC","narrow":"₡"},"CSD":{"displayName":{"other":"Alde Servyske dinar"},"symbol":"CSD","narrow":"CSD"},"CSK":{"displayName":{"other":"Tsjechoslowaakse harde koruna"},"symbol":"CSK","narrow":"CSK"},"CUC":{"displayName":{"other":"Kubaanske convertibele peso"},"symbol":"CUC","narrow":"$"},"CUP":{"displayName":{"other":"Kubaanske peso"},"symbol":"CUP","narrow":"$"},"CVE":{"displayName":{"other":"Kaapverdyske escudo"},"symbol":"CVE","narrow":"CVE"},"CYP":{"displayName":{"other":"Cyprysk pûn"},"symbol":"CYP","narrow":"CYP"},"CZK":{"displayName":{"other":"Tsjechyske kronen","one":"Tsjechyske kroon"},"symbol":"CZK","narrow":"Kč"},"DDM":{"displayName":{"other":"East-Dútske ostmark"},"symbol":"DDM","narrow":"DDM"},"DEM":{"displayName":{"other":"Dútske mark"},"symbol":"DEM","narrow":"DEM"},"DJF":{"displayName":{"other":"Djiboutiaanske frank"},"symbol":"DJF","narrow":"DJF"},"DKK":{"displayName":{"other":"Deenske kronen","one":"Deenske kroon"},"symbol":"DKK","narrow":"kr"},"DOP":{"displayName":{"other":"Dominikaanske peso"},"symbol":"DOP","narrow":"$"},"DZD":{"displayName":{"other":"Algerynske dinar"},"symbol":"DZD","narrow":"DZD"},"ECS":{"displayName":{"other":"Ecuadoraanske sucre"},"symbol":"ECS","narrow":"ECS"},"ECV":{"displayName":{"other":"Ecuadoraanske unidad de valor constante (UVC)"},"symbol":"ECV","narrow":"ECV"},"EEK":{"displayName":{"other":"Estlânske kroon"},"symbol":"EEK","narrow":"EEK"},"EGP":{"displayName":{"other":"Egyptysk pûn"},"symbol":"EGP","narrow":"E£"},"ERN":{"displayName":{"other":"Eritrese nakfa"},"symbol":"ERN","narrow":"ERN"},"ESA":{"displayName":{"other":"Spaanske peseta (account A)"},"symbol":"ESA","narrow":"ESA"},"ESB":{"displayName":{"other":"Spaanske peseta (convertibele account)"},"symbol":"ESB","narrow":"ESB"},"ESP":{"displayName":{"other":"Spaanske peseta"},"symbol":"ESP","narrow":"₧"},"ETB":{"displayName":{"other":"Ethiopyske birr"},"symbol":"ETB","narrow":"ETB"},"EUR":{"displayName":{"other":"euro"},"symbol":"€","narrow":"€"},"FIM":{"displayName":{"other":"Finse markka"},"symbol":"FIM","narrow":"FIM"},"FJD":{"displayName":{"other":"Fiji-dollar"},"symbol":"FJ$","narrow":"$"},"FKP":{"displayName":{"other":"Falklâneilânske pûn"},"symbol":"FKP","narrow":"£"},"FRF":{"displayName":{"other":"Franske franc"},"symbol":"FRF","narrow":"FRF"},"GBP":{"displayName":{"other":"Brits pûn"},"symbol":"£","narrow":"£"},"GEK":{"displayName":{"other":"Georgyske kupon larit"},"symbol":"GEK","narrow":"GEK"},"GEL":{"displayName":{"other":"Georgyske lari"},"symbol":"GEL","narrow":"₾"},"GHC":{"displayName":{"other":"Ghanese cedi (1979–2007)"},"symbol":"GHC","narrow":"GHC"},"GHS":{"displayName":{"other":"Ghanese cedi"},"symbol":"GHS","narrow":"GH₵"},"GIP":{"displayName":{"other":"Gibraltarees pûn"},"symbol":"GIP","narrow":"£"},"GMD":{"displayName":{"other":"Gambiaanske dalasi"},"symbol":"GMD","narrow":"GMD"},"GNF":{"displayName":{"other":"Guinese franc"},"symbol":"GNF","narrow":"FG"},"GNS":{"displayName":{"other":"Guinese syli"},"symbol":"GNS","narrow":"GNS"},"GQE":{"displayName":{"other":"Equatoriaal-Guinese ekwele guineana"},"symbol":"GQE","narrow":"GQE"},"GRD":{"displayName":{"other":"Grykse drachme"},"symbol":"GRD","narrow":"GRD"},"GTQ":{"displayName":{"other":"Guatemalteekse quetzal"},"symbol":"GTQ","narrow":"Q"},"GWE":{"displayName":{"other":"Portugees-Guinese escudo"},"symbol":"GWE","narrow":"GWE"},"GWP":{"displayName":{"other":"Guinee-Bissause peso"},"symbol":"GWP","narrow":"GWP"},"GYD":{"displayName":{"other":"Guyaanske dollar"},"symbol":"GYD","narrow":"$"},"HKD":{"displayName":{"other":"Hongkongske dollar"},"symbol":"HK$","narrow":"$"},"HNL":{"displayName":{"other":"Hondurese lempira"},"symbol":"HNL","narrow":"L"},"HRD":{"displayName":{"other":"Kroatyske dinar"},"symbol":"HRD","narrow":"HRD"},"HRK":{"displayName":{"other":"Kroatyske kuna"},"symbol":"HRK","narrow":"kn"},"HTG":{"displayName":{"other":"Haïtiaanske gourde"},"symbol":"HTG","narrow":"HTG"},"HUF":{"displayName":{"other":"Hongaarse forint"},"symbol":"HUF","narrow":"Ft"},"IDR":{"displayName":{"other":"Indonesyske roepia"},"symbol":"IDR","narrow":"Rp"},"IEP":{"displayName":{"other":"Ierske pûn"},"symbol":"IEP","narrow":"IEP"},"ILP":{"displayName":{"other":"Israëlysk pûn"},"symbol":"ILP","narrow":"ILP"},"ILR":{"displayName":{"other":"ILR"},"symbol":"ILR","narrow":"ILR"},"ILS":{"displayName":{"other":"Israëlyske nieuwe shekel"},"symbol":"₪","narrow":"₪"},"INR":{"displayName":{"other":"Indiase roepie"},"symbol":"₹","narrow":"₹"},"IQD":{"displayName":{"other":"Iraakse dinar"},"symbol":"IQD","narrow":"IQD"},"IRR":{"displayName":{"other":"Iraanske rial"},"symbol":"IRR","narrow":"IRR"},"ISJ":{"displayName":{"other":"ISJ"},"symbol":"ISJ","narrow":"ISJ"},"ISK":{"displayName":{"other":"Yslânske kronen","one":"Yslânske kroon"},"symbol":"ISK","narrow":"kr"},"ITL":{"displayName":{"other":"Italiaanske lire"},"symbol":"ITL","narrow":"ITL"},"JMD":{"displayName":{"other":"Jamaikaanske dollar"},"symbol":"JMD","narrow":"$"},"JOD":{"displayName":{"other":"Jordaanske dinar"},"symbol":"JOD","narrow":"JOD"},"JPY":{"displayName":{"other":"Japanse yen"},"symbol":"JP¥","narrow":"¥"},"KES":{"displayName":{"other":"Keniaanske shilling"},"symbol":"KES","narrow":"KES"},"KGS":{"displayName":{"other":"Kirgizyske som"},"symbol":"KGS","narrow":"KGS"},"KHR":{"displayName":{"other":"Kambodjaanske riel"},"symbol":"KHR","narrow":"៛"},"KMF":{"displayName":{"other":"Komorese frank"},"symbol":"KMF","narrow":"CF"},"KPW":{"displayName":{"other":"Noard-Koreaanske won"},"symbol":"KPW","narrow":"₩"},"KRH":{"displayName":{"other":"Sûd-Koreaanske hwan (1953–1962)"},"symbol":"KRH","narrow":"KRH"},"KRO":{"displayName":{"other":"Alde Sûd-Koreaanske won (1945–1953)"},"symbol":"KRO","narrow":"KRO"},"KRW":{"displayName":{"other":"Sûd-Koreaanske won"},"symbol":"₩","narrow":"₩"},"KWD":{"displayName":{"other":"Koeweitse dinar"},"symbol":"KWD","narrow":"KWD"},"KYD":{"displayName":{"other":"Caymaneilânske dollar"},"symbol":"KYD","narrow":"$"},"KZT":{"displayName":{"other":"Kazachstaanske tenge"},"symbol":"KZT","narrow":"₸"},"LAK":{"displayName":{"other":"Laotiaanske kip"},"symbol":"LAK","narrow":"₭"},"LBP":{"displayName":{"other":"Libaneeske pûn"},"symbol":"LBP","narrow":"L£"},"LKR":{"displayName":{"other":"Sri Lankaanske roepie"},"symbol":"LKR","narrow":"Rs"},"LRD":{"displayName":{"other":"Liberiaanske dollar"},"symbol":"LRD","narrow":"$"},"LSL":{"displayName":{"other":"Lesothaanske loti"},"symbol":"LSL","narrow":"LSL"},"LTL":{"displayName":{"other":"Litouwse litas"},"symbol":"LTL","narrow":"Lt"},"LTT":{"displayName":{"other":"Litouwse talonas"},"symbol":"LTT","narrow":"LTT"},"LUC":{"displayName":{"other":"Lúksemboargske convertibele franc"},"symbol":"LUC","narrow":"LUC"},"LUF":{"displayName":{"other":"Lúksemboargske frank"},"symbol":"LUF","narrow":"LUF"},"LUL":{"displayName":{"other":"Lúksemboargske finansjele franc"},"symbol":"LUL","narrow":"LUL"},"LVL":{"displayName":{"other":"Letse lats"},"symbol":"LVL","narrow":"Ls"},"LVR":{"displayName":{"other":"Letse roebel"},"symbol":"LVR","narrow":"LVR"},"LYD":{"displayName":{"other":"Libyske dinar"},"symbol":"LYD","narrow":"LYD"},"MAD":{"displayName":{"other":"Marokkaanske dirham"},"symbol":"MAD","narrow":"MAD"},"MAF":{"displayName":{"other":"Marokkaanske franc"},"symbol":"MAF","narrow":"MAF"},"MCF":{"displayName":{"other":"Monegaskyske frank"},"symbol":"MCF","narrow":"MCF"},"MDC":{"displayName":{"other":"Moldavyske cupon"},"symbol":"MDC","narrow":"MDC"},"MDL":{"displayName":{"other":"Moldavyske leu"},"symbol":"MDL","narrow":"MDL"},"MGA":{"displayName":{"other":"Malagassyske ariary"},"symbol":"MGA","narrow":"Ar"},"MGF":{"displayName":{"other":"Malagassyske franc"},"symbol":"MGF","narrow":"MGF"},"MKD":{"displayName":{"other":"Macedonyske denar"},"symbol":"MKD","narrow":"MKD"},"MKN":{"displayName":{"other":"Macedonyske denar (1992–1993)"},"symbol":"MKN","narrow":"MKN"},"MLF":{"displayName":{"other":"Malinese franc"},"symbol":"MLF","narrow":"MLF"},"MMK":{"displayName":{"other":"Myanmarese kyat"},"symbol":"MMK","narrow":"K"},"MNT":{"displayName":{"other":"Mongoalske tugrik"},"symbol":"MNT","narrow":"₮"},"MOP":{"displayName":{"other":"Macause pataca"},"symbol":"MOP","narrow":"MOP"},"MRO":{"displayName":{"other":"Mauritaanske ouguiya (1973–2017)"},"symbol":"MRO","narrow":"MRO"},"MRU":{"displayName":{"other":"Mauritaanske ouguiya"},"symbol":"MRU","narrow":"MRU"},"MTL":{"displayName":{"other":"Maltese lire"},"symbol":"MTL","narrow":"MTL"},"MTP":{"displayName":{"other":"Maltees pûn"},"symbol":"MTP","narrow":"MTP"},"MUR":{"displayName":{"other":"Mauritiaanske roepie"},"symbol":"MUR","narrow":"Rs"},"MVP":{"displayName":{"other":"MVP"},"symbol":"MVP","narrow":"MVP"},"MVR":{"displayName":{"other":"Maldivyske rufiyaa"},"symbol":"MVR","narrow":"MVR"},"MWK":{"displayName":{"other":"Malawyske kwacha"},"symbol":"MWK","narrow":"MWK"},"MXN":{"displayName":{"other":"Meksikaanske peso"},"symbol":"MX$","narrow":"$"},"MXP":{"displayName":{"other":"Meksikaanske sulveren peso (1861–1992)"},"symbol":"MXP","narrow":"MXP"},"MXV":{"displayName":{"other":"Meksikaanske unidad de inversion (UDI)"},"symbol":"MXV","narrow":"MXV"},"MYR":{"displayName":{"other":"Maleisyske ringgit"},"symbol":"MYR","narrow":"RM"},"MZE":{"displayName":{"other":"Mozambikaanske escudo"},"symbol":"MZE","narrow":"MZE"},"MZM":{"displayName":{"other":"Alde Mozambikaanske metical"},"symbol":"MZM","narrow":"MZM"},"MZN":{"displayName":{"other":"Mozambikaanske metical"},"symbol":"MZN","narrow":"MZN"},"NAD":{"displayName":{"other":"Namibyske dollar"},"symbol":"NAD","narrow":"$"},"NGN":{"displayName":{"other":"Nigeriaanske naira"},"symbol":"NGN","narrow":"₦"},"NIC":{"displayName":{"other":"Nicaraguaanske córdoba (1988–1991)"},"symbol":"NIC","narrow":"NIC"},"NIO":{"displayName":{"other":"Nicaraguaanske córdoba"},"symbol":"NIO","narrow":"C$"},"NLG":{"displayName":{"other":"Nederlânske gûne"},"symbol":"NLG","narrow":"NLG"},"NOK":{"displayName":{"other":"Noarske kronen","one":"Noarske kroon"},"symbol":"NOK","narrow":"kr"},"NPR":{"displayName":{"other":"Nepalese roepie"},"symbol":"NPR","narrow":"Rs"},"NZD":{"displayName":{"other":"Nij-Seelânske dollar"},"symbol":"NZ$","narrow":"$"},"OMR":{"displayName":{"other":"Omaanske rial"},"symbol":"OMR","narrow":"OMR"},"PAB":{"displayName":{"other":"Panamese balboa"},"symbol":"PAB","narrow":"PAB"},"PEI":{"displayName":{"other":"Peruaanske inti"},"symbol":"PEI","narrow":"PEI"},"PEN":{"displayName":{"other":"Peruaanske sol"},"symbol":"PEN","narrow":"PEN"},"PES":{"displayName":{"other":"Peruaanske sol (1863–1985)"},"symbol":"PES","narrow":"PES"},"PGK":{"displayName":{"other":"Papuaanske kina"},"symbol":"PGK","narrow":"PGK"},"PHP":{"displayName":{"other":"Filipynske peso"},"symbol":"₱","narrow":"₱"},"PKR":{"displayName":{"other":"Pakistaanske roepie"},"symbol":"PKR","narrow":"Rs"},"PLN":{"displayName":{"other":"Poalske zloty"},"symbol":"PLN","narrow":"zł"},"PLZ":{"displayName":{"other":"Poalske zloty (1950–1995)"},"symbol":"PLZ","narrow":"PLZ"},"PTE":{"displayName":{"other":"Portugeeske escudo"},"symbol":"PTE","narrow":"PTE"},"PYG":{"displayName":{"other":"Paraguayaanske guarani"},"symbol":"PYG","narrow":"₲"},"QAR":{"displayName":{"other":"Katarese rial"},"symbol":"QAR","narrow":"QAR"},"RHD":{"displayName":{"other":"Rhodesyske dollar"},"symbol":"RHD","narrow":"RHD"},"ROL":{"displayName":{"other":"Alde Roemeenske leu"},"symbol":"ROL","narrow":"ROL"},"RON":{"displayName":{"other":"Roemeenske leu"},"symbol":"RON","narrow":"lei"},"RSD":{"displayName":{"other":"Servyske dinar"},"symbol":"RSD","narrow":"RSD"},"RUB":{"displayName":{"other":"Russyske roebel"},"symbol":"RUB","narrow":"₽"},"RUR":{"displayName":{"other":"Russyske roebel (1991–1998)"},"symbol":"RUR","narrow":"р."},"RWF":{"displayName":{"other":"Rwandese frank"},"symbol":"RWF","narrow":"RF"},"SAR":{"displayName":{"other":"Saoedi-Arabyske riyal"},"symbol":"SAR","narrow":"SAR"},"SBD":{"displayName":{"other":"Salomon-dollar"},"symbol":"SI$","narrow":"$"},"SCR":{"displayName":{"other":"Seychelse roepie"},"symbol":"SCR","narrow":"SCR"},"SDD":{"displayName":{"other":"Soedaneeske dinar"},"symbol":"SDD","narrow":"SDD"},"SDG":{"displayName":{"other":"Soedaneeske pûn"},"symbol":"SDG","narrow":"SDG"},"SDP":{"displayName":{"other":"Soedaneeske pûn (1957–1998)"},"symbol":"SDP","narrow":"SDP"},"SEK":{"displayName":{"other":"Sweedske kronen","one":"Sweedske kroon"},"symbol":"SEK","narrow":"kr"},"SGD":{"displayName":{"other":"Singaporese dollar"},"symbol":"SGD","narrow":"$"},"SHP":{"displayName":{"other":"Sint-Heleenske pûn"},"symbol":"SHP","narrow":"£"},"SIT":{"displayName":{"other":"Sloveenske tolar"},"symbol":"SIT","narrow":"SIT"},"SKK":{"displayName":{"other":"Slowaakse koruna"},"symbol":"SKK","narrow":"SKK"},"SLL":{"displayName":{"other":"Sierraleoonse leone"},"symbol":"SLL","narrow":"SLL"},"SOS":{"displayName":{"other":"Somalyske shilling"},"symbol":"SOS","narrow":"SOS"},"SRD":{"displayName":{"other":"Surinaamske dollar"},"symbol":"SRD","narrow":"$"},"SRG":{"displayName":{"other":"Surinaamske gulden"},"symbol":"SRG","narrow":"SRG"},"SSP":{"displayName":{"other":"Sûd-Soedaneeske pûn"},"symbol":"SSP","narrow":"£"},"STD":{"displayName":{"other":"Santomese dobra (1977–2017)"},"symbol":"STD","narrow":"STD"},"STN":{"displayName":{"other":"Santomese dobra"},"symbol":"STN","narrow":"Db"},"SUR":{"displayName":{"other":"Sovjet-roebel"},"symbol":"SUR","narrow":"SUR"},"SVC":{"displayName":{"other":"Salvadoraanske colón"},"symbol":"SVC","narrow":"SVC"},"SYP":{"displayName":{"other":"Syrysk pûn"},"symbol":"SYP","narrow":"£"},"SZL":{"displayName":{"other":"Swazyske lilangeni"},"symbol":"SZL","narrow":"SZL"},"THB":{"displayName":{"other":"Thaise baht"},"symbol":"฿","narrow":"฿"},"TJR":{"displayName":{"other":"Tadzjikistaanske roebel"},"symbol":"TJR","narrow":"TJR"},"TJS":{"displayName":{"other":"Tadzjikistaanske somoni"},"symbol":"TJS","narrow":"TJS"},"TMM":{"displayName":{"other":"Turkmeense manat (1993–2009)"},"symbol":"TMM","narrow":"TMM"},"TMT":{"displayName":{"other":"Turkmeense manat"},"symbol":"TMT","narrow":"TMT"},"TND":{"displayName":{"other":"Tunesyske dinar"},"symbol":"TND","narrow":"TND"},"TOP":{"displayName":{"other":"Tongaanske paʻanga"},"symbol":"TOP","narrow":"T$"},"TPE":{"displayName":{"other":"Timorese escudo"},"symbol":"TPE","narrow":"TPE"},"TRL":{"displayName":{"other":"Alde Turkse lira"},"symbol":"TRL","narrow":"TRL"},"TRY":{"displayName":{"other":"Turkse lira"},"symbol":"TRY","narrow":"₺"},"TTD":{"displayName":{"other":"Trinidad en Tobago-dollar"},"symbol":"TTD","narrow":"$"},"TWD":{"displayName":{"other":"Nije Taiwanese dollar"},"symbol":"NT$","narrow":"$"},"TZS":{"displayName":{"other":"Tanzaniaanske shilling"},"symbol":"TZS","narrow":"TZS"},"UAH":{"displayName":{"other":"Oekraïense hryvnia"},"symbol":"UAH","narrow":"₴"},"UAK":{"displayName":{"other":"Oekraïense karbovanetz"},"symbol":"UAK","narrow":"UAK"},"UGS":{"displayName":{"other":"Oegandese shilling (1966–1987)"},"symbol":"UGS","narrow":"UGS"},"UGX":{"displayName":{"other":"Oegandese shilling"},"symbol":"UGX","narrow":"UGX"},"USD":{"displayName":{"other":"Amerikaanske dollar"},"symbol":"US$","narrow":"$"},"USN":{"displayName":{"other":"Amerikaanske dollar (folgjende dei)"},"symbol":"USN","narrow":"USN"},"USS":{"displayName":{"other":"Amerikaanske dollar (Selfde dei)"},"symbol":"USS","narrow":"USS"},"UYI":{"displayName":{"other":"Uruguayaanske peso en geïndexeerde eenheden"},"symbol":"UYI","narrow":"UYI"},"UYP":{"displayName":{"other":"Uruguayaanske peso (1975–1993)"},"symbol":"UYP","narrow":"UYP"},"UYU":{"displayName":{"other":"Uruguayaanske peso"},"symbol":"UYU","narrow":"$"},"UYW":{"displayName":{"other":"UYW"},"symbol":"UYW","narrow":"UYW"},"UZS":{"displayName":{"other":"Oezbekistaanske sum"},"symbol":"UZS","narrow":"UZS"},"VEB":{"displayName":{"other":"Fenezolaanske bolivar (1871–2008)"},"symbol":"VEB","narrow":"VEB"},"VEF":{"displayName":{"other":"Fenezolaanske bolivar (2008–2018)"},"symbol":"VEF","narrow":"Bs"},"VES":{"displayName":{"other":"Fenezolaanske bolivar"},"symbol":"VES","narrow":"VES"},"VND":{"displayName":{"other":"Fietnameeske dong"},"symbol":"₫","narrow":"₫"},"VNN":{"displayName":{"other":"Alde Fietnameeske dong (1978–1985)"},"symbol":"VNN","narrow":"VNN"},"VUV":{"displayName":{"other":"Vanuatuaanske vatu"},"symbol":"VUV","narrow":"VUV"},"WST":{"displayName":{"other":"Samoaanske tala"},"symbol":"WST","narrow":"WST"},"XAF":{"displayName":{"other":"CFA-frank"},"symbol":"FCFA","narrow":"FCFA"},"XAG":{"displayName":{"other":"Troy ounces sulver","one":"Troy ounce sulver"},"symbol":"XAG","narrow":"XAG"},"XAU":{"displayName":{"other":"Troy ounces goud","one":"Troy ounce goud"},"symbol":"XAU","narrow":"XAU"},"XBA":{"displayName":{"other":"Europeeske gearfoege ienheid"},"symbol":"XBA","narrow":"XBA"},"XBB":{"displayName":{"other":"Europeeske monetaire ienheid"},"symbol":"XBB","narrow":"XBB"},"XBC":{"displayName":{"other":"Europeeske rekkenienheid (XBC)"},"symbol":"XBC","narrow":"XBC"},"XBD":{"displayName":{"other":"Europeeske rekkenienheid (XBD)"},"symbol":"XBD","narrow":"XBD"},"XCD":{"displayName":{"other":"East-Karibyske dollar"},"symbol":"EC$","narrow":"$"},"XDR":{"displayName":{"other":"Special Drawing Rights"},"symbol":"XDR","narrow":"XDR"},"XEU":{"displayName":{"other":"European Currency Unit"},"symbol":"XEU","narrow":"XEU"},"XFO":{"displayName":{"other":"Franse gouden franc"},"symbol":"XFO","narrow":"XFO"},"XFU":{"displayName":{"other":"Franse UIC-franc"},"symbol":"XFU","narrow":"XFU"},"XOF":{"displayName":{"other":"CFA-franc BCEAO"},"symbol":"F CFA","narrow":"F CFA"},"XPD":{"displayName":{"other":"Troy ounces palladium","one":"Troy ounce palladium"},"symbol":"XPD","narrow":"XPD"},"XPF":{"displayName":{"other":"CFP-frank","one":"CFP-franc"},"symbol":"XPF","narrow":"XPF"},"XPT":{"displayName":{"other":"Troy ounces platina","one":"Troy ounce platina"},"symbol":"XPT","narrow":"XPT"},"XRE":{"displayName":{"other":"RINET-fondsen"},"symbol":"XRE","narrow":"XRE"},"XSU":{"displayName":{"other":"Sucre"},"symbol":"XSU","narrow":"XSU"},"XTS":{"displayName":{"other":"Valutacode voor testdoeleinden"},"symbol":"XTS","narrow":"XTS"},"XUA":{"displayName":{"other":"ADB-rekkenienheid"},"symbol":"XUA","narrow":"XUA"},"XXX":{"displayName":{"other":"Unbekende muntienheid"},"symbol":"¤","narrow":"¤"},"YDD":{"displayName":{"other":"Jemenityske dinar"},"symbol":"YDD","narrow":"YDD"},"YER":{"displayName":{"other":"Jemenityske rial"},"symbol":"YER","narrow":"YER"},"YUD":{"displayName":{"other":"Joegoslavyske harde dinar"},"symbol":"YUD","narrow":"YUD"},"YUM":{"displayName":{"other":"Joegoslavyske noviy-dinar"},"symbol":"YUM","narrow":"YUM"},"YUN":{"displayName":{"other":"Joegoslavyske convertibele dinar"},"symbol":"YUN","narrow":"YUN"},"YUR":{"displayName":{"other":"Joegoslavyske herfoarme dinar (1992–1993)"},"symbol":"YUR","narrow":"YUR"},"ZAL":{"displayName":{"other":"Sûd-Afrikaanske rand (finansjeel)"},"symbol":"ZAL","narrow":"ZAL"},"ZAR":{"displayName":{"other":"Sûd-Afrikaanske rand"},"symbol":"ZAR","narrow":"R"},"ZMK":{"displayName":{"other":"Sambiaanske kwacha (1968–2012)"},"symbol":"ZMK","narrow":"ZMK"},"ZMW":{"displayName":{"other":"Sambiaanske kwacha"},"symbol":"ZMW","narrow":"ZK"},"ZRN":{"displayName":{"other":"Saïreeske nije Saïre"},"symbol":"ZRN","narrow":"ZRN"},"ZRZ":{"displayName":{"other":"Saïreeske Saïre"},"symbol":"ZRZ","narrow":"ZRZ"},"ZWD":{"displayName":{"other":"Simbabwaanske dollar"},"symbol":"ZWD","narrow":"ZWD"},"ZWL":{"displayName":{"other":"Simbabwaanske dollar (2009)"},"symbol":"ZWL","narrow":"ZWL"},"ZWR":{"displayName":{"other":"Simbabwaanske dollar (2008)"},"symbol":"ZWR","narrow":"ZWR"}},"numbers":{"nu":["latn"],"symbols":{"latn":{"decimal":",","group":".","list":";","percentSign":"%","plusSign":"+","minusSign":"-","approximatelySign":"~","exponential":"E","superscriptingExponent":"×","perMille":"‰","infinity":"∞","nan":"NaN","timeSeparator":":"}},"percent":{"latn":"#,##0%"},"decimal":{"latn":{"standard":"#,##0.###","long":{"1000":{"other":"0 tûzen"},"10000":{"other":"00 tûzen"},"100000":{"other":"000 tûzen"},"1000000":{"other":"0 miljoen"},"10000000":{"other":"00 miljoen"},"100000000":{"other":"000 miljoen"},"1000000000":{"other":"0 miljard"},"10000000000":{"other":"00 miljard"},"100000000000":{"other":"000 miljard"},"1000000000000":{"other":"0 biljoen"},"10000000000000":{"other":"00 biljoen"},"100000000000000":{"other":"000 biljoen"}},"short":{"1000":{"other":"0K"},"10000":{"other":"00K"},"100000":{"other":"000K"},"1000000":{"other":"0 mln'.'"},"10000000":{"other":"00 mln'.'"},"100000000":{"other":"000 mln'.'"},"1000000000":{"other":"0 mld'.'"},"10000000000":{"other":"00 mld'.'"},"100000000000":{"other":"000 mld'.'"},"1000000000000":{"other":"0 bln'.'"},"10000000000000":{"other":"00 bln'.'"},"100000000000000":{"other":"000 bln'.'"}}}},"currency":{"latn":{"currencySpacing":{"beforeInsertBetween":" ","afterInsertBetween":" "},"standard":"¤ #,##0.00;¤ #,##0.00-","accounting":"¤ #,##0.00;(¤ #,##0.00)","unitPattern":"{0} {1}","short":{"1000":{"other":"¤ 0K"},"10000":{"other":"¤ 00K"},"100000":{"other":"¤ 000K"},"1000000":{"other":"¤ 0M"},"10000000":{"other":"¤ 00M"},"100000000":{"other":"¤ 000M"},"1000000000":{"other":"¤ 0G"},"10000000000":{"other":"¤ 00G"},"100000000000":{"other":"¤ 000G"},"1000000000000":{"other":"¤ 0T"},"10000000000000":{"other":"¤ 00T"},"100000000000000":{"other":"¤ 000T"}}}}},"nu":["latn"]},"locale":"fy"}
