{"data":{"units":{"simple":{"degree":{"long":{"other":"{0}°"},"short":{"other":"{0}°"},"narrow":{"other":"{0}°"},"perUnit":{}},"hectare":{"long":{"other":"{0} ha"},"short":{"other":"{0} ha"},"narrow":{"other":"{0} ha"},"perUnit":{}},"acre":{"long":{"other":"{0} ac"},"short":{"other":"{0} ac"},"narrow":{"other":"{0} ac"},"perUnit":{}},"percent":{"long":{"other":"{0}%"},"short":{"other":"{0}%"},"narrow":{"other":"{0}%"},"perUnit":{}},"liter-per-kilometer":{"long":{"other":"{0} L/km"},"short":{"other":"{0} L/km"},"narrow":{"other":"{0} L/km"},"perUnit":{}},"mile-per-gallon":{"long":{"other":"{0} mpg US"},"short":{"other":"{0} mpg US"},"narrow":{"other":"{0} mpg US"},"perUnit":{}},"petabyte":{"long":{"other":"{0} PB"},"short":{"other":"{0} PB"},"narrow":{"other":"{0} PB"},"perUnit":{}},"terabyte":{"long":{"other":"{0} TB"},"short":{"other":"{0} TB"},"narrow":{"other":"{0} TB"},"perUnit":{}},"terabit":{"long":{"other":"{0} Tb"},"short":{"other":"{0} Tb"},"narrow":{"other":"{0} Tb"},"perUnit":{}},"gigabyte":{"long":{"other":"{0} GB"},"short":{"other":"{0} GB"},"narrow":{"other":"{0} GB"},"perUnit":{}},"gigabit":{"long":{"other":"{0} Gb"},"short":{"other":"{0} Gb"},"narrow":{"other":"{0} Gb"},"perUnit":{}},"megabyte":{"long":{"other":"{0} MB"},"short":{"other":"{0} MB"},"narrow":{"other":"{0} MB"},"perUnit":{}},"megabit":{"long":{"other":"{0} Mb"},"short":{"other":"{0} Mb"},"narrow":{"other":"{0} Mb"},"perUnit":{}},"kilobyte":{"long":{"other":"{0} kB"},"short":{"other":"{0} kB"},"narrow":{"other":"{0} kB"},"perUnit":{}},"kilobit":{"long":{"other":"{0} kb"},"short":{"other":"{0} kb"},"narrow":{"other":"{0} kb"},"perUnit":{}},"byte":{"long":{"other":"{0} byte"},"short":{"other":"{0} byte"},"narrow":{"other":"{0} byte"},"perUnit":{}},"bit":{"long":{"other":"{0} bit"},"short":{"other":"{0} bit"},"narrow":{"other":"{0} bit"},"perUnit":{}},"year":{"long":{"other":"{0} Jahr"},"short":{"other":"{0} y"},"narrow":{"other":"{0} y"},"perUnit":{"long":"{0}/y","short":"{0}/y","narrow":"{0}/y"}},"month":{"long":{"other":"{0} Mönet","one":"{0} Monet"},"short":{"other":"{0} m"},"narrow":{"other":"{0} m"},"perUnit":{"long":"{0}/m","short":"{0}/m","narrow":"{0}/m"}},"week":{"long":{"other":"{0} Wuche"},"short":{"other":"{0} w"},"narrow":{"other":"{0} w"},"perUnit":{"long":"{0}/w","short":"{0}/w","narrow":"{0}/w"}},"day":{"long":{"other":"{0} Tääg","one":"{0} Taag"},"short":{"other":"{0} d"},"narrow":{"other":"{0} d"},"perUnit":{"long":"{0}/d","short":"{0}/d","narrow":"{0}/d"}},"hour":{"long":{"other":"{0} Schtunde","one":"{0} Schtund"},"short":{"other":"{0} h"},"narrow":{"other":"{0} h"},"perUnit":{"long":"{0}/h","short":"{0}/h","narrow":"{0}/h"}},"minute":{"long":{"other":"{0} Minuute"},"short":{"other":"{0} min"},"narrow":{"other":"{0} min"},"perUnit":{"long":"{0}/min","short":"{0}/min","narrow":"{0}/min"}},"second":{"long":{"other":"{0} Sekunde"},"short":{"other":"{0} s"},"narrow":{"other":"{0} s"},"perUnit":{"long":"{0}/s","short":"{0}/s","narrow":"{0}/s"}},"millisecond":{"long":{"other":"{0} ms"},"short":{"other":"{0} ms"},"narrow":{"other":"{0} ms"},"perUnit":{}},"kilometer":{"long":{"other":"{0} km"},"short":{"other":"{0} km"},"narrow":{"other":"{0} km"},"perUnit":{"long":"{0}/km","short":"{0}/km","narrow":"{0}/km"}},"meter":{"long":{"other":"{0} m"},"short":{"other":"{0} m"},"narrow":{"other":"{0} m"},"perUnit":{"long":"{0}/m","short":"{0}/m","narrow":"{0}/m"}},"centimeter":{"long":{"other":"{0} cm"},"short":{"other":"{0} cm"},"narrow":{"other":"{0} cm"},"perUnit":{"long":"{0}/cm","short":"{0}/cm","narrow":"{0}/cm"}},"millimeter":{"long":{"other":"{0} mm"},"short":{"other":"{0} mm"},"narrow":{"other":"{0} mm"},"perUnit":{}},"mile":{"long":{"other":"{0} mi"},"short":{"other":"{0} mi"},"narrow":{"other":"{0} mi"},"perUnit":{}},"yard":{"long":{"other":"{0} yd"},"short":{"other":"{0} yd"},"narrow":{"other":"{0} yd"},"perUnit":{}},"foot":{"long":{"other":"{0} ft"},"short":{"other":"{0} ft"},"narrow":{"other":"{0} ft"},"perUnit":{"long":"{0}/ft","short":"{0}/ft","narrow":"{0}/ft"}},"inch":{"long":{"other":"{0} in"},"short":{"other":"{0} in"},"narrow":{"other":"{0} in"},"perUnit":{"long":"{0}/in","short":"{0}/in","narrow":"{0}/in"}},"mile-scandinavian":{"long":{"other":"{0} smi"},"short":{"other":"{0} smi"},"narrow":{"other":"{0} smi"},"perUnit":{}},"kilogram":{"long":{"other":"{0} kg"},"short":{"other":"{0} kg"},"narrow":{"other":"{0} kg"},"perUnit":{"long":"{0}/kg","short":"{0}/kg","narrow":"{0}/kg"}},"gram":{"long":{"other":"{0} g"},"short":{"other":"{0} g"},"narrow":{"other":"{0} g"},"perUnit":{"long":"{0}/g","short":"{0}/g","narrow":"{0}/g"}},"stone":{"long":{"other":"{0} st"},"short":{"other":"{0} st"},"narrow":{"other":"{0} st"},"perUnit":{}},"pound":{"long":{"other":"{0} lb"},"short":{"other":"{0} lb"},"narrow":{"other":"{0} lb"},"perUnit":{"long":"{0}/lb","short":"{0}/lb","narrow":"{0}/lb"}},"ounce":{"long":{"other":"{0} oz"},"short":{"other":"{0} oz"},"narrow":{"other":"{0} oz"},"perUnit":{"long":"{0}/oz","short":"{0}/oz","narrow":"{0}/oz"}},"kilometer-per-hour":{"long":{"other":"{0} km/h"},"short":{"other":"{0} km/h"},"narrow":{"other":"{0} km/h"},"perUnit":{}},"meter-per-second":{"long":{"other":"{0} m/s"},"short":{"other":"{0} m/s"},"narrow":{"other":"{0} m/s"},"perUnit":{}},"mile-per-hour":{"long":{"other":"{0} mi/h"},"short":{"other":"{0} mi/h"},"narrow":{"other":"{0} mi/h"},"perUnit":{}},"celsius":{"long":{"other":"{0}°C"},"short":{"other":"{0}°C"},"narrow":{"other":"{0}°C"},"perUnit":{}},"fahrenheit":{"long":{"other":"{0}°F"},"short":{"other":"{0}°F"},"narrow":{"other":"{0}°F"},"perUnit":{}},"liter":{"long":{"other":"{0} l"},"short":{"other":"{0} l"},"narrow":{"other":"{0} l"},"perUnit":{"long":"{0}/l","short":"{0}/l","narrow":"{0}/l"}},"milliliter":{"long":{"other":"{0} mL"},"short":{"other":"{0} mL"},"narrow":{"other":"{0} mL"},"perUnit":{}},"gallon":{"long":{"other":"{0} gal US"},"short":{"other":"{0} gal US"},"narrow":{"other":"{0} gal US"},"perUnit":{"long":"{0}/gal US","short":"{0}/gal US","narrow":"{0}/gal US"}},"fluid-ounce":{"long":{"other":"{0} fl oz US"},"short":{"other":"{0} fl oz US"},"narrow":{"other":"{0} fl oz US"},"perUnit":{}}},"compound":{"per":{"long":"{0}/{1}","short":"{0}/{1}","narrow":"{0}/{1}"}}},"currencies":{"ADP":{"displayName":{"other":"Andorranischi Peseete"},"symbol":"ADP","narrow":"ADP"},"AED":{"displayName":{"other":"UAE Dirham"},"symbol":"AED","narrow":"AED"},"AFA":{"displayName":{"other":"Afghani (1927–2002)"},"symbol":"AFA","narrow":"AFA"},"AFN":{"displayName":{"other":"Afghani"},"symbol":"AFN","narrow":"؋"},"ALK":{"displayName":{"other":"ALK"},"symbol":"ALK","narrow":"ALK"},"ALL":{"displayName":{"other":"Lek"},"symbol":"ALL","narrow":"ALL"},"AMD":{"displayName":{"other":"Dram"},"symbol":"AMD","narrow":"֏"},"ANG":{"displayName":{"other":"Niderländischi-Antille-Gulde"},"symbol":"ANG","narrow":"ANG"},"AOA":{"displayName":{"other":"Kwanza"},"symbol":"AOA","narrow":"Kz"},"AOK":{"displayName":{"other":"Angolanischi Kwanza (1977–1990)"},"symbol":"AOK","narrow":"AOK"},"AON":{"displayName":{"other":"Nöii Kwanza"},"symbol":"AON","narrow":"AON"},"AOR":{"displayName":{"other":"Kwanza Reajustado"},"symbol":"AOR","narrow":"AOR"},"ARA":{"displayName":{"other":"Argentinischi Auschtral"},"symbol":"ARA","narrow":"ARA"},"ARL":{"displayName":{"other":"ARL"},"symbol":"ARL","narrow":"ARL"},"ARM":{"displayName":{"other":"ARM"},"symbol":"ARM","narrow":"ARM"},"ARP":{"displayName":{"other":"Argentinischi Peso (1983–1985)"},"symbol":"ARP","narrow":"ARP"},"ARS":{"displayName":{"other":"Argentinischi Pesos","one":"Argentinische Peso"},"symbol":"ARS","narrow":"$"},"ATS":{"displayName":{"other":"Öschtriichischi Schilling"},"symbol":"öS","narrow":"öS"},"AUD":{"displayName":{"other":"Auschtralischi Dollar","one":"Auschtralische Dollar"},"symbol":"A$","narrow":"$"},"AWG":{"displayName":{"other":"Aruba Florin"},"symbol":"AWG","narrow":"AWG"},"AZM":{"displayName":{"other":"Aserbaidschanischi Manat (1993–2006)"},"symbol":"AZM","narrow":"AZM"},"AZN":{"displayName":{"other":"Aserbeidschanischi Manat","one":"Aserbeidschanische Manat"},"symbol":"AZN","narrow":"₼"},"BAD":{"displayName":{"other":"Bosnie-und-Herzegowina-Dinär"},"symbol":"BAD","narrow":"BAD"},"BAM":{"displayName":{"other":"Konvertierbari Mark vo Bosnie und Herzegowina"},"symbol":"BAM","narrow":"KM"},"BAN":{"displayName":{"other":"BAN"},"symbol":"BAN","narrow":"BAN"},"BBD":{"displayName":{"other":"Barbados-Dollar"},"symbol":"BBD","narrow":"$"},"BDT":{"displayName":{"other":"Taka"},"symbol":"BDT","narrow":"৳"},"BEC":{"displayName":{"other":"Belgischi Franc (konvertibel)"},"symbol":"BEC","narrow":"BEC"},"BEF":{"displayName":{"other":"Belgischi Franc"},"symbol":"BEF","narrow":"BEF"},"BEL":{"displayName":{"other":"Belgischi Finanz-Franc"},"symbol":"BEL","narrow":"BEL"},"BGL":{"displayName":{"other":"Lewa (1962–1999)"},"symbol":"BGL","narrow":"BGL"},"BGM":{"displayName":{"other":"BGM"},"symbol":"BGM","narrow":"BGM"},"BGN":{"displayName":{"other":"Bulgarischi Lew","one":"Bulgarische Lew"},"symbol":"BGN","narrow":"BGN"},"BGO":{"displayName":{"other":"BGO"},"symbol":"BGO","narrow":"BGO"},"BHD":{"displayName":{"other":"Bahrain-Dinar"},"symbol":"BHD","narrow":"BHD"},"BIF":{"displayName":{"other":"Burundi-Franc"},"symbol":"BIF","narrow":"BIF"},"BMD":{"displayName":{"other":"Bermuda-Dollar"},"symbol":"BMD","narrow":"$"},"BND":{"displayName":{"other":"Brunei-Dollar"},"symbol":"BND","narrow":"$"},"BOB":{"displayName":{"other":"Boliviano"},"symbol":"BOB","narrow":"Bs"},"BOL":{"displayName":{"other":"BOL"},"symbol":"BOL","narrow":"BOL"},"BOP":{"displayName":{"other":"Bolivianischi Peso"},"symbol":"BOP","narrow":"BOP"},"BOV":{"displayName":{"other":"Bolivianischi Mvdol"},"symbol":"BOV","narrow":"BOV"},"BRB":{"displayName":{"other":"Brasilianischi Cruzeiro Novo (1967–1986)"},"symbol":"BRB","narrow":"BRB"},"BRC":{"displayName":{"other":"Brasilianischi Cruzado"},"symbol":"BRC","narrow":"BRC"},"BRE":{"displayName":{"other":"Brasilianischi Cruzeiro (1990–1993)"},"symbol":"BRE","narrow":"BRE"},"BRL":{"displayName":{"other":"Brasilianischi Real","one":"Brasilianische Real"},"symbol":"R$","narrow":"R$"},"BRN":{"displayName":{"other":"Brasilianischi Cruzado Novo"},"symbol":"BRN","narrow":"BRN"},"BRR":{"displayName":{"other":"Brasilianischi Cruzeiro"},"symbol":"BRR","narrow":"BRR"},"BRZ":{"displayName":{"other":"BRZ"},"symbol":"BRZ","narrow":"BRZ"},"BSD":{"displayName":{"other":"Bahama-Dollar"},"symbol":"BSD","narrow":"$"},"BTN":{"displayName":{"other":"Bhutanischi Ngultrum","one":"Bhutanische Ngultrum"},"symbol":"BTN","narrow":"BTN"},"BUK":{"displayName":{"other":"Birmanischi Kyat"},"symbol":"BUK","narrow":"BUK"},"BWP":{"displayName":{"other":"Botswanischi Pula","one":"Botswanische Pula"},"symbol":"BWP","narrow":"P"},"BYB":{"displayName":{"other":"Belarus-Rubel (1994–1999)"},"symbol":"BYB","narrow":"BYB"},"BYN":{"displayName":{"other":"Belarus-Rubel"},"symbol":"BYN","narrow":"р."},"BYR":{"displayName":{"other":"Belarus-Rubel (2000–2016)"},"symbol":"BYR","narrow":"BYR"},"BZD":{"displayName":{"other":"Belize-Dollar"},"symbol":"BZD","narrow":"$"},"CAD":{"displayName":{"other":"Kanadischi Dollar","one":"Kanadische Dollar"},"symbol":"CA$","narrow":"$"},"CDF":{"displayName":{"other":"Kongolesischi Franc","one":"Kongolesische Franc"},"symbol":"CDF","narrow":"CDF"},"CHE":{"displayName":{"other":"WIR-Euro"},"symbol":"CHE","narrow":"CHE"},"CHF":{"displayName":{"other":"Schwiizer Franke"},"symbol":"CHF","narrow":"CHF"},"CHW":{"displayName":{"other":"WIR-Franke"},"symbol":"CHW","narrow":"CHW"},"CLE":{"displayName":{"other":"CLE"},"symbol":"CLE","narrow":"CLE"},"CLF":{"displayName":{"other":"Tschileenischi Unidades de Fomento"},"symbol":"CLF","narrow":"CLF"},"CLP":{"displayName":{"other":"Tschileenischi Pesos","one":"Tschileenische Peso"},"symbol":"CLP","narrow":"$"},"CNH":{"displayName":{"other":"CNH"},"symbol":"CNH","narrow":"CNH"},"CNX":{"displayName":{"other":"CNX"},"symbol":"CNX","narrow":"CNX"},"CNY":{"displayName":{"other":"Renminbi Yuan"},"symbol":"CN¥","narrow":"¥"},"COP":{"displayName":{"other":"Kolumbianischi Pesos","one":"Kolumbianische Peso"},"symbol":"COP","narrow":"$"},"COU":{"displayName":{"other":"Unidad de Valor Real"},"symbol":"COU","narrow":"COU"},"CRC":{"displayName":{"other":"Costa Rica Colon"},"symbol":"CRC","narrow":"₡"},"CSD":{"displayName":{"other":"Alti Serbischi Dinar"},"symbol":"CSD","narrow":"CSD"},"CSK":{"displayName":{"other":"Tschechoslowakischi Chroone"},"symbol":"CSK","narrow":"CSK"},"CUC":{"displayName":{"other":"CUC"},"symbol":"CUC","narrow":"$"},"CUP":{"displayName":{"other":"Kubanischi Pesos","one":"Kubanische Peso"},"symbol":"CUP","narrow":"$"},"CVE":{"displayName":{"other":"Kap Verde Escudo"},"symbol":"CVE","narrow":"CVE"},"CYP":{"displayName":{"other":"Zypere-Pfund"},"symbol":"CYP","narrow":"CYP"},"CZK":{"displayName":{"other":"Tschechischi Chroone"},"symbol":"CZK","narrow":"Kč"},"DDM":{"displayName":{"other":"DDR-Mark"},"symbol":"DDM","narrow":"DDM"},"DEM":{"displayName":{"other":"Tüütschi Mark"},"symbol":"DEM","narrow":"DEM"},"DJF":{"displayName":{"other":"Dschibuti-Franc"},"symbol":"DJF","narrow":"DJF"},"DKK":{"displayName":{"other":"Tänischi Chroone"},"symbol":"DKK","narrow":"kr"},"DOP":{"displayName":{"other":"Tominikanischi Pesos","one":"Tominikanische Peso"},"symbol":"DOP","narrow":"$"},"DZD":{"displayName":{"other":"Algeerischi Dinar","one":"Algeerische Dinar"},"symbol":"DZD","narrow":"DZD"},"ECS":{"displayName":{"other":"Ecuadorianischi Sucre"},"symbol":"ECS","narrow":"ECS"},"ECV":{"displayName":{"other":"Verrächnigsäiheit für EC"},"symbol":"ECV","narrow":"ECV"},"EEK":{"displayName":{"other":"Eestnischi Chroone"},"symbol":"EEK","narrow":"EEK"},"EGP":{"displayName":{"other":"Ägüptischi Pfund","one":"Ägüptische Pfund"},"symbol":"EGP","narrow":"E£"},"ERN":{"displayName":{"other":"Eritreischi Nakfa","one":"Eritreische Nakfa"},"symbol":"ERN","narrow":"ERN"},"ESA":{"displayName":{"other":"Schpanischi Peseete (A–Kontene)"},"symbol":"ESA","narrow":"ESA"},"ESB":{"displayName":{"other":"Schpanischi Peseete (konvertibel)"},"symbol":"ESB","narrow":"ESB"},"ESP":{"displayName":{"other":"Schpanischi Peseete"},"symbol":"ESP","narrow":"₧"},"ETB":{"displayName":{"other":"Äthiopischi Birr","one":"Äthiopische Birr"},"symbol":"ETB","narrow":"ETB"},"EUR":{"displayName":{"other":"Euro"},"symbol":"€","narrow":"€"},"FIM":{"displayName":{"other":"Finnischi Mark"},"symbol":"FIM","narrow":"FIM"},"FJD":{"displayName":{"other":"Fidschi Dollar"},"symbol":"FJD","narrow":"$"},"FKP":{"displayName":{"other":"Falkland-Pfund"},"symbol":"FKP","narrow":"£"},"FRF":{"displayName":{"other":"Französischi Franc"},"symbol":"FRF","narrow":"FRF"},"GBP":{"displayName":{"other":"Pfund Schtörling"},"symbol":"£","narrow":"£"},"GEK":{"displayName":{"other":"Georgischi Kupon Larit"},"symbol":"GEK","narrow":"GEK"},"GEL":{"displayName":{"other":"Georgischi Lari","one":"Georgische Lari"},"symbol":"GEL","narrow":"₾"},"GHC":{"displayName":{"other":"Ghanaischi Cedi (GHC)"},"symbol":"GHC","narrow":"GHC"},"GHS":{"displayName":{"other":"Ghanaischi Cedi (GHS)","one":"Ghanaische Cedi (GHS)"},"symbol":"GHS","narrow":"GH₵"},"GIP":{"displayName":{"other":"Gibraltar-Pfund"},"symbol":"GIP","narrow":"£"},"GMD":{"displayName":{"other":"Gambischi Dalasi","one":"Gambische Dalasi"},"symbol":"GMD","narrow":"GMD"},"GNF":{"displayName":{"other":"Guinea-Franc"},"symbol":"GNF","narrow":"FG"},"GNS":{"displayName":{"other":"Guineischi Syli"},"symbol":"GNS","narrow":"GNS"},"GQE":{"displayName":{"other":"Äquatorialguinea-Ekwele"},"symbol":"GQE","narrow":"GQE"},"GRD":{"displayName":{"other":"Griechischi Trachme"},"symbol":"GRD","narrow":"GRD"},"GTQ":{"displayName":{"other":"Quetzal"},"symbol":"GTQ","narrow":"Q"},"GWE":{"displayName":{"other":"Portugiisischi Guinea Escudo"},"symbol":"GWE","narrow":"GWE"},"GWP":{"displayName":{"other":"Guinea-Bissau-Pesos"},"symbol":"GWP","narrow":"GWP"},"GYD":{"displayName":{"other":"Guyana-Dollar"},"symbol":"GYD","narrow":"$"},"HKD":{"displayName":{"other":"Hongkong-Dollar"},"symbol":"HK$","narrow":"$"},"HNL":{"displayName":{"other":"Lempira"},"symbol":"HNL","narrow":"L"},"HRD":{"displayName":{"other":"Kroazischi Dinar"},"symbol":"HRD","narrow":"HRD"},"HRK":{"displayName":{"other":"Kuna"},"symbol":"HRK","narrow":"kn"},"HTG":{"displayName":{"other":"Gourde"},"symbol":"HTG","narrow":"HTG"},"HUF":{"displayName":{"other":"Forint"},"symbol":"HUF","narrow":"Ft"},"IDR":{"displayName":{"other":"Indonesischi Rupie"},"symbol":"IDR","narrow":"Rp"},"IEP":{"displayName":{"other":"Iirischi Pfund"},"symbol":"IEP","narrow":"IEP"},"ILP":{"displayName":{"other":"Israelischi Pfund"},"symbol":"ILP","narrow":"ILP"},"ILR":{"displayName":{"other":"ILR"},"symbol":"ILR","narrow":"ILR"},"ILS":{"displayName":{"other":"Schekel"},"symbol":"₪","narrow":"₪"},"INR":{"displayName":{"other":"Indischi Rupie"},"symbol":"₹","narrow":"₹"},"IQD":{"displayName":{"other":"Irak-Dinar"},"symbol":"IQD","narrow":"IQD"},"IRR":{"displayName":{"other":"Rial"},"symbol":"IRR","narrow":"IRR"},"ISJ":{"displayName":{"other":"ISJ"},"symbol":"ISJ","narrow":"ISJ"},"ISK":{"displayName":{"other":"Iisländischi Chroone"},"symbol":"ISK","narrow":"kr"},"ITL":{"displayName":{"other":"Italienischi Lire"},"symbol":"ITL","narrow":"ITL"},"JMD":{"displayName":{"other":"Jamaika-Dollar"},"symbol":"JMD","narrow":"$"},"JOD":{"displayName":{"other":"Jordaanischi Dinar","one":"Jordaanische Dinar"},"symbol":"JOD","narrow":"JOD"},"JPY":{"displayName":{"other":"Yen"},"symbol":"¥","narrow":"¥"},"KES":{"displayName":{"other":"Kenia-Schilling"},"symbol":"KES","narrow":"KES"},"KGS":{"displayName":{"other":"Som"},"symbol":"KGS","narrow":"KGS"},"KHR":{"displayName":{"other":"Riel"},"symbol":"KHR","narrow":"៛"},"KMF":{"displayName":{"other":"Komore-Franc"},"symbol":"KMF","narrow":"CF"},"KPW":{"displayName":{"other":"Nordkoreanischi Won","one":"Nordkoreanische Won"},"symbol":"KPW","narrow":"₩"},"KRH":{"displayName":{"other":"KRH"},"symbol":"KRH","narrow":"KRH"},"KRO":{"displayName":{"other":"KRO"},"symbol":"KRO","narrow":"KRO"},"KRW":{"displayName":{"other":"Süüdkoreanischi Won","one":"Süüdkoreanische Won"},"symbol":"₩","narrow":"₩"},"KWD":{"displayName":{"other":"Kuwait-Dinar"},"symbol":"KWD","narrow":"KWD"},"KYD":{"displayName":{"other":"Kaiman-Dollar"},"symbol":"KYD","narrow":"$"},"KZT":{"displayName":{"other":"Tenge"},"symbol":"KZT","narrow":"₸"},"LAK":{"displayName":{"other":"Kip"},"symbol":"LAK","narrow":"₭"},"LBP":{"displayName":{"other":"Libaneesischi Pfund","one":"Libaneesischs Pfund"},"symbol":"LBP","narrow":"L£"},"LKR":{"displayName":{"other":"Sri-Lanka-Rupie"},"symbol":"LKR","narrow":"Rs"},"LRD":{"displayName":{"other":"Liberiaanischi Dollar","one":"Liberiaanische Dollar"},"symbol":"LRD","narrow":"$"},"LSL":{"displayName":{"other":"Loti"},"symbol":"LSL","narrow":"LSL"},"LTL":{"displayName":{"other":"Litauischi Litas","one":"Litauische Litas"},"symbol":"LTL","narrow":"Lt"},"LTT":{"displayName":{"other":"Litauischi Talonas"},"symbol":"LTT","narrow":"LTT"},"LUC":{"displayName":{"other":"Luxemburgischi Franc (konvertibel)"},"symbol":"LUC","narrow":"LUC"},"LUF":{"displayName":{"other":"Luxemburgischi Franc"},"symbol":"LUF","narrow":"LUF"},"LUL":{"displayName":{"other":"Luxemburgischi Finanz-Franc"},"symbol":"LUL","narrow":"LUL"},"LVL":{"displayName":{"other":"Lettischi Lats","one":"Lettische Lats"},"symbol":"LVL","narrow":"Ls"},"LVR":{"displayName":{"other":"Lettischi Rubel"},"symbol":"LVR","narrow":"LVR"},"LYD":{"displayName":{"other":"Lüübischi Dinar","one":"Lüübische Dinar"},"symbol":"LYD","narrow":"LYD"},"MAD":{"displayName":{"other":"Marokkanischi Dirham","one":"Marokkanische Dirham"},"symbol":"MAD","narrow":"MAD"},"MAF":{"displayName":{"other":"Marokkanische Franc"},"symbol":"MAF","narrow":"MAF"},"MCF":{"displayName":{"other":"MCF"},"symbol":"MCF","narrow":"MCF"},"MDC":{"displayName":{"other":"MDC"},"symbol":"MDC","narrow":"MDC"},"MDL":{"displayName":{"other":"Moldau-Löi"},"symbol":"MDL","narrow":"MDL"},"MGA":{"displayName":{"other":"Madagaschkar-Ariary"},"symbol":"MGA","narrow":"Ar"},"MGF":{"displayName":{"other":"Madagaschkar-Franc"},"symbol":"MGF","narrow":"MGF"},"MKD":{"displayName":{"other":"Denar"},"symbol":"MKD","narrow":"MKD"},"MKN":{"displayName":{"other":"MKN"},"symbol":"MKN","narrow":"MKN"},"MLF":{"displayName":{"other":"Malischi Franc"},"symbol":"MLF","narrow":"MLF"},"MMK":{"displayName":{"other":"Kyat"},"symbol":"MMK","narrow":"K"},"MNT":{"displayName":{"other":"Tugrik"},"symbol":"MNT","narrow":"₮"},"MOP":{"displayName":{"other":"Pataca"},"symbol":"MOP","narrow":"MOP"},"MRO":{"displayName":{"other":"Ouguiya (1973–2017)"},"symbol":"MRO","narrow":"MRO"},"MRU":{"displayName":{"other":"Ouguiya"},"symbol":"MRU","narrow":"MRU"},"MTL":{"displayName":{"other":"Malteesischi Lira"},"symbol":"MTL","narrow":"MTL"},"MTP":{"displayName":{"other":"Malteesischi Pfund"},"symbol":"MTP","narrow":"MTP"},"MUR":{"displayName":{"other":"Maurizius-Rupie"},"symbol":"MUR","narrow":"Rs"},"MVP":{"displayName":{"other":"MVP"},"symbol":"MVP","narrow":"MVP"},"MVR":{"displayName":{"other":"Rufiyaa"},"symbol":"MVR","narrow":"MVR"},"MWK":{"displayName":{"other":"Malawi-Kwacha"},"symbol":"MWK","narrow":"MWK"},"MXN":{"displayName":{"other":"Mexikanischi Pesos","one":"Mexikanische Peso"},"symbol":"MX$","narrow":"$"},"MXP":{"displayName":{"other":"Mexikanischi Silber-Pesos (MXP)"},"symbol":"MXP","narrow":"MXP"},"MXV":{"displayName":{"other":"Mexikanischi Unidad de Inversion (UDI)"},"symbol":"MXV","narrow":"MXV"},"MYR":{"displayName":{"other":"Malaysischi Ringgit","one":"Malaysische Ringgit"},"symbol":"MYR","narrow":"RM"},"MZE":{"displayName":{"other":"Mozambikanischi Escudo"},"symbol":"MZE","narrow":"MZE"},"MZM":{"displayName":{"other":"Alti Metical"},"symbol":"MZM","narrow":"MZM"},"MZN":{"displayName":{"other":"Metical"},"symbol":"MZN","narrow":"MZN"},"NAD":{"displayName":{"other":"Namibia-Dollar"},"symbol":"NAD","narrow":"$"},"NGN":{"displayName":{"other":"Naira"},"symbol":"NGN","narrow":"₦"},"NIC":{"displayName":{"other":"Cordoba"},"symbol":"NIC","narrow":"NIC"},"NIO":{"displayName":{"other":"Nicaragua-Córdoba"},"symbol":"NIO","narrow":"C$"},"NLG":{"displayName":{"other":"Holländischi Gulde"},"symbol":"NLG","narrow":"NLG"},"NOK":{"displayName":{"other":"Norweegischi Chroone"},"symbol":"NOK","narrow":"kr"},"NPR":{"displayName":{"other":"Nepalesischi Rupie"},"symbol":"NPR","narrow":"Rs"},"NZD":{"displayName":{"other":"Neuseeland-Dollar"},"symbol":"NZ$","narrow":"$"},"OMR":{"displayName":{"other":"Rial Omani"},"symbol":"OMR","narrow":"OMR"},"PAB":{"displayName":{"other":"Balboa"},"symbol":"PAB","narrow":"PAB"},"PEI":{"displayName":{"other":"Peruanischi Inti"},"symbol":"PEI","narrow":"PEI"},"PEN":{"displayName":{"other":"Sol"},"symbol":"PEN","narrow":"PEN"},"PES":{"displayName":{"other":"Sol (1863–1965)"},"symbol":"PES","narrow":"PES"},"PGK":{"displayName":{"other":"Kina"},"symbol":"PGK","narrow":"PGK"},"PHP":{"displayName":{"other":"Philippiinischi Pesos","one":"Philippiinische Peso"},"symbol":"₱","narrow":"₱"},"PKR":{"displayName":{"other":"Pakischtanischi Rupie"},"symbol":"PKR","narrow":"Rs"},"PLN":{"displayName":{"other":"Zloty"},"symbol":"PLN","narrow":"zł"},"PLZ":{"displayName":{"other":"Zloty (1950–1995)"},"symbol":"PLZ","narrow":"PLZ"},"PTE":{"displayName":{"other":"Portugiisischi Escudo"},"symbol":"PTE","narrow":"PTE"},"PYG":{"displayName":{"other":"Guarani"},"symbol":"PYG","narrow":"₲"},"QAR":{"displayName":{"other":"Katar-Riyal"},"symbol":"QAR","narrow":"QAR"},"RHD":{"displayName":{"other":"Rhodesischi Dollar"},"symbol":"RHD","narrow":"RHD"},"ROL":{"displayName":{"other":"Löi"},"symbol":"ROL","narrow":"ROL"},"RON":{"displayName":{"other":"Rumäänischi Löi","one":"Rumäänische Löi"},"symbol":"RON","narrow":"lei"},"RSD":{"displayName":{"other":"Serbischi Dinar","one":"Serbische Dinar"},"symbol":"RSD","narrow":"RSD"},"RUB":{"displayName":{"other":"Russischi Rubel","one":"Russische Rubel"},"symbol":"RUB","narrow":"₽"},"RUR":{"displayName":{"other":"Russischi Rubel (alt)"},"symbol":"RUR","narrow":"р."},"RWF":{"displayName":{"other":"Ruanda-Franc"},"symbol":"RWF","narrow":"RF"},"SAR":{"displayName":{"other":"Saudi-Riyal"},"symbol":"SAR","narrow":"SAR"},"SBD":{"displayName":{"other":"Salomone-Dollar"},"symbol":"SBD","narrow":"$"},"SCR":{"displayName":{"other":"Seyschelle-Rupien","one":"Seyschelle-Rupie"},"symbol":"SCR","narrow":"SCR"},"SDD":{"displayName":{"other":"Sudaneesischi Dinar"},"symbol":"SDD","narrow":"SDD"},"SDG":{"displayName":{"other":"Sudaneesischi Pfund","one":"Sudaneesische Pfund"},"symbol":"SDG","narrow":"SDG"},"SDP":{"displayName":{"other":"Sudaneesischi Pfund (alt)"},"symbol":"SDP","narrow":"SDP"},"SEK":{"displayName":{"other":"Schwedischi Chroone"},"symbol":"SEK","narrow":"kr"},"SGD":{"displayName":{"other":"Singapur-Dollar"},"symbol":"SGD","narrow":"$"},"SHP":{"displayName":{"other":"St.-Helena-Pfund"},"symbol":"SHP","narrow":"£"},"SIT":{"displayName":{"other":"Tolar"},"symbol":"SIT","narrow":"SIT"},"SKK":{"displayName":{"other":"Slowakischi Chroone"},"symbol":"SKK","narrow":"SKK"},"SLL":{"displayName":{"other":"Leone"},"symbol":"SLL","narrow":"SLL"},"SOS":{"displayName":{"other":"Somalia-Schilling"},"symbol":"SOS","narrow":"SOS"},"SRD":{"displayName":{"other":"Surinamischi Dollar","one":"Surinamische Dollar"},"symbol":"SRD","narrow":"$"},"SRG":{"displayName":{"other":"Surinamischi Gulde"},"symbol":"SRG","narrow":"SRG"},"SSP":{"displayName":{"other":"Süüdsudaneesischi Pfund","one":"Süüdsudaneesische Pfund"},"symbol":"SSP","narrow":"£"},"STD":{"displayName":{"other":"Dobra (1977–2017)"},"symbol":"STD","narrow":"STD"},"STN":{"displayName":{"other":"Dobra"},"symbol":"STN","narrow":"Db"},"SUR":{"displayName":{"other":"Sowjetischi Rubel"},"symbol":"SUR","narrow":"SUR"},"SVC":{"displayName":{"other":"El-Salvador-Colon"},"symbol":"SVC","narrow":"SVC"},"SYP":{"displayName":{"other":"Süürischi Pfund","one":"Süürischs Pfund"},"symbol":"SYP","narrow":"£"},"SZL":{"displayName":{"other":"Lilangeni"},"symbol":"SZL","narrow":"SZL"},"THB":{"displayName":{"other":"Baht"},"symbol":"THB","narrow":"฿"},"TJR":{"displayName":{"other":"Tadschikischtan-Rubel"},"symbol":"TJR","narrow":"TJR"},"TJS":{"displayName":{"other":"Tadschikischtan-Somoni"},"symbol":"TJS","narrow":"TJS"},"TMM":{"displayName":{"other":"Turkmeenischtan-Manat"},"symbol":"TMM","narrow":"TMM"},"TMT":{"displayName":{"other":"TMT"},"symbol":"TMT","narrow":"TMT"},"TND":{"displayName":{"other":"Tuneesischi Dinar","one":"Tuneesische Dinar"},"symbol":"TND","narrow":"TND"},"TOP":{"displayName":{"other":"Paʻanga"},"symbol":"TOP","narrow":"T$"},"TPE":{"displayName":{"other":"Timor-Escudo"},"symbol":"TPE","narrow":"TPE"},"TRL":{"displayName":{"other":"Türkischi Liire (1922–2005)","one":"Türkischi Liira (1922–2005)"},"symbol":"TRL","narrow":"TRL"},"TRY":{"displayName":{"other":"Nöii Türkischi Liire","one":"Nöii Türkischi Liira"},"symbol":"TRY","narrow":"₺"},"TTD":{"displayName":{"other":"Trinidad-und-Tobago-Dollar"},"symbol":"TTD","narrow":"$"},"TWD":{"displayName":{"other":"Nöii Taiwan-Dollar","one":"Nöie Taiwan-Dollar"},"symbol":"NT$","narrow":"$"},"TZS":{"displayName":{"other":"Tansania-Schilling"},"symbol":"TZS","narrow":"TZS"},"UAH":{"displayName":{"other":"Hryvnia"},"symbol":"UAH","narrow":"₴"},"UAK":{"displayName":{"other":"Ukraiinischi Karbovanetz"},"symbol":"UAK","narrow":"UAK"},"UGS":{"displayName":{"other":"Uganda-Schilling (1966–1987)"},"symbol":"UGS","narrow":"UGS"},"UGX":{"displayName":{"other":"Uganda-Schilling"},"symbol":"UGX","narrow":"UGX"},"USD":{"displayName":{"other":"US-Dollar"},"symbol":"$","narrow":"$"},"USN":{"displayName":{"other":"US-Dollar (Nöchschte Taag)"},"symbol":"USN","narrow":"USN"},"USS":{"displayName":{"other":"US-Dollar (Gliiche Taag)"},"symbol":"USS","narrow":"USS"},"UYI":{"displayName":{"other":"UYI"},"symbol":"UYI","narrow":"UYI"},"UYP":{"displayName":{"other":"Uruguayischi Nöii Pesos (1975–1993)"},"symbol":"UYP","narrow":"UYP"},"UYU":{"displayName":{"other":"Uruguayischi Pesos","one":"Uruguayische Peso"},"symbol":"UYU","narrow":"$"},"UYW":{"displayName":{"other":"UYW"},"symbol":"UYW","narrow":"UYW"},"UZS":{"displayName":{"other":"Usbeekischtan-Sum"},"symbol":"UZS","narrow":"UZS"},"VEB":{"displayName":{"other":"Bolivar (1871–2008)"},"symbol":"VEB","narrow":"VEB"},"VEF":{"displayName":{"other":"Bolivar (2008–2018)"},"symbol":"VEF","narrow":"Bs"},"VES":{"displayName":{"other":"Bolivar"},"symbol":"VES","narrow":"VES"},"VND":{"displayName":{"other":"Dong"},"symbol":"₫","narrow":"₫"},"VNN":{"displayName":{"other":"VNN"},"symbol":"VNN","narrow":"VNN"},"VUV":{"displayName":{"other":"Vatu"},"symbol":"VUV","narrow":"VUV"},"WST":{"displayName":{"other":"Tala"},"symbol":"WST","narrow":"WST"},"XAF":{"displayName":{"other":"CFA-Franc (Äquatoriaal)"},"symbol":"FCFA","narrow":"FCFA"},"XAG":{"displayName":{"other":"Silber"},"symbol":"XAG","narrow":"XAG"},"XAU":{"displayName":{"other":"Gold"},"symbol":"XAU","narrow":"XAU"},"XBA":{"displayName":{"other":"Europääischi Rächnigseinheite"},"symbol":"XBA","narrow":"XBA"},"XBB":{"displayName":{"other":"Europääischi Währigseinheite (XBB)"},"symbol":"XBB","narrow":"XBB"},"XBC":{"displayName":{"other":"Europääischi Rächnigseinheite (XBC)"},"symbol":"XBC","narrow":"XBC"},"XBD":{"displayName":{"other":"Europääischi Rächnigseinheite (XBD)"},"symbol":"XBD","narrow":"XBD"},"XCD":{"displayName":{"other":"Oschtkaribischi Dollar","one":"Oschtkaribische Dollar"},"symbol":"EC$","narrow":"$"},"XDR":{"displayName":{"other":"Sunderziäigsrächt"},"symbol":"XDR","narrow":"XDR"},"XEU":{"displayName":{"other":"Europääischi Währigseinheite (XEU)"},"symbol":"XEU","narrow":"XEU"},"XFO":{"displayName":{"other":"Französischi Gold-Franc"},"symbol":"XFO","narrow":"XFO"},"XFU":{"displayName":{"other":"Französischi UIC-Franc"},"symbol":"XFU","narrow":"XFU"},"XOF":{"displayName":{"other":"CFA-Franc (Wescht)"},"symbol":"F CFA","narrow":"F CFA"},"XPD":{"displayName":{"other":"Palladium"},"symbol":"XPD","narrow":"XPD"},"XPF":{"displayName":{"other":"CFP-Franc"},"symbol":"CFPF","narrow":"CFPF"},"XPT":{"displayName":{"other":"Platin"},"symbol":"XPT","narrow":"XPT"},"XRE":{"displayName":{"other":"RINET-Funds"},"symbol":"XRE","narrow":"XRE"},"XSU":{"displayName":{"other":"XSU"},"symbol":"XSU","narrow":"XSU"},"XTS":{"displayName":{"other":"Teschtwährig"},"symbol":"XTS","narrow":"XTS"},"XUA":{"displayName":{"other":"XUA"},"symbol":"XUA","narrow":"XUA"},"XXX":{"displayName":{"other":"Unbekannti Währig"},"symbol":"¤","narrow":"¤"},"YDD":{"displayName":{"other":"Jeme-Dinar"},"symbol":"YDD","narrow":"YDD"},"YER":{"displayName":{"other":"Jeme-Rial"},"symbol":"YER","narrow":"YER"},"YUD":{"displayName":{"other":"Jugoslawischi Dinar (1966–1990)"},"symbol":"YUD","narrow":"YUD"},"YUM":{"displayName":{"other":"Nöii Dinar","one":"Nöie Dinar"},"symbol":"YUM","narrow":"YUM"},"YUN":{"displayName":{"other":"Jugoslawischi Dinar (konvertibel)"},"symbol":"YUN","narrow":"YUN"},"YUR":{"displayName":{"other":"YUR"},"symbol":"YUR","narrow":"YUR"},"ZAL":{"displayName":{"other":"ZAL"},"symbol":"ZAL","narrow":"ZAL"},"ZAR":{"displayName":{"other":"Rand"},"symbol":"ZAR","narrow":"R"},"ZMK":{"displayName":{"other":"Kwacha (1968–2012)"},"symbol":"ZMK","narrow":"ZMK"},"ZMW":{"displayName":{"other":"Kwacha"},"symbol":"ZMW","narrow":"ZK"},"ZRN":{"displayName":{"other":"Nöii Zaire"},"symbol":"ZRN","narrow":"ZRN"},"ZRZ":{"displayName":{"other":"Zaire"},"symbol":"ZRZ","narrow":"ZRZ"},"ZWD":{"displayName":{"other":"Simbabwe-Dollar"},"symbol":"ZWD","narrow":"ZWD"},"ZWL":{"displayName":{"other":"ZWL"},"symbol":"ZWL","narrow":"ZWL"},"ZWR":{"displayName":{"other":"ZWR"},"symbol":"ZWR","narrow":"ZWR"}},"numbers":{"nu":["latn"],"symbols":{"latn":{"decimal":".","group":"’","list":";","percentSign":"%","plusSign":"+","minusSign":"−","approximatelySign":"~","exponential":"E","superscriptingExponent":"×","perMille":"‰","infinity":"∞","nan":"NaN","timeSeparator":":"}},"percent":{"latn":"#,##0 %"},"decimal":{"latn":{"standard":"#,##0.###","long":{"1000":{"other":"0 Tuusig"},"10000":{"other":"00 Tuusig"},"100000":{"other":"000 Tuusig"},"1000000":{"other":"0 Millioone","one":"0 Millioon"},"10000000":{"other":"00 Millioone","one":"00 Millioon"},"100000000":{"other":"000 Millioone","one":"000 Millioon"},"1000000000":{"other":"0 Milliarde"},"10000000000":{"other":"00 Milliarde"},"100000000000":{"other":"000 Milliarde"},"1000000000000":{"other":"0 Billioone","one":"0 Billioon"},"10000000000000":{"other":"00 Billioone","one":"00 Billioon"},"100000000000000":{"other":"000 Billioone","one":"000 Billioon"}},"short":{"1000":{"other":"0 Tsg'.'"},"10000":{"other":"00 Tsg'.'"},"100000":{"other":"000 Tsg'.'"},"1000000":{"other":"0 Mio'.'"},"10000000":{"other":"00 Mio'.'"},"100000000":{"other":"000 Mio'.'"},"1000000000":{"other":"0 Mrd'.'"},"10000000000":{"other":"00 Mrd'.'"},"100000000000":{"other":"000 Mrd'.'"},"1000000000000":{"other":"0 Bio'.'"},"10000000000000":{"other":"00 Bio'.'"},"100000000000000":{"other":"000 Bio'.'"}}}},"currency":{"latn":{"currencySpacing":{"beforeInsertBetween":" ","afterInsertBetween":" "},"standard":"#,##0.00 ¤","accounting":"#,##0.00 ¤","unitPattern":"{0} {1}","short":{"1000":{"other":"0 Tsg'.' ¤"},"10000":{"other":"00 Tsg'.' ¤"},"100000":{"other":"000 Tsg'.' ¤"},"1000000":{"other":"0 Mio'.' ¤"},"10000000":{"other":"00 Mio'.' ¤"},"100000000":{"other":"000 Mio'.' ¤"},"1000000000":{"other":"0 Mrd'.' ¤"},"10000000000":{"other":"00 Mrd'.' ¤"},"100000000000":{"other":"000 Mrd'.' ¤"},"1000000000000":{"other":"0 Bio'.' ¤"},"10000000000000":{"other":"00 Bio'.' ¤"},"100000000000000":{"other":"000 Bio'.' ¤"}}}}},"nu":["latn"]},"locale":"gsw"}
