{"data":{"units":{"simple":{"degree":{"long":{"other":"{0} अंश"},"short":{"other":"{0} अंश"},"narrow":{"other":"{0}°"},"perUnit":{}},"hectare":{"long":{"other":"{0} हेक्टेयर"},"short":{"other":"{0} हे॰"},"narrow":{"other":"{0}हे॰"},"perUnit":{}},"acre":{"long":{"other":"{0} एकड़"},"short":{"other":"{0} एकड़"},"narrow":{"other":"{0}एकड़"},"perUnit":{}},"percent":{"long":{"other":"{0} प्रतिशत"},"short":{"other":"{0}%"},"narrow":{"other":"{0}%"},"perUnit":{}},"liter-per-kilometer":{"long":{"other":"{0} लीटर प्रति किलोमीटर"},"short":{"other":"{0} ली/किमी"},"narrow":{"other":"{0} ली/किमी"},"perUnit":{}},"mile-per-gallon":{"long":{"other":"{0} मील प्रति गैलन"},"short":{"other":"{0} mpg"},"narrow":{"other":"{0} mpg"},"perUnit":{}},"petabyte":{"long":{"other":"{0} पेटाबाइट"},"short":{"other":"{0} PB"},"narrow":{"other":"{0} PB"},"perUnit":{}},"terabyte":{"long":{"other":"{0} टेराबाइट"},"short":{"other":"{0} TB"},"narrow":{"other":"{0} TB"},"perUnit":{}},"terabit":{"long":{"other":"{0} टेराबिट"},"short":{"other":"{0} Tb"},"narrow":{"other":"{0} Tb"},"perUnit":{}},"gigabyte":{"long":{"other":"{0} गीगाबाइट"},"short":{"other":"{0} GB"},"narrow":{"other":"{0} GB"},"perUnit":{}},"gigabit":{"long":{"other":"{0} गीगाबिट"},"short":{"other":"{0} Gb"},"narrow":{"other":"{0} Gb"},"perUnit":{}},"megabyte":{"long":{"other":"{0} मेगाबाइट"},"short":{"other":"{0} MB"},"narrow":{"other":"{0} MB"},"perUnit":{}},"megabit":{"long":{"other":"{0} मेगाबिट"},"short":{"other":"{0} Mb"},"narrow":{"other":"{0} Mb"},"perUnit":{}},"kilobyte":{"long":{"other":"{0} किलोबाइट"},"short":{"other":"{0} kB"},"narrow":{"other":"{0} kB"},"perUnit":{}},"kilobit":{"long":{"other":"{0} किलोबिट"},"short":{"other":"{0} kb"},"narrow":{"other":"{0} kb"},"perUnit":{}},"byte":{"long":{"other":"{0} बाइट"},"short":{"other":"{0} बाइट"},"narrow":{"other":"{0} बाइट"},"perUnit":{}},"bit":{"long":{"other":"{0} बिट"},"short":{"other":"{0} बिट"},"narrow":{"other":"{0} बिट"},"perUnit":{}},"year":{"long":{"other":"{0} वर्ष"},"short":{"other":"{0} वर्ष"},"narrow":{"other":"{0}वर्ष"},"perUnit":{"long":"{0} प्रति वर्ष","short":"{0}/वर्ष","narrow":"{0}/वर्ष"}},"month":{"long":{"other":"{0} माह"},"short":{"other":"{0} माह"},"narrow":{"other":"{0}माह"},"perUnit":{"long":"{0} प्रति माह","short":"{0}/माह","narrow":"{0}/माह"}},"week":{"long":{"other":"{0} सप्ताह"},"short":{"other":"{0} सप्ताह"},"narrow":{"other":"{0} सप्ताह"},"perUnit":{"long":"{0} प्रति सप्ताह","short":"{0}/सप्ताह","narrow":"{0}/सप्ताह"}},"day":{"long":{"other":"{0} दिन"},"short":{"other":"{0} दिन"},"narrow":{"other":"{0}दिन"},"perUnit":{"long":"{0} प्रति दिन","short":"{0}/दिन","narrow":"{0}/दिन"}},"hour":{"long":{"other":"{0} घंटे","one":"{0} घंटा"},"short":{"other":"{0} घं॰"},"narrow":{"other":"{0}घं॰"},"perUnit":{"long":"{0} प्रति घंटा","short":"{0}/घं॰","narrow":"{0}/घं॰"}},"minute":{"long":{"other":"{0} मिनट"},"short":{"other":"{0} मि॰"},"narrow":{"other":"{0}मि॰"},"perUnit":{"long":"{0} प्रति मिनट","short":"{0}/मिनट","narrow":"{0}/मिनट"}},"second":{"long":{"other":"{0} सेकंड"},"short":{"other":"{0} से॰"},"narrow":{"other":"{0}से॰"},"perUnit":{"long":"{0} प्रति सेकंड","short":"{0}/से॰","narrow":"{0}/से॰"}},"millisecond":{"long":{"other":"{0} मिलीसेकंड"},"short":{"other":"{0} मि॰से॰"},"narrow":{"other":"{0} मि॰से॰"},"perUnit":{}},"kilometer":{"long":{"other":"{0} किलोमीटर"},"short":{"other":"{0} कि॰मी॰"},"narrow":{"other":"{0} कि॰मी॰"},"perUnit":{"long":"{0}/किलोमीटर","short":"{0}/कि॰मी॰","narrow":"{0}/कि॰मी॰"}},"meter":{"long":{"other":"{0} मीटर"},"short":{"other":"{0} मी"},"narrow":{"other":"{0}मी"},"perUnit":{"long":"{0}/मीटर","short":"{0}/मी","narrow":"{0}/मी"}},"centimeter":{"long":{"other":"{0} सेंटीमीटर"},"short":{"other":"{0} सें॰मी॰"},"narrow":{"other":"{0} सें॰मी॰"},"perUnit":{"long":"{0}/सेंटीमीटर","short":"{0}/सें॰मी॰","narrow":"{0}/सें॰मी॰"}},"millimeter":{"long":{"other":"{0} मिलीमीटर"},"short":{"other":"{0} मि॰मी॰"},"narrow":{"other":"{0} मि॰मी॰"},"perUnit":{}},"mile":{"long":{"other":"{0} मील"},"short":{"other":"{0} मील"},"narrow":{"other":"{0}मील"},"perUnit":{}},"yard":{"long":{"other":"{0} यार्ड"},"short":{"other":"{0} यार्ड"},"narrow":{"other":"{0}गज"},"perUnit":{}},"foot":{"long":{"other":"{0} फ़ीट","one":"{0} फ़ुट"},"short":{"other":"{0} फ़ीट"},"narrow":{"other":"{0}′"},"perUnit":{"long":"{0}/फ़ीट","short":"{0}/फ़ीट","narrow":"{0}/फ़ीट"}},"inch":{"long":{"other":"{0} इंच"},"short":{"other":"{0} इंच"},"narrow":{"other":"{0}″"},"perUnit":{"long":"{0}/इंच","short":"{0}/इंच","narrow":"{0}/इंच"}},"mile-scandinavian":{"long":{"other":"{0} मील-स्कैण्डिनेवियन"},"short":{"other":"{0} smi"},"narrow":{"other":"{0} smi"},"perUnit":{}},"kilogram":{"long":{"other":"{0} किलोग्राम"},"short":{"other":"{0} कि॰ग्रा॰"},"narrow":{"other":"{0} कि॰ग्रा॰","one":"{0}कि॰ग्रा॰"},"perUnit":{"long":"{0}/किलोग्राम","short":"{0}/कि॰ग्रा॰","narrow":"{0}/कि॰ग्रा॰"}},"gram":{"long":{"other":"{0} ग्राम"},"short":{"other":"{0} ग्रा॰"},"narrow":{"other":"{0} ग्रा॰"},"perUnit":{"long":"{0}/ग्राम","short":"{0}/ग्रा॰","narrow":"{0}/ग्रा॰"}},"stone":{"long":{"other":"{0} 14 पौंड का बट्टा"},"short":{"other":"{0} st"},"narrow":{"other":"{0}st","one":"{0} ला"},"perUnit":{}},"pound":{"long":{"other":"{0} पौंड"},"short":{"other":"{0} पौंड"},"narrow":{"other":"{0}#"},"perUnit":{"long":"{0}/पौंड","short":"{0}/पौंड","narrow":"{0}/पौंड"}},"ounce":{"long":{"other":"{0} औंस"},"short":{"other":"{0} औंस"},"narrow":{"other":"{0}औं॰"},"perUnit":{"long":"{0}/औंस","short":"{0}/औंस","narrow":"{0}/औंस"}},"kilometer-per-hour":{"long":{"other":"{0} किलोमीटर प्रति घंटा"},"short":{"other":"{0} कि॰मी॰/घं॰"},"narrow":{"other":"{0}किमी/घं"},"perUnit":{}},"meter-per-second":{"long":{"other":"{0} मीटर प्रति सेकंड"},"short":{"other":"{0} मी॰/से॰"},"narrow":{"other":"{0}मी॰/से॰"},"perUnit":{}},"mile-per-hour":{"long":{"other":"{0} मील प्रति घंटा"},"short":{"other":"{0} मी॰प्र॰घं॰"},"narrow":{"other":"{0}mph"},"perUnit":{}},"celsius":{"long":{"other":"{0} डिग्री सेल्सियस"},"short":{"other":"{0}°से॰"},"narrow":{"other":"{0}°से॰"},"perUnit":{}},"fahrenheit":{"long":{"other":"{0} डिग्री फ़ेरनहाइट"},"short":{"other":"{0}°फ़ेरन"},"narrow":{"other":"{0}°F"},"perUnit":{}},"liter":{"long":{"other":"{0} लीटर"},"short":{"other":"{0} ली॰"},"narrow":{"other":"{0}ली॰"},"perUnit":{"long":"{0}/लीटर","short":"{0}/ली॰","narrow":"{0}/ली॰"}},"milliliter":{"long":{"other":"{0} मिलीलीटर"},"short":{"other":"{0} मि॰ ली॰"},"narrow":{"other":"{0} मि॰ ली॰"},"perUnit":{}},"gallon":{"long":{"other":"{0} गैलन"},"short":{"other":"{0} गैलन"},"narrow":{"other":"{0} गैलन"},"perUnit":{"long":"{0}/गैलन","short":"{0}/गैलन","narrow":"{0}/गैलन"}},"fluid-ounce":{"long":{"other":"{0} फ़्लूइड आउंस"},"short":{"other":"{0} फ़्लूइड आउंस"},"narrow":{"other":"{0} फ़्लूइड आउंस"},"perUnit":{}}},"compound":{"per":{"long":"{0} प्रति {1}","short":"{0}/{1}","narrow":"{0}/{1}"}}},"currencies":{"ADP":{"displayName":{"other":"ADP"},"symbol":"ADP","narrow":"ADP"},"AED":{"displayName":{"other":"संयुक्त अरब अमीरात दिरहाम"},"symbol":"AED","narrow":"AED"},"AFA":{"displayName":{"other":"अफगानी (1927–2002)"},"symbol":"AFA","narrow":"AFA"},"AFN":{"displayName":{"other":"अफ़गान अफ़गानी"},"symbol":"AFN","narrow":"؋"},"ALK":{"displayName":{"other":"ALK"},"symbol":"ALK","narrow":"ALK"},"ALL":{"displayName":{"other":"अल्बानियाई लेक"},"symbol":"ALL","narrow":"ALL"},"AMD":{"displayName":{"other":"आर्मेनियाई द्राम"},"symbol":"AMD","narrow":"֏"},"ANG":{"displayName":{"other":"नीदरलैंड एंटीलियन गिल्डर"},"symbol":"ANG","narrow":"ANG"},"AOA":{"displayName":{"other":"अंगोला क्वांज़ा"},"symbol":"AOA","narrow":"Kz"},"AOK":{"displayName":{"other":"AOK"},"symbol":"AOK","narrow":"AOK"},"AON":{"displayName":{"other":"AON"},"symbol":"AON","narrow":"AON"},"AOR":{"displayName":{"other":"AOR"},"symbol":"AOR","narrow":"AOR"},"ARA":{"displayName":{"other":"ARA"},"symbol":"ARA","narrow":"ARA"},"ARL":{"displayName":{"other":"ARL"},"symbol":"ARL","narrow":"ARL"},"ARM":{"displayName":{"other":"ARM"},"symbol":"ARM","narrow":"ARM"},"ARP":{"displayName":{"other":"ARP"},"symbol":"ARP","narrow":"ARP"},"ARS":{"displayName":{"other":"अर्जेंटीनी पेसो"},"symbol":"ARS","narrow":"$"},"ATS":{"displayName":{"other":"ATS"},"symbol":"ATS","narrow":"ATS"},"AUD":{"displayName":{"other":"ऑस्ट्रेलियाई डॉलर"},"symbol":"A$","narrow":"$"},"AWG":{"displayName":{"other":"अरूबाई फ़्लोरिन"},"symbol":"AWG","narrow":"AWG"},"AZM":{"displayName":{"other":"AZM"},"symbol":"AZM","narrow":"AZM"},"AZN":{"displayName":{"other":"अज़रबैजानी मैनेट"},"symbol":"AZN","narrow":"₼"},"BAD":{"displayName":{"other":"BAD"},"symbol":"BAD","narrow":"BAD"},"BAM":{"displayName":{"other":"बोस्निया हर्ज़ेगोविना परिवर्तनीय मार्क"},"symbol":"BAM","narrow":"KM"},"BAN":{"displayName":{"other":"BAN"},"symbol":"BAN","narrow":"BAN"},"BBD":{"displayName":{"other":"बार्बेडियन डॉलर"},"symbol":"BBD","narrow":"$"},"BDT":{"displayName":{"other":"बांग्लादेशी टका"},"symbol":"BDT","narrow":"৳"},"BEC":{"displayName":{"other":"BEC"},"symbol":"BEC","narrow":"BEC"},"BEF":{"displayName":{"other":"BEF"},"symbol":"BEF","narrow":"BEF"},"BEL":{"displayName":{"other":"BEL"},"symbol":"BEL","narrow":"BEL"},"BGL":{"displayName":{"other":"BGL"},"symbol":"BGL","narrow":"BGL"},"BGM":{"displayName":{"other":"BGM"},"symbol":"BGM","narrow":"BGM"},"BGN":{"displayName":{"other":"बुल्गारियाई लेव"},"symbol":"BGN","narrow":"BGN"},"BGO":{"displayName":{"other":"BGO"},"symbol":"BGO","narrow":"BGO"},"BHD":{"displayName":{"other":"बहरीनी दिनार"},"symbol":"BHD","narrow":"BHD"},"BIF":{"displayName":{"other":"बुरूंडी फ़्रैंक"},"symbol":"BIF","narrow":"BIF"},"BMD":{"displayName":{"other":"बरमूडा डॉलर"},"symbol":"BMD","narrow":"$"},"BND":{"displayName":{"other":"ब्रूनेई डॉलर"},"symbol":"BND","narrow":"$"},"BOB":{"displayName":{"other":"बोलिवियाई बोलिवियानो"},"symbol":"BOB","narrow":"Bs"},"BOL":{"displayName":{"other":"BOL"},"symbol":"BOL","narrow":"BOL"},"BOP":{"displayName":{"other":"BOP"},"symbol":"BOP","narrow":"BOP"},"BOV":{"displayName":{"other":"BOV"},"symbol":"BOV","narrow":"BOV"},"BRB":{"displayName":{"other":"BRB"},"symbol":"BRB","narrow":"BRB"},"BRC":{"displayName":{"other":"BRC"},"symbol":"BRC","narrow":"BRC"},"BRE":{"displayName":{"other":"BRE"},"symbol":"BRE","narrow":"BRE"},"BRL":{"displayName":{"other":"ब्राज़ीली रियाल"},"symbol":"R$","narrow":"R$"},"BRN":{"displayName":{"other":"BRN"},"symbol":"BRN","narrow":"BRN"},"BRR":{"displayName":{"other":"BRR"},"symbol":"BRR","narrow":"BRR"},"BRZ":{"displayName":{"other":"BRZ"},"symbol":"BRZ","narrow":"BRZ"},"BSD":{"displayName":{"other":"बहामाई डॉलर"},"symbol":"BSD","narrow":"$"},"BTN":{"displayName":{"other":"भूटानी नंगलट्रम"},"symbol":"BTN","narrow":"BTN"},"BUK":{"displayName":{"other":"बर्मी क्यात"},"symbol":"BUK","narrow":"BUK"},"BWP":{"displayName":{"other":"बोत्सवानियाई पुला"},"symbol":"BWP","narrow":"P"},"BYB":{"displayName":{"other":"BYB"},"symbol":"BYB","narrow":"BYB"},"BYN":{"displayName":{"other":"बेलारूसी रूबल"},"symbol":"BYN","narrow":"р."},"BYR":{"displayName":{"other":"बेलारूसी रूबल (2000–2016)"},"symbol":"BYR","narrow":"BYR"},"BZD":{"displayName":{"other":"बेलीज़ डॉलर"},"symbol":"BZD","narrow":"$"},"CAD":{"displayName":{"other":"कनाडाई डॉलर"},"symbol":"CA$","narrow":"$"},"CDF":{"displayName":{"other":"कोंगोली फ़्रैंक"},"symbol":"CDF","narrow":"CDF"},"CHE":{"displayName":{"other":"CHE"},"symbol":"CHE","narrow":"CHE"},"CHF":{"displayName":{"other":"स्विस फ़्रैंक"},"symbol":"CHF","narrow":"CHF"},"CHW":{"displayName":{"other":"CHW"},"symbol":"CHW","narrow":"CHW"},"CLE":{"displayName":{"other":"CLE"},"symbol":"CLE","narrow":"CLE"},"CLF":{"displayName":{"other":"CLF"},"symbol":"CLF","narrow":"CLF"},"CLP":{"displayName":{"other":"चिली पेसो"},"symbol":"CLP","narrow":"$"},"CNH":{"displayName":{"other":"चीनी युआन (ऑफ़शोर)"},"symbol":"CNH","narrow":"CNH"},"CNX":{"displayName":{"other":"CNX"},"symbol":"CNX","narrow":"CNX"},"CNY":{"displayName":{"other":"चीनी युआन"},"symbol":"CN¥","narrow":"¥"},"COP":{"displayName":{"other":"कोलंबियाई पेसो"},"symbol":"COP","narrow":"$"},"COU":{"displayName":{"other":"COU"},"symbol":"COU","narrow":"COU"},"CRC":{"displayName":{"other":"कोस्टा रिका कोलोन"},"symbol":"CRC","narrow":"₡"},"CSD":{"displayName":{"other":"सर्बिय का ढीनार"},"symbol":"CSD","narrow":"CSD"},"CSK":{"displayName":{"other":"CSK"},"symbol":"CSK","narrow":"CSK"},"CUC":{"displayName":{"other":"क्यूबाई परिवर्तनीय पेसो"},"symbol":"CUC","narrow":"$"},"CUP":{"displayName":{"other":"क्यूबाई पेसो"},"symbol":"CUP","narrow":"$"},"CVE":{"displayName":{"other":"केप वर्ड एस्कूडो"},"symbol":"CVE","narrow":"CVE"},"CYP":{"displayName":{"other":"साईप्रस पाऊंड"},"symbol":"CYP","narrow":"CYP"},"CZK":{"displayName":{"other":"चेक गणराज्य कोरुना"},"symbol":"CZK","narrow":"Kč"},"DDM":{"displayName":{"other":"DDM"},"symbol":"DDM","narrow":"DDM"},"DEM":{"displayName":{"other":"डच मार्क"},"symbol":"DEM","narrow":"DEM"},"DJF":{"displayName":{"other":"जिबूती फ़्रैंक"},"symbol":"DJF","narrow":"DJF"},"DKK":{"displayName":{"other":"डैनिश क्रोन"},"symbol":"DKK","narrow":"kr"},"DOP":{"displayName":{"other":"डोमिनिकन पेसो"},"symbol":"DOP","narrow":"$"},"DZD":{"displayName":{"other":"अल्जीरियाई दिनार"},"symbol":"DZD","narrow":"DZD"},"ECS":{"displayName":{"other":"ECS"},"symbol":"ECS","narrow":"ECS"},"ECV":{"displayName":{"other":"ECV"},"symbol":"ECV","narrow":"ECV"},"EEK":{"displayName":{"other":"एस्टोनियाई क्रून्"},"symbol":"EEK","narrow":"EEK"},"EGP":{"displayName":{"other":"मिस्र पाउंड"},"symbol":"EGP","narrow":"E£"},"ERN":{"displayName":{"other":"इरीट्रियन नाक्फ़ा"},"symbol":"ERN","narrow":"ERN"},"ESA":{"displayName":{"other":"ESA"},"symbol":"ESA","narrow":"ESA"},"ESB":{"displayName":{"other":"ESB"},"symbol":"ESB","narrow":"ESB"},"ESP":{"displayName":{"other":"ESP"},"symbol":"ESP","narrow":"₧"},"ETB":{"displayName":{"other":"इथियोपियन बिर"},"symbol":"ETB","narrow":"ETB"},"EUR":{"displayName":{"other":"यूरो"},"symbol":"€","narrow":"€"},"FIM":{"displayName":{"other":"FIM"},"symbol":"FIM","narrow":"FIM"},"FJD":{"displayName":{"other":"फ़िजी डॉलर"},"symbol":"FJD","narrow":"$"},"FKP":{"displayName":{"other":"फ़ॉकलैंड द्वीपसमूह पाउंड"},"symbol":"FKP","narrow":"£"},"FRF":{"displayName":{"other":"फ़्रांसीसी फ़्रैंक"},"symbol":"FRF","narrow":"FRF"},"GBP":{"displayName":{"other":"ब्रिटिश पाउंड स्टर्लिंग"},"symbol":"£","narrow":"£"},"GEK":{"displayName":{"other":"GEK"},"symbol":"GEK","narrow":"GEK"},"GEL":{"displayName":{"other":"जॉर्जियन लारी"},"symbol":"GEL","narrow":"₾"},"GHC":{"displayName":{"other":"GHC"},"symbol":"GHC","narrow":"GHC"},"GHS":{"displayName":{"other":"घानियन सेडी"},"symbol":"GHS","narrow":"GH₵"},"GIP":{"displayName":{"other":"जिब्राल्टर पाउंड"},"symbol":"GIP","narrow":"£"},"GMD":{"displayName":{"other":"गैंबियन डलासी"},"symbol":"GMD","narrow":"GMD"},"GNF":{"displayName":{"other":"गिनीयन फ़्रैंक"},"symbol":"GNF","narrow":"FG"},"GNS":{"displayName":{"other":"GNS"},"symbol":"GNS","narrow":"GNS"},"GQE":{"displayName":{"other":"GQE"},"symbol":"GQE","narrow":"GQE"},"GRD":{"displayName":{"other":"GRD"},"symbol":"GRD","narrow":"GRD"},"GTQ":{"displayName":{"other":"ग्वाटेमाला क्वेटज़ल"},"symbol":"GTQ","narrow":"Q"},"GWE":{"displayName":{"other":"GWE"},"symbol":"GWE","narrow":"GWE"},"GWP":{"displayName":{"other":"GWP"},"symbol":"GWP","narrow":"GWP"},"GYD":{"displayName":{"other":"गयानीज़ डॉलर"},"symbol":"GYD","narrow":"$"},"HKD":{"displayName":{"other":"हाँगकाँग डॉलर"},"symbol":"HK$","narrow":"$"},"HNL":{"displayName":{"other":"होंडुरन लेम्पिरा"},"symbol":"HNL","narrow":"L"},"HRD":{"displayName":{"other":"क्रोएशियन दिनार"},"symbol":"HRD","narrow":"HRD"},"HRK":{"displayName":{"other":"क्रोएशियाई कुना"},"symbol":"HRK","narrow":"kn"},"HTG":{"displayName":{"other":"हैतियाई गर्ड"},"symbol":"HTG","narrow":"HTG"},"HUF":{"displayName":{"other":"हंगेरियन फ़ोरिंट"},"symbol":"HUF","narrow":"Ft"},"IDR":{"displayName":{"other":"इंडोनेशियाई रुपिये","one":"इंडोनेशियाई रुपिया"},"symbol":"IDR","narrow":"Rp"},"IEP":{"displayName":{"other":"IEP"},"symbol":"IEP","narrow":"IEP"},"ILP":{"displayName":{"other":"ILP"},"symbol":"ILP","narrow":"ILP"},"ILR":{"displayName":{"other":"ILR"},"symbol":"ILR","narrow":"ILR"},"ILS":{"displayName":{"other":"इज़राइली न्यू शेकेल"},"symbol":"₪","narrow":"₪"},"INR":{"displayName":{"other":"भारतीय रुपए","one":"भारतीय रुपया"},"symbol":"₹","narrow":"₹"},"IQD":{"displayName":{"other":"इराकी दिनार"},"symbol":"IQD","narrow":"IQD"},"IRR":{"displayName":{"other":"ईरानी रियाल"},"symbol":"IRR","narrow":"IRR"},"ISJ":{"displayName":{"other":"ISJ"},"symbol":"ISJ","narrow":"ISJ"},"ISK":{"displayName":{"other":"आइसलैंडिक क्रोना"},"symbol":"ISK","narrow":"kr"},"ITL":{"displayName":{"other":"इतली का लीरा"},"symbol":"ITL","narrow":"ITL"},"JMD":{"displayName":{"other":"जमैकन डॉलर"},"symbol":"JMD","narrow":"$"},"JOD":{"displayName":{"other":"जॉर्डनियन दिनार"},"symbol":"JOD","narrow":"JOD"},"JPY":{"displayName":{"other":"जापानी येन"},"symbol":"JP¥","narrow":"¥"},"KES":{"displayName":{"other":"केन्याई शिलिंग"},"symbol":"KES","narrow":"KES"},"KGS":{"displayName":{"other":"किर्गिस्तानी सोम"},"symbol":"KGS","narrow":"KGS"},"KHR":{"displayName":{"other":"कंबोडियाई रियाल"},"symbol":"KHR","narrow":"៛"},"KMF":{"displayName":{"other":"कोमोरियन फ़्रैंक"},"symbol":"KMF","narrow":"CF"},"KPW":{"displayName":{"other":"उत्तर कोरियाई वॉन"},"symbol":"KPW","narrow":"₩"},"KRH":{"displayName":{"other":"KRH"},"symbol":"KRH","narrow":"KRH"},"KRO":{"displayName":{"other":"KRO"},"symbol":"KRO","narrow":"KRO"},"KRW":{"displayName":{"other":"दक्षिण कोरियाई वॉन"},"symbol":"₩","narrow":"₩"},"KWD":{"displayName":{"other":"कुवैती दिनार"},"symbol":"KWD","narrow":"KWD"},"KYD":{"displayName":{"other":"कैमेन द्वीपसमूह डॉलर"},"symbol":"KYD","narrow":"$"},"KZT":{"displayName":{"other":"कज़ाखिस्तानी टेंज़"},"symbol":"KZT","narrow":"₸"},"LAK":{"displayName":{"other":"लाओशियन किप"},"symbol":"LAK","narrow":"₭"},"LBP":{"displayName":{"other":"लेबनानी पाउंड"},"symbol":"LBP","narrow":"L£"},"LKR":{"displayName":{"other":"श्रीलंकाई रुपए","one":"श्रीलंकाई रुपया"},"symbol":"LKR","narrow":"Rs"},"LRD":{"displayName":{"other":"लाइबेरियाई डॉलर"},"symbol":"LRD","narrow":"$"},"LSL":{"displayName":{"other":"लेसोथो लोटी"},"symbol":"LSL","narrow":"LSL"},"LTL":{"displayName":{"other":"लिथुआनियाई लितास"},"symbol":"LTL","narrow":"Lt"},"LTT":{"displayName":{"other":"LTT"},"symbol":"LTT","narrow":"LTT"},"LUC":{"displayName":{"other":"LUC"},"symbol":"LUC","narrow":"LUC"},"LUF":{"displayName":{"other":"LUF"},"symbol":"LUF","narrow":"LUF"},"LUL":{"displayName":{"other":"LUL"},"symbol":"LUL","narrow":"LUL"},"LVL":{"displayName":{"other":"लात्वियन लैत्स"},"symbol":"LVL","narrow":"Ls"},"LVR":{"displayName":{"other":"LVR"},"symbol":"LVR","narrow":"LVR"},"LYD":{"displayName":{"other":"लीबियाई दिनार"},"symbol":"LYD","narrow":"LYD"},"MAD":{"displayName":{"other":"मोरक्को दिरहम"},"symbol":"MAD","narrow":"MAD"},"MAF":{"displayName":{"other":"मोरक्को फ्रैंक"},"symbol":"MAF","narrow":"MAF"},"MCF":{"displayName":{"other":"MCF"},"symbol":"MCF","narrow":"MCF"},"MDC":{"displayName":{"other":"MDC"},"symbol":"MDC","narrow":"MDC"},"MDL":{"displayName":{"other":"मोल्डोवन लियू"},"symbol":"MDL","narrow":"MDL"},"MGA":{"displayName":{"other":"मालागासी आरियरी"},"symbol":"MGA","narrow":"Ar"},"MGF":{"displayName":{"other":"MGF"},"symbol":"MGF","narrow":"MGF"},"MKD":{"displayName":{"other":"मैसीडोनियन दिनार"},"symbol":"MKD","narrow":"MKD"},"MKN":{"displayName":{"other":"MKN"},"symbol":"MKN","narrow":"MKN"},"MLF":{"displayName":{"other":"MLF"},"symbol":"MLF","narrow":"MLF"},"MMK":{"displayName":{"other":"म्यांमार क्याट"},"symbol":"MMK","narrow":"K"},"MNT":{"displayName":{"other":"मंगोलियाई टगरिक"},"symbol":"MNT","narrow":"₮"},"MOP":{"displayName":{"other":"मेकानीज़ पाटाका"},"symbol":"MOP","narrow":"MOP"},"MRO":{"displayName":{"other":"मॉरीटेनियन ओगुइया (1973–2017)"},"symbol":"MRO","narrow":"MRO"},"MRU":{"displayName":{"other":"मॉरीटेनियन ओगुइया"},"symbol":"MRU","narrow":"MRU"},"MTL":{"displayName":{"other":"MTL"},"symbol":"MTL","narrow":"MTL"},"MTP":{"displayName":{"other":"MTP"},"symbol":"MTP","narrow":"MTP"},"MUR":{"displayName":{"other":"मॉरिशियन रुपया"},"symbol":"MUR","narrow":"Rs"},"MVP":{"displayName":{"other":"MVP"},"symbol":"MVP","narrow":"MVP"},"MVR":{"displayName":{"other":"मालदीवी रुफ़िया"},"symbol":"MVR","narrow":"MVR"},"MWK":{"displayName":{"other":"मालावियन क्वाचा"},"symbol":"MWK","narrow":"MWK"},"MXN":{"displayName":{"other":"मैक्सिकन पेसो"},"symbol":"MX$","narrow":"$"},"MXP":{"displayName":{"other":"MXP"},"symbol":"MXP","narrow":"MXP"},"MXV":{"displayName":{"other":"MXV"},"symbol":"MXV","narrow":"MXV"},"MYR":{"displayName":{"other":"मलेशियाई रिंगित"},"symbol":"MYR","narrow":"RM"},"MZE":{"displayName":{"other":"MZE"},"symbol":"MZE","narrow":"MZE"},"MZM":{"displayName":{"other":"MZM"},"symbol":"MZM","narrow":"MZM"},"MZN":{"displayName":{"other":"मोज़ाम्बिकन मेटिकल"},"symbol":"MZN","narrow":"MZN"},"NAD":{"displayName":{"other":"नामीबियाई डॉलर"},"symbol":"NAD","narrow":"$"},"NGN":{"displayName":{"other":"नाइजीरियाई नाइरा"},"symbol":"NGN","narrow":"₦"},"NIC":{"displayName":{"other":"NIC"},"symbol":"NIC","narrow":"NIC"},"NIO":{"displayName":{"other":"निकारागुअन कोरडोबा"},"symbol":"NIO","narrow":"C$"},"NLG":{"displayName":{"other":"NLG"},"symbol":"NLG","narrow":"NLG"},"NOK":{"displayName":{"other":"नॉर्वेजियन क्रोन"},"symbol":"NOK","narrow":"kr"},"NPR":{"displayName":{"other":"नेपाली रुपए","one":"नेपाली रुपया"},"symbol":"NPR","narrow":"Rs"},"NZD":{"displayName":{"other":"न्यूज़ीलैंड डॉलर"},"symbol":"NZ$","narrow":"$"},"OMR":{"displayName":{"other":"ओमानी रियाल"},"symbol":"OMR","narrow":"OMR"},"PAB":{"displayName":{"other":"पनामेनियन बैल्बोआ"},"symbol":"PAB","narrow":"PAB"},"PEI":{"displayName":{"other":"PEI"},"symbol":"PEI","narrow":"PEI"},"PEN":{"displayName":{"other":"पेरूवियन सोल"},"symbol":"PEN","narrow":"PEN"},"PES":{"displayName":{"other":"PES"},"symbol":"PES","narrow":"PES"},"PGK":{"displayName":{"other":"पापुआ न्यू गिनीयन किना"},"symbol":"PGK","narrow":"PGK"},"PHP":{"displayName":{"other":"फ़िलिपीनी पेसो"},"symbol":"PHP","narrow":"₱"},"PKR":{"displayName":{"other":"पाकिस्तानी रुपए","one":"पाकिस्तानी रुपया"},"symbol":"PKR","narrow":"Rs"},"PLN":{"displayName":{"other":"पोलिश ज़्लॉटी"},"symbol":"PLN","narrow":"zł"},"PLZ":{"displayName":{"other":"PLZ"},"symbol":"PLZ","narrow":"PLZ"},"PTE":{"displayName":{"other":"PTE"},"symbol":"PTE","narrow":"PTE"},"PYG":{"displayName":{"other":"पैराग्वियन गुआरानी"},"symbol":"PYG","narrow":"₲"},"QAR":{"displayName":{"other":"क़तरी रियाल"},"symbol":"QAR","narrow":"QAR"},"RHD":{"displayName":{"other":"रोडेशियाई डालर"},"symbol":"RHD","narrow":"RHD"},"ROL":{"displayName":{"other":"ROL"},"symbol":"ROL","narrow":"ROL"},"RON":{"displayName":{"other":"रोमानियाई ल्यू"},"symbol":"RON","narrow":"लेई"},"RSD":{"displayName":{"other":"सर्बियन दिनार"},"symbol":"RSD","narrow":"RSD"},"RUB":{"displayName":{"other":"रूसी रूबल"},"symbol":"RUB","narrow":"₽"},"RUR":{"displayName":{"other":"RUR"},"symbol":"RUR","narrow":"р."},"RWF":{"displayName":{"other":"रवांडाई फ़्रैंक"},"symbol":"RWF","narrow":"RF"},"SAR":{"displayName":{"other":"सउदी रियाल"},"symbol":"SAR","narrow":"SAR"},"SBD":{"displayName":{"other":"सोलोमन द्वीपसमूह डॉलर"},"symbol":"SBD","narrow":"$"},"SCR":{"displayName":{"other":"सेशेल्सियाई रुपया"},"symbol":"SCR","narrow":"SCR"},"SDD":{"displayName":{"other":"पुरानी सूडानी दिनार"},"symbol":"SDD","narrow":"SDD"},"SDG":{"displayName":{"other":"सूडानी पाउंड"},"symbol":"SDG","narrow":"SDG"},"SDP":{"displayName":{"other":"पुराना सूडानी पाउंड"},"symbol":"SDP","narrow":"SDP"},"SEK":{"displayName":{"other":"स्वीडीश क्रोना"},"symbol":"SEK","narrow":"kr"},"SGD":{"displayName":{"other":"सिंगापुर डॉलर"},"symbol":"SGD","narrow":"$"},"SHP":{"displayName":{"other":"सेंट हेलेना पाउंड"},"symbol":"SHP","narrow":"£"},"SIT":{"displayName":{"other":"स्लोवेनियाई तोलार"},"symbol":"SIT","narrow":"SIT"},"SKK":{"displayName":{"other":"स्लोवाक कोरुना"},"symbol":"SKK","narrow":"SKK"},"SLL":{"displayName":{"other":"सिएरा लियोनियन लियोन"},"symbol":"SLL","narrow":"SLL"},"SOS":{"displayName":{"other":"सोमाली शिलिंग"},"symbol":"SOS","narrow":"SOS"},"SRD":{"displayName":{"other":"सूरीनामी डॉलर"},"symbol":"SRD","narrow":"$"},"SRG":{"displayName":{"other":"सूरीनामी गिल्डर"},"symbol":"SRG","narrow":"SRG"},"SSP":{"displayName":{"other":"दक्षिण सूडानी पाउंड"},"symbol":"SSP","narrow":"£"},"STD":{"displayName":{"other":"साओ तोम और प्रिंसिपे डोबरा (1977–2017)"},"symbol":"STD","narrow":"STD"},"STN":{"displayName":{"other":"साओ टोम और प्रिंसिपे डोबरा"},"symbol":"STN","narrow":"Db"},"SUR":{"displayName":{"other":"सोवियत रूबल"},"symbol":"SUR","narrow":"SUR"},"SVC":{"displayName":{"other":"SVC"},"symbol":"SVC","narrow":"SVC"},"SYP":{"displayName":{"other":"सीरियाई पाउंड"},"symbol":"SYP","narrow":"£"},"SZL":{"displayName":{"other":"स्वाज़ी लिलांजेनी"},"symbol":"SZL","narrow":"SZL"},"THB":{"displayName":{"other":"थाई बहत"},"symbol":"฿","narrow":"฿"},"TJR":{"displayName":{"other":"तजाखी रूबल"},"symbol":"TJR","narrow":"TJR"},"TJS":{"displayName":{"other":"ताजिकिस्तानी सोमोनी"},"symbol":"TJS","narrow":"TJS"},"TMM":{"displayName":{"other":"TMM"},"symbol":"TMM","narrow":"TMM"},"TMT":{"displayName":{"other":"तुर्कमेनिस्तानी मैनत"},"symbol":"TMT","narrow":"TMT"},"TND":{"displayName":{"other":"ट्यूनीशियाई दिनार"},"symbol":"TND","narrow":"TND"},"TOP":{"displayName":{"other":"टोंगन पांगा"},"symbol":"TOP","narrow":"T$"},"TPE":{"displayName":{"other":"तिमोरी एस्कूडो"},"symbol":"TPE","narrow":"TPE"},"TRL":{"displayName":{"other":"पुरानी तुर्की लीरा"},"symbol":"TRL","narrow":"TRL"},"TRY":{"displayName":{"other":"तुर्की लीरा"},"symbol":"TRY","narrow":"₺"},"TTD":{"displayName":{"other":"त्रिनिदाद और टोबैगो डॉलर"},"symbol":"TTD","narrow":"$"},"TWD":{"displayName":{"other":"नया ताईवानी डॉलर"},"symbol":"NT$","narrow":"NT$"},"TZS":{"displayName":{"other":"तंज़ानियाई शिलिंग"},"symbol":"TZS","narrow":"TZS"},"UAH":{"displayName":{"other":"यूक्रेनियन रिव्निया"},"symbol":"UAH","narrow":"₴"},"UAK":{"displayName":{"other":"UAK"},"symbol":"UAK","narrow":"UAK"},"UGS":{"displayName":{"other":"UGS"},"symbol":"UGS","narrow":"UGS"},"UGX":{"displayName":{"other":"युगांडाई शिलिंग"},"symbol":"UGX","narrow":"UGX"},"USD":{"displayName":{"other":"यूएस डॉलर"},"symbol":"$","narrow":"$"},"USN":{"displayName":{"other":"अमेरीकी डालर (कल)"},"symbol":"USN","narrow":"USN"},"USS":{"displayName":{"other":"अमेरीकी डालर (आज)"},"symbol":"USS","narrow":"USS"},"UYI":{"displayName":{"other":"UYI"},"symbol":"UYI","narrow":"UYI"},"UYP":{"displayName":{"other":"UYP"},"symbol":"UYP","narrow":"UYP"},"UYU":{"displayName":{"other":"उरुग्वियन पेसो"},"symbol":"UYU","narrow":"$"},"UYW":{"displayName":{"other":"UYW"},"symbol":"UYW","narrow":"UYW"},"UZS":{"displayName":{"other":"उज़्बेकिस्तानी सोम"},"symbol":"UZS","narrow":"UZS"},"VEB":{"displayName":{"other":"वेनेज़ुएला बोलिवर (1871–2008)"},"symbol":"VEB","narrow":"VEB"},"VEF":{"displayName":{"other":"वेनेज़ुएला बोलिवर (2008–2018)"},"symbol":"VEF","narrow":"Bs"},"VES":{"displayName":{"other":"वेनेज़ुएला बोलिवर"},"symbol":"VES","narrow":"VES"},"VND":{"displayName":{"other":"वियतनामी डोंग"},"symbol":"₫","narrow":"₫"},"VNN":{"displayName":{"other":"वियतनामी डोंग (1978–1985)"},"symbol":"VNN","narrow":"VNN"},"VUV":{"displayName":{"other":"वनुआतू वातू"},"symbol":"VUV","narrow":"VUV"},"WST":{"displayName":{"other":"समोआई ताला"},"symbol":"WST","narrow":"WST"},"XAF":{"displayName":{"other":"केंद्रीय अफ़्रीकी CFA फ़्रैंक"},"symbol":"FCFA","narrow":"FCFA"},"XAG":{"displayName":{"other":"XAG"},"symbol":"XAG","narrow":"XAG"},"XAU":{"displayName":{"other":"XAU"},"symbol":"XAU","narrow":"XAU"},"XBA":{"displayName":{"other":"XBA"},"symbol":"XBA","narrow":"XBA"},"XBB":{"displayName":{"other":"XBB"},"symbol":"XBB","narrow":"XBB"},"XBC":{"displayName":{"other":"XBC"},"symbol":"XBC","narrow":"XBC"},"XBD":{"displayName":{"other":"XBD"},"symbol":"XBD","narrow":"XBD"},"XCD":{"displayName":{"other":"पूर्वी कैरिबियाई डॉलर"},"symbol":"EC$","narrow":"$"},"XDR":{"displayName":{"other":"XDR"},"symbol":"XDR","narrow":"XDR"},"XEU":{"displayName":{"other":"यूरोपीय मुद्रा इकाई"},"symbol":"XEU","narrow":"XEU"},"XFO":{"displayName":{"other":"XFO"},"symbol":"XFO","narrow":"XFO"},"XFU":{"displayName":{"other":"XFU"},"symbol":"XFU","narrow":"XFU"},"XOF":{"displayName":{"other":"पश्चिमी अफ़्रीकी CFA फ़्रैंक"},"symbol":"F CFA","narrow":"F CFA"},"XPD":{"displayName":{"other":"XPD"},"symbol":"XPD","narrow":"XPD"},"XPF":{"displayName":{"other":"[CFP] फ़्रैंक"},"symbol":"CFPF","narrow":"CFPF"},"XPT":{"displayName":{"other":"XPT"},"symbol":"XPT","narrow":"XPT"},"XRE":{"displayName":{"other":"XRE"},"symbol":"XRE","narrow":"XRE"},"XSU":{"displayName":{"other":"XSU"},"symbol":"XSU","narrow":"XSU"},"XTS":{"displayName":{"other":"XTS"},"symbol":"XTS","narrow":"XTS"},"XUA":{"displayName":{"other":"XUA"},"symbol":"XUA","narrow":"XUA"},"XXX":{"displayName":{"other":"(अज्ञात मुद्रा)","one":"(मुद्रा की अज्ञात इकाई)"},"symbol":"¤","narrow":"¤"},"YDD":{"displayName":{"other":"YDD"},"symbol":"YDD","narrow":"YDD"},"YER":{"displayName":{"other":"यमनी रियाल"},"symbol":"YER","narrow":"YER"},"YUD":{"displayName":{"other":"YUD"},"symbol":"YUD","narrow":"YUD"},"YUM":{"displayName":{"other":"YUM"},"symbol":"YUM","narrow":"YUM"},"YUN":{"displayName":{"other":"YUN"},"symbol":"YUN","narrow":"YUN"},"YUR":{"displayName":{"other":"YUR"},"symbol":"YUR","narrow":"YUR"},"ZAL":{"displayName":{"other":"ZAL"},"symbol":"ZAL","narrow":"ZAL"},"ZAR":{"displayName":{"other":"दक्षिण अफ़्रीकी रैंड"},"symbol":"ZAR","narrow":"R"},"ZMK":{"displayName":{"other":"ज़ाम्बियन क्वाचा (1968–2012)"},"symbol":"ZMK","narrow":"ZMK"},"ZMW":{"displayName":{"other":"ज़ाम्बियन क्वाचा"},"symbol":"ZMW","narrow":"ZK"},"ZRN":{"displayName":{"other":"ZRN"},"symbol":"ZRN","narrow":"ZRN"},"ZRZ":{"displayName":{"other":"ZRZ"},"symbol":"ZRZ","narrow":"ZRZ"},"ZWD":{"displayName":{"other":"ZWD"},"symbol":"ZWD","narrow":"ZWD"},"ZWL":{"displayName":{"other":"ZWL"},"symbol":"ZWL","narrow":"ZWL"},"ZWR":{"displayName":{"other":"ZWR"},"symbol":"ZWR","narrow":"ZWR"}},"numbers":{"nu":["latn"],"symbols":{"latn":{"decimal":".","group":",","list":";","percentSign":"%","plusSign":"+","minusSign":"-","approximatelySign":"~","exponential":"E","superscriptingExponent":"×","perMille":"‰","infinity":"∞","nan":"NaN","timeSeparator":":"}},"percent":{"latn":"#,##,##0%"},"decimal":{"latn":{"standard":"#,##,##0.###","long":{"1000":{"other":"0 हज़ार"},"10000":{"other":"00 हज़ार"},"100000":{"other":"0 लाख"},"1000000":{"other":"00 लाख"},"10000000":{"other":"0 करोड़"},"100000000":{"other":"00 करोड़"},"1000000000":{"other":"0 अरब"},"10000000000":{"other":"00 अरब"},"100000000000":{"other":"0 खरब"},"1000000000000":{"other":"00 खरब"},"10000000000000":{"other":"000 खरब"},"100000000000000":{"other":"0000 खरब"}},"short":{"1000":{"other":"0 हज़ार"},"10000":{"other":"00 हज़ार"},"100000":{"other":"0 लाख"},"1000000":{"other":"00 लाख"},"10000000":{"other":"0 क॰"},"100000000":{"other":"00 क॰"},"1000000000":{"other":"0 अ॰"},"10000000000":{"other":"00 अ॰"},"100000000000":{"other":"0 ख॰"},"1000000000000":{"other":"00 ख॰"},"10000000000000":{"other":"0 नील"},"100000000000000":{"other":"00 नील"}}}},"currency":{"latn":{"currencySpacing":{"beforeInsertBetween":" ","afterInsertBetween":" "},"standard":"¤#,##,##0.00","accounting":"¤#,##,##0.00","unitPattern":"{0} {1}","short":{"1000":{"other":"¤0 हज़ार"},"10000":{"other":"¤00 हज़ार"},"100000":{"other":"¤0 लाख"},"1000000":{"other":"¤00 लाख"},"10000000":{"other":"¤0 क॰"},"100000000":{"other":"¤00 क॰"},"1000000000":{"other":"¤0 अ॰"},"10000000000":{"other":"¤00 अ॰"},"100000000000":{"other":"¤0 ख॰"},"1000000000000":{"other":"¤00 ख॰"},"10000000000000":{"other":"¤0 नील"},"100000000000000":{"other":"¤00 नील"}}}}},"nu":["latn"]},"locale":"hi"}
