{"data":{"units":{"simple":{"degree":{"long":{"other":"{0} աստիճան"},"short":{"other":"{0}°"},"narrow":{"other":"{0}°"},"perUnit":{}},"hectare":{"long":{"other":"{0} հեկտար"},"short":{"other":"{0} հա"},"narrow":{"other":"{0}հա"},"perUnit":{}},"acre":{"long":{"other":"{0} ակր"},"short":{"other":"{0} ակր"},"narrow":{"other":"{0}ակր"},"perUnit":{}},"percent":{"long":{"other":"{0} տոկոս"},"short":{"other":"{0}%"},"narrow":{"other":"{0}%"},"perUnit":{}},"liter-per-kilometer":{"long":{"other":"{0} լիտր կիլոմետրի վրա"},"short":{"other":"{0} լ/կմ"},"narrow":{"other":"{0} լ/կմ"},"perUnit":{}},"mile-per-gallon":{"long":{"other":"{0} մղոն գալոնի վրա"},"short":{"other":"{0} մղ/գալ"},"narrow":{"other":"{0} մղ/գալ"},"perUnit":{}},"petabyte":{"long":{"other":"{0} պետաբայթ"},"short":{"other":"{0} ՊԲ"},"narrow":{"other":"{0} ՊԲ"},"perUnit":{}},"terabyte":{"long":{"other":"{0} տերաբայթ"},"short":{"other":"{0} ՏԲ"},"narrow":{"other":"{0} ՏԲ"},"perUnit":{}},"terabit":{"long":{"other":"{0} տերաբիթ"},"short":{"other":"{0} Տբիթ"},"narrow":{"other":"{0} Տբիթ"},"perUnit":{}},"gigabyte":{"long":{"other":"{0} գիգաբայթ"},"short":{"other":"{0} ԳԲ"},"narrow":{"other":"{0} ԳԲ"},"perUnit":{}},"gigabit":{"long":{"other":"{0} գիգաբիթ"},"short":{"other":"{0} Գբիթ"},"narrow":{"other":"{0} Գբիթ"},"perUnit":{}},"megabyte":{"long":{"other":"{0} մեգաբայթ"},"short":{"other":"{0} ՄԲ"},"narrow":{"other":"{0} ՄԲ"},"perUnit":{}},"megabit":{"long":{"other":"{0} մեգաբիթ"},"short":{"other":"{0} Մբիթ"},"narrow":{"other":"{0} Մբիթ"},"perUnit":{}},"kilobyte":{"long":{"other":"{0} կիլոբայթ"},"short":{"other":"{0} կԲ"},"narrow":{"other":"{0} կԲ"},"perUnit":{}},"kilobit":{"long":{"other":"{0} կիլոբիթ"},"short":{"other":"{0} կբիթ"},"narrow":{"other":"{0} կբիթ"},"perUnit":{}},"byte":{"long":{"other":"{0} բայթ"},"short":{"other":"{0} Բ","one":"{0} Բայթ"},"narrow":{"other":"{0} Բ","one":"{0} Բայթ"},"perUnit":{}},"bit":{"long":{"other":"{0} բիթ"},"short":{"other":"{0} բիթ"},"narrow":{"other":"{0} բիթ"},"perUnit":{}},"year":{"long":{"other":"{0} տարի"},"short":{"other":"{0} տ"},"narrow":{"other":"{0} տ"},"perUnit":{"long":"տարեկան {0}","short":"{0}/տ","narrow":"{0}/տ"}},"month":{"long":{"other":"{0} ամիս"},"short":{"other":"{0} ամս"},"narrow":{"other":"{0} ա"},"perUnit":{"long":"ամսական {0}","short":"{0}/ամս","narrow":"{0}/ամս"}},"week":{"long":{"other":"{0} շաբաթ"},"short":{"other":"{0} շաբ"},"narrow":{"other":"{0} շ"},"perUnit":{"long":"շաբաթական {0}","short":"{0}/շաբ","narrow":"{0}/շաբ"}},"day":{"long":{"other":"{0} օր"},"short":{"other":"{0} օր"},"narrow":{"other":"{0} օ"},"perUnit":{"long":"օրական {0}","short":"{0}/օր","narrow":"{0}/օր"}},"hour":{"long":{"other":"{0} ժամ"},"short":{"other":"{0} ժ"},"narrow":{"other":"{0} ժ"},"perUnit":{"long":"{0} ժամում","short":"{0}/ժ","narrow":"{0}/ժ"}},"minute":{"long":{"other":"{0} րոպե"},"short":{"other":"{0} ր"},"narrow":{"other":"{0} ր"},"perUnit":{"long":"{0} րոպեում","short":"{0}/ր","narrow":"{0}/ր"}},"second":{"long":{"other":"{0} վայրկյան"},"short":{"other":"{0} վրկ"},"narrow":{"other":"{0} վ"},"perUnit":{"long":"{0} վայրկյանում","short":"{0}/վրկ","narrow":"{0}/վրկ"}},"millisecond":{"long":{"other":"{0} միլիվայրկյան"},"short":{"other":"{0} մվ"},"narrow":{"other":"{0} մվ"},"perUnit":{}},"kilometer":{"long":{"other":"{0} կիլոմետր"},"short":{"other":"{0} կմ"},"narrow":{"other":"{0} կմ"},"perUnit":{"long":"{0} կիլոմետրի վրա","short":"{0}/կմ","narrow":"{0}/կմ"}},"meter":{"long":{"other":"{0} մետր"},"short":{"other":"{0} մ"},"narrow":{"other":"{0} մ"},"perUnit":{"long":"{0} մետրի վրա","short":"{0}/մ","narrow":"{0}/մ"}},"centimeter":{"long":{"other":"{0} սանտիմետր"},"short":{"other":"{0} սմ"},"narrow":{"other":"{0} սմ"},"perUnit":{"long":"{0} սանտիմետրի վրա","short":"{0}/սմ","narrow":"{0}/սմ"}},"millimeter":{"long":{"other":"{0} միլիմետր"},"short":{"other":"{0} մմ"},"narrow":{"other":"{0} մմ"},"perUnit":{}},"mile":{"long":{"other":"{0} մղոն"},"short":{"other":"{0} մղ"},"narrow":{"other":"{0} մղ"},"perUnit":{}},"yard":{"long":{"other":"{0} յարդ"},"short":{"other":"{0} յրդ"},"narrow":{"other":"{0} յդ."},"perUnit":{}},"foot":{"long":{"other":"{0} ֆուտ"},"short":{"other":"{0} ֆտ"},"narrow":{"other":"{0}′"},"perUnit":{"long":"{0} ֆուտի վրա","short":"{0}/ֆտ","narrow":"{0}/ֆտ"}},"inch":{"long":{"other":"{0} մատնաչափ"},"short":{"other":"{0} մատ"},"narrow":{"other":"{0}″"},"perUnit":{"long":"{0} մատնաչափի վրա","short":"{0}/մատ","narrow":"{0}/մատ"}},"mile-scandinavian":{"long":{"other":"{0} սկանդինավյան մղոն"},"short":{"other":"{0} սկանդ․ մղ"},"narrow":{"other":"{0} սկանդ․ մղ"},"perUnit":{}},"kilogram":{"long":{"other":"{0} կիլոգրամ"},"short":{"other":"{0} կգ"},"narrow":{"other":"{0} կգ"},"perUnit":{"long":"{0} կիլոգրամի վրա","short":"{0}/կգ","narrow":"{0}/կգ"}},"gram":{"long":{"other":"{0} գրամ"},"short":{"other":"{0} գ"},"narrow":{"other":"{0} գ"},"perUnit":{"long":"{0} գրամի վրա","short":"{0}/գ","narrow":"{0}/գ"}},"stone":{"long":{"other":"{0} սթոուն"},"short":{"other":"{0} սթոուն"},"narrow":{"other":"{0} սթոուն"},"perUnit":{}},"pound":{"long":{"other":"{0} ֆունտ"},"short":{"other":"{0} ֆունտ"},"narrow":{"other":"{0}#"},"perUnit":{"long":"{0} ֆունտի վրա","short":"{0}/ֆունտ","narrow":"{0}/ֆունտ"}},"ounce":{"long":{"other":"{0} ունկի"},"short":{"other":"{0} ունկ."},"narrow":{"other":"{0} ունց"},"perUnit":{"long":"{0} ունկիի վրա","short":"{0}/ունկ.","narrow":"{0}/ունկ."}},"kilometer-per-hour":{"long":{"other":"{0} կիլոմետր ժամում"},"short":{"other":"{0} կմ/ժ"},"narrow":{"other":"{0} կմ/ժ"},"perUnit":{}},"meter-per-second":{"long":{"other":"{0} մետր վայրկյանում"},"short":{"other":"{0} մ/վ"},"narrow":{"other":"{0}մ/վ"},"perUnit":{}},"mile-per-hour":{"long":{"other":"{0} մղոն ժամում"},"short":{"other":"{0} մղ/ժ"},"narrow":{"other":"{0}մղ/ժ"},"perUnit":{}},"celsius":{"long":{"other":"{0} աստիճան ըստ Ցելսիուսի"},"short":{"other":"{0} °C"},"narrow":{"other":"{0} °C"},"perUnit":{}},"fahrenheit":{"long":{"other":"{0} աստիճան ըստ Ֆարենհայթի"},"short":{"other":"{0}°F"},"narrow":{"other":"{0}°F"},"perUnit":{}},"liter":{"long":{"other":"{0} լիտր"},"short":{"other":"{0} լ"},"narrow":{"other":"{0} լ"},"perUnit":{"long":"{0} լիտրի վրա","short":"{0}/լ","narrow":"{0}/լ"}},"milliliter":{"long":{"other":"{0} միլիլիտր"},"short":{"other":"{0} մլ"},"narrow":{"other":"{0} մլ"},"perUnit":{}},"gallon":{"long":{"other":"{0} գալոն"},"short":{"other":"{0} գալ"},"narrow":{"other":"{0} գալ"},"perUnit":{"long":"{0} գալոնի վրա","short":"{0}/գալ","narrow":"{0}/գալ"}},"fluid-ounce":{"long":{"other":"{0} հեղուկ ունկի"},"short":{"other":"{0} հղ. ունկ․"},"narrow":{"other":"{0} հղ. ունկ․"},"perUnit":{}}},"compound":{"per":{"long":"{0}/{1}","short":"{0}/{1}","narrow":"{0}/{1}"}}},"currencies":{"ADP":{"displayName":{"other":"ADP"},"symbol":"ADP","narrow":"ADP"},"AED":{"displayName":{"other":"ԱՄԷ դիրհամ"},"symbol":"AED","narrow":"AED"},"AFA":{"displayName":{"other":"AFA"},"symbol":"AFA","narrow":"AFA"},"AFN":{"displayName":{"other":"աֆղանական աֆղանի"},"symbol":"AFN","narrow":"؋"},"ALK":{"displayName":{"other":"ALK"},"symbol":"ALK","narrow":"ALK"},"ALL":{"displayName":{"other":"ալբանական լեկ"},"symbol":"ALL","narrow":"ALL"},"AMD":{"displayName":{"other":"հայկական դրամ"},"symbol":"֏","narrow":"֏"},"ANG":{"displayName":{"other":"նիդեռլանդական անտիլյան գուլդեն"},"symbol":"ANG","narrow":"ANG"},"AOA":{"displayName":{"other":"անգոլական կվանզա"},"symbol":"AOA","narrow":"Kz"},"AOK":{"displayName":{"other":"AOK"},"symbol":"AOK","narrow":"AOK"},"AON":{"displayName":{"other":"AON"},"symbol":"AON","narrow":"AON"},"AOR":{"displayName":{"other":"AOR"},"symbol":"AOR","narrow":"AOR"},"ARA":{"displayName":{"other":"ARA"},"symbol":"ARA","narrow":"ARA"},"ARL":{"displayName":{"other":"ARL"},"symbol":"ARL","narrow":"ARL"},"ARM":{"displayName":{"other":"ARM"},"symbol":"ARM","narrow":"ARM"},"ARP":{"displayName":{"other":"ARP"},"symbol":"ARP","narrow":"ARP"},"ARS":{"displayName":{"other":"արգենտինական պեսո"},"symbol":"ARS","narrow":"$"},"ATS":{"displayName":{"other":"ATS"},"symbol":"ATS","narrow":"ATS"},"AUD":{"displayName":{"other":"ավստրալիական դոլար"},"symbol":"A$","narrow":"$"},"AWG":{"displayName":{"other":"արուբական ֆլորին"},"symbol":"AWG","narrow":"AWG"},"AZM":{"displayName":{"other":"AZM"},"symbol":"AZM","narrow":"AZM"},"AZN":{"displayName":{"other":"ադրբեջանական մանաթ"},"symbol":"AZN","narrow":"₼"},"BAD":{"displayName":{"other":"BAD"},"symbol":"BAD","narrow":"BAD"},"BAM":{"displayName":{"other":"Բոսնիա և Հերցեգովինայի փոխարկվող մարկ"},"symbol":"BAM","narrow":"KM"},"BAN":{"displayName":{"other":"BAN"},"symbol":"BAN","narrow":"BAN"},"BBD":{"displayName":{"other":"բարբադոսյան դոլար"},"symbol":"BBD","narrow":"$"},"BDT":{"displayName":{"other":"Բանգլադեշի տակա"},"symbol":"BDT","narrow":"৳"},"BEC":{"displayName":{"other":"BEC"},"symbol":"BEC","narrow":"BEC"},"BEF":{"displayName":{"other":"BEF"},"symbol":"BEF","narrow":"BEF"},"BEL":{"displayName":{"other":"BEL"},"symbol":"BEL","narrow":"BEL"},"BGL":{"displayName":{"other":"BGL"},"symbol":"BGL","narrow":"BGL"},"BGM":{"displayName":{"other":"BGM"},"symbol":"BGM","narrow":"BGM"},"BGN":{"displayName":{"other":"բուլղարական լև"},"symbol":"BGN","narrow":"BGN"},"BGO":{"displayName":{"other":"BGO"},"symbol":"BGO","narrow":"BGO"},"BHD":{"displayName":{"other":"Բահրեյնի դինար"},"symbol":"BHD","narrow":"BHD"},"BIF":{"displayName":{"other":"բուրունդիական ֆրանկ"},"symbol":"BIF","narrow":"BIF"},"BMD":{"displayName":{"other":"բերմուդյան դոլար"},"symbol":"BMD","narrow":"$"},"BND":{"displayName":{"other":"Բրունեյի դոլար"},"symbol":"BND","narrow":"$"},"BOB":{"displayName":{"other":"բոլիվիական բոլիվիանո"},"symbol":"BOB","narrow":"Bs"},"BOL":{"displayName":{"other":"BOL"},"symbol":"BOL","narrow":"BOL"},"BOP":{"displayName":{"other":"BOP"},"symbol":"BOP","narrow":"BOP"},"BOV":{"displayName":{"other":"BOV"},"symbol":"BOV","narrow":"BOV"},"BRB":{"displayName":{"other":"BRB"},"symbol":"BRB","narrow":"BRB"},"BRC":{"displayName":{"other":"BRC"},"symbol":"BRC","narrow":"BRC"},"BRE":{"displayName":{"other":"BRE"},"symbol":"BRE","narrow":"BRE"},"BRL":{"displayName":{"other":"բրազիլական ռեալ"},"symbol":"R$","narrow":"R$"},"BRN":{"displayName":{"other":"BRN"},"symbol":"BRN","narrow":"BRN"},"BRR":{"displayName":{"other":"BRR"},"symbol":"BRR","narrow":"BRR"},"BRZ":{"displayName":{"other":"BRZ"},"symbol":"BRZ","narrow":"BRZ"},"BSD":{"displayName":{"other":"բահամյան դոլար"},"symbol":"BSD","narrow":"$"},"BTN":{"displayName":{"other":"բութանական նգուլտրում"},"symbol":"BTN","narrow":"BTN"},"BUK":{"displayName":{"other":"BUK"},"symbol":"BUK","narrow":"BUK"},"BWP":{"displayName":{"other":"բոթսվանական պուլա"},"symbol":"BWP","narrow":"P"},"BYB":{"displayName":{"other":"BYB"},"symbol":"BYB","narrow":"BYB"},"BYN":{"displayName":{"other":"բելառուսական ռուբլի"},"symbol":"BYN","narrow":"р."},"BYR":{"displayName":{"other":"բելառուսական ռուբլի (2000–2016)"},"symbol":"BYR","narrow":"BYR"},"BZD":{"displayName":{"other":"Բելիզի դոլար"},"symbol":"BZD","narrow":"$"},"CAD":{"displayName":{"other":"կանադական դոլար"},"symbol":"CA$","narrow":"$"},"CDF":{"displayName":{"other":"Կոնգոյի ֆրանկ"},"symbol":"CDF","narrow":"CDF"},"CHE":{"displayName":{"other":"CHE"},"symbol":"CHE","narrow":"CHE"},"CHF":{"displayName":{"other":"շվեյցարական ֆրանկ"},"symbol":"CHF","narrow":"CHF"},"CHW":{"displayName":{"other":"CHW"},"symbol":"CHW","narrow":"CHW"},"CLE":{"displayName":{"other":"CLE"},"symbol":"CLE","narrow":"CLE"},"CLF":{"displayName":{"other":"CLF"},"symbol":"CLF","narrow":"CLF"},"CLP":{"displayName":{"other":"չիլիական պեսո"},"symbol":"CLP","narrow":"$"},"CNH":{"displayName":{"other":"չինական օֆշորային յուան"},"symbol":"CNH","narrow":"CNH"},"CNX":{"displayName":{"other":"CNX"},"symbol":"CNX","narrow":"CNX"},"CNY":{"displayName":{"other":"չինական յուան"},"symbol":"CN¥","narrow":"¥"},"COP":{"displayName":{"other":"կոլումբիական պեսո"},"symbol":"COP","narrow":"$"},"COU":{"displayName":{"other":"COU"},"symbol":"COU","narrow":"COU"},"CRC":{"displayName":{"other":"Կոստա Ռիկայի կոլոն"},"symbol":"CRC","narrow":"₡"},"CSD":{"displayName":{"other":"CSD"},"symbol":"CSD","narrow":"CSD"},"CSK":{"displayName":{"other":"CSK"},"symbol":"CSK","narrow":"CSK"},"CUC":{"displayName":{"other":"կուբայական փոխարկվող պեսո"},"symbol":"CUC","narrow":"$"},"CUP":{"displayName":{"other":"կուբայական պեսո"},"symbol":"CUP","narrow":"$"},"CVE":{"displayName":{"other":"Կաբո Վերդեի էսկուդո"},"symbol":"CVE","narrow":"CVE"},"CYP":{"displayName":{"other":"CYP"},"symbol":"CYP","narrow":"CYP"},"CZK":{"displayName":{"other":"չեխական կրոն"},"symbol":"CZK","narrow":"Kč"},"DDM":{"displayName":{"other":"DDM"},"symbol":"DDM","narrow":"DDM"},"DEM":{"displayName":{"other":"DEM"},"symbol":"DEM","narrow":"DEM"},"DJF":{"displayName":{"other":"Ջիբութիի ֆրանկ"},"symbol":"DJF","narrow":"DJF"},"DKK":{"displayName":{"other":"դանիական կրոն"},"symbol":"DKK","narrow":"kr"},"DOP":{"displayName":{"other":"դոմինիկյան պեսո"},"symbol":"DOP","narrow":"$"},"DZD":{"displayName":{"other":"ալժիրական դինար"},"symbol":"DZD","narrow":"DZD"},"ECS":{"displayName":{"other":"ECS"},"symbol":"ECS","narrow":"ECS"},"ECV":{"displayName":{"other":"ECV"},"symbol":"ECV","narrow":"ECV"},"EEK":{"displayName":{"other":"EEK"},"symbol":"EEK","narrow":"EEK"},"EGP":{"displayName":{"other":"եգիպտական ֆունտ"},"symbol":"EGP","narrow":"E£"},"ERN":{"displayName":{"other":"էրիթրեական նակֆա"},"symbol":"ERN","narrow":"ERN"},"ESA":{"displayName":{"other":"ESA"},"symbol":"ESA","narrow":"ESA"},"ESB":{"displayName":{"other":"ESB"},"symbol":"ESB","narrow":"ESB"},"ESP":{"displayName":{"other":"ESP"},"symbol":"ESP","narrow":"₧"},"ETB":{"displayName":{"other":"եթովպիական բիր"},"symbol":"ETB","narrow":"ETB"},"EUR":{"displayName":{"other":"եվրո"},"symbol":"€","narrow":"€"},"FIM":{"displayName":{"other":"FIM"},"symbol":"FIM","narrow":"FIM"},"FJD":{"displayName":{"other":"ֆիջիական դոլար"},"symbol":"FJD","narrow":"$"},"FKP":{"displayName":{"other":"Ֆոլքլենդյան կղզիների ֆունտ"},"symbol":"FKP","narrow":"£"},"FRF":{"displayName":{"other":"FRF"},"symbol":"FRF","narrow":"FRF"},"GBP":{"displayName":{"other":"բրիտանական ֆունտ ստերլինգ"},"symbol":"£","narrow":"£"},"GEK":{"displayName":{"other":"GEK"},"symbol":"GEK","narrow":"GEK"},"GEL":{"displayName":{"other":"վրացական լարի"},"symbol":"GEL","narrow":"₾"},"GHC":{"displayName":{"other":"GHC"},"symbol":"GHC","narrow":"GHC"},"GHS":{"displayName":{"other":"գանայական սեդի"},"symbol":"GHS","narrow":"GH₵"},"GIP":{"displayName":{"other":"Ջիբրալթարի ֆունտ"},"symbol":"GIP","narrow":"£"},"GMD":{"displayName":{"other":"գամբիական դալասի"},"symbol":"GMD","narrow":"GMD"},"GNF":{"displayName":{"other":"գվինեական ֆրանկ"},"symbol":"GNF","narrow":"FG"},"GNS":{"displayName":{"other":"GNS"},"symbol":"GNS","narrow":"GNS"},"GQE":{"displayName":{"other":"GQE"},"symbol":"GQE","narrow":"GQE"},"GRD":{"displayName":{"other":"GRD"},"symbol":"GRD","narrow":"GRD"},"GTQ":{"displayName":{"other":"գվատեմալական կետսալ"},"symbol":"GTQ","narrow":"Q"},"GWE":{"displayName":{"other":"GWE"},"symbol":"GWE","narrow":"GWE"},"GWP":{"displayName":{"other":"GWP"},"symbol":"GWP","narrow":"GWP"},"GYD":{"displayName":{"other":"գայանական դոլար"},"symbol":"GYD","narrow":"$"},"HKD":{"displayName":{"other":"Հոնկոնգի դոլար"},"symbol":"HK$","narrow":"$"},"HNL":{"displayName":{"other":"հոնդուրասական լեմպիրա"},"symbol":"HNL","narrow":"L"},"HRD":{"displayName":{"other":"HRD"},"symbol":"HRD","narrow":"HRD"},"HRK":{"displayName":{"other":"խորվաթական կունա"},"symbol":"HRK","narrow":"kn"},"HTG":{"displayName":{"other":"հայիթյան գուրդ"},"symbol":"HTG","narrow":"HTG"},"HUF":{"displayName":{"other":"հունգարական ֆորինտ"},"symbol":"HUF","narrow":"Ft"},"IDR":{"displayName":{"other":"ինդոնեզիական ռուփի"},"symbol":"IDR","narrow":"Rp"},"IEP":{"displayName":{"other":"IEP"},"symbol":"IEP","narrow":"IEP"},"ILP":{"displayName":{"other":"ILP"},"symbol":"ILP","narrow":"ILP"},"ILR":{"displayName":{"other":"ILR"},"symbol":"ILR","narrow":"ILR"},"ILS":{"displayName":{"other":"Իսրայելի նոր շեկել"},"symbol":"₪","narrow":"₪"},"INR":{"displayName":{"other":"հնդկական ռուփի"},"symbol":"₹","narrow":"₹"},"IQD":{"displayName":{"other":"իրաքյան դինար"},"symbol":"IQD","narrow":"IQD"},"IRR":{"displayName":{"other":"իրանական ռիալ"},"symbol":"IRR","narrow":"IRR"},"ISJ":{"displayName":{"other":"ISJ"},"symbol":"ISJ","narrow":"ISJ"},"ISK":{"displayName":{"other":"իսլանդական կրոն"},"symbol":"ISK","narrow":"kr"},"ITL":{"displayName":{"other":"ITL"},"symbol":"ITL","narrow":"ITL"},"JMD":{"displayName":{"other":"Ճամայկայի դոլար"},"symbol":"JMD","narrow":"$"},"JOD":{"displayName":{"other":"հորդանանյան դինար"},"symbol":"JOD","narrow":"JOD"},"JPY":{"displayName":{"other":"ճապոնական իեն"},"symbol":"JP¥","narrow":"¥"},"KES":{"displayName":{"other":"քենիական շիլինգ"},"symbol":"KES","narrow":"KES"},"KGS":{"displayName":{"other":"ղրղզական սոմ"},"symbol":"KGS","narrow":"KGS"},"KHR":{"displayName":{"other":"կամբոջական ռիել"},"symbol":"KHR","narrow":"៛"},"KMF":{"displayName":{"other":"կոմորյան ֆրանկ"},"symbol":"KMF","narrow":"CF"},"KPW":{"displayName":{"other":"հյուսիսկորեական վոն"},"symbol":"KPW","narrow":"₩"},"KRH":{"displayName":{"other":"KRH"},"symbol":"KRH","narrow":"KRH"},"KRO":{"displayName":{"other":"KRO"},"symbol":"KRO","narrow":"KRO"},"KRW":{"displayName":{"other":"հարավկորեական վոն"},"symbol":"₩","narrow":"₩"},"KWD":{"displayName":{"other":"Քուվեյթի դինար"},"symbol":"KWD","narrow":"KWD"},"KYD":{"displayName":{"other":"Կայմանյան կղզիների դոլար"},"symbol":"KYD","narrow":"$"},"KZT":{"displayName":{"other":"ղազախական տենգե"},"symbol":"KZT","narrow":"₸"},"LAK":{"displayName":{"other":"լաոսական կիպ"},"symbol":"LAK","narrow":"₭"},"LBP":{"displayName":{"other":"լիբանանյան ֆունտ"},"symbol":"LBP","narrow":"L£"},"LKR":{"displayName":{"other":"Շրի Լանկայի ռուփի"},"symbol":"LKR","narrow":"Rs"},"LRD":{"displayName":{"other":"լիբերիական դոլար"},"symbol":"LRD","narrow":"$"},"LSL":{"displayName":{"other":"LSL"},"symbol":"LSL","narrow":"LSL"},"LTL":{"displayName":{"other":"Լիտվական լիտ"},"symbol":"LTL","narrow":"Lt"},"LTT":{"displayName":{"other":"LTT"},"symbol":"LTT","narrow":"LTT"},"LUC":{"displayName":{"other":"LUC"},"symbol":"LUC","narrow":"LUC"},"LUF":{"displayName":{"other":"LUF"},"symbol":"LUF","narrow":"LUF"},"LUL":{"displayName":{"other":"LUL"},"symbol":"LUL","narrow":"LUL"},"LVL":{"displayName":{"other":"Լատվիական լատ"},"symbol":"LVL","narrow":"Ls"},"LVR":{"displayName":{"other":"LVR"},"symbol":"LVR","narrow":"LVR"},"LYD":{"displayName":{"other":"լիբիական դինար"},"symbol":"LYD","narrow":"LYD"},"MAD":{"displayName":{"other":"Մարոկկոյի դիրհամ"},"symbol":"MAD","narrow":"MAD"},"MAF":{"displayName":{"other":"MAF"},"symbol":"MAF","narrow":"MAF"},"MCF":{"displayName":{"other":"MCF"},"symbol":"MCF","narrow":"MCF"},"MDC":{"displayName":{"other":"MDC"},"symbol":"MDC","narrow":"MDC"},"MDL":{"displayName":{"other":"մոլդովական լեյ"},"symbol":"MDL","narrow":"MDL"},"MGA":{"displayName":{"other":"Մադագասկարի արիարի"},"symbol":"MGA","narrow":"Ar"},"MGF":{"displayName":{"other":"MGF"},"symbol":"MGF","narrow":"MGF"},"MKD":{"displayName":{"other":"մակեդոնական դենար"},"symbol":"MKD","narrow":"MKD"},"MKN":{"displayName":{"other":"MKN"},"symbol":"MKN","narrow":"MKN"},"MLF":{"displayName":{"other":"MLF"},"symbol":"MLF","narrow":"MLF"},"MMK":{"displayName":{"other":"Մյանմայի կյատ"},"symbol":"MMK","narrow":"K"},"MNT":{"displayName":{"other":"մոնղոլական տուգրիկ"},"symbol":"MNT","narrow":"₮"},"MOP":{"displayName":{"other":"Մակաոյի պատակա"},"symbol":"MOP","narrow":"MOP"},"MRO":{"displayName":{"other":"մավրիտանական ուգիյա (1973–2017)"},"symbol":"MRO","narrow":"MRO"},"MRU":{"displayName":{"other":"մավրիտանական ուգիյա"},"symbol":"MRU","narrow":"MRU"},"MTL":{"displayName":{"other":"MTL"},"symbol":"MTL","narrow":"MTL"},"MTP":{"displayName":{"other":"MTP"},"symbol":"MTP","narrow":"MTP"},"MUR":{"displayName":{"other":"մավրիկյան ռուփի"},"symbol":"MUR","narrow":"Rs"},"MVP":{"displayName":{"other":"MVP"},"symbol":"MVP","narrow":"MVP"},"MVR":{"displayName":{"other":"մալդիվյան ռուֆիյա"},"symbol":"MVR","narrow":"MVR"},"MWK":{"displayName":{"other":"մալավիական կվաչա"},"symbol":"MWK","narrow":"MWK"},"MXN":{"displayName":{"other":"մեքսիկական պեսո"},"symbol":"MX$","narrow":"$"},"MXP":{"displayName":{"other":"MXP"},"symbol":"MXP","narrow":"MXP"},"MXV":{"displayName":{"other":"MXV"},"symbol":"MXV","narrow":"MXV"},"MYR":{"displayName":{"other":"մալայզիական ռինգիտ"},"symbol":"MYR","narrow":"RM"},"MZE":{"displayName":{"other":"MZE"},"symbol":"MZE","narrow":"MZE"},"MZM":{"displayName":{"other":"MZM"},"symbol":"MZM","narrow":"MZM"},"MZN":{"displayName":{"other":"մոզամբիկյան մետիկալ"},"symbol":"MZN","narrow":"MZN"},"NAD":{"displayName":{"other":"նամիբիական դոլար"},"symbol":"NAD","narrow":"$"},"NGN":{"displayName":{"other":"նիգերիական նայրա"},"symbol":"NGN","narrow":"₦"},"NIC":{"displayName":{"other":"NIC"},"symbol":"NIC","narrow":"NIC"},"NIO":{"displayName":{"other":"նիկարագուական կորդոբա"},"symbol":"NIO","narrow":"C$"},"NLG":{"displayName":{"other":"NLG"},"symbol":"NLG","narrow":"NLG"},"NOK":{"displayName":{"other":"նորվեգական կրոն"},"symbol":"NOK","narrow":"kr"},"NPR":{"displayName":{"other":"Նեպալի ռուփի"},"symbol":"NPR","narrow":"Rs"},"NZD":{"displayName":{"other":"նորզելանդական դոլար"},"symbol":"NZ$","narrow":"$"},"OMR":{"displayName":{"other":"Օմանի ռիալ"},"symbol":"OMR","narrow":"OMR"},"PAB":{"displayName":{"other":"պանամական բալբոա"},"symbol":"PAB","narrow":"PAB"},"PEI":{"displayName":{"other":"PEI"},"symbol":"PEI","narrow":"PEI"},"PEN":{"displayName":{"other":"Պերուի սոլ"},"symbol":"PEN","narrow":"PEN"},"PES":{"displayName":{"other":"PES"},"symbol":"PES","narrow":"PES"},"PGK":{"displayName":{"other":"Պապուա Նոր Գվինեայի կինա"},"symbol":"PGK","narrow":"PGK"},"PHP":{"displayName":{"other":"ֆիլիպինյան պեսո"},"symbol":"PHP","narrow":"₱"},"PKR":{"displayName":{"other":"պակիստանյան ռուփի"},"symbol":"PKR","narrow":"Rs"},"PLN":{"displayName":{"other":"լեհական զլոտի"},"symbol":"PLN","narrow":"zł"},"PLZ":{"displayName":{"other":"PLZ"},"symbol":"PLZ","narrow":"PLZ"},"PTE":{"displayName":{"other":"PTE"},"symbol":"PTE","narrow":"PTE"},"PYG":{"displayName":{"other":"պարագվայական գուարանի"},"symbol":"PYG","narrow":"₲"},"QAR":{"displayName":{"other":"Կատարի ռիալ"},"symbol":"QAR","narrow":"QAR"},"RHD":{"displayName":{"other":"RHD"},"symbol":"RHD","narrow":"RHD"},"ROL":{"displayName":{"other":"ROL"},"symbol":"ROL","narrow":"ROL"},"RON":{"displayName":{"other":"ռումինական լեյ"},"symbol":"RON","narrow":"lei"},"RSD":{"displayName":{"other":"սերբական դինար"},"symbol":"RSD","narrow":"RSD"},"RUB":{"displayName":{"other":"ռուսական ռուբլի"},"symbol":"RUB","narrow":"₽"},"RUR":{"displayName":{"other":"RUR"},"symbol":"RUR","narrow":"р."},"RWF":{"displayName":{"other":"ռուանդական ֆրանկ"},"symbol":"RWF","narrow":"RF"},"SAR":{"displayName":{"other":"Սաուդյան Արաբիայի ռիալ"},"symbol":"SAR","narrow":"SAR"},"SBD":{"displayName":{"other":"Սողոմոնյան կղզիների դոլար"},"symbol":"SBD","narrow":"$"},"SCR":{"displayName":{"other":"սեյշելյան ռուփի"},"symbol":"SCR","narrow":"SCR"},"SDD":{"displayName":{"other":"SDD"},"symbol":"SDD","narrow":"SDD"},"SDG":{"displayName":{"other":"սուդանական ֆունտ"},"symbol":"SDG","narrow":"SDG"},"SDP":{"displayName":{"other":"SDP"},"symbol":"SDP","narrow":"SDP"},"SEK":{"displayName":{"other":"շվեդական կրոն"},"symbol":"SEK","narrow":"kr"},"SGD":{"displayName":{"other":"Սինգապուրի դոլար"},"symbol":"SGD","narrow":"$"},"SHP":{"displayName":{"other":"Սուրբ Հեղինեի ֆունտ"},"symbol":"SHP","narrow":"£"},"SIT":{"displayName":{"other":"SIT"},"symbol":"SIT","narrow":"SIT"},"SKK":{"displayName":{"other":"SKK"},"symbol":"SKK","narrow":"SKK"},"SLL":{"displayName":{"other":"Սիեռա Լեոնեի լեոնե"},"symbol":"SLL","narrow":"SLL"},"SOS":{"displayName":{"other":"սոմալիական շիլինգ"},"symbol":"SOS","narrow":"SOS"},"SRD":{"displayName":{"other":"սուրինամական դոլար"},"symbol":"SRD","narrow":"$"},"SRG":{"displayName":{"other":"SRG"},"symbol":"SRG","narrow":"SRG"},"SSP":{"displayName":{"other":"հարավսուդանական ֆունտ"},"symbol":"SSP","narrow":"£"},"STD":{"displayName":{"other":"Սան Տոմե և Փրինսիպիի դոբրա (1977–2017)"},"symbol":"STD","narrow":"STD"},"STN":{"displayName":{"other":"Սան Տոմե և Փրինսիպիի դոբրա"},"symbol":"STN","narrow":"Db"},"SUR":{"displayName":{"other":"SUR"},"symbol":"SUR","narrow":"SUR"},"SVC":{"displayName":{"other":"SVC"},"symbol":"SVC","narrow":"SVC"},"SYP":{"displayName":{"other":"սիրիական ֆունտ"},"symbol":"SYP","narrow":"£"},"SZL":{"displayName":{"other":"սվազիլենդական լիլանգենի"},"symbol":"SZL","narrow":"SZL"},"THB":{"displayName":{"other":"թայլանդական բատ"},"symbol":"฿","narrow":"฿"},"TJR":{"displayName":{"other":"TJR"},"symbol":"TJR","narrow":"TJR"},"TJS":{"displayName":{"other":"տաջիկական սոմոնի"},"symbol":"TJS","narrow":"TJS"},"TMM":{"displayName":{"other":"TMM"},"symbol":"TMM","narrow":"TMM"},"TMT":{"displayName":{"other":"թուրքմենական մանաթ"},"symbol":"TMT","narrow":"TMT"},"TND":{"displayName":{"other":"թունիսյան դինար"},"symbol":"TND","narrow":"TND"},"TOP":{"displayName":{"other":"Տոնգայի պաանգա"},"symbol":"TOP","narrow":"T$"},"TPE":{"displayName":{"other":"TPE"},"symbol":"TPE","narrow":"TPE"},"TRL":{"displayName":{"other":"TRL"},"symbol":"TRL","narrow":"TRL"},"TRY":{"displayName":{"other":"թուրքական լիրա"},"symbol":"TRY","narrow":"₺"},"TTD":{"displayName":{"other":"Տրինիդադ և Տոբագոյի դոլար"},"symbol":"TTD","narrow":"$"},"TWD":{"displayName":{"other":"թայվանական նոր դոլար"},"symbol":"NT$","narrow":"NT$"},"TZS":{"displayName":{"other":"տանզանիական շիլինգ"},"symbol":"TZS","narrow":"TZS"},"UAH":{"displayName":{"other":"ուկրաինական գրիվնա"},"symbol":"UAH","narrow":"₴"},"UAK":{"displayName":{"other":"UAK"},"symbol":"UAK","narrow":"UAK"},"UGS":{"displayName":{"other":"UGS"},"symbol":"UGS","narrow":"UGS"},"UGX":{"displayName":{"other":"ուգանդական շիլինգ"},"symbol":"UGX","narrow":"UGX"},"USD":{"displayName":{"other":"ԱՄՆ դոլար"},"symbol":"$","narrow":"$"},"USN":{"displayName":{"other":"USN"},"symbol":"USN","narrow":"USN"},"USS":{"displayName":{"other":"USS"},"symbol":"USS","narrow":"USS"},"UYI":{"displayName":{"other":"UYI"},"symbol":"UYI","narrow":"UYI"},"UYP":{"displayName":{"other":"UYP"},"symbol":"UYP","narrow":"UYP"},"UYU":{"displayName":{"other":"ուրուգվայական պեսո"},"symbol":"UYU","narrow":"$"},"UYW":{"displayName":{"other":"UYW"},"symbol":"UYW","narrow":"UYW"},"UZS":{"displayName":{"other":"ուզբեկական սոմ"},"symbol":"UZS","narrow":"UZS"},"VEB":{"displayName":{"other":"VEB"},"symbol":"VEB","narrow":"VEB"},"VEF":{"displayName":{"other":"վենեսուելական բոլիվար (2008–2018)"},"symbol":"VEF","narrow":"Bs"},"VES":{"displayName":{"other":"վենեսուելական բոլիվար"},"symbol":"VES","narrow":"VES"},"VND":{"displayName":{"other":"վիետնամական դոնգ"},"symbol":"₫","narrow":"₫"},"VNN":{"displayName":{"other":"VNN"},"symbol":"VNN","narrow":"VNN"},"VUV":{"displayName":{"other":"Վանուատուի վատու"},"symbol":"VUV","narrow":"VUV"},"WST":{"displayName":{"other":"սամոական տալա"},"symbol":"WST","narrow":"WST"},"XAF":{"displayName":{"other":"Կենտրոնական Աֆրիկայի ԿՖԱ ֆրանկ"},"symbol":"FCFA","narrow":"FCFA"},"XAG":{"displayName":{"other":"XAG"},"symbol":"XAG","narrow":"XAG"},"XAU":{"displayName":{"other":"XAU"},"symbol":"XAU","narrow":"XAU"},"XBA":{"displayName":{"other":"XBA"},"symbol":"XBA","narrow":"XBA"},"XBB":{"displayName":{"other":"XBB"},"symbol":"XBB","narrow":"XBB"},"XBC":{"displayName":{"other":"XBC"},"symbol":"XBC","narrow":"XBC"},"XBD":{"displayName":{"other":"XBD"},"symbol":"XBD","narrow":"XBD"},"XCD":{"displayName":{"other":"արևելակարիբյան դոլար"},"symbol":"EC$","narrow":"$"},"XDR":{"displayName":{"other":"XDR"},"symbol":"XDR","narrow":"XDR"},"XEU":{"displayName":{"other":"XEU"},"symbol":"XEU","narrow":"XEU"},"XFO":{"displayName":{"other":"XFO"},"symbol":"XFO","narrow":"XFO"},"XFU":{"displayName":{"other":"XFU"},"symbol":"XFU","narrow":"XFU"},"XOF":{"displayName":{"other":"Արևմտյան Աֆրիկայի ԿՖԱ ֆրանկ"},"symbol":"F CFA","narrow":"F CFA"},"XPD":{"displayName":{"other":"XPD"},"symbol":"XPD","narrow":"XPD"},"XPF":{"displayName":{"other":"ԿՊՖ ֆրանկ"},"symbol":"CFPF","narrow":"CFPF"},"XPT":{"displayName":{"other":"XPT"},"symbol":"XPT","narrow":"XPT"},"XRE":{"displayName":{"other":"XRE"},"symbol":"XRE","narrow":"XRE"},"XSU":{"displayName":{"other":"XSU"},"symbol":"XSU","narrow":"XSU"},"XTS":{"displayName":{"other":"XTS"},"symbol":"XTS","narrow":"XTS"},"XUA":{"displayName":{"other":"XUA"},"symbol":"XUA","narrow":"XUA"},"XXX":{"displayName":{"other":"(անհայտ արժույթ)"},"symbol":"¤","narrow":"¤"},"YDD":{"displayName":{"other":"YDD"},"symbol":"YDD","narrow":"YDD"},"YER":{"displayName":{"other":"եմենական ռիալ"},"symbol":"YER","narrow":"YER"},"YUD":{"displayName":{"other":"YUD"},"symbol":"YUD","narrow":"YUD"},"YUM":{"displayName":{"other":"YUM"},"symbol":"YUM","narrow":"YUM"},"YUN":{"displayName":{"other":"YUN"},"symbol":"YUN","narrow":"YUN"},"YUR":{"displayName":{"other":"YUR"},"symbol":"YUR","narrow":"YUR"},"ZAL":{"displayName":{"other":"ZAL"},"symbol":"ZAL","narrow":"ZAL"},"ZAR":{"displayName":{"other":"հարավաֆրիկյան ռանդ"},"symbol":"ZAR","narrow":"R"},"ZMK":{"displayName":{"other":"Զամբիական կվաչա (1968–2012)"},"symbol":"ZMK","narrow":"ZMK"},"ZMW":{"displayName":{"other":"զամբիական կվաչա"},"symbol":"ZMW","narrow":"ZK"},"ZRN":{"displayName":{"other":"ZRN"},"symbol":"ZRN","narrow":"ZRN"},"ZRZ":{"displayName":{"other":"ZRZ"},"symbol":"ZRZ","narrow":"ZRZ"},"ZWD":{"displayName":{"other":"ZWD"},"symbol":"ZWD","narrow":"ZWD"},"ZWL":{"displayName":{"other":"ZWL"},"symbol":"ZWL","narrow":"ZWL"},"ZWR":{"displayName":{"other":"ZWR"},"symbol":"ZWR","narrow":"ZWR"}},"numbers":{"nu":["latn"],"symbols":{"latn":{"decimal":",","group":" ","list":";","percentSign":"%","plusSign":"+","minusSign":"-","approximatelySign":"~","exponential":"E","superscriptingExponent":"×","perMille":"‰","infinity":"∞","nan":"ՈչԹ","timeSeparator":":"}},"percent":{"latn":"#,##0%"},"decimal":{"latn":{"standard":"#,##0.###","long":{"1000":{"other":"0 հազար"},"10000":{"other":"00 հազար"},"100000":{"other":"000 հազար"},"1000000":{"other":"0 միլիոն"},"10000000":{"other":"00 միլիոն"},"100000000":{"other":"000 միլիոն"},"1000000000":{"other":"0 միլիարդ"},"10000000000":{"other":"00 միլիարդ"},"100000000000":{"other":"000 միլիարդ"},"1000000000000":{"other":"0 տրիլիոն"},"10000000000000":{"other":"00 տրիլիոն"},"100000000000000":{"other":"000 տրիլիոն"}},"short":{"1000":{"other":"0 հզր"},"10000":{"other":"00 հզր"},"100000":{"other":"000 հզր"},"1000000":{"other":"0 մլն"},"10000000":{"other":"00 մլն"},"100000000":{"other":"000 մլն"},"1000000000":{"other":"0 մլրդ"},"10000000000":{"other":"00 մլրդ"},"100000000000":{"other":"000 մլրդ"},"1000000000000":{"other":"0 տրլն"},"10000000000000":{"other":"00 տրլն"},"100000000000000":{"other":"000 տրլն"}}}},"currency":{"latn":{"currencySpacing":{"beforeInsertBetween":" ","afterInsertBetween":" "},"standard":"#,##0.00 ¤","accounting":"#,##0.00 ¤","unitPattern":"{0} {1}","short":{"1000":{"other":"0 հզր ¤"},"10000":{"other":"00 հզր ¤"},"100000":{"other":"000 հզր ¤"},"1000000":{"other":"0 մլն ¤"},"10000000":{"other":"00 մլն ¤"},"100000000":{"other":"000 մլն ¤"},"1000000000":{"other":"0 մլրդ ¤"},"10000000000":{"other":"00 մլրդ ¤"},"100000000000":{"other":"000 մլրդ ¤"},"1000000000000":{"other":"0 տրլն ¤"},"10000000000000":{"other":"00 տրլն ¤"},"100000000000000":{"other":"000 տրլն ¤"}}}}},"nu":["latn"]},"locale":"hy"}
