{"data":{"units":{"simple":{"degree":{"long":{"other":"{0} gráður","one":"{0} gráða"},"short":{"other":"{0}°"},"narrow":{"other":"{0}°"},"perUnit":{}},"hectare":{"long":{"other":"{0} hektarar","one":"{0} hektari"},"short":{"other":"{0} ha"},"narrow":{"other":"{0} ha"},"perUnit":{}},"acre":{"long":{"other":"{0} ekrur","one":"{0} ekra"},"short":{"other":"{0} ek."},"narrow":{"other":"{0} ek."},"perUnit":{}},"percent":{"long":{"other":"{0} prósent"},"short":{"other":"{0} %","one":"{0}%"},"narrow":{"other":"{0}%"},"perUnit":{}},"liter-per-kilometer":{"long":{"other":"{0} lítrar á kílómetra","one":"{0} lítri á kílómetra"},"short":{"other":"{0} l/km"},"narrow":{"other":"{0} l/km"},"perUnit":{}},"mile-per-gallon":{"long":{"other":"{0} mílur á gallon","one":"{0} míla á gallon"},"short":{"other":"{0} mí./gal."},"narrow":{"other":"{0} mí./gal."},"perUnit":{}},"petabyte":{"long":{"other":"{0} petabæt"},"short":{"other":"{0} PB"},"narrow":{"other":"{0} PB"},"perUnit":{}},"terabyte":{"long":{"other":"{0} terabæti"},"short":{"other":"{0} TB"},"narrow":{"other":"{0} TB"},"perUnit":{}},"terabit":{"long":{"other":"{0} terabitar","one":"{0} terabiti"},"short":{"other":"{0} Tb"},"narrow":{"other":"{0} Tb"},"perUnit":{}},"gigabyte":{"long":{"other":"{0} gígabæti"},"short":{"other":"{0} GB"},"narrow":{"other":"{0} GB"},"perUnit":{}},"gigabit":{"long":{"other":"{0} gígabitar","one":"{0} gígabiti"},"short":{"other":"{0} Gb"},"narrow":{"other":"{0} Gb"},"perUnit":{}},"megabyte":{"long":{"other":"{0} megabæti"},"short":{"other":"{0} MB"},"narrow":{"other":"{0} MB"},"perUnit":{}},"megabit":{"long":{"other":"{0} megabitar","one":"{0} megabiti"},"short":{"other":"{0} Mb"},"narrow":{"other":"{0} Mb"},"perUnit":{}},"kilobyte":{"long":{"other":"{0} kílóbæti"},"short":{"other":"{0} kB"},"narrow":{"other":"{0} kB"},"perUnit":{}},"kilobit":{"long":{"other":"{0} kílóbitar","one":"{0} kílóbiti"},"short":{"other":"{0} kb"},"narrow":{"other":"{0} kb"},"perUnit":{}},"byte":{"long":{"other":"{0} bæti"},"short":{"other":"{0} bæti"},"narrow":{"other":"{0} bæti"},"perUnit":{}},"bit":{"long":{"other":"{0} bitar","one":"{0} biti"},"short":{"other":"{0} bitar","one":"{0} biti"},"narrow":{"other":"{0} bitar","one":"{0} biti"},"perUnit":{}},"year":{"long":{"other":"{0} ár"},"short":{"other":"{0} ár"},"narrow":{"other":"{0}á"},"perUnit":{"long":"{0} á ári","short":"{0}/ári","narrow":"{0}/ár"}},"month":{"long":{"other":"{0} mánuðir","one":"{0} mánuður"},"short":{"other":"{0} mán."},"narrow":{"other":"{0} mán."},"perUnit":{"long":"{0} á mánuði","short":"{0}/m","narrow":"{0}/m"}},"week":{"long":{"other":"{0} vikur","one":"{0} vika"},"short":{"other":"{0} vikur","one":"{0} vika"},"narrow":{"other":"{0} v."},"perUnit":{"long":"{0} á viku","short":"{0}/v","narrow":"{0}/v"}},"day":{"long":{"other":"{0} dagar","one":"{0} dagur"},"short":{"other":"{0} dagar","one":"{0} dagur"},"narrow":{"other":"{0} d."},"perUnit":{"long":"{0} á dag","short":"{0}/d.","narrow":"{0}/d."}},"hour":{"long":{"other":"{0} klukkustundir","one":"{0} klukkustund"},"short":{"other":"{0} klst."},"narrow":{"other":"{0} klst."},"perUnit":{"long":"{0} á klst.","short":"{0}/klst.","narrow":"{0}/klst."}},"minute":{"long":{"other":"{0} mínútur","one":"{0} mínúta"},"short":{"other":"{0} mín."},"narrow":{"other":"{0} mín."},"perUnit":{"long":"{0} á mínútu","short":"{0}/mín.","narrow":"{0}/min"}},"second":{"long":{"other":"{0} sekúndur","one":"{0} sekúnda"},"short":{"other":"{0} sek."},"narrow":{"other":"{0} sek."},"perUnit":{"long":"{0} á sekúndu","short":"{0}/sek.","narrow":"{0}/sek."}},"millisecond":{"long":{"other":"{0} millisekúndur","one":"{0} millisekúnda"},"short":{"other":"{0} ms"},"narrow":{"other":"{0}ms"},"perUnit":{}},"kilometer":{"long":{"other":"{0} kílómetrar","one":"{0} kílómetri"},"short":{"other":"{0} km"},"narrow":{"other":"{0} km"},"perUnit":{"long":"{0} á kílómetra","short":"{0}/km","narrow":"{0}/km"}},"meter":{"long":{"other":"{0} metrar","one":"{0} metri"},"short":{"other":"{0} m"},"narrow":{"other":"{0}m"},"perUnit":{"long":"{0} á metra","short":"{0}/m","narrow":"{0}/m"}},"centimeter":{"long":{"other":"{0} sentimetrar","one":"{0} sentimetri"},"short":{"other":"{0} cm"},"narrow":{"other":"{0}cm"},"perUnit":{"long":"{0} á sentimetra","short":"{0}/cm","narrow":"{0}/cm"}},"millimeter":{"long":{"other":"{0} millimetrar","one":"{0} millimetri"},"short":{"other":"{0} mm"},"narrow":{"other":"{0}mm"},"perUnit":{}},"mile":{"long":{"other":"{0} mílur","one":"{0} míla"},"short":{"other":"{0} mí"},"narrow":{"other":"{0} mí"},"perUnit":{}},"yard":{"long":{"other":"{0} yardar","one":"{0} yard"},"short":{"other":"{0} yd"},"narrow":{"other":"{0} yd"},"perUnit":{}},"foot":{"long":{"other":"{0} fet"},"short":{"other":"{0} fet"},"narrow":{"other":"{0} fet"},"perUnit":{"long":"{0} á fet","short":"{0}/fet","narrow":"{0}/fet"}},"inch":{"long":{"other":"{0} tommur","one":"{0} tomma"},"short":{"other":"{0} t."},"narrow":{"other":"{0}″"},"perUnit":{"long":"{0} á tommu","short":"{0}/t.","narrow":"{0}/tom"}},"mile-scandinavian":{"long":{"other":"{0} sænskar mílur","one":"{0} sænsk míla"},"short":{"other":"{0} sæ. míl."},"narrow":{"other":"{0} sæ. míl"},"perUnit":{}},"kilogram":{"long":{"other":"{0} kílógrömm","one":"{0} kílógramm"},"short":{"other":"{0} kg"},"narrow":{"other":"{0} kg"},"perUnit":{"long":"{0} á kílógramm","short":"{0}/kg","narrow":"{0}/kg"}},"gram":{"long":{"other":"{0} grömm","one":"{0} gramm"},"short":{"other":"{0} g"},"narrow":{"other":"{0} g"},"perUnit":{"long":"{0} á gramm","short":"{0}/g","narrow":"{0}/g"}},"stone":{"long":{"other":"{0} stones","one":"{0} stone"},"short":{"other":"{0} st"},"narrow":{"other":"{0}st"},"perUnit":{}},"pound":{"long":{"other":"{0} pund"},"short":{"other":"{0} lb"},"narrow":{"other":"{0} p."},"perUnit":{"long":"{0} á pund","short":"{0}/lb","narrow":"{0}/lb"}},"ounce":{"long":{"other":"{0} únsur","one":"{0} únsa"},"short":{"other":"{0} oz"},"narrow":{"other":"{0} únsur","one":"{0} únsa"},"perUnit":{"long":"{0} á únsu","short":"{0}/oz","narrow":"{0}/oz"}},"kilometer-per-hour":{"long":{"other":"{0} kílómetrar á klukkustund","one":"{0} kílómetri á klukkustund"},"short":{"other":"{0} km/klst."},"narrow":{"other":"{0} km/klst."},"perUnit":{}},"meter-per-second":{"long":{"other":"{0} metrar á sekúndu","one":"{0} metri á sekúndu"},"short":{"other":"{0} m/s"},"narrow":{"other":"{0} m/s"},"perUnit":{}},"mile-per-hour":{"long":{"other":"{0} mílur á klukkustund","one":"{0} míla á klukkustund"},"short":{"other":"{0} mílur/klst.","one":"{0} míla/klst."},"narrow":{"other":"{0} míl./klst.","one":"{0} míla/klst."},"perUnit":{}},"celsius":{"long":{"other":"{0} gráður á Celsíus","one":"{0} gráða á Celsíus"},"short":{"other":"{0}°C"},"narrow":{"other":"{0}°C"},"perUnit":{}},"fahrenheit":{"long":{"other":"{0} gráður á Fahrenheit","one":"{0} gráða á Fahrenheit"},"short":{"other":"{0}°F"},"narrow":{"other":"{0}°F"},"perUnit":{}},"liter":{"long":{"other":"{0} lítrar","one":"{0} lítri"},"short":{"other":"{0} l"},"narrow":{"other":"{0} l"},"perUnit":{"long":"{0} á lítra","short":"{0}/l","narrow":"{0}/l"}},"milliliter":{"long":{"other":"{0} millilítrar","one":"{0} millilítri"},"short":{"other":"{0} ml"},"narrow":{"other":"{0} ml"},"perUnit":{}},"gallon":{"long":{"other":"{0} gallon"},"short":{"other":"{0} gal"},"narrow":{"other":"{0} gal"},"perUnit":{"long":"{0} á gallon","short":"{0}/gal","narrow":"{0}/gal"}},"fluid-ounce":{"long":{"other":"{0} vökvaúnsur","one":"{0} vökvaúnsa"},"short":{"other":"{0} fl oz"},"narrow":{"other":"{0} fl oz"},"perUnit":{}}},"compound":{"per":{"long":"{0} á {1}","short":"{0}/{1}","narrow":"{0}/{1}"}}},"currencies":{"ADP":{"displayName":{"other":"Andorrskur peseti"},"symbol":"ADP","narrow":"ADP"},"AED":{"displayName":{"other":"arabísk dírhöm","one":"arabískt dírham"},"symbol":"AED","narrow":"AED"},"AFA":{"displayName":{"other":"AFA"},"symbol":"AFA","narrow":"AFA"},"AFN":{"displayName":{"other":"afganar","one":"afgani"},"symbol":"AFN","narrow":"؋"},"ALK":{"displayName":{"other":"ALK"},"symbol":"ALK","narrow":"ALK"},"ALL":{"displayName":{"other":"albönsk lek","one":"albanskt lek"},"symbol":"ALL","narrow":"ALL"},"AMD":{"displayName":{"other":"armensk drömm","one":"armenskt dramm"},"symbol":"AMD","narrow":"֏"},"ANG":{"displayName":{"other":"hollensk Antillugyllini","one":"hollenskt Antillugyllini"},"symbol":"ANG","narrow":"ANG"},"AOA":{"displayName":{"other":"angólskar kvönsur","one":"angólsk kvansa"},"symbol":"AOA","narrow":"Kz"},"AOK":{"displayName":{"other":"AOK"},"symbol":"AOK","narrow":"AOK"},"AON":{"displayName":{"other":"AON"},"symbol":"AON","narrow":"AON"},"AOR":{"displayName":{"other":"AOR"},"symbol":"AOR","narrow":"AOR"},"ARA":{"displayName":{"other":"Argentine Austral"},"symbol":"ARA","narrow":"ARA"},"ARL":{"displayName":{"other":"ARL"},"symbol":"ARL","narrow":"ARL"},"ARM":{"displayName":{"other":"ARM"},"symbol":"ARM","narrow":"ARM"},"ARP":{"displayName":{"other":"Argentískur pesi (1983–1985)"},"symbol":"ARP","narrow":"ARP"},"ARS":{"displayName":{"other":"argentínskir pesar","one":"argentínskur pesi"},"symbol":"ARS","narrow":"$"},"ATS":{"displayName":{"other":"Austurrískur skildingur"},"symbol":"ATS","narrow":"ATS"},"AUD":{"displayName":{"other":"ástralskir dalir","one":"ástralskur dalur"},"symbol":"AUD","narrow":"$"},"AWG":{"displayName":{"other":"arúbanskar flórínur","one":"arúbönsk flórína"},"symbol":"AWG","narrow":"AWG"},"AZM":{"displayName":{"other":"AZM"},"symbol":"AZM","narrow":"AZM"},"AZN":{"displayName":{"other":"asersk manöt","one":"aserskt manat"},"symbol":"AZN","narrow":"₼"},"BAD":{"displayName":{"other":"BAD"},"symbol":"BAD","narrow":"BAD"},"BAM":{"displayName":{"other":"skiptanleg Bosníu og Hersegóvínu-mörk","one":"skiptanlegt Bosníu og Hersegóvínu-mark"},"symbol":"BAM","narrow":"KM"},"BAN":{"displayName":{"other":"BAN"},"symbol":"BAN","narrow":"BAN"},"BBD":{"displayName":{"other":"barbadoskir dalir","one":"barbadoskur dalur"},"symbol":"BBD","narrow":"$"},"BDT":{"displayName":{"other":"bangladesskar tökur","one":"bangladessk taka"},"symbol":"BDT","narrow":"৳"},"BEC":{"displayName":{"other":"BEC"},"symbol":"BEC","narrow":"BEC"},"BEF":{"displayName":{"other":"Belgískur franki"},"symbol":"BEF","narrow":"BEF"},"BEL":{"displayName":{"other":"BEL"},"symbol":"BEL","narrow":"BEL"},"BGL":{"displayName":{"other":"Lef"},"symbol":"BGL","narrow":"BGL"},"BGM":{"displayName":{"other":"BGM"},"symbol":"BGM","narrow":"BGM"},"BGN":{"displayName":{"other":"búlgörsk lef","one":"búlgarskt lef"},"symbol":"BGN","narrow":"BGN"},"BGO":{"displayName":{"other":"BGO"},"symbol":"BGO","narrow":"BGO"},"BHD":{"displayName":{"other":"bareinskir denarar","one":"bareinskur denari"},"symbol":"BHD","narrow":"BHD"},"BIF":{"displayName":{"other":"búrúndískir frankar","one":"búrúndískur franki"},"symbol":"BIF","narrow":"BIF"},"BMD":{"displayName":{"other":"Bermúdadalir","one":"Bermúdadalur"},"symbol":"BMD","narrow":"$"},"BND":{"displayName":{"other":"brúneiskir dalir","one":"brúneiskur dalur"},"symbol":"BND","narrow":"$"},"BOB":{"displayName":{"other":"bólivíanar","one":"bólivíani"},"symbol":"BOB","narrow":"Bs"},"BOL":{"displayName":{"other":"BOL"},"symbol":"BOL","narrow":"BOL"},"BOP":{"displayName":{"other":"Bólivískur pesi"},"symbol":"BOP","narrow":"BOP"},"BOV":{"displayName":{"other":"Bolivian Mvdol"},"symbol":"BOV","narrow":"BOV"},"BRB":{"displayName":{"other":"BRB"},"symbol":"BRB","narrow":"BRB"},"BRC":{"displayName":{"other":"BRC"},"symbol":"BRC","narrow":"BRC"},"BRE":{"displayName":{"other":"BRE"},"symbol":"BRE","narrow":"BRE"},"BRL":{"displayName":{"other":"brasilísk ríöl","one":"brasilískt ríal"},"symbol":"BRL","narrow":"R$"},"BRN":{"displayName":{"other":"BRN"},"symbol":"BRN","narrow":"BRN"},"BRR":{"displayName":{"other":"BRR"},"symbol":"BRR","narrow":"BRR"},"BRZ":{"displayName":{"other":"BRZ"},"symbol":"BRZ","narrow":"BRZ"},"BSD":{"displayName":{"other":"Bahamadalir","one":"Bahamadalur"},"symbol":"BSD","narrow":"$"},"BTN":{"displayName":{"other":"bútönsk núltrum","one":"bútanskt núltrum"},"symbol":"BTN","narrow":"BTN"},"BUK":{"displayName":{"other":"Búrmverskt kjat"},"symbol":"BUK","narrow":"BUK"},"BWP":{"displayName":{"other":"botsvanskar púlur","one":"botsvönsk púla"},"symbol":"BWP","narrow":"P"},"BYB":{"displayName":{"other":"BYB"},"symbol":"BYB","narrow":"BYB"},"BYN":{"displayName":{"other":"hvítrússneskar rúblur","one":"hvítrússnesk rúbla"},"symbol":"BYN","narrow":"р."},"BYR":{"displayName":{"other":"hvítrússneskar rúblur (2000–2016)","one":"hvítrússnesk rúbla (2000–2016)"},"symbol":"BYR","narrow":"BYR"},"BZD":{"displayName":{"other":"belískir dalir","one":"belískur dalur"},"symbol":"BZD","narrow":"$"},"CAD":{"displayName":{"other":"Kanadadalir","one":"Kanadadalur"},"symbol":"CAD","narrow":"$"},"CDF":{"displayName":{"other":"kongóskir frankar","one":"kongóskur franki"},"symbol":"CDF","narrow":"CDF"},"CHE":{"displayName":{"other":"CHE"},"symbol":"CHE","narrow":"CHE"},"CHF":{"displayName":{"other":"svissneskir frankar","one":"svissneskur franki"},"symbol":"CHF","narrow":"CHF"},"CHW":{"displayName":{"other":"CHW"},"symbol":"CHW","narrow":"CHW"},"CLE":{"displayName":{"other":"CLE"},"symbol":"CLE","narrow":"CLE"},"CLF":{"displayName":{"other":"Chilean Unidades de Fomento"},"symbol":"CLF","narrow":"CLF"},"CLP":{"displayName":{"other":"síleskir pesar","one":"síleskur pesi"},"symbol":"CLP","narrow":"$"},"CNH":{"displayName":{"other":"kínverskt júan (utan heimalands)"},"symbol":"CNH","narrow":"CNH"},"CNX":{"displayName":{"other":"CNX"},"symbol":"CNX","narrow":"CNX"},"CNY":{"displayName":{"other":"kínversk júön","one":"kínverskt júan"},"symbol":"CN¥","narrow":"¥"},"COP":{"displayName":{"other":"kólumbískir pesar","one":"kólumbískur pesi"},"symbol":"COP","narrow":"$"},"COU":{"displayName":{"other":"COU"},"symbol":"COU","narrow":"COU"},"CRC":{"displayName":{"other":"kostarísk kólon","one":"kostarískt kólon"},"symbol":"CRC","narrow":"₡"},"CSD":{"displayName":{"other":"CSD"},"symbol":"CSD","narrow":"CSD"},"CSK":{"displayName":{"other":"Tékknesk króna, eldri"},"symbol":"CSK","narrow":"CSK"},"CUC":{"displayName":{"other":"kúbverskir skiptanlegir pesar","one":"kúbverskur skiptanlegur pesi"},"symbol":"CUC","narrow":"$"},"CUP":{"displayName":{"other":"kúbverskir pesar","one":"kúbverskur pesi"},"symbol":"CUP","narrow":"$"},"CVE":{"displayName":{"other":"grænhöfðeyskir skútar","one":"grænhöfðeyskur skúti"},"symbol":"CVE","narrow":"CVE"},"CYP":{"displayName":{"other":"Kýpverskt pund"},"symbol":"CYP","narrow":"CYP"},"CZK":{"displayName":{"other":"tékkneskar krónur","one":"tékknesk króna"},"symbol":"CZK","narrow":"Kč"},"DDM":{"displayName":{"other":"Austurþýskt mark"},"symbol":"DDM","narrow":"DDM"},"DEM":{"displayName":{"other":"Þýskt mark"},"symbol":"DEM","narrow":"DEM"},"DJF":{"displayName":{"other":"djíbútískir frankar","one":"djíbútískur franki"},"symbol":"DJF","narrow":"DJF"},"DKK":{"displayName":{"other":"danskar krónur","one":"dönsk króna"},"symbol":"DKK","narrow":"kr"},"DOP":{"displayName":{"other":"dóminískir pesar","one":"dóminískur pesi"},"symbol":"DOP","narrow":"$"},"DZD":{"displayName":{"other":"alsírskir denarar","one":"alsírskur denari"},"symbol":"DZD","narrow":"DZD"},"ECS":{"displayName":{"other":"Ecuador Sucre"},"symbol":"ECS","narrow":"ECS"},"ECV":{"displayName":{"other":"ECV"},"symbol":"ECV","narrow":"ECV"},"EEK":{"displayName":{"other":"eistneskar krónur","one":"eistnesk króna"},"symbol":"EEK","narrow":"EEK"},"EGP":{"displayName":{"other":"egypsk pund","one":"egypskt pund"},"symbol":"EGP","narrow":"E£"},"ERN":{"displayName":{"other":"erítreskar nökfur","one":"erítresk nakfa"},"symbol":"ERN","narrow":"ERN"},"ESA":{"displayName":{"other":"ESA"},"symbol":"ESA","narrow":"ESA"},"ESB":{"displayName":{"other":"ESB"},"symbol":"ESB","narrow":"ESB"},"ESP":{"displayName":{"other":"Spænskur peseti"},"symbol":"ESP","narrow":"₧"},"ETB":{"displayName":{"other":"eþíópísk birr","one":"eþíópískt birr"},"symbol":"ETB","narrow":"ETB"},"EUR":{"displayName":{"other":"evrur","one":"evra"},"symbol":"EUR","narrow":"€"},"FIM":{"displayName":{"other":"Finnskt mark"},"symbol":"FIM","narrow":"FIM"},"FJD":{"displayName":{"other":"fidjeyskir dalir","one":"fidjeyskur dalur"},"symbol":"FJD","narrow":"$"},"FKP":{"displayName":{"other":"falklensk pund","one":"falklenskt pund"},"symbol":"FKP","narrow":"£"},"FRF":{"displayName":{"other":"Franskur franki"},"symbol":"FRF","narrow":"FRF"},"GBP":{"displayName":{"other":"sterlingspund"},"symbol":"GBP","narrow":"£"},"GEK":{"displayName":{"other":"GEK"},"symbol":"GEK","narrow":"GEK"},"GEL":{"displayName":{"other":"georgískir larar","one":"georgískur lari"},"symbol":"GEL","narrow":"₾"},"GHC":{"displayName":{"other":"GHC"},"symbol":"GHC","narrow":"GHC"},"GHS":{"displayName":{"other":"ganverskir sedar","one":"ganverskur sedi"},"symbol":"GHS","narrow":"GH₵"},"GIP":{"displayName":{"other":"Gíbraltarspund"},"symbol":"GIP","narrow":"£"},"GMD":{"displayName":{"other":"gambískir dalasar","one":"gambískur dalasi"},"symbol":"GMD","narrow":"GMD"},"GNF":{"displayName":{"other":"Gíneufrankar","one":"Gíneufranki"},"symbol":"GNF","narrow":"FG"},"GNS":{"displayName":{"other":"GNS"},"symbol":"GNS","narrow":"GNS"},"GQE":{"displayName":{"other":"GQE"},"symbol":"GQE","narrow":"GQE"},"GRD":{"displayName":{"other":"Drakma"},"symbol":"GRD","narrow":"GRD"},"GTQ":{"displayName":{"other":"gvatemölsk kvesöl","one":"gvatemalskt kvesal"},"symbol":"GTQ","narrow":"Q"},"GWE":{"displayName":{"other":"Portúgalskur, gíneskur skúti"},"symbol":"GWE","narrow":"GWE"},"GWP":{"displayName":{"other":"GWP"},"symbol":"GWP","narrow":"GWP"},"GYD":{"displayName":{"other":"gvæjanskir dalir","one":"gvæjanskur dalur"},"symbol":"GYD","narrow":"$"},"HKD":{"displayName":{"other":"Hong Kong-dalir","one":"Hong Kong-dalur"},"symbol":"HK$","narrow":"$"},"HNL":{"displayName":{"other":"hondúrskar lempírur","one":"hondúrsk lempíra"},"symbol":"HNL","narrow":"L"},"HRD":{"displayName":{"other":"HRD"},"symbol":"HRD","narrow":"HRD"},"HRK":{"displayName":{"other":"króatískar kúnur","one":"króatísk kúna"},"symbol":"HRK","narrow":"kn"},"HTG":{"displayName":{"other":"haítískir gúrdar","one":"haítískur gúrdi"},"symbol":"HTG","narrow":"HTG"},"HUF":{"displayName":{"other":"ungverskar fórintur","one":"ungversk fórinta"},"symbol":"HUF","narrow":"Ft"},"IDR":{"displayName":{"other":"indónesískar rúpíur","one":"indónesísk rúpía"},"symbol":"IDR","narrow":"Rp"},"IEP":{"displayName":{"other":"Írskt pund"},"symbol":"IEP","narrow":"IEP"},"ILP":{"displayName":{"other":"Ísraelskt pund"},"symbol":"ILP","narrow":"ILP"},"ILR":{"displayName":{"other":"ILR"},"symbol":"ILR","narrow":"ILR"},"ILS":{"displayName":{"other":"nýir ísraelskir siklar","one":"nýr ísraelskur sikill"},"symbol":"₪","narrow":"₪"},"INR":{"displayName":{"other":"indverskar rúpíur","one":"indversk rúpía"},"symbol":"INR","narrow":"₹"},"IQD":{"displayName":{"other":"írakskir denarar","one":"írakskur denari"},"symbol":"IQD","narrow":"IQD"},"IRR":{"displayName":{"other":"írönsk ríöl","one":"íranskt ríal"},"symbol":"IRR","narrow":"IRR"},"ISJ":{"displayName":{"other":"ISJ"},"symbol":"ISJ","narrow":"ISJ"},"ISK":{"displayName":{"other":"íslenskar krónur","one":"íslensk króna"},"symbol":"ISK","narrow":"kr"},"ITL":{"displayName":{"other":"Ítölsk líra"},"symbol":"ITL","narrow":"ITL"},"JMD":{"displayName":{"other":"jamaískir dalir","one":"jamaískur dalur"},"symbol":"JMD","narrow":"$"},"JOD":{"displayName":{"other":"jórdanskir denarar","one":"jórdanskur denari"},"symbol":"JOD","narrow":"JOD"},"JPY":{"displayName":{"other":"japönsk jen","one":"japanskt jen"},"symbol":"JP¥","narrow":"¥"},"KES":{"displayName":{"other":"kenískir skildingar","one":"kenískur skildingur"},"symbol":"KES","narrow":"KES"},"KGS":{"displayName":{"other":"kirgisk som","one":"kirgiskt som"},"symbol":"KGS","narrow":"KGS"},"KHR":{"displayName":{"other":"kambódísk ríöl","one":"kambódískt ríal"},"symbol":"KHR","narrow":"៛"},"KMF":{"displayName":{"other":"kómoreyskir frankar","one":"kómoreyskur franki"},"symbol":"KMF","narrow":"CF"},"KPW":{"displayName":{"other":"norðurkóresk vonn","one":"norðurkóreskt vonn"},"symbol":"KPW","narrow":"₩"},"KRH":{"displayName":{"other":"KRH"},"symbol":"KRH","narrow":"KRH"},"KRO":{"displayName":{"other":"KRO"},"symbol":"KRO","narrow":"KRO"},"KRW":{"displayName":{"other":"suðurkóresk vonn","one":"suðurkóreskt vonn"},"symbol":"KRW","narrow":"₩"},"KWD":{"displayName":{"other":"kúveiskir denarar","one":"kúveiskur denari"},"symbol":"KWD","narrow":"KWD"},"KYD":{"displayName":{"other":"caymaneyskir dalir","one":"caymaneyskur dalur"},"symbol":"KYD","narrow":"$"},"KZT":{"displayName":{"other":"kasöksk tengi","one":"kasakst tengi"},"symbol":"KZT","narrow":"₸"},"LAK":{"displayName":{"other":"laosk kip","one":"laoskt kip"},"symbol":"LAK","narrow":"₭"},"LBP":{"displayName":{"other":"líbönsk pund","one":"líbanskt pund"},"symbol":"LBP","narrow":"L£"},"LKR":{"displayName":{"other":"srílanskar rúpíur","one":"srílönsk rúpía"},"symbol":"LKR","narrow":"Rs"},"LRD":{"displayName":{"other":"líberískir dalir","one":"líberískur dalur"},"symbol":"LRD","narrow":"$"},"LSL":{"displayName":{"other":"Lesotho Loti"},"symbol":"LSL","narrow":"LSL"},"LTL":{"displayName":{"other":"litháísk lít","one":"litháískt lít"},"symbol":"LTL","narrow":"Lt"},"LTT":{"displayName":{"other":"Lithuanian Talonas"},"symbol":"LTT","narrow":"LTT"},"LUC":{"displayName":{"other":"LUC"},"symbol":"LUC","narrow":"LUC"},"LUF":{"displayName":{"other":"Lúxemborgarfranki"},"symbol":"LUF","narrow":"LUF"},"LUL":{"displayName":{"other":"LUL"},"symbol":"LUL","narrow":"LUL"},"LVL":{"displayName":{"other":"lettnesk löt","one":"lettneskt lat"},"symbol":"LVL","narrow":"Ls"},"LVR":{"displayName":{"other":"Lettnesk rúbla"},"symbol":"LVR","narrow":"LVR"},"LYD":{"displayName":{"other":"líbískir denarar","one":"líbískur denari"},"symbol":"LYD","narrow":"LYD"},"MAD":{"displayName":{"other":"marokkósk dírhöm","one":"marokkóskt dírham"},"symbol":"MAD","narrow":"MAD"},"MAF":{"displayName":{"other":"Marokkóskur franki"},"symbol":"MAF","narrow":"MAF"},"MCF":{"displayName":{"other":"MCF"},"symbol":"MCF","narrow":"MCF"},"MDC":{"displayName":{"other":"MDC"},"symbol":"MDC","narrow":"MDC"},"MDL":{"displayName":{"other":"moldavísk lei","one":"moldavískt lei"},"symbol":"MDL","narrow":"MDL"},"MGA":{"displayName":{"other":"Madagaskararjarar","one":"Madagaskararjari"},"symbol":"MGA","narrow":"Ar"},"MGF":{"displayName":{"other":"Madagaskur franki"},"symbol":"MGF","narrow":"MGF"},"MKD":{"displayName":{"other":"makedónskir denarar","one":"makedónskur denari"},"symbol":"MKD","narrow":"MKD"},"MKN":{"displayName":{"other":"MKN"},"symbol":"MKN","narrow":"MKN"},"MLF":{"displayName":{"other":"Malískur franki"},"symbol":"MLF","narrow":"MLF"},"MMK":{"displayName":{"other":"mjanmörsk kjöt","one":"mjanmarskt kjat"},"symbol":"MMK","narrow":"K"},"MNT":{"displayName":{"other":"mongólskir túríkar","one":"mongólskur túríkur"},"symbol":"MNT","narrow":"₮"},"MOP":{"displayName":{"other":"makaóskar patökur","one":"makaósk pataka"},"symbol":"MOP","narrow":"MOP"},"MRO":{"displayName":{"other":"máritanskar úgíur (1973–2017)","one":"máritönsk úgía (1973–2017)"},"symbol":"MRO","narrow":"MRO"},"MRU":{"displayName":{"other":"máritanskar úgíur","one":"máritönsk úgía"},"symbol":"MRU","narrow":"MRU"},"MTL":{"displayName":{"other":"Meltnesk líra"},"symbol":"MTL","narrow":"MTL"},"MTP":{"displayName":{"other":"Maltneskt pund"},"symbol":"MTP","narrow":"MTP"},"MUR":{"displayName":{"other":"máritískar rúpíur","one":"máritísk rúpía"},"symbol":"MUR","narrow":"Rs"},"MVP":{"displayName":{"other":"MVP"},"symbol":"MVP","narrow":"MVP"},"MVR":{"displayName":{"other":"maldíveyskar rúpíur","one":"maldíveysk rúpía"},"symbol":"MVR","narrow":"MVR"},"MWK":{"displayName":{"other":"malavískar kvökur","one":"malavísk kvaka"},"symbol":"MWK","narrow":"MWK"},"MXN":{"displayName":{"other":"mexíkóskir pesar","one":"mexíkóskur pesi"},"symbol":"MXN","narrow":"$"},"MXP":{"displayName":{"other":"Mexíkóskur silfurpesi (1861–1992)"},"symbol":"MXP","narrow":"MXP"},"MXV":{"displayName":{"other":"Mexíkóskur pesi, UDI"},"symbol":"MXV","narrow":"MXV"},"MYR":{"displayName":{"other":"malasísk ringit","one":"malasískt ringit"},"symbol":"MYR","narrow":"RM"},"MZE":{"displayName":{"other":"Mósambískur skúti"},"symbol":"MZE","narrow":"MZE"},"MZM":{"displayName":{"other":"MZM"},"symbol":"MZM","narrow":"MZM"},"MZN":{"displayName":{"other":"mósambísk metiköl","one":"mósambískt metikal"},"symbol":"MZN","narrow":"MZN"},"NAD":{"displayName":{"other":"namibískir dalir","one":"namibískur dalur"},"symbol":"NAD","narrow":"$"},"NGN":{"displayName":{"other":"nígerískar nærur","one":"nígerísk næra"},"symbol":"NGN","narrow":"₦"},"NIC":{"displayName":{"other":"Níkaragskar kordóvur (1988–1991)","one":"Níkarögsk kordóva (1988–1991)"},"symbol":"NIC","narrow":"NIC"},"NIO":{"displayName":{"other":"níkaragskar kordóvur","one":"níkarögsk kordóva"},"symbol":"NIO","narrow":"C$"},"NLG":{"displayName":{"other":"Hollenskt gyllini"},"symbol":"NLG","narrow":"NLG"},"NOK":{"displayName":{"other":"norskar krónur","one":"norsk króna"},"symbol":"NOK","narrow":"kr"},"NPR":{"displayName":{"other":"nepalskar rúpíur","one":"nepölsk rúpía"},"symbol":"NPR","narrow":"Rs"},"NZD":{"displayName":{"other":"nýsjálenskir dalir","one":"nýsjálenskur dalur"},"symbol":"NZD","narrow":"$"},"OMR":{"displayName":{"other":"ómönsk ríöl","one":"ómanskt ríal"},"symbol":"OMR","narrow":"OMR"},"PAB":{"displayName":{"other":"balbóar","one":"balbói"},"symbol":"PAB","narrow":"PAB"},"PEI":{"displayName":{"other":"PEI"},"symbol":"PEI","narrow":"PEI"},"PEN":{"displayName":{"other":"perúsk sól","one":"perúskt sól"},"symbol":"PEN","narrow":"PEN"},"PES":{"displayName":{"other":"PES"},"symbol":"PES","narrow":"PES"},"PGK":{"displayName":{"other":"papúskar kínur","one":"papúsk kína"},"symbol":"PGK","narrow":"PGK"},"PHP":{"displayName":{"other":"filippseyskir pesar","one":"filippseyskur pesi"},"symbol":"PHP","narrow":"₱"},"PKR":{"displayName":{"other":"pakistanskar rúpíur","one":"pakistönsk rúpía"},"symbol":"PKR","narrow":"Rs"},"PLN":{"displayName":{"other":"pólsk slot","one":"pólskt slot"},"symbol":"PLN","narrow":"zł"},"PLZ":{"displayName":{"other":"Slot"},"symbol":"PLZ","narrow":"PLZ"},"PTE":{"displayName":{"other":"Portúgalskur skúti"},"symbol":"PTE","narrow":"PTE"},"PYG":{"displayName":{"other":"paragvæsk gvaraní","one":"paragvæskt gvaraní"},"symbol":"PYG","narrow":"₲"},"QAR":{"displayName":{"other":"katörsk ríöl","one":"katarskt ríal"},"symbol":"QAR","narrow":"QAR"},"RHD":{"displayName":{"other":"RHD"},"symbol":"RHD","narrow":"RHD"},"ROL":{"displayName":{"other":"Rúmenskt lei (1952–2006)"},"symbol":"ROL","narrow":"ROL"},"RON":{"displayName":{"other":"rúmensk lei","one":"rúmenskt lei"},"symbol":"RON","narrow":"lei"},"RSD":{"displayName":{"other":"serbneskir denarar","one":"serbneskur denari"},"symbol":"RSD","narrow":"RSD"},"RUB":{"displayName":{"other":"rússneskar rúblur","one":"rússnesk rúbla"},"symbol":"RUB","narrow":"₽"},"RUR":{"displayName":{"other":"Rússnesk rúbla (1991–1998)"},"symbol":"RUR","narrow":"р."},"RWF":{"displayName":{"other":"rúandskir frankar","one":"rúandskur franki"},"symbol":"RWF","narrow":"RF"},"SAR":{"displayName":{"other":"sádiarabísk ríöl","one":"sádiarabískt ríal"},"symbol":"SAR","narrow":"SAR"},"SBD":{"displayName":{"other":"salómonseyskir dalir","one":"salómonseyskur dalur"},"symbol":"SBD","narrow":"$"},"SCR":{"displayName":{"other":"Seychellesrúpíur","one":"Seychellesrúpía"},"symbol":"SCR","narrow":"SCR"},"SDD":{"displayName":{"other":"Súdanskur denari"},"symbol":"SDD","narrow":"SDD"},"SDG":{"displayName":{"other":"súdönsk pund","one":"súdanskt pund"},"symbol":"SDG","narrow":"SDG"},"SDP":{"displayName":{"other":"Súdanskt pund (1957–1998)"},"symbol":"SDP","narrow":"SDP"},"SEK":{"displayName":{"other":"sænskar krónur","one":"sænsk króna"},"symbol":"SEK","narrow":"kr"},"SGD":{"displayName":{"other":"singapúrskir dalir","one":"singapúrskur dalur"},"symbol":"SGD","narrow":"$"},"SHP":{"displayName":{"other":"helensk pund","one":"helenskt pund"},"symbol":"SHP","narrow":"£"},"SIT":{"displayName":{"other":"Slóvenskur dalur"},"symbol":"SIT","narrow":"SIT"},"SKK":{"displayName":{"other":"Slóvakísk króna"},"symbol":"SKK","narrow":"SKK"},"SLL":{"displayName":{"other":"síerraleónskar ljónur","one":"síerraleónsk ljóna"},"symbol":"SLL","narrow":"SLL"},"SOS":{"displayName":{"other":"sómalískir skildingar","one":"sómalískur skildingur"},"symbol":"SOS","narrow":"SOS"},"SRD":{"displayName":{"other":"Súrínamdalir","one":"Súrínamdalur"},"symbol":"SRD","narrow":"$"},"SRG":{"displayName":{"other":"Suriname Guilder"},"symbol":"SRG","narrow":"SRG"},"SSP":{"displayName":{"other":"suðursúdönsk pund","one":"suðursúdanskt pund"},"symbol":"SSP","narrow":"£"},"STD":{"displayName":{"other":"Saó Tóme og Prinsípe-dóbrur (1977–2017)","one":"Saó Tóme og Prinsípe-dóbra (1977–2017)"},"symbol":"STD","narrow":"STD"},"STN":{"displayName":{"other":"Saó Tóme og Prinsípe-dóbrur","one":"Saó Tóme og Prinsípe-dóbra"},"symbol":"STN","narrow":"Db"},"SUR":{"displayName":{"other":"Soviet Rouble"},"symbol":"SUR","narrow":"SUR"},"SVC":{"displayName":{"other":"El Salvador Colon"},"symbol":"SVC","narrow":"SVC"},"SYP":{"displayName":{"other":"sýrlensk pund","one":"sýrlenskt pund"},"symbol":"SYP","narrow":"£"},"SZL":{"displayName":{"other":"svasílenskir lílangenar","one":"svasílenskur lílangeni"},"symbol":"SZL","narrow":"SZL"},"THB":{"displayName":{"other":"taílensk böt","one":"taílenskt bat"},"symbol":"THB","narrow":"฿"},"TJR":{"displayName":{"other":"Tadsjiksk rúbla"},"symbol":"TJR","narrow":"TJR"},"TJS":{"displayName":{"other":"tadsjikskir sómónar","one":"tadsjikskur sómóni"},"symbol":"TJS","narrow":"TJS"},"TMM":{"displayName":{"other":"Túrkmenskt manat (1993–2009)"},"symbol":"TMM","narrow":"TMM"},"TMT":{"displayName":{"other":"túrkmensk manöt","one":"túrkmenskt manat"},"symbol":"TMT","narrow":"TMT"},"TND":{"displayName":{"other":"túniskir denarar","one":"túniskur denari"},"symbol":"TND","narrow":"TND"},"TOP":{"displayName":{"other":"Tongapöngur","one":"Tongapanga"},"symbol":"TOP","narrow":"T$"},"TPE":{"displayName":{"other":"Tímorskur skúti"},"symbol":"TPE","narrow":"TPE"},"TRL":{"displayName":{"other":"Tyrknesk líra (1922–2005)"},"symbol":"TRL","narrow":"TRL"},"TRY":{"displayName":{"other":"tyrkneskar lírur","one":"tyrknesk líra"},"symbol":"TRY","narrow":"₺"},"TTD":{"displayName":{"other":"Trínidad og Tóbagó-dalir","one":"Trínidad og Tóbagó-dalur"},"symbol":"TTD","narrow":"$"},"TWD":{"displayName":{"other":"taívanskir dalir","one":"taívanskur dalur"},"symbol":"TWD","narrow":"NT$"},"TZS":{"displayName":{"other":"tansanískir skildingar","one":"tansanískur skildingur"},"symbol":"TZS","narrow":"TZS"},"UAH":{"displayName":{"other":"úkraínskar hrinjur","one":"úkraínsk hrinja"},"symbol":"UAH","narrow":"₴"},"UAK":{"displayName":{"other":"Ukrainian Karbovanetz"},"symbol":"UAK","narrow":"UAK"},"UGS":{"displayName":{"other":"UGS"},"symbol":"UGS","narrow":"UGS"},"UGX":{"displayName":{"other":"úgandskir skildingar","one":"úgandskur skildingur"},"symbol":"UGX","narrow":"UGX"},"USD":{"displayName":{"other":"Bandaríkjadalir","one":"Bandaríkjadalur"},"symbol":"USD","narrow":"$"},"USN":{"displayName":{"other":"Bandaríkjadalur (næsta dag)"},"symbol":"USN","narrow":"USN"},"USS":{"displayName":{"other":"Bandaríkjadalur (sama dag)"},"symbol":"USS","narrow":"USS"},"UYI":{"displayName":{"other":"UYI"},"symbol":"UYI","narrow":"UYI"},"UYP":{"displayName":{"other":"UYP"},"symbol":"UYP","narrow":"UYP"},"UYU":{"displayName":{"other":"úrúgvæskir pesar","one":"úrúgvæskur pesi"},"symbol":"UYU","narrow":"$"},"UYW":{"displayName":{"other":"UYW"},"symbol":"UYW","narrow":"UYW"},"UZS":{"displayName":{"other":"úsbeksk súm","one":"úsbekskt súm"},"symbol":"UZS","narrow":"UZS"},"VEB":{"displayName":{"other":"Bolívar í Venesúela (1871–2008)"},"symbol":"VEB","narrow":"VEB"},"VEF":{"displayName":{"other":"venesúelskir bólívarar (2008–2018)","one":"venesúelskur bólívari (2008–2018)"},"symbol":"VEF","narrow":"Bs"},"VES":{"displayName":{"other":"venesúelskir bólívarar","one":"venesúelskur bólívari"},"symbol":"VES","narrow":"VES"},"VND":{"displayName":{"other":"víetnömsk dong","one":"víetnamskt dong"},"symbol":"VND","narrow":"₫"},"VNN":{"displayName":{"other":"VNN"},"symbol":"VNN","narrow":"VNN"},"VUV":{"displayName":{"other":"vanúatúsk vatú","one":"vanúatúskt vatú"},"symbol":"VUV","narrow":"VUV"},"WST":{"displayName":{"other":"Samóatölur","one":"Samóatala"},"symbol":"WST","narrow":"WST"},"XAF":{"displayName":{"other":"miðafrískir frankar","one":"miðafrískur franki"},"symbol":"FCFA","narrow":"FCFA"},"XAG":{"displayName":{"other":"XAG"},"symbol":"XAG","narrow":"XAG"},"XAU":{"displayName":{"other":"XAU"},"symbol":"XAU","narrow":"XAU"},"XBA":{"displayName":{"other":"XBA"},"symbol":"XBA","narrow":"XBA"},"XBB":{"displayName":{"other":"XBB"},"symbol":"XBB","narrow":"XBB"},"XBC":{"displayName":{"other":"XBC"},"symbol":"XBC","narrow":"XBC"},"XBD":{"displayName":{"other":"XBD"},"symbol":"XBD","narrow":"XBD"},"XCD":{"displayName":{"other":"austurkarabískir dalir","one":"austurkarabískur dalur"},"symbol":"EC$","narrow":"$"},"XDR":{"displayName":{"other":"Sérstök dráttarréttindi"},"symbol":"XDR","narrow":"XDR"},"XEU":{"displayName":{"other":"XEU"},"symbol":"XEU","narrow":"XEU"},"XFO":{"displayName":{"other":"Franskur gullfranki"},"symbol":"XFO","narrow":"XFO"},"XFU":{"displayName":{"other":"Franskur franki, UIC"},"symbol":"XFU","narrow":"XFU"},"XOF":{"displayName":{"other":"vesturafrískir frankar","one":"vesturafrískur franki"},"symbol":"F CFA","narrow":"F CFA"},"XPD":{"displayName":{"other":"XPD"},"symbol":"XPD","narrow":"XPD"},"XPF":{"displayName":{"other":"pólinesískir frankar","one":"pólinesískur franki"},"symbol":"CFPF","narrow":"CFPF"},"XPT":{"displayName":{"other":"XPT"},"symbol":"XPT","narrow":"XPT"},"XRE":{"displayName":{"other":"XRE"},"symbol":"XRE","narrow":"XRE"},"XSU":{"displayName":{"other":"XSU"},"symbol":"XSU","narrow":"XSU"},"XTS":{"displayName":{"other":"XTS"},"symbol":"XTS","narrow":"XTS"},"XUA":{"displayName":{"other":"XUA"},"symbol":"XUA","narrow":"XUA"},"XXX":{"displayName":{"other":"(óþekktur gjaldmiðill)","one":"(óþekkt mynteining gjaldmiðils)"},"symbol":"¤","narrow":"¤"},"YDD":{"displayName":{"other":"Jemenskur denari"},"symbol":"YDD","narrow":"YDD"},"YER":{"displayName":{"other":"jemensk ríöl","one":"jemenskt ríal"},"symbol":"YER","narrow":"YER"},"YUD":{"displayName":{"other":"YUD"},"symbol":"YUD","narrow":"YUD"},"YUM":{"displayName":{"other":"Júgóslavneskur denari"},"symbol":"YUM","narrow":"YUM"},"YUN":{"displayName":{"other":"YUN"},"symbol":"YUN","narrow":"YUN"},"YUR":{"displayName":{"other":"YUR"},"symbol":"YUR","narrow":"YUR"},"ZAL":{"displayName":{"other":"Rand (viðskipta)"},"symbol":"ZAL","narrow":"ZAL"},"ZAR":{"displayName":{"other":"suðurafrísk rönd","one":"suðurafrískt rand"},"symbol":"ZAR","narrow":"R"},"ZMK":{"displayName":{"other":"Zambian Kwacha (1968–2012)"},"symbol":"ZMK","narrow":"ZMK"},"ZMW":{"displayName":{"other":"sambískar kvökur","one":"sambísk kvaka"},"symbol":"ZMW","narrow":"ZK"},"ZRN":{"displayName":{"other":"ZRN"},"symbol":"ZRN","narrow":"ZRN"},"ZRZ":{"displayName":{"other":"ZRZ"},"symbol":"ZRZ","narrow":"ZRZ"},"ZWD":{"displayName":{"other":"Simbabveskur dalur"},"symbol":"ZWD","narrow":"ZWD"},"ZWL":{"displayName":{"other":"ZWL"},"symbol":"ZWL","narrow":"ZWL"},"ZWR":{"displayName":{"other":"ZWR"},"symbol":"ZWR","narrow":"ZWR"}},"numbers":{"nu":["latn"],"symbols":{"latn":{"decimal":",","group":".","list":";","percentSign":"%","plusSign":"+","minusSign":"-","approximatelySign":"~","exponential":"E","superscriptingExponent":"×","perMille":"‰","infinity":"∞","nan":"NaN","timeSeparator":":"}},"percent":{"latn":"#,##0%"},"decimal":{"latn":{"standard":"#,##0.###","long":{"1000":{"other":"0 þúsund"},"10000":{"other":"00 þúsund"},"100000":{"other":"000 þúsund"},"1000000":{"other":"0 milljónir","one":"0 milljón"},"10000000":{"other":"00 milljónir","one":"00 milljón"},"100000000":{"other":"000 milljónir","one":"000 milljón"},"1000000000":{"other":"0 milljarðar","one":"0 milljarður"},"10000000000":{"other":"00 milljarðar","one":"00 milljarður"},"100000000000":{"other":"000 milljarðar","one":"000 milljarður"},"1000000000000":{"other":"0 billjónir","one":"0 billjón"},"10000000000000":{"other":"00 billjónir","one":"00 billjón"},"100000000000000":{"other":"000 billjónir","one":"000 billjón"}},"short":{"1000":{"other":"0 þ'.'"},"10000":{"other":"00 þ'.'"},"100000":{"other":"000 þ'.'"},"1000000":{"other":"0 m'.'"},"10000000":{"other":"00 m'.'"},"100000000":{"other":"000 m'.'"},"1000000000":{"other":"0 ma'.'"},"10000000000":{"other":"00 ma'.'"},"100000000000":{"other":"000 ma'.'"},"1000000000000":{"other":"0 bn"},"10000000000000":{"other":"00 bn"},"100000000000000":{"other":"000 bn"}}}},"currency":{"latn":{"currencySpacing":{"beforeInsertBetween":" ","afterInsertBetween":" "},"standard":"#,##0.00 ¤","accounting":"#,##0.00 ¤","unitPattern":"{0} {1}","short":{"1000":{"other":"0 þ'.' ¤"},"10000":{"other":"00 þ'.' ¤"},"100000":{"other":"000 þ'.' ¤"},"1000000":{"other":"0 m'.' ¤"},"10000000":{"other":"00 m'.' ¤"},"100000000":{"other":"000 m'.' ¤"},"1000000000":{"other":"0 ma'.' ¤"},"10000000000":{"other":"00 ma'.' ¤"},"100000000000":{"other":"000 ma'.' ¤"},"1000000000000":{"other":"0 bn ¤"},"10000000000000":{"other":"00 bn ¤"},"100000000000000":{"other":"000 bn ¤"}}}}},"nu":["latn"]},"locale":"is"}
