{"data":{"units":{"simple":{"degree":{"long":{"other":"{0} გრადუსი"},"short":{"other":"{0}°"},"narrow":{"other":"{0}°"},"perUnit":{}},"hectare":{"long":{"other":"{0} ჰექტარი"},"short":{"other":"{0} ჰა"},"narrow":{"other":"{0} ჰა"},"perUnit":{}},"acre":{"long":{"other":"{0} აკრი"},"short":{"other":"{0} აკრი"},"narrow":{"other":"{0} აკრი"},"perUnit":{}},"percent":{"long":{"other":"{0} პროცენტი"},"short":{"other":"{0}%"},"narrow":{"other":"{0}%"},"perUnit":{}},"liter-per-kilometer":{"long":{"other":"{0} ლიტრი კილომეტრზე"},"short":{"other":"{0} ლ/კმ"},"narrow":{"other":"{0} ლ/კმ"},"perUnit":{}},"mile-per-gallon":{"long":{"other":"{0} მილი გალონზე"},"short":{"other":"{0} მილი/გალ."},"narrow":{"other":"{0} მილი/გალ."},"perUnit":{}},"petabyte":{"long":{"other":"{0} პეტაბაიტი","one":"{0} პბაიტი"},"short":{"other":"{0} პბაიტი"},"narrow":{"other":"{0} პბაიტი"},"perUnit":{}},"terabyte":{"long":{"other":"{0} ტერაბაიტი"},"short":{"other":"{0} ტბაიტი"},"narrow":{"other":"{0} ტბაიტი"},"perUnit":{}},"terabit":{"long":{"other":"{0} ტერაბიტი"},"short":{"other":"{0} ტბიტი"},"narrow":{"other":"{0} ტბიტი"},"perUnit":{}},"gigabyte":{"long":{"other":"{0} გიგაბაიტი"},"short":{"other":"{0} GB"},"narrow":{"other":"{0} GB"},"perUnit":{}},"gigabit":{"long":{"other":"{0} გიგაბიტი"},"short":{"other":"{0} გბიტი"},"narrow":{"other":"{0} გბიტი"},"perUnit":{}},"megabyte":{"long":{"other":"{0} მეგაბაიტი"},"short":{"other":"{0} MB"},"narrow":{"other":"{0} MB"},"perUnit":{}},"megabit":{"long":{"other":"{0} მეგაბიტი"},"short":{"other":"{0} მბიტი"},"narrow":{"other":"{0} მბიტი"},"perUnit":{}},"kilobyte":{"long":{"other":"{0} კილობაიტი"},"short":{"other":"{0} კბაიტი"},"narrow":{"other":"{0} კბაიტი"},"perUnit":{}},"kilobit":{"long":{"other":"{0} კილობიტი"},"short":{"other":"{0} კბიტი"},"narrow":{"other":"{0} კბიტი"},"perUnit":{}},"byte":{"long":{"other":"{0} ბაიტი"},"short":{"other":"{0} ბაიტი"},"narrow":{"other":"{0} ბაიტი"},"perUnit":{}},"bit":{"long":{"other":"{0} ბიტი"},"short":{"other":"{0} ბიტი"},"narrow":{"other":"{0} ბიტი"},"perUnit":{}},"year":{"long":{"other":"{0} წელი"},"short":{"other":"{0} წ"},"narrow":{"other":"{0} წ"},"perUnit":{"long":"{0} წელში","short":"{0}/წ","narrow":"{0}/წ"}},"month":{"long":{"other":"{0} თვე"},"short":{"other":"{0} თვე"},"narrow":{"other":"{0} თვე"},"perUnit":{"long":"{0} თვეში","short":"{0}/თვე","narrow":"{0}/თვე"}},"week":{"long":{"other":"{0} კვირა"},"short":{"other":"{0} კვრ"},"narrow":{"other":"{0} კვრ"},"perUnit":{"long":"{0} კვირაში","short":"{0}/კვრ","narrow":"{0}/კვრ"}},"day":{"long":{"other":"{0} დღე"},"short":{"other":"{0} დღე"},"narrow":{"other":"{0} დღე"},"perUnit":{"long":"{0} დღეში","short":"{0}/დღე","narrow":"{0}/დღე"}},"hour":{"long":{"other":"{0} საათი"},"short":{"other":"{0} სთ"},"narrow":{"other":"{0}სთ"},"perUnit":{"long":"{0} საათში","short":"{0}/სთ","narrow":"{0}/სთ"}},"minute":{"long":{"other":"{0} წუთი"},"short":{"other":"{0} წთ"},"narrow":{"other":"{0}წთ"},"perUnit":{"long":"{0} წუთში","short":"{0}/წთ","narrow":"{0}/წთ"}},"second":{"long":{"other":"{0} წამი"},"short":{"other":"{0} წმ"},"narrow":{"other":"{0}წმ"},"perUnit":{"long":"{0} წამში","short":"{0}/წმ","narrow":"{0}/წმ"}},"millisecond":{"long":{"other":"{0} მილიწამი"},"short":{"other":"{0} მწმ"},"narrow":{"other":"{0} მწმ"},"perUnit":{}},"kilometer":{"long":{"other":"{0} კილომეტრი"},"short":{"other":"{0} კმ"},"narrow":{"other":"{0} კმ"},"perUnit":{"long":"{0} კილომეტრში","short":"{0}/კმ","narrow":"{0}/კმ"}},"meter":{"long":{"other":"{0} მეტრი"},"short":{"other":"{0} მ"},"narrow":{"other":"{0}მ"},"perUnit":{"long":"{0} მეტრში","short":"{0}/მ","narrow":"{0}/მ"}},"centimeter":{"long":{"other":"{0} სანტიმეტრი"},"short":{"other":"{0} სმ"},"narrow":{"other":"{0} სმ"},"perUnit":{"long":"{0} სანტიმეტრში","short":"{0}/სმ","narrow":"{0}/სმ"}},"millimeter":{"long":{"other":"{0} მილიმეტრი"},"short":{"other":"{0} მმ"},"narrow":{"other":"{0} მმ"},"perUnit":{}},"mile":{"long":{"other":"{0} მილი"},"short":{"other":"{0} მილი"},"narrow":{"other":"{0} მილი"},"perUnit":{}},"yard":{"long":{"other":"{0} იარდი"},"short":{"other":"{0} იარდი"},"narrow":{"other":"{0} იარდი"},"perUnit":{}},"foot":{"long":{"other":"{0} ფუტი"},"short":{"other":"{0} ფტ"},"narrow":{"other":"{0} ფტ"},"perUnit":{"long":"{0} ფუტში","short":"{0}/ფტ","narrow":"{0}/ფტ"}},"inch":{"long":{"other":"{0} დუიმი"},"short":{"other":"{0} დუიმი"},"narrow":{"other":"{0} დმ"},"perUnit":{"long":"{0} დუიმში","short":"{0}/დუიმი","narrow":"{0}/დუიმი"}},"mile-scandinavian":{"long":{"other":"{0} სკანდინავიური მილი"},"short":{"other":"{0} სკანდ. მილი"},"narrow":{"other":"{0} სკანდ. მილი"},"perUnit":{}},"kilogram":{"long":{"other":"{0} კილოგრამი"},"short":{"other":"{0} კგ"},"narrow":{"other":"{0}კგ"},"perUnit":{"long":"{0} კილოგრამში","short":"{0}/კგ","narrow":"{0}/კგ"}},"gram":{"long":{"other":"{0} გრამი"},"short":{"other":"{0} გ"},"narrow":{"other":"{0}გ"},"perUnit":{"long":"{0} გრამში","short":"{0}/გ","narrow":"{0}/გ"}},"stone":{"long":{"other":"{0} სტოუნი"},"short":{"other":"{0} სტოუნი"},"narrow":{"other":"{0} სტოუნი"},"perUnit":{}},"pound":{"long":{"other":"{0} ფუნტი"},"short":{"other":"{0} ფნტ"},"narrow":{"other":"{0} ფნტ"},"perUnit":{"long":"{0} ფუნტში","short":"{0}/ფნტ","narrow":"{0}/ფნტ"}},"ounce":{"long":{"other":"{0} უნცია"},"short":{"other":"{0} უნც"},"narrow":{"other":"{0} უნც"},"perUnit":{"long":"{0} უნციაში","short":"{0}/უნც","narrow":"{0}/უნც"}},"kilometer-per-hour":{"long":{"other":"{0} კილომეტრი საათში"},"short":{"other":"{0} კმ/სთ"},"narrow":{"other":"{0} კმ/სთ"},"perUnit":{}},"meter-per-second":{"long":{"other":"{0} მეტრი წამში"},"short":{"other":"{0} მ/წმ"},"narrow":{"other":"{0} მ/წმ"},"perUnit":{}},"mile-per-hour":{"long":{"other":"{0} მილი საათში"},"short":{"other":"{0} მილი/სთ"},"narrow":{"other":"{0} მილი/სთ"},"perUnit":{}},"celsius":{"long":{"other":"{0} გრადუსი ცელსიუსით"},"short":{"other":"{0}°C"},"narrow":{"other":"{0}°C"},"perUnit":{}},"fahrenheit":{"long":{"other":"{0} გრადუსი ფარენჰეიტით"},"short":{"other":"{0}°F"},"narrow":{"other":"{0}°F"},"perUnit":{}},"liter":{"long":{"other":"{0} ლიტრი"},"short":{"other":"{0} ლ"},"narrow":{"other":"{0}ლ"},"perUnit":{"long":"{0} ლიტრში","short":"{0}/ლ","narrow":"{0}/ლ"}},"milliliter":{"long":{"other":"{0} მილილიტრი"},"short":{"other":"{0} მილილ."},"narrow":{"other":"{0} მილილ."},"perUnit":{}},"gallon":{"long":{"other":"{0} გალონი"},"short":{"other":"{0} გალონი"},"narrow":{"other":"{0} გალონი"},"perUnit":{"long":"{0} გალონში","short":"{0}/გალონი","narrow":"{0}/გალონი"}},"fluid-ounce":{"long":{"other":"{0} თხევადი უნცია"},"short":{"other":"{0} თხ. უნცია"},"narrow":{"other":"{0} თხ. უნცია"},"perUnit":{}}},"compound":{"per":{"long":"{0}/{1}","short":"{0}/{1}","narrow":"{0}/{1}"}}},"currencies":{"ADP":{"displayName":{"other":"ანდორული პესეტა"},"symbol":"ADP","narrow":"ADP"},"AED":{"displayName":{"other":"არაბთა გაერთიანებული საამიროების დირჰამი"},"symbol":"AED","narrow":"AED"},"AFA":{"displayName":{"other":"ავღანი (1927–2002)"},"symbol":"AFA","narrow":"AFA"},"AFN":{"displayName":{"other":"ავღანური ავღანი"},"symbol":"AFN","narrow":"؋"},"ALK":{"displayName":{"other":"ALK"},"symbol":"ALK","narrow":"ALK"},"ALL":{"displayName":{"other":"ალბანური ლეკი"},"symbol":"ALL","narrow":"ALL"},"AMD":{"displayName":{"other":"სომხური დრამი"},"symbol":"AMD","narrow":"֏"},"ANG":{"displayName":{"other":"ნიდრელანდების ანტილიის გულდენი"},"symbol":"ANG","narrow":"ANG"},"AOA":{"displayName":{"other":"ანგოლური კვანზა"},"symbol":"AOA","narrow":"Kz"},"AOK":{"displayName":{"other":"ანგოლური კვანზა (1977–1990)"},"symbol":"AOK","narrow":"AOK"},"AON":{"displayName":{"other":"ანგოლური ახალი კვანზა (1990–2000)"},"symbol":"AON","narrow":"AON"},"AOR":{"displayName":{"other":"ანგოლური მიტოლებული კვანზა (1995–1999)"},"symbol":"AOR","narrow":"AOR"},"ARA":{"displayName":{"other":"არგენტინული აუსტრალი"},"symbol":"ARA","narrow":"ARA"},"ARL":{"displayName":{"other":"ARL"},"symbol":"ARL","narrow":"ARL"},"ARM":{"displayName":{"other":"ARM"},"symbol":"ARM","narrow":"ARM"},"ARP":{"displayName":{"other":"არგენტინული პესო (1983–1985)"},"symbol":"ARP","narrow":"ARP"},"ARS":{"displayName":{"other":"არგენტინული პესო"},"symbol":"ARS","narrow":"$"},"ATS":{"displayName":{"other":"ავსტრიული შილინგი"},"symbol":"ATS","narrow":"ATS"},"AUD":{"displayName":{"other":"ავსტრალიური დოლარი"},"symbol":"AUD","narrow":"$"},"AWG":{"displayName":{"other":"არუბანული გულდენი"},"symbol":"AWG","narrow":"AWG"},"AZM":{"displayName":{"other":"აზერბაიჯანული მანათი (1993–2006)"},"symbol":"AZM","narrow":"AZM"},"AZN":{"displayName":{"other":"აზერბაიჯანული მანათი"},"symbol":"AZN","narrow":"₼"},"BAD":{"displayName":{"other":"ბოსნია-ჰერცოგოვინას დინარი"},"symbol":"BAD","narrow":"BAD"},"BAM":{"displayName":{"other":"ბოსნია და ჰერცოგოვინას კონვერტირებადი მარკა"},"symbol":"BAM","narrow":"KM"},"BAN":{"displayName":{"other":"BAN"},"symbol":"BAN","narrow":"BAN"},"BBD":{"displayName":{"other":"ბარბადოსული დოლარი"},"symbol":"BBD","narrow":"$"},"BDT":{"displayName":{"other":"ბანგლადეშური ტაკა"},"symbol":"BDT","narrow":"৳"},"BEC":{"displayName":{"other":"ბელგიური ფრანკი (კოვერტირებადი)"},"symbol":"BEC","narrow":"BEC"},"BEF":{"displayName":{"other":"ბელგიური ფრანკი"},"symbol":"BEF","narrow":"BEF"},"BEL":{"displayName":{"other":"ბელგიური ფრანკი (ფინანსური)"},"symbol":"BEL","narrow":"BEL"},"BGL":{"displayName":{"other":"ბულგარული მყარი ლევი"},"symbol":"BGL","narrow":"BGL"},"BGM":{"displayName":{"other":"BGM"},"symbol":"BGM","narrow":"BGM"},"BGN":{"displayName":{"other":"ბულგარული ლევი"},"symbol":"BGN","narrow":"BGN"},"BGO":{"displayName":{"other":"BGO"},"symbol":"BGO","narrow":"BGO"},"BHD":{"displayName":{"other":"ბაჰრეინული დინარი"},"symbol":"BHD","narrow":"BHD"},"BIF":{"displayName":{"other":"ბურუნდიული ფრანკი"},"symbol":"BIF","narrow":"BIF"},"BMD":{"displayName":{"other":"ბერმუდული დოლარი"},"symbol":"BMD","narrow":"$"},"BND":{"displayName":{"other":"ბრუნეული დოლარი"},"symbol":"BND","narrow":"$"},"BOB":{"displayName":{"other":"ბოლივიური ბოლივიანო"},"symbol":"BOB","narrow":"Bs"},"BOL":{"displayName":{"other":"BOL"},"symbol":"BOL","narrow":"BOL"},"BOP":{"displayName":{"other":"ბოლივიური პესო"},"symbol":"BOP","narrow":"BOP"},"BOV":{"displayName":{"other":"BOV"},"symbol":"BOV","narrow":"BOV"},"BRB":{"displayName":{"other":"ბრაზილიური კრუზეირო ნოვო (1967–1986)"},"symbol":"BRB","narrow":"BRB"},"BRC":{"displayName":{"other":"ბრაზილიური კრუზადო"},"symbol":"BRC","narrow":"BRC"},"BRE":{"displayName":{"other":"ბრაზილიური კრუზეირო (1990–1993)"},"symbol":"BRE","narrow":"BRE"},"BRL":{"displayName":{"other":"ბრაზილიური რეალი"},"symbol":"R$","narrow":"R$"},"BRN":{"displayName":{"other":"ბრაზილიური კრუზადო ნოვო"},"symbol":"BRN","narrow":"BRN"},"BRR":{"displayName":{"other":"ბრაზილიური კრუზეირო"},"symbol":"BRR","narrow":"BRR"},"BRZ":{"displayName":{"other":"BRZ"},"symbol":"BRZ","narrow":"BRZ"},"BSD":{"displayName":{"other":"ბაჰამური დოლარი"},"symbol":"BSD","narrow":"$"},"BTN":{"displayName":{"other":"ბუტანური ნგულტრუმი"},"symbol":"BTN","narrow":"BTN"},"BUK":{"displayName":{"other":"BUK"},"symbol":"BUK","narrow":"BUK"},"BWP":{"displayName":{"other":"ბოცვანური პულა"},"symbol":"BWP","narrow":"P"},"BYB":{"displayName":{"other":"ახალი ბელარუსიული რუბლი (1994–1999)"},"symbol":"BYB","narrow":"BYB"},"BYN":{"displayName":{"other":"ბელორუსული რუბლი"},"symbol":"BYN","narrow":"р."},"BYR":{"displayName":{"other":"ბელორუსული რუბლი (2000–2016)"},"symbol":"BYR","narrow":"BYR"},"BZD":{"displayName":{"other":"ბელიზის დოლარი"},"symbol":"BZD","narrow":"$"},"CAD":{"displayName":{"other":"კანადური დოლარი"},"symbol":"CA$","narrow":"$"},"CDF":{"displayName":{"other":"კონგოს ფრანკი"},"symbol":"CDF","narrow":"CDF"},"CHE":{"displayName":{"other":"CHE"},"symbol":"CHE","narrow":"CHE"},"CHF":{"displayName":{"other":"შვეიცარიული ფრანკი"},"symbol":"CHF","narrow":"CHF"},"CHW":{"displayName":{"other":"CHW"},"symbol":"CHW","narrow":"CHW"},"CLE":{"displayName":{"other":"CLE"},"symbol":"CLE","narrow":"CLE"},"CLF":{"displayName":{"other":"CLF"},"symbol":"CLF","narrow":"CLF"},"CLP":{"displayName":{"other":"ჩილეს პესო"},"symbol":"CLP","narrow":"$"},"CNH":{"displayName":{"other":"ჩინური იუანი (ოფშორი)"},"symbol":"CNH","narrow":"CNH"},"CNX":{"displayName":{"other":"CNX"},"symbol":"CNX","narrow":"CNX"},"CNY":{"displayName":{"other":"ჩინური უანი"},"symbol":"CNY","narrow":"¥"},"COP":{"displayName":{"other":"კოლუმბიური პესო"},"symbol":"COP","narrow":"$"},"COU":{"displayName":{"other":"COU"},"symbol":"COU","narrow":"COU"},"CRC":{"displayName":{"other":"კოსტა რიკული კოლონი","one":"კოსტა-რიკული კოლონი"},"symbol":"CRC","narrow":"₡"},"CSD":{"displayName":{"other":"ძველი სერბიული დინარი"},"symbol":"CSD","narrow":"CSD"},"CSK":{"displayName":{"other":"ჩეხოსლოვაკიის მყარი კრონა"},"symbol":"CSK","narrow":"CSK"},"CUC":{"displayName":{"other":"კუბური კონვერტირებადი პესო"},"symbol":"CUC","narrow":"$"},"CUP":{"displayName":{"other":"კუბური პესო"},"symbol":"CUP","narrow":"$"},"CVE":{"displayName":{"other":"კაბო-ვერდეს ესკუდო"},"symbol":"CVE","narrow":"CVE"},"CYP":{"displayName":{"other":"კვიპროსის გირვანქა"},"symbol":"CYP","narrow":"CYP"},"CZK":{"displayName":{"other":"ჩეხური კრონა"},"symbol":"CZK","narrow":"Kč"},"DDM":{"displayName":{"other":"აღმოსავლეთ გერმანული მარკა"},"symbol":"DDM","narrow":"DDM"},"DEM":{"displayName":{"other":"გერმანული მარკა"},"symbol":"DEM","narrow":"DEM"},"DJF":{"displayName":{"other":"ჯიბუტის ფრანკი"},"symbol":"DJF","narrow":"DJF"},"DKK":{"displayName":{"other":"დანიური კრონა"},"symbol":"DKK","narrow":"kr"},"DOP":{"displayName":{"other":"დომინიკური პესო"},"symbol":"DOP","narrow":"$"},"DZD":{"displayName":{"other":"ალჟირული დინარი"},"symbol":"DZD","narrow":"DZD"},"ECS":{"displayName":{"other":"ECS"},"symbol":"ECS","narrow":"ECS"},"ECV":{"displayName":{"other":"ECV"},"symbol":"ECV","narrow":"ECV"},"EEK":{"displayName":{"other":"ესტონური კრუნა"},"symbol":"EEK","narrow":"EEK"},"EGP":{"displayName":{"other":"ეგვიპტური გირვანქა"},"symbol":"EGP","narrow":"E£"},"ERN":{"displayName":{"other":"ერიტრეის ნაკფა"},"symbol":"ERN","narrow":"ERN"},"ESA":{"displayName":{"other":"ESA"},"symbol":"ESA","narrow":"ESA"},"ESB":{"displayName":{"other":"ESB"},"symbol":"ESB","narrow":"ESB"},"ESP":{"displayName":{"other":"ესპანური პესეტა"},"symbol":"ESP","narrow":"₧"},"ETB":{"displayName":{"other":"ეთიოპიური ბირი"},"symbol":"ETB","narrow":"ETB"},"EUR":{"displayName":{"other":"ევრო"},"symbol":"€","narrow":"€"},"FIM":{"displayName":{"other":"ფინური მარკა"},"symbol":"FIM","narrow":"FIM"},"FJD":{"displayName":{"other":"ფიჯის დოლარი"},"symbol":"FJD","narrow":"$"},"FKP":{"displayName":{"other":"ფოლკლენდის კუნძულების ფუნტი"},"symbol":"FKP","narrow":"£"},"FRF":{"displayName":{"other":"ფრანგული ფრანკი"},"symbol":"FRF","narrow":"FRF"},"GBP":{"displayName":{"other":"ბრიტანული გირვანქა სტერლინგი"},"symbol":"£","narrow":"£"},"GEK":{"displayName":{"other":"ქართული კუპონი ლარით"},"symbol":"GEK","narrow":"GEK"},"GEL":{"displayName":{"other":"ქართული ლარი"},"symbol":"₾","narrow":"₾"},"GHC":{"displayName":{"other":"GHC"},"symbol":"GHC","narrow":"GHC"},"GHS":{"displayName":{"other":"განური სედი"},"symbol":"GHS","narrow":"GH₵"},"GIP":{"displayName":{"other":"გიბრალტარული ფუნტი"},"symbol":"GIP","narrow":"£"},"GMD":{"displayName":{"other":"გამბიური დალასი"},"symbol":"GMD","narrow":"GMD"},"GNF":{"displayName":{"other":"გვინეური ფრანკი"},"symbol":"GNF","narrow":"FG"},"GNS":{"displayName":{"other":"GNS"},"symbol":"GNS","narrow":"GNS"},"GQE":{"displayName":{"other":"GQE"},"symbol":"GQE","narrow":"GQE"},"GRD":{"displayName":{"other":"ბერძნული დრაჰმა"},"symbol":"GRD","narrow":"GRD"},"GTQ":{"displayName":{"other":"გვატემალური კეტსალი"},"symbol":"GTQ","narrow":"Q"},"GWE":{"displayName":{"other":"პორტუგალიური გინეა ესკუდო"},"symbol":"GWE","narrow":"GWE"},"GWP":{"displayName":{"other":"GWP"},"symbol":"GWP","narrow":"GWP"},"GYD":{"displayName":{"other":"გაიანური დოლარი"},"symbol":"GYD","narrow":"$"},"HKD":{"displayName":{"other":"ჰონკონგის დოლარი"},"symbol":"HKD","narrow":"$"},"HNL":{"displayName":{"other":"ჰონდურასული ლემპირა"},"symbol":"HNL","narrow":"L"},"HRD":{"displayName":{"other":"ხორვატიული დინარი"},"symbol":"HRD","narrow":"HRD"},"HRK":{"displayName":{"other":"ხორვატული კუნა"},"symbol":"HRK","narrow":"kn"},"HTG":{"displayName":{"other":"ჰაიტური გურდი"},"symbol":"HTG","narrow":"HTG"},"HUF":{"displayName":{"other":"უნგრული ფორინტი"},"symbol":"HUF","narrow":"Ft"},"IDR":{"displayName":{"other":"ინდონეზიური რუპია"},"symbol":"IDR","narrow":"Rp"},"IEP":{"displayName":{"other":"ირლანდიური გირვანქა"},"symbol":"IEP","narrow":"IEP"},"ILP":{"displayName":{"other":"ILP"},"symbol":"ILP","narrow":"ILP"},"ILR":{"displayName":{"other":"ILR"},"symbol":"ILR","narrow":"ILR"},"ILS":{"displayName":{"other":"ისრაელის ახალი შეკელი"},"symbol":"ILS","narrow":"₪"},"INR":{"displayName":{"other":"ინდური რუპია"},"symbol":"INR","narrow":"₹"},"IQD":{"displayName":{"other":"ერაყული დინარი"},"symbol":"IQD","narrow":"IQD"},"IRR":{"displayName":{"other":"ირანული რიალი"},"symbol":"IRR","narrow":"IRR"},"ISJ":{"displayName":{"other":"ISJ"},"symbol":"ISJ","narrow":"ISJ"},"ISK":{"displayName":{"other":"ისლანდიური კრონა"},"symbol":"ISK","narrow":"kr"},"ITL":{"displayName":{"other":"იტალიური ლირა"},"symbol":"ITL","narrow":"ITL"},"JMD":{"displayName":{"other":"იამაიკური დოლარი"},"symbol":"JMD","narrow":"$"},"JOD":{"displayName":{"other":"იორდანიული დოლარი"},"symbol":"JOD","narrow":"JOD"},"JPY":{"displayName":{"other":"იაპონური იენი"},"symbol":"JPY","narrow":"¥"},"KES":{"displayName":{"other":"კენიური შილინგი"},"symbol":"KES","narrow":"KES"},"KGS":{"displayName":{"other":"ყირგიზული სომი"},"symbol":"KGS","narrow":"KGS"},"KHR":{"displayName":{"other":"კამბოჯური რიელი"},"symbol":"KHR","narrow":"៛"},"KMF":{"displayName":{"other":"კომორული ფრანკი"},"symbol":"KMF","narrow":"CF"},"KPW":{"displayName":{"other":"ჩრდილოეთ კორეული ვონი"},"symbol":"KPW","narrow":"₩"},"KRH":{"displayName":{"other":"KRH"},"symbol":"KRH","narrow":"KRH"},"KRO":{"displayName":{"other":"KRO"},"symbol":"KRO","narrow":"KRO"},"KRW":{"displayName":{"other":"სამხრეთ კორეული ვონი"},"symbol":"KRW","narrow":"₩"},"KWD":{"displayName":{"other":"ქუვეითური დინარი"},"symbol":"KWD","narrow":"KWD"},"KYD":{"displayName":{"other":"კაიმანის კუნძულების დოლარი"},"symbol":"KYD","narrow":"$"},"KZT":{"displayName":{"other":"ყაზახური ტენგე"},"symbol":"KZT","narrow":"₸"},"LAK":{"displayName":{"other":"ლაოსური კიპი"},"symbol":"LAK","narrow":"₭"},"LBP":{"displayName":{"other":"ლიბანური ფუნტი"},"symbol":"LBP","narrow":"L£"},"LKR":{"displayName":{"other":"შრი-ლანკური რუპია"},"symbol":"LKR","narrow":"Rs"},"LRD":{"displayName":{"other":"ლიბერიული დოლარი"},"symbol":"LRD","narrow":"$"},"LSL":{"displayName":{"other":"LSL"},"symbol":"LSL","narrow":"LSL"},"LTL":{"displayName":{"other":"ლიტვური ლიტა"},"symbol":"LTL","narrow":"Lt"},"LTT":{"displayName":{"other":"ლიტვური ტალონი"},"symbol":"LTT","narrow":"LTT"},"LUC":{"displayName":{"other":"ლუქსემბურგის კონვერტირებადი ფრანკი"},"symbol":"LUC","narrow":"LUC"},"LUF":{"displayName":{"other":"ლუქსემბურგის ფრანკი"},"symbol":"LUF","narrow":"LUF"},"LUL":{"displayName":{"other":"ლუქსემბურგის ფინანსური ფრანკი"},"symbol":"LUL","narrow":"LUL"},"LVL":{"displayName":{"other":"ლატვიური ლატი"},"symbol":"LVL","narrow":"Ls"},"LVR":{"displayName":{"other":"ლატვიური რუბლი"},"symbol":"LVR","narrow":"LVR"},"LYD":{"displayName":{"other":"ლიბიური დინარი"},"symbol":"LYD","narrow":"LYD"},"MAD":{"displayName":{"other":"მაროკოს დირჰამი"},"symbol":"MAD","narrow":"MAD"},"MAF":{"displayName":{"other":"მაროკოს ფრანკი"},"symbol":"MAF","narrow":"MAF"},"MCF":{"displayName":{"other":"MCF"},"symbol":"MCF","narrow":"MCF"},"MDC":{"displayName":{"other":"MDC"},"symbol":"MDC","narrow":"MDC"},"MDL":{"displayName":{"other":"მოლდოვური ლეუ"},"symbol":"MDL","narrow":"MDL"},"MGA":{"displayName":{"other":"მადაგასკარის არიარი"},"symbol":"MGA","narrow":"Ar"},"MGF":{"displayName":{"other":"მადაგასკარის ფრანკი"},"symbol":"MGF","narrow":"MGF"},"MKD":{"displayName":{"other":"მაკედონიური დინარი"},"symbol":"MKD","narrow":"MKD"},"MKN":{"displayName":{"other":"MKN"},"symbol":"MKN","narrow":"MKN"},"MLF":{"displayName":{"other":"მალის ფრანკი"},"symbol":"MLF","narrow":"MLF"},"MMK":{"displayName":{"other":"მიანმარის კიატი"},"symbol":"MMK","narrow":"K"},"MNT":{"displayName":{"other":"მონღოლური ტუგრიკი"},"symbol":"MNT","narrow":"₮"},"MOP":{"displayName":{"other":"მაკაუს პატაკა"},"symbol":"MOP","narrow":"MOP"},"MRO":{"displayName":{"other":"მავრიტანული უგია (1973–2017)"},"symbol":"MRO","narrow":"MRO"},"MRU":{"displayName":{"other":"მავრიტანული უგია"},"symbol":"MRU","narrow":"MRU"},"MTL":{"displayName":{"other":"მალტის ლირა"},"symbol":"MTL","narrow":"MTL"},"MTP":{"displayName":{"other":"მალტის გირვანქა"},"symbol":"MTP","narrow":"MTP"},"MUR":{"displayName":{"other":"მავრიტანული რუპია"},"symbol":"MUR","narrow":"Rs"},"MVP":{"displayName":{"other":"MVP"},"symbol":"MVP","narrow":"MVP"},"MVR":{"displayName":{"other":"მალდივური რუფია"},"symbol":"MVR","narrow":"MVR"},"MWK":{"displayName":{"other":"მალავიური კვაჩა"},"symbol":"MWK","narrow":"MWK"},"MXN":{"displayName":{"other":"მექსიკური პესო"},"symbol":"MX$","narrow":"$"},"MXP":{"displayName":{"other":"მექსიკური ვერცხლის პესო (1861–1992)"},"symbol":"MXP","narrow":"MXP"},"MXV":{"displayName":{"other":"MXV"},"symbol":"MXV","narrow":"MXV"},"MYR":{"displayName":{"other":"მალაიზიური რინგიტი"},"symbol":"MYR","narrow":"RM"},"MZE":{"displayName":{"other":"მოზამბიკური ესკუდო"},"symbol":"MZE","narrow":"MZE"},"MZM":{"displayName":{"other":"ძველი მოზამბიკური მეტიკალი"},"symbol":"MZM","narrow":"MZM"},"MZN":{"displayName":{"other":"მოზამბიკური მეტიკალი"},"symbol":"MZN","narrow":"MZN"},"NAD":{"displayName":{"other":"ნამიბიური დოლარი"},"symbol":"NAD","narrow":"$"},"NGN":{"displayName":{"other":"ნიგერიული ნაირა"},"symbol":"NGN","narrow":"₦"},"NIC":{"displayName":{"other":"ნიკარაგუას კორდობა"},"symbol":"NIC","narrow":"NIC"},"NIO":{"displayName":{"other":"ნიკარაგუას ოქროს კორდობა"},"symbol":"NIO","narrow":"C$"},"NLG":{"displayName":{"other":"ჰოლანდიური გულდენი"},"symbol":"NLG","narrow":"NLG"},"NOK":{"displayName":{"other":"ნორვეგიული კრონა"},"symbol":"NOK","narrow":"kr"},"NPR":{"displayName":{"other":"ნეპალური რუპია"},"symbol":"NPR","narrow":"Rs"},"NZD":{"displayName":{"other":"ახალი ზელანდიის დოლარი"},"symbol":"NZD","narrow":"$"},"OMR":{"displayName":{"other":"ომანის რიალი"},"symbol":"OMR","narrow":"OMR"},"PAB":{"displayName":{"other":"პანამური ბალბოა"},"symbol":"PAB","narrow":"PAB"},"PEI":{"displayName":{"other":"პერუს ინტი"},"symbol":"PEI","narrow":"PEI"},"PEN":{"displayName":{"other":"პერუს სოლი"},"symbol":"PEN","narrow":"PEN"},"PES":{"displayName":{"other":"პერუს სოლი (1863–1965)"},"symbol":"PES","narrow":"PES"},"PGK":{"displayName":{"other":"პაპუა-ახალი გვინეის კინა"},"symbol":"PGK","narrow":"PGK"},"PHP":{"displayName":{"other":"ფილიპინური პესო"},"symbol":"PHP","narrow":"₱"},"PKR":{"displayName":{"other":"პაკისტანური რუპია"},"symbol":"PKR","narrow":"Rs"},"PLN":{"displayName":{"other":"პოლონური ზლოტი"},"symbol":"PLN","narrow":"zł"},"PLZ":{"displayName":{"other":"პოლონური ზლოტი (1950–1995)"},"symbol":"PLZ","narrow":"PLZ"},"PTE":{"displayName":{"other":"პორტუგალიური ესკუდო"},"symbol":"PTE","narrow":"PTE"},"PYG":{"displayName":{"other":"პარაგვაული გუარანი"},"symbol":"PYG","narrow":"₲"},"QAR":{"displayName":{"other":"კატარის რიალი"},"symbol":"QAR","narrow":"QAR"},"RHD":{"displayName":{"other":"როდეზიული დოლარი"},"symbol":"RHD","narrow":"RHD"},"ROL":{"displayName":{"other":"ძველი რუმინული ლეუ"},"symbol":"ROL","narrow":"ROL"},"RON":{"displayName":{"other":"რუმინული ლეუ"},"symbol":"RON","narrow":"lei"},"RSD":{"displayName":{"other":"სერბული დინარი"},"symbol":"RSD","narrow":"RSD"},"RUB":{"displayName":{"other":"რუსული რუბლი"},"symbol":"RUB","narrow":"₽"},"RUR":{"displayName":{"other":"რუსული რუბლი (1991–1998)"},"symbol":"RUR","narrow":"р."},"RWF":{"displayName":{"other":"რუანდული ფრანკი"},"symbol":"RWF","narrow":"RF"},"SAR":{"displayName":{"other":"საუდის არაბეთის რიალი"},"symbol":"SAR","narrow":"SAR"},"SBD":{"displayName":{"other":"სოლომონის კუნძულების დოლარი"},"symbol":"SBD","narrow":"$"},"SCR":{"displayName":{"other":"სეიშელური რუპია"},"symbol":"SCR","narrow":"SCR"},"SDD":{"displayName":{"other":"სუდანის დინარი"},"symbol":"SDD","narrow":"SDD"},"SDG":{"displayName":{"other":"სუდანური ფუნტი"},"symbol":"SDG","narrow":"SDG"},"SDP":{"displayName":{"other":"სუდანის გირვანქა"},"symbol":"SDP","narrow":"SDP"},"SEK":{"displayName":{"other":"შვედური კრონა"},"symbol":"SEK","narrow":"kr"},"SGD":{"displayName":{"other":"სინგაპურის დოლარი"},"symbol":"SGD","narrow":"$"},"SHP":{"displayName":{"other":"წმ. ელენეს კუნძულის ფუნტი"},"symbol":"SHP","narrow":"£"},"SIT":{"displayName":{"other":"SIT"},"symbol":"SIT","narrow":"SIT"},"SKK":{"displayName":{"other":"SKK"},"symbol":"SKK","narrow":"SKK"},"SLL":{"displayName":{"other":"სიერა-ლეონეს ლეონე"},"symbol":"SLL","narrow":"SLL"},"SOS":{"displayName":{"other":"სომალური შილინგი"},"symbol":"SOS","narrow":"SOS"},"SRD":{"displayName":{"other":"სურინამული დოლარი"},"symbol":"SRD","narrow":"$"},"SRG":{"displayName":{"other":"სურინამის გულდენი"},"symbol":"SRG","narrow":"SRG"},"SSP":{"displayName":{"other":"სამხრეთ სუდანური ფუნტი"},"symbol":"SSP","narrow":"£"},"STD":{"displayName":{"other":"სან-ტომე და პრინსიპის დობრა (1977–2017)"},"symbol":"STD","narrow":"STD"},"STN":{"displayName":{"other":"სან-ტომე და პრინსიპის დობრა"},"symbol":"STN","narrow":"Db"},"SUR":{"displayName":{"other":"საბჭოთა რუბლი"},"symbol":"SUR","narrow":"SUR"},"SVC":{"displayName":{"other":"SVC"},"symbol":"SVC","narrow":"SVC"},"SYP":{"displayName":{"other":"სირიული გირვანქა"},"symbol":"SYP","narrow":"£"},"SZL":{"displayName":{"other":"სვაზილენდის ლილანგენი"},"symbol":"SZL","narrow":"SZL"},"THB":{"displayName":{"other":"ტაილანდური ბატი"},"symbol":"THB","narrow":"฿"},"TJR":{"displayName":{"other":"ტაჯიკური რუბლი"},"symbol":"TJR","narrow":"TJR"},"TJS":{"displayName":{"other":"ტაჯიკური სომონი"},"symbol":"TJS","narrow":"TJS"},"TMM":{"displayName":{"other":"თურქმენული მანათი"},"symbol":"TMM","narrow":"TMM"},"TMT":{"displayName":{"other":"თურქმენეთის მანათი"},"symbol":"TMT","narrow":"TMT"},"TND":{"displayName":{"other":"ტუნისის დინარი"},"symbol":"TND","narrow":"TND"},"TOP":{"displayName":{"other":"ტონგანური პაანგა"},"symbol":"TOP","narrow":"T$"},"TPE":{"displayName":{"other":"TPE"},"symbol":"TPE","narrow":"TPE"},"TRL":{"displayName":{"other":"თურქული ლირა"},"symbol":"TRL","narrow":"TRL"},"TRY":{"displayName":{"other":"ახალი თურქული ლირა"},"symbol":"TRY","narrow":"₺"},"TTD":{"displayName":{"other":"ტრინიდად და ტობაგოს დოლარი"},"symbol":"TTD","narrow":"$"},"TWD":{"displayName":{"other":"ტაივანური ახალი დოლარი"},"symbol":"NT$","narrow":"NT$"},"TZS":{"displayName":{"other":"ტანზანიური შილინგი"},"symbol":"TZS","narrow":"TZS"},"UAH":{"displayName":{"other":"უკრაინული გრივნა"},"symbol":"UAH","narrow":"₴"},"UAK":{"displayName":{"other":"უკრაინული კარბოვანეცი"},"symbol":"UAK","narrow":"UAK"},"UGS":{"displayName":{"other":"უგანდური შილინგი (1966–1987)"},"symbol":"UGS","narrow":"UGS"},"UGX":{"displayName":{"other":"უგანდური შილინგი"},"symbol":"UGX","narrow":"UGX"},"USD":{"displayName":{"other":"აშშ დოლარი"},"symbol":"US$","narrow":"$"},"USN":{"displayName":{"other":"აშშ დოლარი (შემდეგი დღე)"},"symbol":"USN","narrow":"USN"},"USS":{"displayName":{"other":"აშშ დოლარი (იგივე დღე)"},"symbol":"USS","narrow":"USS"},"UYI":{"displayName":{"other":"UYI"},"symbol":"UYI","narrow":"UYI"},"UYP":{"displayName":{"other":"ურუგვაის პესო (1975–1993)"},"symbol":"UYP","narrow":"UYP"},"UYU":{"displayName":{"other":"ურუგვაის პესო"},"symbol":"UYU","narrow":"$"},"UYW":{"displayName":{"other":"UYW"},"symbol":"UYW","narrow":"UYW"},"UZS":{"displayName":{"other":"უზბეკური სუმი"},"symbol":"UZS","narrow":"UZS"},"VEB":{"displayName":{"other":"ვენესუელის ბოლივარი (1871–2008)"},"symbol":"VEB","narrow":"VEB"},"VEF":{"displayName":{"other":"ვენესუელის ბოლივარი (2008–2018)"},"symbol":"VEF","narrow":"Bs"},"VES":{"displayName":{"other":"ვენესუელის ბოლივარი"},"symbol":"VES","narrow":"VES"},"VND":{"displayName":{"other":"ვიეტნამური დონგი"},"symbol":"VND","narrow":"₫"},"VNN":{"displayName":{"other":"VNN"},"symbol":"VNN","narrow":"VNN"},"VUV":{"displayName":{"other":"ვანატუს ვატუ"},"symbol":"VUV","narrow":"VUV"},"WST":{"displayName":{"other":"სამოური ტალა","one":"დასავლეთ სამოას ტალა"},"symbol":"WST","narrow":"WST"},"XAF":{"displayName":{"other":"ცენტრალურ აფრიკული CFA ფრანკი"},"symbol":"FCFA","narrow":"FCFA"},"XAG":{"displayName":{"other":"ვერცხლი"},"symbol":"XAG","narrow":"XAG"},"XAU":{"displayName":{"other":"XAU"},"symbol":"XAU","narrow":"XAU"},"XBA":{"displayName":{"other":"ევროპული კომპპოზიტური ერთეული"},"symbol":"XBA","narrow":"XBA"},"XBB":{"displayName":{"other":"ევროპული ფულადი ერთეული"},"symbol":"XBB","narrow":"XBB"},"XBC":{"displayName":{"other":"XBC"},"symbol":"XBC","narrow":"XBC"},"XBD":{"displayName":{"other":"XBD"},"symbol":"XBD","narrow":"XBD"},"XCD":{"displayName":{"other":"აღმოსავლეთ კარიბიული დოლარი"},"symbol":"EC$","narrow":"$"},"XDR":{"displayName":{"other":"XDR"},"symbol":"XDR","narrow":"XDR"},"XEU":{"displayName":{"other":"ევროპული სავალუტო ერთეული"},"symbol":"XEU","narrow":"XEU"},"XFO":{"displayName":{"other":"ფრანგული ოქროს ფრანკი"},"symbol":"XFO","narrow":"XFO"},"XFU":{"displayName":{"other":"XFU"},"symbol":"XFU","narrow":"XFU"},"XOF":{"displayName":{"other":"დასავლეთ აფრიკული CFA ფრანკი"},"symbol":"F CFA","narrow":"F CFA"},"XPD":{"displayName":{"other":"XPD"},"symbol":"XPD","narrow":"XPD"},"XPF":{"displayName":{"other":"CFP ფრანკი"},"symbol":"CFPF","narrow":"CFPF"},"XPT":{"displayName":{"other":"XPT"},"symbol":"XPT","narrow":"XPT"},"XRE":{"displayName":{"other":"XRE"},"symbol":"XRE","narrow":"XRE"},"XSU":{"displayName":{"other":"XSU"},"symbol":"XSU","narrow":"XSU"},"XTS":{"displayName":{"other":"XTS"},"symbol":"XTS","narrow":"XTS"},"XUA":{"displayName":{"other":"XUA"},"symbol":"XUA","narrow":"XUA"},"XXX":{"displayName":{"other":"(უცნობი ვალუტა)","one":"(ვალუტის უცნობი ერთეული)"},"symbol":"¤","narrow":"¤"},"YDD":{"displayName":{"other":"იემენის დინარი"},"symbol":"YDD","narrow":"YDD"},"YER":{"displayName":{"other":"იემენის რეალი"},"symbol":"YER","narrow":"YER"},"YUD":{"displayName":{"other":"იუგოსლავიური მყარი დინარი"},"symbol":"YUD","narrow":"YUD"},"YUM":{"displayName":{"other":"იუგოსლავიური ახალი დინარი"},"symbol":"YUM","narrow":"YUM"},"YUN":{"displayName":{"other":"იუგოსლავიური კონვერტირებადი დინარი"},"symbol":"YUN","narrow":"YUN"},"YUR":{"displayName":{"other":"YUR"},"symbol":"YUR","narrow":"YUR"},"ZAL":{"displayName":{"other":"ZAL"},"symbol":"ZAL","narrow":"ZAL"},"ZAR":{"displayName":{"other":"სამხრეთ აფრიკული რანდი"},"symbol":"ZAR","narrow":"R"},"ZMK":{"displayName":{"other":"ზამბიური კვაჭა (1968–2012)"},"symbol":"ZMK","narrow":"ZMK"},"ZMW":{"displayName":{"other":"ზამბიური კვაჭა"},"symbol":"ZMW","narrow":"ZK"},"ZRN":{"displayName":{"other":"ზაირის ახალი ზაირი"},"symbol":"ZRN","narrow":"ZRN"},"ZRZ":{"displayName":{"other":"ზაირის ზაირი"},"symbol":"ZRZ","narrow":"ZRZ"},"ZWD":{"displayName":{"other":"ზიმბაბვეს დოლარი"},"symbol":"ZWD","narrow":"ZWD"},"ZWL":{"displayName":{"other":"ZWL"},"symbol":"ZWL","narrow":"ZWL"},"ZWR":{"displayName":{"other":"ZWR"},"symbol":"ZWR","narrow":"ZWR"}},"numbers":{"nu":["latn"],"symbols":{"latn":{"decimal":",","group":" ","list":";","percentSign":"%","plusSign":"+","minusSign":"-","approximatelySign":"≈","exponential":"E","superscriptingExponent":"×","perMille":"‰","infinity":"∞","nan":"არ არის რიცხვი","timeSeparator":":"}},"percent":{"latn":"#,##0%"},"decimal":{"latn":{"standard":"#,##0.###","long":{"1000":{"other":"0 ათასი"},"10000":{"other":"00 ათასი"},"100000":{"other":"000 ათასი"},"1000000":{"other":"0 მილიონი"},"10000000":{"other":"00 მილიონი"},"100000000":{"other":"000 მილიონი"},"1000000000":{"other":"0 მილიარდი"},"10000000000":{"other":"00 მილიარდი"},"100000000000":{"other":"000 მილიარდი"},"1000000000000":{"other":"0 ტრილიონი"},"10000000000000":{"other":"00 ტრილიონი"},"100000000000000":{"other":"000 ტრილიონი"}},"short":{"1000":{"other":"0 ათ'.'"},"10000":{"other":"00 ათ'.'"},"100000":{"other":"000 ათ'.'"},"1000000":{"other":"0 მლნ'.'"},"10000000":{"other":"00 მლნ'.'"},"100000000":{"other":"000 მლნ'.'"},"1000000000":{"other":"0 მლრდ'.'"},"10000000000":{"other":"00 მლრდ'.'"},"100000000000":{"other":"000 მლრ'.'"},"1000000000000":{"other":"0 ტრლ'.'"},"10000000000000":{"other":"00 ტრლ'.'"},"100000000000000":{"other":"000 ტრლ'.'"}}}},"currency":{"latn":{"currencySpacing":{"beforeInsertBetween":" ","afterInsertBetween":" "},"standard":"#,##0.00 ¤","accounting":"#,##0.00 ¤","unitPattern":"{0} {1}","short":{"1000":{"other":"0 ათ'.' ¤"},"10000":{"other":"00 ათ'.' ¤"},"100000":{"other":"000 ათ'.' ¤"},"1000000":{"other":"0 მლნ'.' ¤"},"10000000":{"other":"00 მლნ'.' ¤"},"100000000":{"other":"000 მლნ'.' ¤"},"1000000000":{"other":"0 მლრდ'.' ¤"},"10000000000":{"other":"00 მლრდ'.' ¤"},"100000000000":{"other":"000 მლრ'.' ¤"},"1000000000000":{"other":"0 ტრლ'.' ¤"},"10000000000000":{"other":"00 ტრლ'.' ¤"},"100000000000000":{"other":"000 ტრლ'.' ¤"}}}}},"nu":["latn"]},"locale":"ka"}
