{"data":{"units":{"simple":{"degree":{"long":{"other":"{0} grader","one":"{0} grad"},"short":{"other":"{0}°"},"narrow":{"other":"{0}°"},"perUnit":{}},"hectare":{"long":{"other":"{0} hektar"},"short":{"other":"{0} ha"},"narrow":{"other":"{0}ha"},"perUnit":{}},"acre":{"long":{"other":"{0} acre"},"short":{"other":"{0} ac"},"narrow":{"other":"{0} ac"},"perUnit":{}},"percent":{"long":{"other":"{0} prosent"},"short":{"other":"{0} %"},"narrow":{"other":"{0} %"},"perUnit":{}},"liter-per-kilometer":{"long":{"other":"{0} liter per kilometer"},"short":{"other":"{0} l/km"},"narrow":{"other":"{0} l/km"},"perUnit":{}},"mile-per-gallon":{"long":{"other":"{0} engelske mil per gallon","one":"{0} engelsk mil per gallon"},"short":{"other":"{0} mpg"},"narrow":{"other":"{0} mpg"},"perUnit":{}},"petabyte":{"long":{"other":"{0} petabyte"},"short":{"other":"{0} PB"},"narrow":{"other":"{0} PB"},"perUnit":{}},"terabyte":{"long":{"other":"{0} terabyte"},"short":{"other":"{0} TB"},"narrow":{"other":"{0} TB"},"perUnit":{}},"terabit":{"long":{"other":"{0} terabit"},"short":{"other":"{0} Tb"},"narrow":{"other":"{0} Tb"},"perUnit":{}},"gigabyte":{"long":{"other":"{0} gigabyte"},"short":{"other":"{0} GB"},"narrow":{"other":"{0} GB"},"perUnit":{}},"gigabit":{"long":{"other":"{0} gigabit"},"short":{"other":"{0} Gb"},"narrow":{"other":"{0} Gb"},"perUnit":{}},"megabyte":{"long":{"other":"{0} megabyte"},"short":{"other":"{0} MB"},"narrow":{"other":"{0} MB"},"perUnit":{}},"megabit":{"long":{"other":"{0} megabit"},"short":{"other":"{0} Mb"},"narrow":{"other":"{0} Mb"},"perUnit":{}},"kilobyte":{"long":{"other":"{0} kilobyte"},"short":{"other":"{0} kB"},"narrow":{"other":"{0} kB"},"perUnit":{}},"kilobit":{"long":{"other":"{0} kilobit"},"short":{"other":"{0} kb"},"narrow":{"other":"{0} kb"},"perUnit":{}},"byte":{"long":{"other":"{0} byte"},"short":{"other":"{0} B"},"narrow":{"other":"{0} B"},"perUnit":{}},"bit":{"long":{"other":"{0} bit"},"short":{"other":"{0} bit"},"narrow":{"other":"{0} bit"},"perUnit":{}},"year":{"long":{"other":"{0} år"},"short":{"other":"{0} år"},"narrow":{"other":"{0}å"},"perUnit":{"long":"{0} per år","short":"{0}/år","narrow":"{0}/år"}},"month":{"long":{"other":"{0} måneder","one":"{0} måned"},"short":{"other":"{0} md."},"narrow":{"other":"{0} m"},"perUnit":{"long":"{0} per måned","short":"{0}/md.","narrow":"{0}/m"}},"week":{"long":{"other":"{0} uker","one":"{0} uke"},"short":{"other":"{0} u"},"narrow":{"other":"{0}u"},"perUnit":{"long":"{0} per uke","short":"{0}/u","narrow":"{0}/u"}},"day":{"long":{"other":"{0} døgn"},"short":{"other":"{0} d"},"narrow":{"other":"{0}d"},"perUnit":{"long":"{0} per døgn","short":"{0}/d","narrow":"{0}/d"}},"hour":{"long":{"other":"{0} timer","one":"{0} time"},"short":{"other":"{0} t"},"narrow":{"other":"{0}t"},"perUnit":{"long":"{0} per time","short":"{0}/t","narrow":"{0}/t"}},"minute":{"long":{"other":"{0} minutter","one":"{0} minutt"},"short":{"other":"{0} min"},"narrow":{"other":"{0}m"},"perUnit":{"long":"{0} per minutt","short":"{0}/min","narrow":"{0}/m"}},"second":{"long":{"other":"{0} sekunder","one":"{0} sekund"},"short":{"other":"{0} sek"},"narrow":{"other":"{0}s"},"perUnit":{"long":"{0} per sekund","short":"{0}/s","narrow":"{0}/s"}},"millisecond":{"long":{"other":"{0} millisekunder","one":"{0} millisekund"},"short":{"other":"{0} ms"},"narrow":{"other":"{0}ms"},"perUnit":{}},"kilometer":{"long":{"other":"{0} kilometer"},"short":{"other":"{0} km"},"narrow":{"other":"{0}km"},"perUnit":{"long":"{0} per kilometer","short":"{0}/km","narrow":"{0}/km"}},"meter":{"long":{"other":"{0} meter"},"short":{"other":"{0} m"},"narrow":{"other":"{0}m"},"perUnit":{"long":"{0} per meter","short":"{0}/m","narrow":"{0}/m"}},"centimeter":{"long":{"other":"{0} centimeter"},"short":{"other":"{0} cm"},"narrow":{"other":"{0}cm"},"perUnit":{"long":"{0} per centimeter","short":"{0}/cm","narrow":"{0}/cm"}},"millimeter":{"long":{"other":"{0} millimeter"},"short":{"other":"{0} mm"},"narrow":{"other":"{0}mm"},"perUnit":{}},"mile":{"long":{"other":"{0} engelske mil","one":"{0} engelsk mil"},"short":{"other":"{0} miles","one":"{0} mile"},"narrow":{"other":"{0} eng mil"},"perUnit":{}},"yard":{"long":{"other":"{0} yard"},"short":{"other":"{0} yard"},"narrow":{"other":"{0} yard"},"perUnit":{}},"foot":{"long":{"other":"{0} fot"},"short":{"other":"{0} fot"},"narrow":{"other":"{0} fot"},"perUnit":{"long":"{0} per fot","short":"{0}/fot","narrow":"{0}/fot"}},"inch":{"long":{"other":"{0} tommer","one":"{0} tomme"},"short":{"other":"{0} tommer","one":"{0} tomme"},"narrow":{"other":"{0} tommer","one":"{0} tomme"},"perUnit":{"long":"{0} per tomme","short":"{0}/tomme","narrow":"{0}to"}},"mile-scandinavian":{"long":{"other":"{0} mil"},"short":{"other":"{0} mil"},"narrow":{"other":"{0}mil"},"perUnit":{}},"kilogram":{"long":{"other":"{0} kilogram"},"short":{"other":"{0} kg"},"narrow":{"other":"{0}kg"},"perUnit":{"long":"{0} per kilogram","short":"{0}/kg","narrow":"{0}/kg"}},"gram":{"long":{"other":"{0} gram"},"short":{"other":"{0} g"},"narrow":{"other":"{0}g"},"perUnit":{"long":"{0} per gram","short":"{0}/g","narrow":"{0}/g"}},"stone":{"long":{"other":"{0} stone"},"short":{"other":"{0} st"},"narrow":{"other":"{0} st"},"perUnit":{}},"pound":{"long":{"other":"{0} pund"},"short":{"other":"{0} pund"},"narrow":{"other":"{0} pund"},"perUnit":{"long":"{0} per pund","short":"{0}/pund","narrow":"{0}/pund"}},"ounce":{"long":{"other":"{0} unser","one":"{0} unse"},"short":{"other":"{0} unser","one":"{0} unse"},"narrow":{"other":"{0} unser","one":"{0} unse"},"perUnit":{"long":"{0} per unse","short":"{0}/unse","narrow":"{0}/unse"}},"kilometer-per-hour":{"long":{"other":"{0} kilometer per time"},"short":{"other":"{0} km/t"},"narrow":{"other":"{0}km/t"},"perUnit":{}},"meter-per-second":{"long":{"other":"{0} meter per sekund"},"short":{"other":"{0} m/s"},"narrow":{"other":"{0}m/s"},"perUnit":{}},"mile-per-hour":{"long":{"other":"{0} engelske mil per time","one":"{0} engelsk mil per time"},"short":{"other":"{0} miles/t","one":"{0} mile/t"},"narrow":{"other":"{0} eng mil/t"},"perUnit":{}},"celsius":{"long":{"other":"{0} grader celsius","one":"{0} grad celsius"},"short":{"other":"{0} °C"},"narrow":{"other":"{0} °C"},"perUnit":{}},"fahrenheit":{"long":{"other":"{0} grader fahrenheit","one":"{0} grad fahrenheit"},"short":{"other":"{0} °F"},"narrow":{"other":"{0}°F"},"perUnit":{}},"liter":{"long":{"other":"{0} liter"},"short":{"other":"{0} l"},"narrow":{"other":"{0}l"},"perUnit":{"long":"{0} per liter","short":"{0}/l","narrow":"{0}/l"}},"milliliter":{"long":{"other":"{0} milliliter"},"short":{"other":"{0} ml"},"narrow":{"other":"{0} ml"},"perUnit":{}},"gallon":{"long":{"other":"{0} gallon"},"short":{"other":"{0} gal"},"narrow":{"other":"{0} gal"},"perUnit":{"long":"{0} per gallon","short":"{0}/gal","narrow":"{0}/gal"}},"fluid-ounce":{"long":{"other":"{0} væskeunser","one":"{0} væskeunse"},"short":{"other":"{0} fl oz"},"narrow":{"other":"{0} fl oz"},"perUnit":{}}},"compound":{"per":{"long":"{0} per {1}","short":"{0}/{1}","narrow":"{0}/{1}"}}},"currencies":{"ADP":{"displayName":{"other":"andorranske pesetas","one":"andorransk pesetas"},"symbol":"ADP","narrow":"ADP"},"AED":{"displayName":{"other":"emiratarabiske dirham","one":"emiratarabisk dirham"},"symbol":"AED","narrow":"AED"},"AFA":{"displayName":{"other":"afghanske afghani (1927–2002)","one":"afghansk afghani (1927–2002)"},"symbol":"AFA","narrow":"AFA"},"AFN":{"displayName":{"other":"afghanske afghani","one":"afghansk afghani"},"symbol":"AFN","narrow":"؋"},"ALK":{"displayName":{"other":"albanske lek (1946–1965)","one":"albansk lek (1946–1965)"},"symbol":"ALK","narrow":"ALK"},"ALL":{"displayName":{"other":"albanske lek","one":"albansk lek"},"symbol":"ALL","narrow":"ALL"},"AMD":{"displayName":{"other":"armenske dram","one":"armensk dram"},"symbol":"AMD","narrow":"֏"},"ANG":{"displayName":{"other":"nederlandske antillegylden","one":"nederlandsk antillegylden"},"symbol":"ANG","narrow":"ANG"},"AOA":{"displayName":{"other":"angolanske kwanza","one":"angolansk kwanza"},"symbol":"AOA","narrow":"Kz"},"AOK":{"displayName":{"other":"angolanske kwanza (1977–1990)","one":"angolansk kwanza (1977–1990)"},"symbol":"AOK","narrow":"AOK"},"AON":{"displayName":{"other":"angolanske nye kwanza (1990–2000)","one":"angolansk ny kwanza"},"symbol":"AON","narrow":"AON"},"AOR":{"displayName":{"other":"angolanske omjusterte kwanza (1995–1999)","one":"angolansk kwanza reajustado (1995–1999)"},"symbol":"AOR","narrow":"AOR"},"ARA":{"displayName":{"other":"argentinske australer","one":"argentinsk austral"},"symbol":"ARA","narrow":"ARA"},"ARL":{"displayName":{"other":"argentinske peso ley","one":"argentinsk peso ley"},"symbol":"ARL","narrow":"ARL"},"ARM":{"displayName":{"other":"argentinske pesos (1881–1970)","one":"argentinsk pesos (1881–1970)"},"symbol":"ARM","narrow":"ARM"},"ARP":{"displayName":{"other":"argentinske pesos (1983–1985)","one":"argentinsk pesos (1983–1985)"},"symbol":"ARP","narrow":"ARP"},"ARS":{"displayName":{"other":"argentinske pesos","one":"argentinsk peso"},"symbol":"ARS","narrow":"$"},"ATS":{"displayName":{"other":"østerrikske schilling","one":"østerriksk schilling"},"symbol":"ATS","narrow":"ATS"},"AUD":{"displayName":{"other":"australske dollar","one":"australsk dollar"},"symbol":"AUD","narrow":"$"},"AWG":{"displayName":{"other":"arubiske floriner","one":"arubisk florin"},"symbol":"AWG","narrow":"AWG"},"AZM":{"displayName":{"other":"aserbajdsjanske manat (1993–2006)","one":"aserbajdsjansk manat (1993–2006)"},"symbol":"AZM","narrow":"AZM"},"AZN":{"displayName":{"other":"aserbajdsjanske manat","one":"aserbajdsjansk manat"},"symbol":"AZN","narrow":"₼"},"BAD":{"displayName":{"other":"bosnisk-hercegovinske dinarer (1992–1994)","one":"bosnisk-hercegovinsk dinar (1992–1994)"},"symbol":"BAD","narrow":"BAD"},"BAM":{"displayName":{"other":"bosnisk-hercegovinske konvertible mark","one":"bosnisk-hercegovinsk konvertibel mark"},"symbol":"BAM","narrow":"KM"},"BAN":{"displayName":{"other":"nye bosnisk-hercegovinske dinarer (1994–1997)","one":"ny bosnisk-hercegovinsk dinar (1994–1997)"},"symbol":"BAN","narrow":"BAN"},"BBD":{"displayName":{"other":"barbadiske dollar","one":"barbadisk dollar"},"symbol":"BBD","narrow":"$"},"BDT":{"displayName":{"other":"bangladeshiske taka","one":"bangladeshisk taka"},"symbol":"BDT","narrow":"৳"},"BEC":{"displayName":{"other":"belgiske franc (konvertible)","one":"belgisk franc (konvertibel)"},"symbol":"BEC","narrow":"BEC"},"BEF":{"displayName":{"other":"belgiske franc","one":"belgisk franc"},"symbol":"BEF","narrow":"BEF"},"BEL":{"displayName":{"other":"belgiske franc (finansielle)","one":"belgisk franc (finansiell)"},"symbol":"BEL","narrow":"BEL"},"BGL":{"displayName":{"other":"bulgarske lev (hard)","one":"bulgarsk lev (hard)"},"symbol":"BGL","narrow":"BGL"},"BGM":{"displayName":{"other":"bulgarske lev (sosialist)","one":"bulgarsk lev (sosialist)"},"symbol":"BGM","narrow":"BGM"},"BGN":{"displayName":{"other":"bulgarske lev","one":"bulgarsk lev"},"symbol":"BGN","narrow":"BGN"},"BGO":{"displayName":{"other":"bulgarske lev (1879–1952)","one":"bulgarsk lev (1879–1952)"},"symbol":"BGO","narrow":"BGO"},"BHD":{"displayName":{"other":"bahrainske dinarer","one":"bahrainsk dinar"},"symbol":"BHD","narrow":"BHD"},"BIF":{"displayName":{"other":"burundiske franc","one":"burundisk franc"},"symbol":"BIF","narrow":"BIF"},"BMD":{"displayName":{"other":"bermudiske dollar","one":"bermudisk dollar"},"symbol":"BMD","narrow":"$"},"BND":{"displayName":{"other":"bruneiske dollar","one":"bruneisk dollar"},"symbol":"BND","narrow":"$"},"BOB":{"displayName":{"other":"bolivianske boliviano","one":"boliviansk boliviano"},"symbol":"BOB","narrow":"Bs"},"BOL":{"displayName":{"other":"bolivianske boliviano (1863–1963)","one":"boliviansk boliviano (1863–1963)"},"symbol":"BOL","narrow":"BOL"},"BOP":{"displayName":{"other":"bolivianske pesos","one":"boliviansk pesos"},"symbol":"BOP","narrow":"BOP"},"BOV":{"displayName":{"other":"bolivianske mvdol"},"symbol":"BOV","narrow":"BOV"},"BRB":{"displayName":{"other":"brasilianske cruzeiro novo (1967–1986)","one":"brasiliansk cruzeiro novo (1967–1986)"},"symbol":"BRB","narrow":"BRB"},"BRC":{"displayName":{"other":"brasilianske cruzado (1986–1989)","one":"brasiliansk cruzado (1986–1989)"},"symbol":"BRC","narrow":"BRC"},"BRE":{"displayName":{"other":"brasilianske cruzeiro (1990–1993)","one":"brasiliansk cruzeiro (1990–1993)"},"symbol":"BRE","narrow":"BRE"},"BRL":{"displayName":{"other":"brasilianske real","one":"brasiliansk real"},"symbol":"BRL","narrow":"R$"},"BRN":{"displayName":{"other":"brasilianske cruzado novo (1989–1990)","one":"brasiliansk cruzado novo (1989–1990)"},"symbol":"BRN","narrow":"BRN"},"BRR":{"displayName":{"other":"brasilianske cruzeiro (1993–1994)","one":"brasiliansk cruzeiro (1993–1994)"},"symbol":"BRR","narrow":"BRR"},"BRZ":{"displayName":{"other":"brasilianske cruzeiro (1942–1967)","one":"brasiliansk cruzeiro (1942–1967)"},"symbol":"BRZ","narrow":"BRZ"},"BSD":{"displayName":{"other":"bahamanske dollar","one":"bahamansk dollar"},"symbol":"BSD","narrow":"$"},"BTN":{"displayName":{"other":"bhutanske ngultrum","one":"bhutansk ngultrum"},"symbol":"BTN","narrow":"BTN"},"BUK":{"displayName":{"other":"burmesiske kyat","one":"burmesisk kyat"},"symbol":"BUK","narrow":"BUK"},"BWP":{"displayName":{"other":"botswanske pula","one":"botswansk pula"},"symbol":"BWP","narrow":"P"},"BYB":{"displayName":{"other":"hviterussiske nye rubler (1994–1999)","one":"hviterussisk ny rubel (1994–1999)"},"symbol":"BYB","narrow":"BYB"},"BYN":{"displayName":{"other":"nye hviterussiske rubler","one":"ny hviterussisk rubel"},"symbol":"BYN","narrow":"р."},"BYR":{"displayName":{"other":"hviterussiske rubler (2000–2016)","one":"hviterussisk rubel (2000–2016)"},"symbol":"BYR","narrow":"BYR"},"BZD":{"displayName":{"other":"beliziske dollar","one":"belizisk dollar"},"symbol":"BZD","narrow":"$"},"CAD":{"displayName":{"other":"kanadiske dollar","one":"kanadisk dollar"},"symbol":"CAD","narrow":"$"},"CDF":{"displayName":{"other":"kongolesiske franc","one":"kongolesisk franc"},"symbol":"CDF","narrow":"CDF"},"CHE":{"displayName":{"other":"WIR euro"},"symbol":"CHE","narrow":"CHE"},"CHF":{"displayName":{"other":"sveitsiske franc","one":"sveitsisk franc"},"symbol":"CHF","narrow":"CHF"},"CHW":{"displayName":{"other":"WIR franc"},"symbol":"CHW","narrow":"CHW"},"CLE":{"displayName":{"other":"chilenske escudo","one":"chilensk escudo"},"symbol":"CLE","narrow":"CLE"},"CLF":{"displayName":{"other":"chilenske unidades de fomento","one":"chilensk unidades de fomento"},"symbol":"CLF","narrow":"CLF"},"CLP":{"displayName":{"other":"chilenske pesos","one":"chilensk peso"},"symbol":"CLP","narrow":"$"},"CNH":{"displayName":{"other":"kinesiske yuan (offshore)","one":"kinesisk yuan (offshore)"},"symbol":"CNH","narrow":"CNH"},"CNX":{"displayName":{"other":"Kinas folkebank dollar"},"symbol":"CNX","narrow":"CNX"},"CNY":{"displayName":{"other":"kinesiske yuan","one":"kinesisk yuan"},"symbol":"CNY","narrow":"¥"},"COP":{"displayName":{"other":"colombianske pesos","one":"colombiansk peso"},"symbol":"COP","narrow":"$"},"COU":{"displayName":{"other":"colombianske unidad de valor real","one":"colombiansk unidad de valor real"},"symbol":"COU","narrow":"COU"},"CRC":{"displayName":{"other":"costaricanske colón","one":"costaricansk colón"},"symbol":"CRC","narrow":"₡"},"CSD":{"displayName":{"other":"serbiske dinarer (2002–2006)","one":"serbisk dinar (2002–2006)"},"symbol":"CSD","narrow":"CSD"},"CSK":{"displayName":{"other":"tsjekkoslovakiske koruna (hard)","one":"tsjekkoslovakisk koruna (hard)"},"symbol":"CSK","narrow":"CSK"},"CUC":{"displayName":{"other":"kubanske konvertible pesos","one":"kubansk konvertibel peso"},"symbol":"CUC","narrow":"$"},"CUP":{"displayName":{"other":"kubanske pesos","one":"kubansk peso"},"symbol":"CUP","narrow":"$"},"CVE":{"displayName":{"other":"kappverdiske escudos","one":"kappverdisk escudo"},"symbol":"CVE","narrow":"CVE"},"CYP":{"displayName":{"other":"kypriotiske pund","one":"kypriotisk pund"},"symbol":"CYP","narrow":"CYP"},"CZK":{"displayName":{"other":"tsjekkiske koruna","one":"tsjekkisk koruna"},"symbol":"CZK","narrow":"Kč"},"DDM":{"displayName":{"other":"østtyske mark","one":"østtysk mark"},"symbol":"DDM","narrow":"DDM"},"DEM":{"displayName":{"other":"tyske mark","one":"tysk mark"},"symbol":"DEM","narrow":"DEM"},"DJF":{"displayName":{"other":"djiboutiske franc","one":"djiboutisk franc"},"symbol":"DJF","narrow":"DJF"},"DKK":{"displayName":{"other":"danske kroner","one":"dansk krone"},"symbol":"DKK","narrow":"kr"},"DOP":{"displayName":{"other":"dominikanske pesos","one":"dominikansk peso"},"symbol":"DOP","narrow":"$"},"DZD":{"displayName":{"other":"algeriske dinarer","one":"algerisk dinar"},"symbol":"DZD","narrow":"DZD"},"ECS":{"displayName":{"other":"ecuadorianske sucre","one":"ecuadoriansk sucre"},"symbol":"ECS","narrow":"ECS"},"ECV":{"displayName":{"other":"ecuadorianske unidad de valor constante (UVC)","one":"ecuadoriansk unidad de valor constante (UVC)"},"symbol":"ECV","narrow":"ECV"},"EEK":{"displayName":{"other":"estiske kroner","one":"estisk kroon"},"symbol":"EEK","narrow":"EEK"},"EGP":{"displayName":{"other":"egyptiske pund","one":"egyptisk pund"},"symbol":"EGP","narrow":"E£"},"ERN":{"displayName":{"other":"eritreiske nakfa","one":"eritreisk nakfa"},"symbol":"ERN","narrow":"ERN"},"ESA":{"displayName":{"other":"spanske peseta (A–konto)","one":"spansk peseta (A–konto)"},"symbol":"ESA","narrow":"ESA"},"ESB":{"displayName":{"other":"spanske peseta (konvertibel konto)","one":"spansk peseta (konvertibel konto)"},"symbol":"ESB","narrow":"ESB"},"ESP":{"displayName":{"other":"spanske peseta","one":"spansk peseta"},"symbol":"ESP","narrow":"₧"},"ETB":{"displayName":{"other":"etiopiske birr","one":"etiopisk birr"},"symbol":"ETB","narrow":"ETB"},"EUR":{"displayName":{"other":"euro"},"symbol":"€","narrow":"€"},"FIM":{"displayName":{"other":"finske mark","one":"finsk mark"},"symbol":"FIM","narrow":"FIM"},"FJD":{"displayName":{"other":"fijianske dollar","one":"fijiansk dollar"},"symbol":"FJD","narrow":"$"},"FKP":{"displayName":{"other":"falklandspund"},"symbol":"FKP","narrow":"£"},"FRF":{"displayName":{"other":"franske franc","one":"fransk franc"},"symbol":"FRF","narrow":"FRF"},"GBP":{"displayName":{"other":"britiske pund","one":"britisk pund"},"symbol":"£","narrow":"£"},"GEK":{"displayName":{"other":"georgiske kupon larit","one":"georgisk kupon larit"},"symbol":"GEK","narrow":"GEK"},"GEL":{"displayName":{"other":"georgiske lari","one":"georgisk lari"},"symbol":"GEL","narrow":"₾"},"GHC":{"displayName":{"other":"ghanesiske cedi (1979–2007)","one":"ghanesisk cedi (1979–2007)"},"symbol":"GHC","narrow":"GHC"},"GHS":{"displayName":{"other":"ghanesiske cedi","one":"ghanesisk cedi"},"symbol":"GHS","narrow":"GH₵"},"GIP":{"displayName":{"other":"gibraltarske pund","one":"gibraltarsk pund"},"symbol":"GIP","narrow":"£"},"GMD":{"displayName":{"other":"gambiske dalasi","one":"gambisk dalasi"},"symbol":"GMD","narrow":"GMD"},"GNF":{"displayName":{"other":"guineanske franc","one":"guineansk franc"},"symbol":"GNF","narrow":"FG"},"GNS":{"displayName":{"other":"guineanske syli","one":"guineansk syli"},"symbol":"GNS","narrow":"GNS"},"GQE":{"displayName":{"other":"ekvatorialguineanske ekwele guineana","one":"ekvatorialguineansk ekwele guineana"},"symbol":"GQE","narrow":"GQE"},"GRD":{"displayName":{"other":"greske drakmer","one":"gresk drakme"},"symbol":"GRD","narrow":"GRD"},"GTQ":{"displayName":{"other":"guatemalanske quetzal","one":"guatemalansk quetzal"},"symbol":"GTQ","narrow":"Q"},"GWE":{"displayName":{"other":"portugisiske guinea escudo","one":"portugisisk guinea escudo"},"symbol":"GWE","narrow":"GWE"},"GWP":{"displayName":{"other":"Guinea-Bissau-pesos"},"symbol":"GWP","narrow":"GWP"},"GYD":{"displayName":{"other":"guyanske dollar","one":"guyansk dollar"},"symbol":"GYD","narrow":"$"},"HKD":{"displayName":{"other":"Hongkong-dollar"},"symbol":"HKD","narrow":"$"},"HNL":{"displayName":{"other":"honduranske lempira","one":"honduransk lempira"},"symbol":"HNL","narrow":"L"},"HRD":{"displayName":{"other":"kroatiske dinarer","one":"kroatisk dinar"},"symbol":"HRD","narrow":"HRD"},"HRK":{"displayName":{"other":"kroatiske kuna","one":"kroatisk kuna"},"symbol":"HRK","narrow":"kn"},"HTG":{"displayName":{"other":"haitiske gourde","one":"haitisk gourde"},"symbol":"HTG","narrow":"HTG"},"HUF":{"displayName":{"other":"ungarske forinter","one":"ungarsk forint"},"symbol":"HUF","narrow":"Ft"},"IDR":{"displayName":{"other":"indonesiske rupier","one":"indonesisk rupi"},"symbol":"IDR","narrow":"Rp"},"IEP":{"displayName":{"other":"irske pund","one":"irsk pund"},"symbol":"IEP","narrow":"IEP"},"ILP":{"displayName":{"other":"israelske pund","one":"israelsk pund"},"symbol":"ILP","narrow":"ILP"},"ILR":{"displayName":{"other":"israelske shekler (1980–1985)","one":"israelsk shekel (1980–1985)"},"symbol":"ILR","narrow":"ILR"},"ILS":{"displayName":{"other":"nye israelske shekler","one":"ny israelsk shekel"},"symbol":"ILS","narrow":"₪"},"INR":{"displayName":{"other":"indiske rupier","one":"indisk rupi"},"symbol":"INR","narrow":"₹"},"IQD":{"displayName":{"other":"irakske dinarer","one":"iraksk dinar"},"symbol":"IQD","narrow":"IQD"},"IRR":{"displayName":{"other":"iranske rialer","one":"iransk rial"},"symbol":"IRR","narrow":"IRR"},"ISJ":{"displayName":{"other":"islandske kroner (1918–1981)","one":"islandsk krone (1918–1981)"},"symbol":"ISJ","narrow":"ISJ"},"ISK":{"displayName":{"other":"islandske kroner","one":"islandsk krone"},"symbol":"ISK","narrow":"kr"},"ITL":{"displayName":{"other":"italienske lire","one":"italiensk lire"},"symbol":"ITL","narrow":"ITL"},"JMD":{"displayName":{"other":"jamaikanske dollar","one":"jamaikansk dollar"},"symbol":"JMD","narrow":"$"},"JOD":{"displayName":{"other":"jordanske dinarer","one":"jordansk dinar"},"symbol":"JOD","narrow":"JOD"},"JPY":{"displayName":{"other":"japanske yen","one":"japansk yen"},"symbol":"JPY","narrow":"¥"},"KES":{"displayName":{"other":"kenyanske shilling","one":"kenyansk shilling"},"symbol":"KES","narrow":"KES"},"KGS":{"displayName":{"other":"kirgisiske som","one":"kirgisisk som"},"symbol":"KGS","narrow":"KGS"},"KHR":{"displayName":{"other":"kambodsjanske riel","one":"kambodsjansk riel"},"symbol":"KHR","narrow":"៛"},"KMF":{"displayName":{"other":"komoriske franc","one":"komorisk franc"},"symbol":"KMF","narrow":"CF"},"KPW":{"displayName":{"other":"nordkoreanske won","one":"nordkoreansk won"},"symbol":"KPW","narrow":"₩"},"KRH":{"displayName":{"other":"sørkoreanske hwan (1953–1962)","one":"sørkoreansk hwan (1953–1962)"},"symbol":"KRH","narrow":"KRH"},"KRO":{"displayName":{"other":"sørkoreanske won (1945–1953)","one":"sørkoreansk won (1945–1953)"},"symbol":"KRO","narrow":"KRO"},"KRW":{"displayName":{"other":"sørkoreanske won","one":"sørkoreansk won"},"symbol":"KRW","narrow":"₩"},"KWD":{"displayName":{"other":"kuwaitiske dinarer","one":"kuwaitisk dinar"},"symbol":"KWD","narrow":"KWD"},"KYD":{"displayName":{"other":"caymanske dollar","one":"caymansk dollar"},"symbol":"KYD","narrow":"$"},"KZT":{"displayName":{"other":"kasakhstanske tenge","one":"kasakhstansk tenge"},"symbol":"KZT","narrow":"₸"},"LAK":{"displayName":{"other":"laotiske kip","one":"laotisk kip"},"symbol":"LAK","narrow":"₭"},"LBP":{"displayName":{"other":"libanesiske pund","one":"libanesisk pund"},"symbol":"LBP","narrow":"L£"},"LKR":{"displayName":{"other":"srilankiske rupier","one":"srilankisk rupi"},"symbol":"LKR","narrow":"Rs"},"LRD":{"displayName":{"other":"liberiske dollar","one":"liberisk dollar"},"symbol":"LRD","narrow":"$"},"LSL":{"displayName":{"other":"lesothiske loti","one":"lesothisk loti"},"symbol":"LSL","narrow":"LSL"},"LTL":{"displayName":{"other":"litauiske lita","one":"litauisk lita"},"symbol":"LTL","narrow":"Lt"},"LTT":{"displayName":{"other":"litauiske talonas","one":"litauisk talonas"},"symbol":"LTT","narrow":"LTT"},"LUC":{"displayName":{"other":"luxemburgske konvertible franc","one":"luxemburgsk konvertibel franc"},"symbol":"LUC","narrow":"LUC"},"LUF":{"displayName":{"other":"luxemburgske franc","one":"luxemburgsk franc"},"symbol":"LUF","narrow":"LUF"},"LUL":{"displayName":{"other":"luxemburgske finansielle franc","one":"luxemburgsk finansiell franc"},"symbol":"LUL","narrow":"LUL"},"LVL":{"displayName":{"other":"latviske lats","one":"latvisk lats"},"symbol":"LVL","narrow":"Ls"},"LVR":{"displayName":{"other":"latviske rubler","one":"latvisk rubel"},"symbol":"LVR","narrow":"LVR"},"LYD":{"displayName":{"other":"libyske dinarer","one":"libysk dinar"},"symbol":"LYD","narrow":"LYD"},"MAD":{"displayName":{"other":"marokkanske dirham","one":"marokkansk dirham"},"symbol":"MAD","narrow":"MAD"},"MAF":{"displayName":{"other":"marokkanske franc","one":"marokkansk franc"},"symbol":"MAF","narrow":"MAF"},"MCF":{"displayName":{"other":"monegaskiske franc","one":"monegaskisk franc"},"symbol":"MCF","narrow":"MCF"},"MDC":{"displayName":{"other":"moldovske cupon","one":"moldovsk cupon"},"symbol":"MDC","narrow":"MDC"},"MDL":{"displayName":{"other":"moldovske lei","one":"moldovsk leu"},"symbol":"MDL","narrow":"MDL"},"MGA":{"displayName":{"other":"madagassiske ariary","one":"madagassisk ariary"},"symbol":"MGA","narrow":"Ar"},"MGF":{"displayName":{"other":"madagassiske franc","one":"madagassisk franc"},"symbol":"MGF","narrow":"MGF"},"MKD":{"displayName":{"other":"makedonske denarer","one":"makedonsk denar"},"symbol":"MKD","narrow":"MKD"},"MKN":{"displayName":{"other":"makedonske denarer (1992–1993)","one":"makedonsk denar (1992–1993)"},"symbol":"MKN","narrow":"MKN"},"MLF":{"displayName":{"other":"maliske franc","one":"malisk franc"},"symbol":"MLF","narrow":"MLF"},"MMK":{"displayName":{"other":"myanmarske kyat","one":"myanmarsk kyat"},"symbol":"MMK","narrow":"K"},"MNT":{"displayName":{"other":"mongolske tugrik","one":"mongolsk tugrik"},"symbol":"MNT","narrow":"₮"},"MOP":{"displayName":{"other":"makaoiske pataca","one":"makaoisk pataca"},"symbol":"MOP","narrow":"MOP"},"MRO":{"displayName":{"other":"mauritanske ouguiya (1973–2017)","one":"mauritansk ouguiya (1973–2017)"},"symbol":"MRO","narrow":"MRO"},"MRU":{"displayName":{"other":"mauritanske ouguiya","one":"mauritansk ouguiya"},"symbol":"MRU","narrow":"MRU"},"MTL":{"displayName":{"other":"maltesiske lira","one":"maltesisk lira"},"symbol":"MTL","narrow":"MTL"},"MTP":{"displayName":{"other":"maltesiske pund","one":"maltesisk pund"},"symbol":"MTP","narrow":"MTP"},"MUR":{"displayName":{"other":"mauritiske rupier","one":"mauritisk rupi"},"symbol":"MUR","narrow":"Rs"},"MVP":{"displayName":{"other":"maldiviske rupier","one":"maldivisk rupi"},"symbol":"MVP","narrow":"MVP"},"MVR":{"displayName":{"other":"maldiviske rufiyaa","one":"maldivisk rufiyaa"},"symbol":"MVR","narrow":"MVR"},"MWK":{"displayName":{"other":"malawiske kwacha","one":"malawisk kwacha"},"symbol":"MWK","narrow":"MWK"},"MXN":{"displayName":{"other":"meksikanske pesos","one":"meksikansk peso"},"symbol":"MXN","narrow":"$"},"MXP":{"displayName":{"other":"meksikanske sølvpesos (1860–1992)","one":"meksikansk sølvpesos (1860–1992)"},"symbol":"MXP","narrow":"MXP"},"MXV":{"displayName":{"other":"meksikanske unidad de inversion (UDI)","one":"meksikansk unidad de inversion (UDI)"},"symbol":"MXV","narrow":"MXV"},"MYR":{"displayName":{"other":"malaysiske ringgit","one":"malaysisk ringgit"},"symbol":"MYR","narrow":"RM"},"MZE":{"displayName":{"other":"mosambikiske escudo","one":"mosambikisk escudo"},"symbol":"MZE","narrow":"MZE"},"MZM":{"displayName":{"other":"gamle mosambikiske metical","one":"gammel mosambikisk metical"},"symbol":"MZM","narrow":"MZM"},"MZN":{"displayName":{"other":"mosambikiske metical","one":"mosambikisk metical"},"symbol":"MZN","narrow":"MZN"},"NAD":{"displayName":{"other":"namibiske dollar","one":"namibisk dollar"},"symbol":"NAD","narrow":"$"},"NGN":{"displayName":{"other":"nigerianske naira","one":"nigeriansk naira"},"symbol":"NGN","narrow":"₦"},"NIC":{"displayName":{"other":"nicaraguanske cordoba (1988–1991)","one":"nicaraguansk cordoba (1988–1991)"},"symbol":"NIC","narrow":"NIC"},"NIO":{"displayName":{"other":"nicaraguanske córdoba","one":"nicaraguansk córdoba"},"symbol":"NIO","narrow":"C$"},"NLG":{"displayName":{"other":"nederlandske gylden","one":"nederlandsk gylden"},"symbol":"NLG","narrow":"NLG"},"NOK":{"displayName":{"other":"norske kroner","one":"norsk krone"},"symbol":"kr","narrow":"kr"},"NPR":{"displayName":{"other":"nepalske rupier","one":"nepalsk rupi"},"symbol":"NPR","narrow":"Rs"},"NZD":{"displayName":{"other":"newzealandske dollar","one":"newzealandsk dollar"},"symbol":"NZD","narrow":"$"},"OMR":{"displayName":{"other":"omanske rialer","one":"omansk rial"},"symbol":"OMR","narrow":"OMR"},"PAB":{"displayName":{"other":"panamanske balboa","one":"panamansk balboa"},"symbol":"PAB","narrow":"PAB"},"PEI":{"displayName":{"other":"peruanske inti","one":"peruansk inti"},"symbol":"PEI","narrow":"PEI"},"PEN":{"displayName":{"other":"peruanske sol","one":"peruansk sol"},"symbol":"PEN","narrow":"PEN"},"PES":{"displayName":{"other":"peruanske sol (1863–1965)","one":"peruansk sol (1863–1965)"},"symbol":"PES","narrow":"PES"},"PGK":{"displayName":{"other":"papuanske kina","one":"papuansk kina"},"symbol":"PGK","narrow":"PGK"},"PHP":{"displayName":{"other":"filippinske pesos","one":"filippinsk peso"},"symbol":"PHP","narrow":"₱"},"PKR":{"displayName":{"other":"pakistanske rupier","one":"pakistansk rupi"},"symbol":"PKR","narrow":"Rs"},"PLN":{"displayName":{"other":"polske zloty","one":"polsk zloty"},"symbol":"PLN","narrow":"zł"},"PLZ":{"displayName":{"other":"polske zloty (1950–1995)","one":"polsk zloty (1950–1995)"},"symbol":"PLZ","narrow":"PLZ"},"PTE":{"displayName":{"other":"portugisiske escudo","one":"portugisisk escudo"},"symbol":"PTE","narrow":"PTE"},"PYG":{"displayName":{"other":"paraguayanske guarani","one":"paraguayansk guarani"},"symbol":"PYG","narrow":"₲"},"QAR":{"displayName":{"other":"qatarske rialer","one":"qatarsk rial"},"symbol":"QAR","narrow":"QAR"},"RHD":{"displayName":{"other":"rhodesiske dollar","one":"rhodesisk dollar"},"symbol":"RHD","narrow":"RHD"},"ROL":{"displayName":{"other":"rumenske leu (1952–2006)","one":"rumensk leu (1952–2006)"},"symbol":"ROL","narrow":"ROL"},"RON":{"displayName":{"other":"rumenske lei","one":"rumensk leu"},"symbol":"RON","narrow":"L"},"RSD":{"displayName":{"other":"serbiske dinarer","one":"serbisk dinar"},"symbol":"RSD","narrow":"RSD"},"RUB":{"displayName":{"other":"russiske rubler","one":"russisk rubel"},"symbol":"RUB","narrow":"₽"},"RUR":{"displayName":{"other":"russiske rubler (1991–1998)","one":"russisk rubel (1991–1998)"},"symbol":"RUR","narrow":"р."},"RWF":{"displayName":{"other":"rwandiske franc","one":"rwandisk franc"},"symbol":"RWF","narrow":"RF"},"SAR":{"displayName":{"other":"saudiarabiske riyaler","one":"saudiarabisk riyal"},"symbol":"SAR","narrow":"SAR"},"SBD":{"displayName":{"other":"salomonske dollar","one":"salomonsk dollar"},"symbol":"SBD","narrow":"$"},"SCR":{"displayName":{"other":"seychelliske rupier","one":"seychellisk rupi"},"symbol":"SCR","narrow":"SCR"},"SDD":{"displayName":{"other":"sudanesiske dinarer (1992–2007)","one":"sudanesisk dinar (1992–2007)"},"symbol":"SDD","narrow":"SDD"},"SDG":{"displayName":{"other":"sudanske pund","one":"sudansk pund"},"symbol":"SDG","narrow":"SDG"},"SDP":{"displayName":{"other":"sudanske pund (1957–1998)","one":"sudansk pund (1957–1998)"},"symbol":"SDP","narrow":"SDP"},"SEK":{"displayName":{"other":"svenske kroner","one":"svensk krone"},"symbol":"SEK","narrow":"kr"},"SGD":{"displayName":{"other":"singaporske dollar","one":"singaporsk dollar"},"symbol":"SGD","narrow":"$"},"SHP":{"displayName":{"other":"sankthelenske pund","one":"sankthelensk pund"},"symbol":"SHP","narrow":"£"},"SIT":{"displayName":{"other":"slovenske tolar","one":"slovensk tolar"},"symbol":"SIT","narrow":"SIT"},"SKK":{"displayName":{"other":"slovakiske koruna","one":"slovakisk koruna"},"symbol":"SKK","narrow":"SKK"},"SLL":{"displayName":{"other":"sierraleonske leone","one":"sierraleonsk leone"},"symbol":"SLL","narrow":"SLL"},"SOS":{"displayName":{"other":"somaliske shilling","one":"somalisk shilling"},"symbol":"SOS","narrow":"SOS"},"SRD":{"displayName":{"other":"surinamske dollar","one":"surinamsk dollar"},"symbol":"SRD","narrow":"$"},"SRG":{"displayName":{"other":"surinamske gylden","one":"surinamsk gylden"},"symbol":"SRG","narrow":"SRG"},"SSP":{"displayName":{"other":"sørsudanske pund","one":"sørsudansk pund"},"symbol":"SSP","narrow":"£"},"STD":{"displayName":{"other":"saotomesiske dobra (1977–2017)","one":"saotomesisk dobra (1977–2017)"},"symbol":"STD","narrow":"STD"},"STN":{"displayName":{"other":"saotomesiske dobra","one":"saotomesisk dobra"},"symbol":"STN","narrow":"Db"},"SUR":{"displayName":{"other":"sovjetiske rubler","one":"sovjetisk rubel"},"symbol":"SUR","narrow":"SUR"},"SVC":{"displayName":{"other":"salvadoranske colon","one":"salvadoransk colon"},"symbol":"SVC","narrow":"SVC"},"SYP":{"displayName":{"other":"syriske pund","one":"syrisk pund"},"symbol":"SYP","narrow":"£"},"SZL":{"displayName":{"other":"swazilandske lilangeni","one":"swazilandsk lilangeni"},"symbol":"SZL","narrow":"SZL"},"THB":{"displayName":{"other":"thailandske baht","one":"thailandsk baht"},"symbol":"THB","narrow":"฿"},"TJR":{"displayName":{"other":"tadsjikiske rubler","one":"tadsjikisk rubel"},"symbol":"TJR","narrow":"TJR"},"TJS":{"displayName":{"other":"tadsjikiske somoni","one":"tadsjikisk somoni"},"symbol":"TJS","narrow":"TJS"},"TMM":{"displayName":{"other":"turkmenske manat (1993–2009)","one":"turkmensk manat (1993–2009)"},"symbol":"TMM","narrow":"TMM"},"TMT":{"displayName":{"other":"turkmenske manat","one":"turkmensk manat"},"symbol":"TMT","narrow":"TMT"},"TND":{"displayName":{"other":"tunisiske dinarer","one":"tunisisk dinar"},"symbol":"TND","narrow":"TND"},"TOP":{"displayName":{"other":"tonganske paʻanga","one":"tongansk paʻanga"},"symbol":"TOP","narrow":"T$"},"TPE":{"displayName":{"other":"timoresiske escudo","one":"timoresisk escudo"},"symbol":"TPE","narrow":"TPE"},"TRL":{"displayName":{"other":"tyrkiske lire (1922–2005)","one":"tyrkisk lire (1922–2005)"},"symbol":"TRL","narrow":"TRL"},"TRY":{"displayName":{"other":"tyrkiske lire","one":"tyrkisk lire"},"symbol":"TRY","narrow":"₺"},"TTD":{"displayName":{"other":"trinidadiske dollar","one":"trinidadisk dollar"},"symbol":"TTD","narrow":"$"},"TWD":{"displayName":{"other":"nye taiwanske dollar","one":"ny taiwansk dollar"},"symbol":"TWD","narrow":"NT$"},"TZS":{"displayName":{"other":"tanzanianske shilling","one":"tanzaniansk shilling"},"symbol":"TZS","narrow":"TZS"},"UAH":{"displayName":{"other":"ukrainske hryvnia","one":"ukrainsk hryvnia"},"symbol":"UAH","narrow":"₴"},"UAK":{"displayName":{"other":"ukrainske karbovanetz","one":"ukrainsk karbovanetz"},"symbol":"UAK","narrow":"UAK"},"UGS":{"displayName":{"other":"ugandiske shilling (1966–1987)","one":"ugandisk shilling (1966–1987)"},"symbol":"UGS","narrow":"UGS"},"UGX":{"displayName":{"other":"ugandiske shilling","one":"ugandisk shilling"},"symbol":"UGX","narrow":"UGX"},"USD":{"displayName":{"other":"amerikanske dollar","one":"amerikansk dollar"},"symbol":"USD","narrow":"$"},"USN":{"displayName":{"other":"amerikanske dollar (neste dag)","one":"amerikansk dollar (neste dag)"},"symbol":"USN","narrow":"USN"},"USS":{"displayName":{"other":"amerikanske dollar (samme dag)","one":"amerikansk dollar (samme dag)"},"symbol":"USS","narrow":"USS"},"UYI":{"displayName":{"other":"uruguyanske pesos (indekserte enheter)"},"symbol":"UYI","narrow":"UYI"},"UYP":{"displayName":{"other":"uruguayanske pesos (1975–1993)","one":"uruguayansk peso (1975–1993)"},"symbol":"UYP","narrow":"UYP"},"UYU":{"displayName":{"other":"uruguayanske pesos","one":"uruguyansk peso"},"symbol":"UYU","narrow":"$"},"UYW":{"displayName":{"other":"UYW"},"symbol":"UYW","narrow":"UYW"},"UZS":{"displayName":{"other":"usbekiske som","one":"usbekisk som"},"symbol":"UZS","narrow":"UZS"},"VEB":{"displayName":{"other":"venezuelanske bolivar (1871–2008)","one":"venezuelansk bolivar (1871–2008)"},"symbol":"VEB","narrow":"VEB"},"VEF":{"displayName":{"other":"venezuelanske bolivar (2008–2018)","one":"venezuelansk bolivar (2008–2018)"},"symbol":"VEF","narrow":"Bs"},"VES":{"displayName":{"other":"venezuelanske bolivar","one":"venezuelansk bolivar"},"symbol":"VES","narrow":"VES"},"VND":{"displayName":{"other":"vietnamesiske dong","one":"vietnamesisk dong"},"symbol":"VND","narrow":"₫"},"VNN":{"displayName":{"other":"vietnamesiske dong (1978–1985)","one":"vietnamesisk dong (1978–1985)"},"symbol":"VNN","narrow":"VNN"},"VUV":{"displayName":{"other":"vanuatiske vatu","one":"vanuatisk vatu"},"symbol":"VUV","narrow":"VUV"},"WST":{"displayName":{"other":"samoanske tala","one":"samoansk tala"},"symbol":"WST","narrow":"WST"},"XAF":{"displayName":{"other":"sentralafrikanske CFA-franc","one":"sentralafrikansk CFA-franc"},"symbol":"XAF","narrow":"XAF"},"XAG":{"displayName":{"other":"unser sølv","one":"unse sølv"},"symbol":"XAG","narrow":"XAG"},"XAU":{"displayName":{"other":"unser gull","one":"unse gull"},"symbol":"XAU","narrow":"XAU"},"XBA":{"displayName":{"other":"europeiske sammensatte enheter","one":"europeisk sammensatt enhet"},"symbol":"XBA","narrow":"XBA"},"XBB":{"displayName":{"other":"europeiske monetære enheter","one":"europeisk monetær enhet"},"symbol":"XBB","narrow":"XBB"},"XBC":{"displayName":{"other":"europeiske kontoenheter","one":"europeisk kontoenhet (XBC)"},"symbol":"XBC","narrow":"XBC"},"XBD":{"displayName":{"other":"europeiske kontoenheter (XBD)","one":"europeisk kontoenhet (XBD)"},"symbol":"XBD","narrow":"XBD"},"XCD":{"displayName":{"other":"østkaribiske dollar","one":"østkaribisk dollar"},"symbol":"XCD","narrow":"$"},"XDR":{"displayName":{"other":"spesielle trekkrettigheter","one":"spesiell trekkrettighet"},"symbol":"XDR","narrow":"XDR"},"XEU":{"displayName":{"other":"europeiske valutaenheter","one":"europeisk valutaenhet"},"symbol":"XEU","narrow":"XEU"},"XFO":{"displayName":{"other":"franske gullfranc","one":"fransk gullfranc"},"symbol":"XFO","narrow":"XFO"},"XFU":{"displayName":{"other":"franske UIC-franc","one":"fransk UIC-franc"},"symbol":"XFU","narrow":"XFU"},"XOF":{"displayName":{"other":"vestafrikanske CFA-franc","one":"vestafrikansk CFA-franc"},"symbol":"F CFA","narrow":"F CFA"},"XPD":{"displayName":{"other":"unser palladium","one":"unse palladium"},"symbol":"XPD","narrow":"XPD"},"XPF":{"displayName":{"other":"CFP-franc"},"symbol":"XPF","narrow":"XPF"},"XPT":{"displayName":{"other":"unser platina","one":"unse platina"},"symbol":"XPT","narrow":"XPT"},"XRE":{"displayName":{"other":"RINET-fond"},"symbol":"XRE","narrow":"XRE"},"XSU":{"displayName":{"other":"sucre"},"symbol":"XSU","narrow":"XSU"},"XTS":{"displayName":{"other":"testvaluta"},"symbol":"XTS","narrow":"XTS"},"XUA":{"displayName":{"other":"ADB-kontoenheter","one":"ADB-kontoenhet"},"symbol":"XUA","narrow":"XUA"},"XXX":{"displayName":{"other":"(ukjent valuta)"},"symbol":"XXX","narrow":"XXX"},"YDD":{"displayName":{"other":"jemenittiske dinarer","one":"jemenittisk dinar"},"symbol":"YDD","narrow":"YDD"},"YER":{"displayName":{"other":"jemenittiske rialer","one":"jemenittisk rial"},"symbol":"YER","narrow":"YER"},"YUD":{"displayName":{"other":"jugoslaviske dinarer (hard)","one":"jugoslavisk dinar (hard)"},"symbol":"YUD","narrow":"YUD"},"YUM":{"displayName":{"other":"jugoslaviske noviy-dinarer","one":"jugoslavisk noviy-dinar"},"symbol":"YUM","narrow":"YUM"},"YUN":{"displayName":{"other":"jugoslaviske konvertible dinarer","one":"jugoslavisk konvertibel dinar"},"symbol":"YUN","narrow":"YUN"},"YUR":{"displayName":{"other":"jugoslaviske reformerte dinarer (1992–1993)","one":"jugoslavisk reformert dinar (1992–1993)"},"symbol":"YUR","narrow":"YUR"},"ZAL":{"displayName":{"other":"sørafrikanske rand (finansielle)","one":"sørafrikansk rand (finansiell)"},"symbol":"ZAL","narrow":"ZAL"},"ZAR":{"displayName":{"other":"sørafrikanske rand","one":"sørafrikansk rand"},"symbol":"ZAR","narrow":"R"},"ZMK":{"displayName":{"other":"zambiske kwacha (1968–2012)","one":"zambisk kwacha (1968–2012)"},"symbol":"ZMK","narrow":"ZMK"},"ZMW":{"displayName":{"other":"zambiske kwacha","one":"zambisk kwacha"},"symbol":"ZMW","narrow":"ZK"},"ZRN":{"displayName":{"other":"zairiske nye zaire","one":"zairisk ny zaire"},"symbol":"ZRN","narrow":"ZRN"},"ZRZ":{"displayName":{"other":"zairiske zaire","one":"zairisk zaire"},"symbol":"ZRZ","narrow":"ZRZ"},"ZWD":{"displayName":{"other":"zimbabwiske dollar (1980–2008)","one":"zimbabwisk dollar (1980–2008)"},"symbol":"ZWD","narrow":"ZWD"},"ZWL":{"displayName":{"other":"zimbabwiske dollar (2009)","one":"zimbabwisk dollar (2009)"},"symbol":"ZWL","narrow":"ZWL"},"ZWR":{"displayName":{"other":"zimbabwiske dollar (2008)","one":"zimbabwisk dollar (2008)"},"symbol":"ZWR","narrow":"ZWR"}},"numbers":{"nu":["latn"],"symbols":{"latn":{"decimal":",","group":" ","list":";","percentSign":"%","plusSign":"+","minusSign":"−","approximatelySign":"ca.","exponential":"E","superscriptingExponent":"×","perMille":"‰","infinity":"∞","nan":"NaN","timeSeparator":":","timeSeparator-alt-variant":"."}},"percent":{"latn":"#,##0 %"},"decimal":{"latn":{"standard":"#,##0.###","long":{"1000":{"other":"0 tusen"},"10000":{"other":"00 tusen"},"100000":{"other":"000 tusen"},"1000000":{"other":"0 millioner","one":"0 million"},"10000000":{"other":"00 millioner"},"100000000":{"other":"000 millioner"},"1000000000":{"other":"0 milliarder","one":"0 milliard"},"10000000000":{"other":"00 milliarder"},"100000000000":{"other":"000 milliarder"},"1000000000000":{"other":"0 billioner","one":"0 billion"},"10000000000000":{"other":"00 billioner"},"100000000000000":{"other":"000 billioner"}},"short":{"1000":{"other":"0k"},"10000":{"other":"00k"},"100000":{"other":"000k"},"1000000":{"other":"0 mill'.'"},"10000000":{"other":"00 mill'.'"},"100000000":{"other":"000 mill'.'"},"1000000000":{"other":"0 mrd'.'"},"10000000000":{"other":"00 mrd'.'"},"100000000000":{"other":"000 mrd'.'"},"1000000000000":{"other":"0 bill'.'"},"10000000000000":{"other":"00 bill'.'"},"100000000000000":{"other":"000 bill'.'"}}}},"currency":{"latn":{"currencySpacing":{"beforeInsertBetween":" ","afterInsertBetween":" "},"standard":"¤ #,##0.00","accounting":"¤ #,##0.00","unitPattern":"{0} {1}","short":{"1000":{"other":"¤ 0k"},"10000":{"other":"¤ 00k"},"100000":{"other":"¤ 000k"},"1000000":{"other":"¤ 0 mill'.'"},"10000000":{"other":"¤ 00 mill'.'"},"100000000":{"other":"¤ 000 mill'.'"},"1000000000":{"other":"¤ 0 mrd'.'"},"10000000000":{"other":"¤ 00 mrd'.'"},"100000000000":{"other":"¤ 000 mrd'.'"},"1000000000000":{"other":"¤ 0 bill'.'"},"10000000000000":{"other":"¤ 00 bill'.'"},"100000000000000":{"other":"¤ 000 bill'.'"}}}}},"nu":["latn"]},"locale":"nb"}
