{"data":{"units":{"simple":{"degree":{"long":{"other":"{0} градуса","one":"{0} градус","many":"{0} градусов"},"short":{"other":"{0}°"},"narrow":{"other":"{0}°"},"perUnit":{}},"hectare":{"long":{"other":"{0} гектара","one":"{0} гектар","many":"{0} гектаров"},"short":{"other":"{0} га"},"narrow":{"other":"{0} га"},"perUnit":{}},"acre":{"long":{"other":"{0} акра","one":"{0} акр","many":"{0} акров"},"short":{"other":"{0} акр.","one":"{0} акр"},"narrow":{"other":"{0} акра","one":"{0} акр","many":"{0} акров"},"perUnit":{}},"percent":{"long":{"other":"{0} процента","one":"{0} процент","many":"{0} процентов"},"short":{"other":"{0} %"},"narrow":{"other":"{0}%"},"perUnit":{}},"liter-per-kilometer":{"long":{"other":"{0} литра на километр","one":"{0} литр на километр","many":"{0} литров на километр"},"short":{"other":"{0} л/км"},"narrow":{"other":"{0} л/км"},"perUnit":{}},"mile-per-gallon":{"long":{"other":"{0} мили на амер. галлон","one":"{0} миля на амер. галлон","many":"{0} миль на амер. галлон"},"short":{"other":"{0} мили/ам. гал","one":"{0} миля/ам. гал","many":"{0} миль/ам. гал"},"narrow":{"other":"{0} мили/ам. гал","one":"{0} миля/ам. гал","many":"{0} миль/ам. гал"},"perUnit":{}},"petabyte":{"long":{"other":"{0} петабайта","one":"{0} петабайт","many":"{0} петабайт"},"short":{"other":"{0} ПБ"},"narrow":{"other":"{0} ПБ"},"perUnit":{}},"terabyte":{"long":{"other":"{0} терабайта","one":"{0} терабайт","many":"{0} терабайт"},"short":{"other":"{0} ТБ"},"narrow":{"other":"{0} ТБ"},"perUnit":{}},"terabit":{"long":{"other":"{0} терабита","one":"{0} терабит","many":"{0} терабит"},"short":{"other":"{0} Тбит"},"narrow":{"other":"{0} Тбит"},"perUnit":{}},"gigabyte":{"long":{"other":"{0} гигабайта","one":"{0} гигабайт","many":"{0} гигабайт"},"short":{"other":"{0} ГБ"},"narrow":{"other":"{0} ГБ"},"perUnit":{}},"gigabit":{"long":{"other":"{0} гигабита","one":"{0} гигабит","many":"{0} гигабит"},"short":{"other":"{0} Гбит"},"narrow":{"other":"{0} Гбит"},"perUnit":{}},"megabyte":{"long":{"other":"{0} мегабайта","one":"{0} мегабайт","many":"{0} мегабайт"},"short":{"other":"{0} МБ"},"narrow":{"other":"{0} МБ"},"perUnit":{}},"megabit":{"long":{"other":"{0} мегабита","one":"{0} мегабит","many":"{0} мегабит"},"short":{"other":"{0} Мбит"},"narrow":{"other":"{0} Мбит"},"perUnit":{}},"kilobyte":{"long":{"other":"{0} килобайта","one":"{0} килобайт","many":"{0} килобайт"},"short":{"other":"{0} кБ"},"narrow":{"other":"{0} кБ"},"perUnit":{}},"kilobit":{"long":{"other":"{0} килобита","one":"{0} килобит","many":"{0} килобит"},"short":{"other":"{0} кбит"},"narrow":{"other":"{0} кбит"},"perUnit":{}},"byte":{"long":{"other":"{0} байта","one":"{0} байт","many":"{0} байт"},"short":{"other":"{0} Б"},"narrow":{"other":"{0} Б"},"perUnit":{}},"bit":{"long":{"other":"{0} бита","one":"{0} бит","many":"{0} бит"},"short":{"other":"{0} бита","one":"{0} бит","many":"{0} бит"},"narrow":{"other":"{0} бита","one":"{0} бит","many":"{0} бит"},"perUnit":{}},"year":{"long":{"other":"{0} года","one":"{0} год","many":"{0} лет"},"short":{"other":"{0} г.","many":"{0} л."},"narrow":{"other":"{0} г.","many":"{0} л."},"perUnit":{"long":"{0} в год","short":"{0}/г","narrow":"{0}/г."}},"month":{"long":{"other":"{0} месяца","one":"{0} месяц","many":"{0} месяцев"},"short":{"other":"{0} мес."},"narrow":{"other":"{0} м."},"perUnit":{"long":"{0} в месяц","short":"{0}/мес","narrow":"{0}/м."}},"week":{"long":{"other":"{0} недели","one":"{0} неделя","many":"{0} недель"},"short":{"other":"{0} нед."},"narrow":{"other":"{0} н."},"perUnit":{"long":"{0} в неделю","short":"{0}/нед","narrow":"{0}/н."}},"day":{"long":{"other":"{0} дня","one":"{0} день","many":"{0} дней"},"short":{"other":"{0} дн."},"narrow":{"other":"{0} д."},"perUnit":{"long":"{0} в день","short":"{0}/д","narrow":"{0}/д."}},"hour":{"long":{"other":"{0} часа","one":"{0} час","many":"{0} часов"},"short":{"other":"{0} ч"},"narrow":{"other":"{0} ч"},"perUnit":{"long":"{0} в час","short":"{0}/ч","narrow":"{0}/ч."}},"minute":{"long":{"other":"{0} минуты","one":"{0} минута","many":"{0} минут"},"short":{"other":"{0} мин"},"narrow":{"other":"{0} мин"},"perUnit":{"long":"{0} в минуту","short":"{0}/мин","narrow":"{0}/мин."}},"second":{"long":{"other":"{0} секунды","one":"{0} секунда","many":"{0} секунд"},"short":{"other":"{0} с"},"narrow":{"other":"{0} с"},"perUnit":{"long":"{0} в секунду","short":"{0}/c","narrow":"{0}/c"}},"millisecond":{"long":{"other":"{0} миллисекунды","one":"{0} миллисекунда","many":"{0} миллисекунд"},"short":{"other":"{0} мс"},"narrow":{"other":"{0} мс"},"perUnit":{}},"kilometer":{"long":{"other":"{0} километра","one":"{0} километр","many":"{0} километров"},"short":{"other":"{0} км"},"narrow":{"other":"{0} км"},"perUnit":{"long":"{0} на километр","short":"{0}/км","narrow":"{0}/км"}},"meter":{"long":{"other":"{0} метра","one":"{0} метр","many":"{0} метров"},"short":{"other":"{0} м"},"narrow":{"other":"{0} м"},"perUnit":{"long":"{0} на метр","short":"{0}/м","narrow":"{0}/м"}},"centimeter":{"long":{"other":"{0} сантиметра","one":"{0} сантиметр","many":"{0} сантиметров"},"short":{"other":"{0} см"},"narrow":{"other":"{0} см"},"perUnit":{"long":"{0} на сантиметр","short":"{0}/см","narrow":"{0}/см"}},"millimeter":{"long":{"other":"{0} миллиметра","one":"{0} миллиметр","many":"{0} миллиметров"},"short":{"other":"{0} мм"},"narrow":{"other":"{0} мм"},"perUnit":{}},"mile":{"long":{"other":"{0} мили","one":"{0} миля","many":"{0} миль"},"short":{"other":"{0} ми"},"narrow":{"other":"{0} мили","one":"{0} миля","few":"{0} миль","many":"{0} миль"},"perUnit":{}},"yard":{"long":{"other":"{0} ярда","one":"{0} ярд","many":"{0} ярдов"},"short":{"other":"{0} ярд.","one":"{0} ярд"},"narrow":{"other":"{0} ярда","one":"{0} ярд","many":"{0} ярдов"},"perUnit":{}},"foot":{"long":{"other":"{0} фута","one":"{0} фут","many":"{0} футов"},"short":{"other":"{0} фт"},"narrow":{"other":"{0} фт"},"perUnit":{"long":"{0} на фут","short":"{0}/фт","narrow":"{0}/фт"}},"inch":{"long":{"other":"{0} дюйма","one":"{0} дюйм","many":"{0} дюймов"},"short":{"other":"{0} дюйм.","one":"{0} дюйм"},"narrow":{"other":"{0} дюйма","one":"{0} дюйм","many":"{0} дюймов"},"perUnit":{"long":"{0} на дюйм","short":"{0}/дюйм","narrow":"{0}/дюйм."}},"mile-scandinavian":{"long":{"other":"{0} скандинавской мили","one":"{0} скандинавская миля","few":"{0} скандинавские мили","many":"{0} скандинавских миль"},"short":{"other":"{0} ск. мил."},"narrow":{"other":"{0} ск. мл."},"perUnit":{}},"kilogram":{"long":{"other":"{0} килограмма","one":"{0} килограмм","many":"{0} килограмм"},"short":{"other":"{0} кг"},"narrow":{"other":"{0} кг"},"perUnit":{"long":"{0} на килограмм","short":"{0}/кг","narrow":"{0}/кг"}},"gram":{"long":{"other":"{0} грамма","one":"{0} грамм","many":"{0} грамм"},"short":{"other":"{0} г"},"narrow":{"other":"{0} г"},"perUnit":{"long":"{0} на грамм","short":"{0}/г","narrow":"{0}/г"}},"stone":{"long":{"other":"{0} стоуна","one":"{0} стоун","many":"{0} стоунов"},"short":{"other":"{0} стоуна","one":"{0} стоун","many":"{0} стоунов"},"narrow":{"other":"{0} стн"},"perUnit":{}},"pound":{"long":{"other":"{0} фунта","one":"{0} фунт","many":"{0} фунтов"},"short":{"other":"{0} фнт"},"narrow":{"other":"{0} lb"},"perUnit":{"long":"{0} на фунт","short":"{0}/фнт","narrow":"{0}/фнт"}},"ounce":{"long":{"other":"{0} унции","one":"{0} унция","many":"{0} унций"},"short":{"other":"{0} унц."},"narrow":{"other":"{0} oz"},"perUnit":{"long":"{0} на унцию","short":"{0}/унц","narrow":"{0}/унц."}},"kilometer-per-hour":{"long":{"other":"{0} километра в час","one":"{0} километр в час","many":"{0} километров в час"},"short":{"other":"{0} км/ч"},"narrow":{"other":"{0} км/ч"},"perUnit":{}},"meter-per-second":{"long":{"other":"{0} метра в секунду","one":"{0} метр в секунду","many":"{0} метров в секунду"},"short":{"other":"{0} м/с"},"narrow":{"other":"{0} м/с"},"perUnit":{}},"mile-per-hour":{"long":{"other":"{0} мили в час","one":"{0} миля в час","many":"{0} миль в час"},"short":{"other":"{0} ми/ч"},"narrow":{"other":"{0} миль/ч"},"perUnit":{}},"celsius":{"long":{"other":"{0} градуса Цельсия","one":"{0} градус Цельсия","many":"{0} градусов Цельсия"},"short":{"other":"{0} °C"},"narrow":{"other":"{0} °C"},"perUnit":{}},"fahrenheit":{"long":{"other":"{0} градуса Фаренгейта","one":"{0} градус Фаренгейта","many":"{0} градусов Фаренгейта"},"short":{"other":"{0} °F"},"narrow":{"other":"{0}°F","few":"{0} °F"},"perUnit":{}},"liter":{"long":{"other":"{0} литра","one":"{0} литр","many":"{0} литров"},"short":{"other":"{0} л"},"narrow":{"other":"{0} л"},"perUnit":{"long":"{0} на литр","short":"{0}/л","narrow":"{0}/л"}},"milliliter":{"long":{"other":"{0} миллилитра","one":"{0} миллилитр","many":"{0} миллилитров"},"short":{"other":"{0} мл"},"narrow":{"other":"{0} мл"},"perUnit":{}},"gallon":{"long":{"other":"{0} амер. галлона","one":"{0} амер. галлон","many":"{0} амер. галлонов"},"short":{"other":"{0} ам. гал."},"narrow":{"other":"{0} ам. гал."},"perUnit":{"long":"{0} на амер. галлон","short":"{0}/ам. гал","narrow":"{0}/ам. гал"}},"fluid-ounce":{"long":{"other":"{0} амер. жидкой унции","one":"{0} амер. жидкая унция","few":"{0} амер. жидкие унции","many":"{0} амер. жидких унций"},"short":{"other":"{0} ам. жидк. унц."},"narrow":{"other":"{0} ам. жидк. унц."},"perUnit":{}}},"compound":{"per":{"long":"{0}/{1}","short":"{0}/{1}","narrow":"{0}/{1}"}}},"currencies":{"ADP":{"displayName":{"other":"андоррских песет","one":"андоррская песета","few":"андоррские песеты"},"symbol":"ADP","narrow":"ADP"},"AED":{"displayName":{"other":"дирхама ОАЭ","one":"дирхам ОАЭ","many":"дирхамов ОАЭ"},"symbol":"AED","narrow":"AED"},"AFA":{"displayName":{"other":"Афгани (1927–2002)"},"symbol":"AFA","narrow":"AFA"},"AFN":{"displayName":{"other":"афгани"},"symbol":"AFN","narrow":"؋"},"ALK":{"displayName":{"other":"ALK"},"symbol":"ALK","narrow":"ALK"},"ALL":{"displayName":{"other":"албанского лека","one":"албанский лек","few":"албанских лека","many":"албанских леков"},"symbol":"ALL","narrow":"ALL"},"AMD":{"displayName":{"other":"армянского драма","one":"армянский драм","few":"армянских драма","many":"армянских драмов"},"symbol":"AMD","narrow":"֏"},"ANG":{"displayName":{"other":"нидерландского антильского гульдена","one":"нидерландский антильский гульден","few":"нидерландских антильских гульдена","many":"нидерландских антильских гульденов"},"symbol":"ANG","narrow":"ANG"},"AOA":{"displayName":{"other":"ангольской кванзы","one":"ангольская кванза","few":"ангольские кванзы","many":"ангольских кванз"},"symbol":"AOA","narrow":"Kz"},"AOK":{"displayName":{"other":"ангольских кванз (1977–1991)","few":"ангольские кванзы (1977–1991)"},"symbol":"AOK","narrow":"AOK"},"AON":{"displayName":{"other":"Ангольская новая кванза (1990–2000)"},"symbol":"AON","narrow":"AON"},"AOR":{"displayName":{"other":"ангольских кванз реюстадо (1995–1999)","few":"ангольские кванзы реюстадо (1995–1999)"},"symbol":"AOR","narrow":"AOR"},"ARA":{"displayName":{"other":"Аргентинский аустрал"},"symbol":"ARA","narrow":"ARA"},"ARL":{"displayName":{"other":"ARL"},"symbol":"ARL","narrow":"ARL"},"ARM":{"displayName":{"other":"ARM"},"symbol":"ARM","narrow":"ARM"},"ARP":{"displayName":{"other":"Аргентинское песо (1983–1985)"},"symbol":"ARP","narrow":"ARP"},"ARS":{"displayName":{"other":"аргентинского песо","one":"аргентинский песо","few":"аргентинских песо","many":"аргентинских песо"},"symbol":"ARS","narrow":"$"},"ATS":{"displayName":{"other":"Австрийский шиллинг"},"symbol":"ATS","narrow":"ATS"},"AUD":{"displayName":{"other":"австралийского доллара","one":"австралийский доллар","few":"австралийских доллара","many":"австралийских долларов"},"symbol":"A$","narrow":"$"},"AWG":{"displayName":{"other":"арубанского флорина","one":"арубанский флорин","few":"арубанских флорина","many":"арубанских флоринов"},"symbol":"AWG","narrow":"AWG"},"AZM":{"displayName":{"other":"Старый азербайджанский манат"},"symbol":"AZM","narrow":"AZM"},"AZN":{"displayName":{"other":"азербайджанского маната","one":"азербайджанский манат","few":"азербайджанских маната","many":"азербайджанских манатов"},"symbol":"AZN","narrow":"₼"},"BAD":{"displayName":{"other":"Динар Боснии и Герцеговины"},"symbol":"BAD","narrow":"BAD"},"BAM":{"displayName":{"other":"конвертируемой марки Боснии и Герцеговины","one":"конвертируемая марка Боснии и Герцеговины","few":"конвертируемые марки Боснии и Герцеговины","many":"конвертируемых марок Боснии и Герцеговины"},"symbol":"BAM","narrow":"KM"},"BAN":{"displayName":{"other":"BAN"},"symbol":"BAN","narrow":"BAN"},"BBD":{"displayName":{"other":"барбадосского доллара","one":"барбадосский доллар","few":"барбадосских доллара","many":"барбадосских долларов"},"symbol":"BBD","narrow":"$"},"BDT":{"displayName":{"other":"бангладешской таки","one":"бангладешская така","few":"бангладешские таки","many":"бангладешских так"},"symbol":"BDT","narrow":"৳"},"BEC":{"displayName":{"other":"Бельгийский франк (конвертируемый)"},"symbol":"BEC","narrow":"BEC"},"BEF":{"displayName":{"other":"Бельгийский франк"},"symbol":"BEF","narrow":"BEF"},"BEL":{"displayName":{"other":"Бельгийский франк (финансовый)"},"symbol":"BEL","narrow":"BEL"},"BGL":{"displayName":{"other":"Лев"},"symbol":"BGL","narrow":"BGL"},"BGM":{"displayName":{"other":"BGM"},"symbol":"BGM","narrow":"BGM"},"BGN":{"displayName":{"other":"болгарского лева","one":"болгарский лев","few":"болгарских лева","many":"болгарских левов"},"symbol":"BGN","narrow":"BGN"},"BGO":{"displayName":{"other":"BGO"},"symbol":"BGO","narrow":"BGO"},"BHD":{"displayName":{"other":"бахрейнского динара","one":"бахрейнский динар","few":"бахрейнских динара","many":"бахрейнских динаров"},"symbol":"BHD","narrow":"BHD"},"BIF":{"displayName":{"other":"бурундийского франка","one":"бурундийский франк","few":"бурундийских франка","many":"бурундийских франков"},"symbol":"BIF","narrow":"BIF"},"BMD":{"displayName":{"other":"бермудского доллара","one":"бермудский доллар","few":"бермудских доллара","many":"бермудских долларов"},"symbol":"BMD","narrow":"$"},"BND":{"displayName":{"other":"брунейского доллара","one":"брунейский доллар","few":"брунейских доллара","many":"брунейских долларов"},"symbol":"BND","narrow":"$"},"BOB":{"displayName":{"other":"боливийского боливиано","one":"боливийский боливиано","few":"боливийских боливиано","many":"боливийских боливиано"},"symbol":"BOB","narrow":"Bs"},"BOL":{"displayName":{"other":"BOL"},"symbol":"BOL","narrow":"BOL"},"BOP":{"displayName":{"other":"Боливийское песо"},"symbol":"BOP","narrow":"BOP"},"BOV":{"displayName":{"other":"Боливийский мвдол"},"symbol":"BOV","narrow":"BOV"},"BRB":{"displayName":{"other":"Бразильский новый крузейро (1967–1986)"},"symbol":"BRB","narrow":"BRB"},"BRC":{"displayName":{"other":"Бразильское крузадо"},"symbol":"BRC","narrow":"BRC"},"BRE":{"displayName":{"other":"Бразильский крузейро (1990–1993)"},"symbol":"BRE","narrow":"BRE"},"BRL":{"displayName":{"other":"бразильского реала","one":"бразильский реал","few":"бразильских реала","many":"бразильских реалов"},"symbol":"R$","narrow":"R$"},"BRN":{"displayName":{"other":"Бразильское новое крузадо"},"symbol":"BRN","narrow":"BRN"},"BRR":{"displayName":{"other":"Бразильский крузейро"},"symbol":"BRR","narrow":"BRR"},"BRZ":{"displayName":{"other":"BRZ"},"symbol":"BRZ","narrow":"BRZ"},"BSD":{"displayName":{"other":"багамского доллара","one":"багамский доллар","few":"багамских доллара","many":"багамских долларов"},"symbol":"BSD","narrow":"$"},"BTN":{"displayName":{"other":"бутанского нгултрума","one":"бутанский нгултрум","few":"бутанских нгултрума","many":"бутанских нгултрумов"},"symbol":"BTN","narrow":"BTN"},"BUK":{"displayName":{"other":"Джа"},"symbol":"BUK","narrow":"BUK"},"BWP":{"displayName":{"other":"ботсванской пулы","one":"ботсванская пула","few":"ботсванские пулы","many":"ботсванских пул"},"symbol":"BWP","narrow":"P"},"BYB":{"displayName":{"other":"Белорусский рубль (1994–1999)"},"symbol":"BYB","narrow":"BYB"},"BYN":{"displayName":{"other":"белорусского рубля","one":"белорусский рубль","few":"белорусских рубля","many":"белорусских рублей"},"symbol":"BYN","narrow":"р."},"BYR":{"displayName":{"other":"белорусского рубля (2000–2016)","one":"белорусский рубль (2000–2016)","few":"белорусских рубля (2000–2016)","many":"белорусских рублей (2000–2016)"},"symbol":"BYR","narrow":"BYR"},"BZD":{"displayName":{"other":"белизского доллара","one":"белизский доллар","few":"белизских доллара","many":"белизских долларов"},"symbol":"BZD","narrow":"$"},"CAD":{"displayName":{"other":"канадского доллара","one":"канадский доллар","few":"канадских доллара","many":"канадских долларов"},"symbol":"CA$","narrow":"$"},"CDF":{"displayName":{"other":"конголезского франка","one":"конголезский франк","few":"конголезских франка","many":"конголезских франков"},"symbol":"CDF","narrow":"CDF"},"CHE":{"displayName":{"other":"WIR евро"},"symbol":"CHE","narrow":"CHE"},"CHF":{"displayName":{"other":"швейцарского франка","one":"швейцарский франк","few":"швейцарских франка","many":"швейцарских франков"},"symbol":"CHF","narrow":"CHF"},"CHW":{"displayName":{"other":"WIR франк"},"symbol":"CHW","narrow":"CHW"},"CLE":{"displayName":{"other":"CLE"},"symbol":"CLE","narrow":"CLE"},"CLF":{"displayName":{"other":"Условная расчетная единица Чили"},"symbol":"CLF","narrow":"CLF"},"CLP":{"displayName":{"other":"чилийского песо","one":"чилийский песо","few":"чилийских песо","many":"чилийских песо"},"symbol":"CLP","narrow":"$"},"CNH":{"displayName":{"other":"китайского офшорного юаня","one":"китайский офшорный юань","few":"китайских офшорных юаня","many":"китайских офшорных юаней"},"symbol":"CNH","narrow":"CNH"},"CNX":{"displayName":{"other":"CNX"},"symbol":"CNX","narrow":"CNX"},"CNY":{"displayName":{"other":"китайского юаня","one":"китайский юань","few":"китайских юаня","many":"китайских юаней"},"symbol":"CN¥","narrow":"¥"},"COP":{"displayName":{"other":"колумбийского песо","one":"колумбийский песо","few":"колумбийских песо","many":"колумбийских песо"},"symbol":"COP","narrow":"$"},"COU":{"displayName":{"other":"Единица реальной стоимости Колумбии"},"symbol":"COU","narrow":"COU"},"CRC":{"displayName":{"other":"костариканского колона","one":"костариканский колон","few":"костариканских колона","many":"костариканских колонов"},"symbol":"CRC","narrow":"₡"},"CSD":{"displayName":{"other":"Старый Сербский динар"},"symbol":"CSD","narrow":"CSD"},"CSK":{"displayName":{"other":"Чехословацкая твердая крона"},"symbol":"CSK","narrow":"CSK"},"CUC":{"displayName":{"other":"кубинского конвертируемого песо","one":"кубинский конвертируемый песо","few":"кубинских конвертируемых песо","many":"кубинских конвертируемых песо"},"symbol":"CUC","narrow":"$"},"CUP":{"displayName":{"other":"кубинского песо","one":"кубинский песо","few":"кубинских песо","many":"кубинских песо"},"symbol":"CUP","narrow":"$"},"CVE":{"displayName":{"other":"эскудо Кабо-Верде"},"symbol":"CVE","narrow":"CVE"},"CYP":{"displayName":{"other":"Кипрский фунт"},"symbol":"CYP","narrow":"CYP"},"CZK":{"displayName":{"other":"чешской кроны","one":"чешская крона","few":"чешские кроны","many":"чешских крон"},"symbol":"CZK","narrow":"Kč"},"DDM":{"displayName":{"other":"Восточногерманская марка"},"symbol":"DDM","narrow":"DDM"},"DEM":{"displayName":{"other":"Немецкая марка"},"symbol":"DEM","narrow":"DEM"},"DJF":{"displayName":{"other":"франка Джибути","one":"франк Джибути","many":"франков Джибути"},"symbol":"DJF","narrow":"DJF"},"DKK":{"displayName":{"other":"датской кроны","one":"датская крона","few":"датские кроны","many":"датских крон"},"symbol":"DKK","narrow":"kr"},"DOP":{"displayName":{"other":"доминиканского песо","one":"доминиканский песо","few":"доминиканских песо","many":"доминиканских песо"},"symbol":"DOP","narrow":"$"},"DZD":{"displayName":{"other":"алжирского динара","one":"алжирский динар","few":"алжирских динара","many":"алжирских динаров"},"symbol":"DZD","narrow":"DZD"},"ECS":{"displayName":{"other":"Эквадорский сукре"},"symbol":"ECS","narrow":"ECS"},"ECV":{"displayName":{"other":"Постоянная единица стоимости Эквадора"},"symbol":"ECV","narrow":"ECV"},"EEK":{"displayName":{"other":"Эстонская крона"},"symbol":"EEK","narrow":"EEK"},"EGP":{"displayName":{"other":"египетского фунта","one":"египетский фунт","few":"египетских фунта","many":"египетских фунтов"},"symbol":"EGP","narrow":"E£"},"ERN":{"displayName":{"other":"эритрейской накфы","one":"эритрейская накфа","few":"эритрейские накфы","many":"эритрейских накф"},"symbol":"ERN","narrow":"ERN"},"ESA":{"displayName":{"other":"Испанская песета (А)"},"symbol":"ESA","narrow":"ESA"},"ESB":{"displayName":{"other":"Испанская песета (конвертируемая)"},"symbol":"ESB","narrow":"ESB"},"ESP":{"displayName":{"other":"Испанская песета"},"symbol":"ESP","narrow":"₧"},"ETB":{"displayName":{"other":"эфиопского быра","one":"эфиопский быр","few":"эфиопских быра","many":"эфиопских быров"},"symbol":"ETB","narrow":"ETB"},"EUR":{"displayName":{"other":"евро"},"symbol":"€","narrow":"€"},"FIM":{"displayName":{"other":"Финская марка"},"symbol":"FIM","narrow":"FIM"},"FJD":{"displayName":{"other":"доллара Фиджи","one":"доллар Фиджи","many":"долларов Фиджи"},"symbol":"FJD","narrow":"$"},"FKP":{"displayName":{"other":"фунта Фолклендских островов","one":"фунт Фолклендских островов","many":"фунтов Фолклендских островов"},"symbol":"FKP","narrow":"£"},"FRF":{"displayName":{"other":"Французский франк"},"symbol":"FRF","narrow":"FRF"},"GBP":{"displayName":{"other":"британского фунта стерлингов","one":"британский фунт стерлингов","few":"британских фунта стерлингов","many":"британских фунтов стерлингов"},"symbol":"£","narrow":"£"},"GEK":{"displayName":{"other":"Грузинский купон"},"symbol":"GEK","narrow":"GEK"},"GEL":{"displayName":{"other":"грузинского лари","one":"грузинский лари","few":"грузинских лари","many":"грузинских лари"},"symbol":"GEL","narrow":"ლ"},"GHC":{"displayName":{"other":"Ганский седи (1979–2007)"},"symbol":"GHC","narrow":"GHC"},"GHS":{"displayName":{"other":"ганского седи","one":"ганский седи","few":"ганских седи","many":"ганских седи"},"symbol":"GHS","narrow":"GH₵"},"GIP":{"displayName":{"other":"гибралтарского фунта","one":"гибралтарский фунт","few":"гибралтарских фунта","many":"гибралтарских фунтов"},"symbol":"GIP","narrow":"£"},"GMD":{"displayName":{"other":"гамбийского даласи","one":"гамбийский даласи","few":"гамбийских даласи","many":"гамбийских даласи"},"symbol":"GMD","narrow":"GMD"},"GNF":{"displayName":{"other":"гвинейского франка","one":"гвинейский франк","few":"гвинейских франка","many":"гвинейских франков"},"symbol":"GNF","narrow":"FG"},"GNS":{"displayName":{"other":"Гвинейская сили"},"symbol":"GNS","narrow":"GNS"},"GQE":{"displayName":{"other":"Эквеле экваториальной Гвинеи"},"symbol":"GQE","narrow":"GQE"},"GRD":{"displayName":{"other":"Греческая драхма"},"symbol":"GRD","narrow":"GRD"},"GTQ":{"displayName":{"other":"гватемальского кетсаля","one":"гватемальский кетсаль","few":"гватемальских кетсаля","many":"гватемальских кетсалей"},"symbol":"GTQ","narrow":"Q"},"GWE":{"displayName":{"other":"Эскудо Португальской Гвинеи"},"symbol":"GWE","narrow":"GWE"},"GWP":{"displayName":{"other":"Песо Гвинеи-Бисау"},"symbol":"GWP","narrow":"GWP"},"GYD":{"displayName":{"other":"гайанского доллара","one":"гайанский доллар","few":"гайанских доллара","many":"гайанских долларов"},"symbol":"GYD","narrow":"$"},"HKD":{"displayName":{"other":"гонконгского доллара","one":"гонконгский доллар","few":"гонконгских доллара","many":"гонконгских долларов"},"symbol":"HK$","narrow":"$"},"HNL":{"displayName":{"other":"гондурасской лемпиры","one":"гондурасская лемпира","few":"гондурасские лемпиры","many":"гондурасских лемпир"},"symbol":"HNL","narrow":"L"},"HRD":{"displayName":{"other":"Хорватский динар"},"symbol":"HRD","narrow":"HRD"},"HRK":{"displayName":{"other":"хорватской куны","one":"хорватская куна","few":"хорватские куны","many":"хорватских кун"},"symbol":"HRK","narrow":"kn"},"HTG":{"displayName":{"other":"гаитянского гурда","one":"гаитянский гурд","few":"гаитянских гурда","many":"гаитянских гурдов"},"symbol":"HTG","narrow":"HTG"},"HUF":{"displayName":{"other":"венгерского форинта","one":"венгерский форинт","few":"венгерских форинта","many":"венгерских форинтов"},"symbol":"HUF","narrow":"Ft"},"IDR":{"displayName":{"other":"индонезийской рупии","one":"индонезийская рупия","few":"индонезийские рупии","many":"индонезийских рупий"},"symbol":"IDR","narrow":"Rp"},"IEP":{"displayName":{"other":"Ирландский фунт"},"symbol":"IEP","narrow":"IEP"},"ILP":{"displayName":{"other":"Израильский фунт"},"symbol":"ILP","narrow":"ILP"},"ILR":{"displayName":{"other":"ILR"},"symbol":"ILR","narrow":"ILR"},"ILS":{"displayName":{"other":"нового израильского шекеля","one":"новый израильский шекель","few":"новых израильских шекеля","many":"новых израильских шекелей"},"symbol":"₪","narrow":"₪"},"INR":{"displayName":{"other":"индийской рупии","one":"индийская рупия","few":"индийские рупии","many":"индийских рупий"},"symbol":"₹","narrow":"₹"},"IQD":{"displayName":{"other":"иракского динара","one":"иракский динар","few":"иракских динара","many":"иракских динаров"},"symbol":"IQD","narrow":"IQD"},"IRR":{"displayName":{"other":"иранского риала","one":"иранский риал","few":"иранских риала","many":"иранских риалов"},"symbol":"IRR","narrow":"IRR"},"ISJ":{"displayName":{"other":"ISJ"},"symbol":"ISJ","narrow":"ISJ"},"ISK":{"displayName":{"other":"исландской кроны","one":"исландская крона","few":"исландские кроны","many":"исландских крон"},"symbol":"ISK","narrow":"kr"},"ITL":{"displayName":{"other":"Итальянская лира"},"symbol":"ITL","narrow":"ITL"},"JMD":{"displayName":{"other":"ямайского доллара","one":"ямайский доллар","few":"ямайских доллара","many":"ямайских долларов"},"symbol":"JMD","narrow":"$"},"JOD":{"displayName":{"other":"иорданского динара","one":"иорданский динар","few":"иорданских динара","many":"иорданских динаров"},"symbol":"JOD","narrow":"JOD"},"JPY":{"displayName":{"other":"японской иены","one":"японская иена","few":"японские иены","many":"японских иен"},"symbol":"¥","narrow":"¥"},"KES":{"displayName":{"other":"кенийского шиллинга","one":"кенийский шиллинг","few":"кенийских шиллинга","many":"кенийских шиллингов"},"symbol":"KES","narrow":"KES"},"KGS":{"displayName":{"other":"киргизского сома","one":"киргизский сом","few":"киргизских сома","many":"киргизских сомов"},"symbol":"KGS","narrow":"KGS"},"KHR":{"displayName":{"other":"камбоджийского риеля","one":"камбоджийский риель","few":"камбоджийских риеля","many":"камбоджийских риелей"},"symbol":"KHR","narrow":"៛"},"KMF":{"displayName":{"other":"коморского франка","one":"коморский франк","few":"коморских франка","many":"коморских франков"},"symbol":"KMF","narrow":"CF"},"KPW":{"displayName":{"other":"северокорейской воны","one":"северокорейская вона","few":"северокорейские воны","many":"северокорейских вон"},"symbol":"KPW","narrow":"₩"},"KRH":{"displayName":{"other":"KRH"},"symbol":"KRH","narrow":"KRH"},"KRO":{"displayName":{"other":"KRO"},"symbol":"KRO","narrow":"KRO"},"KRW":{"displayName":{"other":"южнокорейской воны","one":"южнокорейская вона","few":"южнокорейские воны","many":"южнокорейских вон"},"symbol":"₩","narrow":"₩"},"KWD":{"displayName":{"other":"кувейтского динара","one":"кувейтский динар","few":"кувейтских динара","many":"кувейтских динаров"},"symbol":"KWD","narrow":"KWD"},"KYD":{"displayName":{"other":"доллара Островов Кайман","one":"доллар Островов Кайман","many":"долларов Островов Кайман"},"symbol":"KYD","narrow":"$"},"KZT":{"displayName":{"other":"казахского тенге","one":"казахский тенге","few":"казахских тенге","many":"казахских тенге"},"symbol":"KZT","narrow":"₸"},"LAK":{"displayName":{"other":"лаосского кипа","one":"лаосский кип","few":"лаосских кипа","many":"лаосских кипов"},"symbol":"LAK","narrow":"₭"},"LBP":{"displayName":{"other":"ливанского фунта","one":"ливанский фунт","few":"ливанских фунта","many":"ливанских фунтов"},"symbol":"LBP","narrow":"L£"},"LKR":{"displayName":{"other":"шри-ланкийской рупии","one":"шри-ланкийская рупия","few":"шри-ланкийские рупии","many":"шри-ланкийских рупий"},"symbol":"LKR","narrow":"Rs"},"LRD":{"displayName":{"other":"либерийского доллара","one":"либерийский доллар","few":"либерийских доллара","many":"либерийских долларов"},"symbol":"LRD","narrow":"$"},"LSL":{"displayName":{"other":"Лоти"},"symbol":"LSL","narrow":"LSL"},"LTL":{"displayName":{"other":"литовского лита","one":"литовский лит","few":"литовских лита","many":"литовских литов"},"symbol":"LTL","narrow":"Lt"},"LTT":{"displayName":{"other":"Литовский талон"},"symbol":"LTT","narrow":"LTT"},"LUC":{"displayName":{"other":"Конвертируемый франк Люксембурга"},"symbol":"LUC","narrow":"LUC"},"LUF":{"displayName":{"other":"Люксембургский франк"},"symbol":"LUF","narrow":"LUF"},"LUL":{"displayName":{"other":"Финансовый франк Люксембурга"},"symbol":"LUL","narrow":"LUL"},"LVL":{"displayName":{"other":"латвийского лата","one":"латвийский лат","few":"латвийских лата","many":"латвийских латов"},"symbol":"LVL","narrow":"Ls"},"LVR":{"displayName":{"other":"Латвийский рубль"},"symbol":"LVR","narrow":"LVR"},"LYD":{"displayName":{"other":"ливийского динара","one":"ливийский динар","few":"ливийских динара","many":"ливийских динаров"},"symbol":"LYD","narrow":"LYD"},"MAD":{"displayName":{"other":"марокканского дирхама","one":"марокканский дирхам","few":"марокканских дирхама","many":"марокканских дирхамов"},"symbol":"MAD","narrow":"MAD"},"MAF":{"displayName":{"other":"Марокканский франк"},"symbol":"MAF","narrow":"MAF"},"MCF":{"displayName":{"other":"MCF"},"symbol":"MCF","narrow":"MCF"},"MDC":{"displayName":{"other":"MDC"},"symbol":"MDC","narrow":"MDC"},"MDL":{"displayName":{"other":"молдавского лея","one":"молдавский лей","few":"молдавских лея","many":"молдавских леев"},"symbol":"MDL","narrow":"MDL"},"MGA":{"displayName":{"other":"малагасийского ариари","one":"малагасийский ариари","few":"малагасийских ариари","many":"малагасийских ариари"},"symbol":"MGA","narrow":"Ar"},"MGF":{"displayName":{"other":"Малагасийский франк"},"symbol":"MGF","narrow":"MGF"},"MKD":{"displayName":{"other":"македонского денара","one":"македонский денар","few":"македонских денара","many":"македонских денаров"},"symbol":"MKD","narrow":"MKD"},"MKN":{"displayName":{"other":"MKN"},"symbol":"MKN","narrow":"MKN"},"MLF":{"displayName":{"other":"Малийский франк"},"symbol":"MLF","narrow":"MLF"},"MMK":{"displayName":{"other":"мьянманского кьята","one":"мьянманский кьят","few":"мьянманских кьята","many":"мьянманских кьятов"},"symbol":"MMK","narrow":"K"},"MNT":{"displayName":{"other":"монгольского тугрика","one":"монгольский тугрик","few":"монгольских тугрика","many":"монгольских тугриков"},"symbol":"MNT","narrow":"₮"},"MOP":{"displayName":{"other":"патаки Макао","one":"патака Макао","many":"патак Макао"},"symbol":"MOP","narrow":"MOP"},"MRO":{"displayName":{"other":"мавританской угии (1973–2017)","one":"мавританская угия (1973–2017)","few":"мавританские угии (1973–2017)","many":"мавританских угий (1973–2017)"},"symbol":"MRO","narrow":"MRO"},"MRU":{"displayName":{"other":"мавританской угии","one":"мавританская угия","few":"мавританские угии","many":"мавританских угий"},"symbol":"MRU","narrow":"MRU"},"MTL":{"displayName":{"other":"Мальтийская лира"},"symbol":"MTL","narrow":"MTL"},"MTP":{"displayName":{"other":"Мальтийский фунт"},"symbol":"MTP","narrow":"MTP"},"MUR":{"displayName":{"other":"маврикийской рупии","one":"маврикийская рупия","few":"маврикийские рупии","many":"маврикийских рупий"},"symbol":"MUR","narrow":"Rs"},"MVP":{"displayName":{"other":"MVP"},"symbol":"MVP","narrow":"MVP"},"MVR":{"displayName":{"other":"мальдивской руфии","one":"мальдивская руфия","few":"мальдивские руфии","many":"мальдивских руфий"},"symbol":"MVR","narrow":"MVR"},"MWK":{"displayName":{"other":"малавийской квачи","one":"малавийская квача","few":"малавийские квачи","many":"малавийских квач"},"symbol":"MWK","narrow":"MWK"},"MXN":{"displayName":{"other":"мексиканского песо","one":"мексиканский песо","few":"мексиканских песо","many":"мексиканских песо"},"symbol":"MX$","narrow":"$"},"MXP":{"displayName":{"other":"Мексиканское серебряное песо (1861–1992)"},"symbol":"MXP","narrow":"MXP"},"MXV":{"displayName":{"other":"Мексиканская пересчетная единица (UDI)"},"symbol":"MXV","narrow":"MXV"},"MYR":{"displayName":{"other":"малайзийского ринггита","one":"малайзийский ринггит","few":"малайзийских ринггита","many":"малайзийских ринггитов"},"symbol":"MYR","narrow":"RM"},"MZE":{"displayName":{"other":"Мозамбикское эскудо"},"symbol":"MZE","narrow":"MZE"},"MZM":{"displayName":{"other":"Старый мозамбикский метикал"},"symbol":"MZM","narrow":"MZM"},"MZN":{"displayName":{"other":"мозамбикского метикала","one":"мозамбикский метикал","few":"мозамбикских метикала","many":"мозамбикских метикалов"},"symbol":"MZN","narrow":"MZN"},"NAD":{"displayName":{"other":"доллара Намибии","one":"доллар Намибии","many":"долларов Намибии"},"symbol":"NAD","narrow":"$"},"NGN":{"displayName":{"other":"нигерийской найры","one":"нигерийская найра","few":"нигерийские найры","many":"нигерийских найр"},"symbol":"NGN","narrow":"₦"},"NIC":{"displayName":{"other":"Никарагуанская кордоба (1988–1991)"},"symbol":"NIC","narrow":"NIC"},"NIO":{"displayName":{"other":"никарагуанской кордобы","one":"никарагуанская кордоба","few":"никарагуанские кордобы","many":"никарагуанских кордоб"},"symbol":"NIO","narrow":"C$"},"NLG":{"displayName":{"other":"Нидерландский гульден"},"symbol":"NLG","narrow":"NLG"},"NOK":{"displayName":{"other":"норвежской кроны","one":"норвежская крона","few":"норвежские кроны","many":"норвежских крон"},"symbol":"NOK","narrow":"kr"},"NPR":{"displayName":{"other":"непальской рупии","one":"непальская рупия","few":"непальские рупии","many":"непальских рупий"},"symbol":"NPR","narrow":"Rs"},"NZD":{"displayName":{"other":"новозеландского доллара","one":"новозеландский доллар","few":"новозеландских доллара","many":"новозеландских долларов"},"symbol":"NZ$","narrow":"$"},"OMR":{"displayName":{"other":"оманского риала","one":"оманский риал","few":"оманских риала","many":"оманских риалов"},"symbol":"OMR","narrow":"OMR"},"PAB":{"displayName":{"other":"панамского бальбоа","one":"панамский бальбоа","few":"панамских бальбоа","many":"панамских бальбоа"},"symbol":"PAB","narrow":"PAB"},"PEI":{"displayName":{"other":"Перуанское инти"},"symbol":"PEI","narrow":"PEI"},"PEN":{"displayName":{"other":"перуанского соля","one":"перуанский соль","few":"перуанских соля","many":"перуанских солей"},"symbol":"PEN","narrow":"PEN"},"PES":{"displayName":{"other":"перуанского соля (1863–1965)","one":"перуанский соль (1863–1965)","few":"перуанских соля (1863–1965)","many":"перуанских солей (1863–1965)"},"symbol":"PES","narrow":"PES"},"PGK":{"displayName":{"other":"кины Папуа – Новой Гвинеи","one":"кина Папуа – Новой Гвинеи","many":"кин Папуа – Новой Гвинеи"},"symbol":"PGK","narrow":"PGK"},"PHP":{"displayName":{"other":"филиппинского песо","one":"филиппинский песо","few":"филиппинских песо","many":"филиппинских песо"},"symbol":"PHP","narrow":"₱"},"PKR":{"displayName":{"other":"пакистанской рупии","one":"пакистанская рупия","few":"пакистанские рупии","many":"пакистанских рупий"},"symbol":"PKR","narrow":"Rs"},"PLN":{"displayName":{"other":"польского злотого","one":"польский злотый","few":"польских злотых","many":"польских злотых"},"symbol":"PLN","narrow":"zł"},"PLZ":{"displayName":{"other":"Злотый"},"symbol":"PLZ","narrow":"PLZ"},"PTE":{"displayName":{"other":"Португальское эскудо"},"symbol":"PTE","narrow":"PTE"},"PYG":{"displayName":{"other":"парагвайского гуарани","one":"парагвайский гуарани","few":"парагвайских гуарани","many":"парагвайских гуарани"},"symbol":"PYG","narrow":"₲"},"QAR":{"displayName":{"other":"катарского риала","one":"катарский риал","few":"катарских риала","many":"катарских риалов"},"symbol":"QAR","narrow":"QAR"},"RHD":{"displayName":{"other":"Родезийский доллар"},"symbol":"RHD","narrow":"RHD"},"ROL":{"displayName":{"other":"Старый Румынский лей"},"symbol":"ROL","narrow":"ROL"},"RON":{"displayName":{"other":"румынского лея","one":"румынский лей","few":"румынских лея","many":"румынских леев"},"symbol":"RON","narrow":"L"},"RSD":{"displayName":{"other":"сербского динара","one":"сербский динар","few":"сербских динара","many":"сербских динаров"},"symbol":"RSD","narrow":"RSD"},"RUB":{"displayName":{"other":"российского рубля","one":"российский рубль","few":"российских рубля","many":"российских рублей"},"symbol":"₽","narrow":"₽"},"RUR":{"displayName":{"other":"Российский рубль (1991–1998)"},"symbol":"р.","narrow":"р."},"RWF":{"displayName":{"other":"франка Руанды","one":"франк Руанды","many":"франков Руанды"},"symbol":"RWF","narrow":"RF"},"SAR":{"displayName":{"other":"саудовского рияла","one":"саудовский риял","few":"саудовских рияла","many":"саудовских риялов"},"symbol":"SAR","narrow":"SAR"},"SBD":{"displayName":{"other":"доллара Соломоновых Островов","one":"доллар Соломоновых Островов","many":"долларов Соломоновых Островов"},"symbol":"SBD","narrow":"$"},"SCR":{"displayName":{"other":"сейшельской рупии","one":"сейшельская рупия","few":"сейшельские рупии","many":"сейшельских рупий"},"symbol":"SCR","narrow":"SCR"},"SDD":{"displayName":{"other":"Суданский динар"},"symbol":"SDD","narrow":"SDD"},"SDG":{"displayName":{"other":"суданского фунта","one":"суданский фунт","few":"суданских фунта","many":"суданских фунтов"},"symbol":"SDG","narrow":"SDG"},"SDP":{"displayName":{"other":"Старый суданский фунт"},"symbol":"SDP","narrow":"SDP"},"SEK":{"displayName":{"other":"шведской кроны","one":"шведская крона","few":"шведские кроны","many":"шведских крон"},"symbol":"SEK","narrow":"kr"},"SGD":{"displayName":{"other":"сингапурского доллара","one":"сингапурский доллар","few":"сингапурских доллара","many":"сингапурских долларов"},"symbol":"SGD","narrow":"$"},"SHP":{"displayName":{"other":"фунта острова Святой Елены","one":"фунт острова Святой Елены","many":"фунтов острова Святой Елены"},"symbol":"SHP","narrow":"£"},"SIT":{"displayName":{"other":"Словенский толар"},"symbol":"SIT","narrow":"SIT"},"SKK":{"displayName":{"other":"Словацкая крона"},"symbol":"SKK","narrow":"SKK"},"SLL":{"displayName":{"other":"леоне"},"symbol":"SLL","narrow":"SLL"},"SOS":{"displayName":{"other":"сомалийского шиллинга","one":"сомалийский шиллинг","few":"сомалийских шиллинга","many":"сомалийских шиллингов"},"symbol":"SOS","narrow":"SOS"},"SRD":{"displayName":{"other":"суринамского доллара","one":"суринамский доллар","few":"суринамских доллара","many":"суринамских долларов"},"symbol":"SRD","narrow":"$"},"SRG":{"displayName":{"other":"Суринамский гульден"},"symbol":"SRG","narrow":"SRG"},"SSP":{"displayName":{"other":"южносуданского фунта","one":"южносуданский фунт","few":"южносуданских фунта","many":"южносуданских фунтов"},"symbol":"SSP","narrow":"£"},"STD":{"displayName":{"other":"добры Сан-Томе и Принсипи (1977–2017)","one":"добра Сан-Томе и Принсипи (1977–2017)","many":"добр Сан-Томе и Принсипи (1977–2017)"},"symbol":"STD","narrow":"STD"},"STN":{"displayName":{"other":"добры Сан-Томе и Принсипи","one":"добра Сан-Томе и Принсипи","many":"добр Сан-Томе и Принсипи"},"symbol":"STN","narrow":"Db"},"SUR":{"displayName":{"other":"Рубль СССР"},"symbol":"SUR","narrow":"SUR"},"SVC":{"displayName":{"other":"Сальвадорский колон"},"symbol":"SVC","narrow":"SVC"},"SYP":{"displayName":{"other":"сирийского фунта","one":"сирийский фунт","few":"сирийских фунта","many":"сирийских фунтов"},"symbol":"SYP","narrow":"£"},"SZL":{"displayName":{"other":"свазилендского лилангени","one":"свазилендский лилангени","few":"свазилендских лилангени","many":"свазилендских лилангени"},"symbol":"SZL","narrow":"SZL"},"THB":{"displayName":{"other":"таиландского бата","one":"таиландский бат","few":"таиландских бата","many":"таиландских батов"},"symbol":"฿","narrow":"฿"},"TJR":{"displayName":{"other":"Таджикский рубль"},"symbol":"TJR","narrow":"TJR"},"TJS":{"displayName":{"other":"таджикского сомони","one":"таджикский сомони","few":"таджикских сомони","many":"таджикских сомони"},"symbol":"TJS","narrow":"TJS"},"TMM":{"displayName":{"other":"Туркменский манат"},"symbol":"TMM","narrow":"TMM"},"TMT":{"displayName":{"other":"нового туркменского маната","one":"новый туркменский манат","few":"новых туркменских маната","many":"новых туркменских манатов"},"symbol":"ТМТ","narrow":"ТМТ"},"TND":{"displayName":{"other":"тунисского динара","one":"тунисский динар","few":"тунисских динара","many":"тунисских динаров"},"symbol":"TND","narrow":"TND"},"TOP":{"displayName":{"other":"тонганской паанги","one":"тонганская паанга","few":"тонганские паанги","many":"тонганских паанг"},"symbol":"TOP","narrow":"T$"},"TPE":{"displayName":{"other":"Тиморское эскудо"},"symbol":"TPE","narrow":"TPE"},"TRL":{"displayName":{"other":"турецкой лиры (1922–2005)","one":"турецкая лира (1922–2005)","few":"турецкие лиры (1922–2005)","many":"турецких лир (1922–2005)"},"symbol":"TRL","narrow":"TRL"},"TRY":{"displayName":{"other":"турецкой лиры","one":"турецкая лира","few":"турецкие лиры","many":"турецких лир"},"symbol":"TRY","narrow":"₺"},"TTD":{"displayName":{"other":"доллара Тринидада и Тобаго","one":"доллар Тринидада и Тобаго","many":"долларов Тринидада и Тобаго"},"symbol":"TTD","narrow":"$"},"TWD":{"displayName":{"other":"нового тайваньского доллара","one":"новый тайваньский доллар","few":"новых тайваньских доллара","many":"новых тайваньских долларов"},"symbol":"NT$","narrow":"NT$"},"TZS":{"displayName":{"other":"танзанийского шиллинга","one":"танзанийский шиллинг","few":"танзанийских шиллинга","many":"танзанийских шиллингов"},"symbol":"TZS","narrow":"TZS"},"UAH":{"displayName":{"other":"украинской гривны","one":"украинская гривна","few":"украинские гривны","many":"украинских гривен"},"symbol":"₴","narrow":"₴"},"UAK":{"displayName":{"other":"Карбованец (украинский)"},"symbol":"UAK","narrow":"UAK"},"UGS":{"displayName":{"other":"Старый угандийский шиллинг"},"symbol":"UGS","narrow":"UGS"},"UGX":{"displayName":{"other":"угандийского шиллинга","one":"угандийский шиллинг","few":"угандийских шиллинга","many":"угандийских шиллингов"},"symbol":"UGX","narrow":"UGX"},"USD":{"displayName":{"other":"доллара США","one":"доллар США","many":"долларов США"},"symbol":"$","narrow":"$"},"USN":{"displayName":{"other":"Доллар США следующего дня"},"symbol":"USN","narrow":"USN"},"USS":{"displayName":{"other":"Доллар США текущего дня"},"symbol":"USS","narrow":"USS"},"UYI":{"displayName":{"other":"Уругвайский песо (индекс инфляции)"},"symbol":"UYI","narrow":"UYI"},"UYP":{"displayName":{"other":"Уругвайское старое песо (1975–1993)"},"symbol":"UYP","narrow":"UYP"},"UYU":{"displayName":{"other":"уругвайского песо","one":"уругвайский песо","few":"уругвайских песо","many":"уругвайских песо"},"symbol":"UYU","narrow":"$"},"UYW":{"displayName":{"other":"UYW"},"symbol":"UYW","narrow":"UYW"},"UZS":{"displayName":{"other":"узбекского сума","one":"узбекский сум","few":"узбекских сума","many":"узбекских сумов"},"symbol":"UZS","narrow":"UZS"},"VEB":{"displayName":{"other":"Венесуэльский боливар (1871–2008)"},"symbol":"VEB","narrow":"VEB"},"VEF":{"displayName":{"other":"венесуэльского боливара (2008–2018)","one":"венесуэльский боливар (2008–2018)","few":"венесуэльских боливара (2008–2018)","many":"венесуэльских боливаров (2008–2018)"},"symbol":"VEF","narrow":"Bs"},"VES":{"displayName":{"other":"венесуэльского боливара","one":"венесуэльский боливар","few":"венесуэльских боливара","many":"венесуэльских боливаров"},"symbol":"VES","narrow":"VES"},"VND":{"displayName":{"other":"вьетнамского донга","one":"вьетнамский донг","few":"вьетнамских донга","many":"вьетнамских донгов"},"symbol":"₫","narrow":"₫"},"VNN":{"displayName":{"other":"VNN"},"symbol":"VNN","narrow":"VNN"},"VUV":{"displayName":{"other":"вату Вануату"},"symbol":"VUV","narrow":"VUV"},"WST":{"displayName":{"other":"самоанской талы","one":"самоанская тала","few":"самоанские талы","many":"самоанских тал"},"symbol":"WST","narrow":"WST"},"XAF":{"displayName":{"other":"франка КФА ВЕАС","one":"франк КФА ВЕАС","many":"франков КФА ВЕАС"},"symbol":"FCFA","narrow":"FCFA"},"XAG":{"displayName":{"other":"Серебро"},"symbol":"XAG","narrow":"XAG"},"XAU":{"displayName":{"other":"Золото"},"symbol":"XAU","narrow":"XAU"},"XBA":{"displayName":{"other":"Европейская составная единица"},"symbol":"XBA","narrow":"XBA"},"XBB":{"displayName":{"other":"Европейская денежная единица"},"symbol":"XBB","narrow":"XBB"},"XBC":{"displayName":{"other":"расчетная единица европейского валютного соглашения (XBC)"},"symbol":"XBC","narrow":"XBC"},"XBD":{"displayName":{"other":"расчетная единица европейского валютного соглашения (XBD)"},"symbol":"XBD","narrow":"XBD"},"XCD":{"displayName":{"other":"восточно-карибского доллара","one":"восточно-карибский доллар","few":"восточно-карибских доллара","many":"восточно-карибских долларов"},"symbol":"EC$","narrow":"$"},"XDR":{"displayName":{"other":"СДР (специальные права заимствования)"},"symbol":"XDR","narrow":"XDR"},"XEU":{"displayName":{"other":"ЭКЮ (единица европейской валюты)"},"symbol":"XEU","narrow":"XEU"},"XFO":{"displayName":{"other":"Французский золотой франк"},"symbol":"XFO","narrow":"XFO"},"XFU":{"displayName":{"other":"Французский UIC-франк"},"symbol":"XFU","narrow":"XFU"},"XOF":{"displayName":{"other":"франка КФА ВСЕАО","one":"франк КФА ВСЕАО","many":"франков КФА ВСЕАО"},"symbol":"F CFA","narrow":"F CFA"},"XPD":{"displayName":{"other":"Палладий"},"symbol":"XPD","narrow":"XPD"},"XPF":{"displayName":{"other":"французского тихоокеанского франка","one":"французский тихоокеанский франк","few":"французских тихоокеанских франка","many":"французских тихоокеанских франков"},"symbol":"CFPF","narrow":"CFPF"},"XPT":{"displayName":{"other":"Платина"},"symbol":"XPT","narrow":"XPT"},"XRE":{"displayName":{"other":"единица RINET-фондов"},"symbol":"XRE","narrow":"XRE"},"XSU":{"displayName":{"other":"XSU"},"symbol":"XSU","narrow":"XSU"},"XTS":{"displayName":{"other":"тестовый валютный код"},"symbol":"XTS","narrow":"XTS"},"XUA":{"displayName":{"other":"XUA"},"symbol":"XUA","narrow":"XUA"},"XXX":{"displayName":{"other":"единицы неизвестной валюты","one":"единица неизвестной валюты","many":"единиц неизвестной валюты"},"symbol":"XXXX","narrow":"XXXX"},"YDD":{"displayName":{"other":"Йеменский динар"},"symbol":"YDD","narrow":"YDD"},"YER":{"displayName":{"other":"йеменского риала","one":"йеменский риал","few":"йеменских риала","many":"йеменских риалов"},"symbol":"YER","narrow":"YER"},"YUD":{"displayName":{"other":"Югославский твердый динар"},"symbol":"YUD","narrow":"YUD"},"YUM":{"displayName":{"other":"Югославский новый динар"},"symbol":"YUM","narrow":"YUM"},"YUN":{"displayName":{"other":"Югославский динар"},"symbol":"YUN","narrow":"YUN"},"YUR":{"displayName":{"other":"YUR"},"symbol":"YUR","narrow":"YUR"},"ZAL":{"displayName":{"other":"Южноафриканский рэнд (финансовый)"},"symbol":"ZAL","narrow":"ZAL"},"ZAR":{"displayName":{"other":"южноафриканского рэнда","one":"южноафриканский рэнд","few":"южноафриканских рэнда","many":"южноафриканских рэндов"},"symbol":"ZAR","narrow":"R"},"ZMK":{"displayName":{"other":"замбийской квачи (1968–2012)","one":"замбийская квача (1968–2012)","few":"замбийские квачи (1968–2012)","many":"замбийских квач (1968–2012)"},"symbol":"ZMK","narrow":"ZMK"},"ZMW":{"displayName":{"other":"замбийской квачи","one":"замбийская квача","few":"замбийские квачи","many":"замбийских квач"},"symbol":"ZMW","narrow":"ZK"},"ZRN":{"displayName":{"other":"Новый заир"},"symbol":"ZRN","narrow":"ZRN"},"ZRZ":{"displayName":{"other":"Заир"},"symbol":"ZRZ","narrow":"ZRZ"},"ZWD":{"displayName":{"other":"Доллар Зимбабве"},"symbol":"ZWD","narrow":"ZWD"},"ZWL":{"displayName":{"other":"Доллар Зимбабве (2009)"},"symbol":"ZWL","narrow":"ZWL"},"ZWR":{"displayName":{"other":"ZWR"},"symbol":"ZWR","narrow":"ZWR"}},"numbers":{"nu":["latn"],"symbols":{"latn":{"decimal":",","group":" ","list":";","percentSign":"%","plusSign":"+","minusSign":"-","approximatelySign":"≈","exponential":"E","superscriptingExponent":"×","perMille":"‰","infinity":"∞","nan":"не число","timeSeparator":":"}},"percent":{"latn":"#,##0 %"},"decimal":{"latn":{"standard":"#,##0.###","long":{"1000":{"other":"0 тысячи","one":"0 тысяча","many":"0 тысяч"},"10000":{"other":"00 тысячи","one":"00 тысяча","many":"00 тысяч"},"100000":{"other":"000 тысячи","one":"000 тысяча","many":"000 тысяч"},"1000000":{"other":"0 миллиона","one":"0 миллион","many":"0 миллионов"},"10000000":{"other":"00 миллиона","one":"00 миллион","many":"00 миллионов"},"100000000":{"other":"000 миллиона","one":"000 миллион","many":"000 миллионов"},"1000000000":{"other":"0 миллиарда","one":"0 миллиард","many":"0 миллиардов"},"10000000000":{"other":"00 миллиарда","one":"00 миллиард","many":"00 миллиардов"},"100000000000":{"other":"000 миллиарда","one":"000 миллиард","many":"000 миллиардов"},"1000000000000":{"other":"0 триллиона","one":"0 триллион","many":"0 триллионов"},"10000000000000":{"other":"00 триллиона","one":"00 триллион","many":"00 триллионов"},"100000000000000":{"other":"000 триллиона","one":"000 триллион","many":"000 триллионов"}},"short":{"1000":{"other":"0 тыс'.'"},"10000":{"other":"00 тыс'.'"},"100000":{"other":"000 тыс'.'"},"1000000":{"other":"0 млн"},"10000000":{"other":"00 млн"},"100000000":{"other":"000 млн"},"1000000000":{"other":"0 млрд"},"10000000000":{"other":"00 млрд"},"100000000000":{"other":"000 млрд"},"1000000000000":{"other":"0 трлн"},"10000000000000":{"other":"00 трлн"},"100000000000000":{"other":"000 трлн"}}}},"currency":{"latn":{"currencySpacing":{"beforeInsertBetween":" ","afterInsertBetween":" "},"standard":"#,##0.00 ¤","accounting":"#,##0.00 ¤","unitPattern":"{0} {1}","short":{"1000":{"other":"0 тыс'.' ¤"},"10000":{"other":"00 тыс'.' ¤"},"100000":{"other":"000 тыс'.' ¤"},"1000000":{"other":"0 млн ¤"},"10000000":{"other":"00 млн ¤"},"100000000":{"other":"000 млн ¤"},"1000000000":{"other":"0 млрд ¤"},"10000000000":{"other":"00 млрд ¤"},"100000000000":{"other":"000 млрд ¤"},"1000000000000":{"other":"0 трлн ¤"},"10000000000000":{"other":"00 трлн ¤"},"100000000000000":{"other":"000 трлн ¤"}}}}},"nu":["latn"]},"locale":"ru"}
