{"data":{"units":{"simple":{"degree":{"long":{"other":"{0} stupňov","one":"{0} stupeň","few":"{0} stupne","many":"{0} stupňa"},"short":{"other":"{0}°"},"narrow":{"other":"{0}°"},"perUnit":{}},"hectare":{"long":{"other":"{0} hektárov","one":"{0} hektár","few":"{0} hektáre","many":"{0} hektára"},"short":{"other":"{0} ha"},"narrow":{"other":"{0}ha"},"perUnit":{}},"acre":{"long":{"other":"{0} akrov","one":"{0} aker","few":"{0} akre","many":"{0} akra"},"short":{"other":"{0} ac"},"narrow":{"other":"{0}ac"},"perUnit":{}},"percent":{"long":{"other":"{0} percent","one":"{0} percento","few":"{0} percentá","many":"{0} percenta"},"short":{"other":"{0} %"},"narrow":{"other":"{0} %"},"perUnit":{}},"liter-per-kilometer":{"long":{"other":"{0} litrov na kilometer","one":"{0} liter na kilometer","few":"{0} litre na kilometer","many":"{0} litra na kilometer"},"short":{"other":"{0} l/km"},"narrow":{"other":"{0} l/km"},"perUnit":{}},"mile-per-gallon":{"long":{"other":"{0} míľ na galón","one":"{0} míľa na galón","few":"{0} míle na galón","many":"{0} míle na galón"},"short":{"other":"{0} mpg"},"narrow":{"other":"{0} mpg"},"perUnit":{}},"petabyte":{"long":{"other":"{0} petabajtov","one":"{0} petabajt","few":"{0} petabajty","many":"{0} petabajtu"},"short":{"other":"{0} PB"},"narrow":{"other":"{0} PB"},"perUnit":{}},"terabyte":{"long":{"other":"{0} terabajtov","one":"{0} terabajt","few":"{0} terabajty","many":"{0} terabajtu"},"short":{"other":"{0} TB"},"narrow":{"other":"{0} TB"},"perUnit":{}},"terabit":{"long":{"other":"{0} terabitov","one":"{0} terabit","few":"{0} terabity","many":"{0} terabitu"},"short":{"other":"{0} Tb"},"narrow":{"other":"{0} Tb"},"perUnit":{}},"gigabyte":{"long":{"other":"{0} gigabajtov","one":"{0} gigabajt","few":"{0} gigabajty","many":"{0} gigabajtu"},"short":{"other":"{0} GB"},"narrow":{"other":"{0} GB"},"perUnit":{}},"gigabit":{"long":{"other":"{0} gigabitov","one":"{0} gigabit","few":"{0} gigabity","many":"{0} gigabitu"},"short":{"other":"{0} Gb"},"narrow":{"other":"{0} Gb"},"perUnit":{}},"megabyte":{"long":{"other":"{0} megabajtov","one":"{0} megabajt","few":"{0} megabajty","many":"{0} megabajtu"},"short":{"other":"{0} MB"},"narrow":{"other":"{0} MB"},"perUnit":{}},"megabit":{"long":{"other":"{0} megabitov","one":"{0} megabit","few":"{0} megabity","many":"{0} megabitu"},"short":{"other":"{0} Mb"},"narrow":{"other":"{0} Mb"},"perUnit":{}},"kilobyte":{"long":{"other":"{0} kilobajtov","one":"{0} kilobajt","few":"{0} kilobajty","many":"{0} kilobajtu"},"short":{"other":"{0} kB"},"narrow":{"other":"{0} kB"},"perUnit":{}},"kilobit":{"long":{"other":"{0} kilobitov","one":"{0} kilobit","few":"{0} kilobity","many":"{0} kilobitu"},"short":{"other":"{0} kb"},"narrow":{"other":"{0} kb"},"perUnit":{}},"byte":{"long":{"other":"{0} bajtov","one":"{0} bajt","few":"{0} bajty","many":"{0} bajtu"},"short":{"other":"{0} B"},"narrow":{"other":"{0} B"},"perUnit":{}},"bit":{"long":{"other":"{0} bitov","one":"{0} bit","few":"{0} bity","many":"{0} bitu"},"short":{"other":"{0} b"},"narrow":{"other":"{0} b"},"perUnit":{}},"year":{"long":{"other":"{0} rokov","one":"{0} rok","few":"{0} roky","many":"{0} roka"},"short":{"other":"{0} r."},"narrow":{"other":"{0} r."},"perUnit":{"long":"{0} za rok","short":"{0}/r.","narrow":"{0}/r."}},"month":{"long":{"other":"{0} mesiacov","one":"{0} mesiac","few":"{0} mesiace","many":"{0} mesiaca"},"short":{"other":"{0} mes."},"narrow":{"other":"{0} m."},"perUnit":{"long":"{0} za mesiac","short":"{0}/mes.","narrow":"{0}/m."}},"week":{"long":{"other":"{0} týždňov","one":"{0} týždeň","few":"{0} týždne","many":"{0} týždňa"},"short":{"other":"{0} týž."},"narrow":{"other":"{0} t."},"perUnit":{"long":"{0} za týždeň","short":"{0}/týž.","narrow":"{0}/t."}},"day":{"long":{"other":"{0} dní","one":"{0} deň","few":"{0} dni","many":"{0} dňa"},"short":{"other":"{0} dní","one":"{0} deň","few":"{0} dni","many":"{0} dňa"},"narrow":{"other":"{0} d."},"perUnit":{"long":"{0} za deň","short":"{0}/deň","narrow":"{0}/d."}},"hour":{"long":{"other":"{0} hodín","one":"{0} hodina","few":"{0} hodiny","many":"{0} hodiny"},"short":{"other":"{0} h"},"narrow":{"other":"{0} h"},"perUnit":{"long":"{0} za hodinu","short":"{0}/h","narrow":"{0}/h"}},"minute":{"long":{"other":"{0} minút","one":"{0} minúta","few":"{0} minúty","many":"{0} minúty"},"short":{"other":"{0} min"},"narrow":{"other":"{0} min"},"perUnit":{"long":"{0} za minútu","short":"{0}/min","narrow":"{0}/min"}},"second":{"long":{"other":"{0} sekúnd","one":"{0} sekunda","few":"{0} sekundy","many":"{0} sekundy"},"short":{"other":"{0} s"},"narrow":{"other":"{0} s"},"perUnit":{"long":"{0} za sekundu","short":"{0}/s","narrow":"{0}/s"}},"millisecond":{"long":{"other":"{0} milisekúnd","one":"{0} milisekunda","few":"{0} milisekundy","many":"{0} milisekundy"},"short":{"other":"{0} ms"},"narrow":{"other":"{0} ms"},"perUnit":{}},"kilometer":{"long":{"other":"{0} kilometrov","one":"{0} kilometer","few":"{0} kilometre","many":"{0} kilometra"},"short":{"other":"{0} km"},"narrow":{"other":"{0} km"},"perUnit":{"long":"{0} na kilometer","short":"{0}/km","narrow":"{0}/km"}},"meter":{"long":{"other":"{0} metrov","one":"{0} meter","few":"{0} metre","many":"{0} metra"},"short":{"other":"{0} m"},"narrow":{"other":"{0} m"},"perUnit":{"long":"{0} na meter","short":"{0}/m","narrow":"{0}/m"}},"centimeter":{"long":{"other":"{0} centimetrov","one":"{0} centimeter","few":"{0} centimetre","many":"{0} centimetra"},"short":{"other":"{0} cm"},"narrow":{"other":"{0} cm"},"perUnit":{"long":"{0} na centimeter","short":"{0}/cm","narrow":"{0}/cm"}},"millimeter":{"long":{"other":"{0} milimetrov","one":"{0} milimeter","few":"{0} milimetre","many":"{0} milimetra"},"short":{"other":"{0} mm"},"narrow":{"other":"{0} mm"},"perUnit":{}},"mile":{"long":{"other":"{0} míľ","one":"{0} míľa","few":"{0} míle","many":"{0} míle"},"short":{"other":"{0} mi"},"narrow":{"other":"{0} mi"},"perUnit":{}},"yard":{"long":{"other":"{0} yardov","one":"{0} yard","few":"{0} yardy","many":"{0} yardu"},"short":{"other":"{0} yd"},"narrow":{"other":"{0} yd"},"perUnit":{}},"foot":{"long":{"other":"{0} stôp","one":"{0} stopa","few":"{0} stopy","many":"{0} stopy"},"short":{"other":"{0} ft"},"narrow":{"other":"{0}′"},"perUnit":{"long":"{0} na stopu","short":"{0}/ft","narrow":"{0}/ft"}},"inch":{"long":{"other":"{0} palcov","one":"{0} palec","few":"{0} palce","many":"{0} palca"},"short":{"other":"{0} in"},"narrow":{"other":"{0}″"},"perUnit":{"long":"{0} na palec","short":"{0}/in","narrow":"{0}/in"}},"mile-scandinavian":{"long":{"other":"{0} škandinávskych míľ","one":"{0} škandinávska míľa","few":"{0} škandinávske míle","many":"{0} škandinávskej míle"},"short":{"other":"{0} ŠM"},"narrow":{"other":"{0} ŠM"},"perUnit":{}},"kilogram":{"long":{"other":"{0} kilogramov","one":"{0} kilogram","few":"{0} kilogramy","many":"{0} kilogramu"},"short":{"other":"{0} kg"},"narrow":{"other":"{0} kg"},"perUnit":{"long":"{0} na kilogram","short":"{0}/kg","narrow":"{0}/kg"}},"gram":{"long":{"other":"{0} gramov","one":"{0} gram","few":"{0} gramy","many":"{0} gramu"},"short":{"other":"{0} g"},"narrow":{"other":"{0} g"},"perUnit":{"long":"{0} na gram","short":"{0}/g","narrow":"{0}/g"}},"stone":{"long":{"other":"{0} kameňov","one":"{0} kameň","few":"{0} kamene","many":"{0} kameňa"},"short":{"other":"{0} st"},"narrow":{"other":"{0} st"},"perUnit":{}},"pound":{"long":{"other":"{0} libier","one":"{0} libra","few":"{0} libry","many":"{0} libry"},"short":{"other":"{0} lb"},"narrow":{"other":"{0} lb"},"perUnit":{"long":"{0} na libru","short":"{0}/lb","narrow":"{0}/lb"}},"ounce":{"long":{"other":"{0} uncí","one":"{0} unca","few":"{0} unce","many":"{0} unce"},"short":{"other":"{0} oz"},"narrow":{"other":"{0} oz"},"perUnit":{"long":"{0} na uncu","short":"{0}/oz","narrow":"{0}/oz"}},"kilometer-per-hour":{"long":{"other":"{0} kilometrov za hodinu","one":"{0} kilometer za hodinu","few":"{0} kilometre za hodinu","many":"{0} kilometra za hodinu"},"short":{"other":"{0} km/h"},"narrow":{"other":"{0} km/h"},"perUnit":{}},"meter-per-second":{"long":{"other":"{0} metrov za sekundu","one":"{0} meter za sekundu","few":"{0} metre za sekundu","many":"{0} metra za sekundu"},"short":{"other":"{0} m/s"},"narrow":{"other":"{0} m/s"},"perUnit":{}},"mile-per-hour":{"long":{"other":"{0} míľ za hodinu","one":"{0} míľa za hodinu","few":"{0} míle za hodinu","many":"{0} míle za hodinu"},"short":{"other":"{0} mi/h"},"narrow":{"other":"{0} mi/h"},"perUnit":{}},"celsius":{"long":{"other":"{0} stupňov Celzia","one":"{0} stupeň Celzia","few":"{0} stupne Celzia","many":"{0} stupňa Celzia"},"short":{"other":"{0} °C"},"narrow":{"other":"{0} °C"},"perUnit":{}},"fahrenheit":{"long":{"other":"{0} stupňov Fahrenheita","one":"{0} stupeň Fahrenheita","few":"{0} stupne Fahrenheita","many":"{0} stupňa Fahrenheita"},"short":{"other":"{0} °F"},"narrow":{"other":"{0} °F"},"perUnit":{}},"liter":{"long":{"other":"{0} litrov","one":"{0} liter","few":"{0} litre","many":"{0} litra"},"short":{"other":"{0} l"},"narrow":{"other":"{0} l"},"perUnit":{"long":"{0} na liter","short":"{0}/l","narrow":"{0}/l"}},"milliliter":{"long":{"other":"{0} mililitrov","one":"{0} mililiter","few":"{0} mililitre","many":"{0} mililitra"},"short":{"other":"{0} ml"},"narrow":{"other":"{0} ml"},"perUnit":{}},"gallon":{"long":{"other":"{0} galónov","one":"{0} galón","few":"{0} galóny","many":"{0} galónu"},"short":{"other":"{0} gal"},"narrow":{"other":"{0} gal"},"perUnit":{"long":"{0} na galón","short":"{0}/gal","narrow":"{0}/gal"}},"fluid-ounce":{"long":{"other":"{0} tekutých uncí","one":"{0} tekutá unca","few":"{0} tekuté unce","many":"{0} tekutej unce"},"short":{"other":"{0} fl oz"},"narrow":{"other":"{0} fl oz"},"perUnit":{}}},"compound":{"per":{"long":"{0}/{1}","short":"{0}/{1}","narrow":"{0}/{1}"}}},"currencies":{"ADP":{"displayName":{"other":"andorrských pesiet","one":"andorrská peseta","few":"andorrské pesety","many":"andorrskej pesety"},"symbol":"ADP","narrow":"ADP"},"AED":{"displayName":{"other":"SAE dirhamov","one":"SAE dirham","few":"SAE dirhamy","many":"SAE dirhamu"},"symbol":"AED","narrow":"AED"},"AFA":{"displayName":{"other":"afganských afgání (1927 – 2002)","one":"afganský afgání (1927 – 2002)","few":"afganské afgání (1927 – 2002)","many":"afganského afgání (1927 – 2002)"},"symbol":"AFA","narrow":"AFA"},"AFN":{"displayName":{"other":"afganských afgání","one":"afganský afgání","few":"afganské afgání","many":"afganského afgání"},"symbol":"AFN","narrow":"؋"},"ALK":{"displayName":{"other":"albánskych lekov (1946 – 1965)","one":"albánsky lek (1946 – 1965)","few":"albánske leky (1946 – 1965)","many":"albánskeho leku (1946 – 1965)"},"symbol":"ALK","narrow":"ALK"},"ALL":{"displayName":{"other":"albánskych lekov","one":"albánsky lek","few":"albánske leky","many":"albánskeho leku"},"symbol":"ALL","narrow":"ALL"},"AMD":{"displayName":{"other":"arménskych dramov","one":"arménsky dram","few":"arménske dramy","many":"arménskeho dramu"},"symbol":"AMD","narrow":"֏"},"ANG":{"displayName":{"other":"antilských guldenov","one":"antilský gulden","few":"antilské guldeny","many":"antilského guldena"},"symbol":"ANG","narrow":"ANG"},"AOA":{"displayName":{"other":"angolských kwánz","one":"angolská kwanza","few":"angolské kwanzy","many":"angolskej kwanzy"},"symbol":"AOA","narrow":"Kz"},"AOK":{"displayName":{"other":"angolských kwánz (1977 – 1990)","one":"angolská kwanza (1977 – 1990)","few":"angolské kwanzy (1977 – 1990)","many":"angolskej kwanzy (1977 – 1990)"},"symbol":"AOK","narrow":"AOK"},"AON":{"displayName":{"other":"angolských nových kwánz (1990 – 2000)","one":"angolská nová kwanza (1990 – 2000)","few":"angolské nové kwanzy (1990 – 2000)","many":"angolskej novej kwanzy (1990 – 2000)"},"symbol":"AON","narrow":"AON"},"AOR":{"displayName":{"other":"angolských upravených kwánz (1995 – 1999)","one":"angolská upravená kwanza (1995 – 1999)","few":"angolské upravené kwanzy (1995 – 1999)","many":"angolskej upravenej kwanzy (1995 – 1999)"},"symbol":"AOR","narrow":"AOR"},"ARA":{"displayName":{"other":"argentínskych australov","one":"argentínsky austral","few":"argentínske australy","many":"argentínskeho australu"},"symbol":"ARA","narrow":"ARA"},"ARL":{"displayName":{"other":"argentínskych pesos ley (1970 – 1983)","one":"argentínske peso ley (1970 – 1983)","few":"argentínske pesos ley (1970 – 1983)","many":"argentínskeho pesa ley (1970 – 1983)"},"symbol":"ARL","narrow":"ARL"},"ARM":{"displayName":{"other":"argentínskych pesos (1881 – 1970)","one":"argentínske peso (1881 – 1970)","few":"argentínske pesos (1881 – 1970)","many":"argentínskeho pesa (1881 – 1970)"},"symbol":"ARM","narrow":"ARM"},"ARP":{"displayName":{"other":"argentínskych pesos (1983 – 1985)","one":"argentínske peso (1983 – 1985)","few":"argentínske pesos (1983 – 1985)","many":"argentínskeho pesa (1983 – 1985)"},"symbol":"ARP","narrow":"ARP"},"ARS":{"displayName":{"other":"argentínskych pesos","one":"argentínske peso","few":"argentínske pesos","many":"argentínskeho pesa"},"symbol":"ARS","narrow":"$"},"ATS":{"displayName":{"other":"rakúskych šilingov","one":"rakúsky šiling","few":"rakúske šilingy","many":"rakúskeho šilingu"},"symbol":"ATS","narrow":"ATS"},"AUD":{"displayName":{"other":"austrálskych dolárov","one":"austrálsky dolár","few":"austrálske doláre","many":"austrálskeho dolára"},"symbol":"AUD","narrow":"$"},"AWG":{"displayName":{"other":"arubských guldenov","one":"arubský gulden","few":"arubské guldeny","many":"arubského guldena"},"symbol":"AWG","narrow":"AWG"},"AZM":{"displayName":{"other":"azerbajdžanských manatov (1993–2006)","one":"azerbajdžanský manat (1993–2006)","few":"azerbajdžanské manaty (1993–2006)","many":"azerbajdžanského manatu (1993–2006)"},"symbol":"AZM","narrow":"AZM"},"AZN":{"displayName":{"other":"azerbajdžanských manatov","one":"azerbajdžanský manat","few":"azerbajdžanské manaty","many":"azerbajdžanského manatu"},"symbol":"AZN","narrow":"₼"},"BAD":{"displayName":{"other":"bosniansko-hercegovinských dinárov (1992 – 1994)","one":"bosniansko-hercegovinský dinár (1992 – 1994)","few":"bosniansko-hercegovinské dináre (1992 – 1994)","many":"bosniansko-hercegovinského dinára (1992 – 1994)"},"symbol":"BAD","narrow":"BAD"},"BAM":{"displayName":{"other":"bosniansko-hercegovinských konvertibilných mariek","one":"bosniansko-hercegovinská konvertibilná marka","few":"bosniansko-hercegovinské konvertibilné marky","many":"bosniansko-hercegovinskej konvertibilnej marky"},"symbol":"BAM","narrow":"KM"},"BAN":{"displayName":{"other":"bosniansko-hercegovinské nové dináre (1994 – 1997)","one":"bosniansko-hercegovinský nový dinár (1994 – 1997)","many":"bosniansko-hercegovinského nového dinára (1994 – 1997)"},"symbol":"BAN","narrow":"BAN"},"BBD":{"displayName":{"other":"barbadoských dolárov","one":"barbadoský dolár","few":"barbadoské doláre","many":"barbadoského dolára"},"symbol":"BBD","narrow":"$"},"BDT":{"displayName":{"other":"bangladéšskych ták","one":"bangladéšska taka","few":"bangladéšske taky","many":"bangladéšskej taky"},"symbol":"BDT","narrow":"৳"},"BEC":{"displayName":{"other":"belgických frankov (konvertibilných)","one":"belgický frank (konvertibilný)","few":"belgické franky (konvertibilné)","many":"belgického franku (konvertibilného)"},"symbol":"BEC","narrow":"BEC"},"BEF":{"displayName":{"other":"belgických frankov","one":"belgický frank","few":"belgické franky","many":"belgického franku"},"symbol":"BEF","narrow":"BEF"},"BEL":{"displayName":{"other":"belgických frankov (finančných)","one":"belgický frank (finančný)","few":"belgické franky (finančné)","many":"belgického franku (finančného)"},"symbol":"BEL","narrow":"BEL"},"BGL":{"displayName":{"other":"bulharských tvrdých leva","one":"bulharský tvrdý lev","few":"bulharské tvrdé leva","many":"bulharského tvrdého leva"},"symbol":"BGL","narrow":"BGL"},"BGM":{"displayName":{"other":"bulharských socialistických leva","one":"bulharský socialistický lev","few":"bulharské socialistické leva","many":"bulharského socialistického leva"},"symbol":"BGM","narrow":"BGM"},"BGN":{"displayName":{"other":"bulharských leva","one":"bulharský lev","few":"bulharské leva","many":"bulharského leva"},"symbol":"BGN","narrow":"BGN"},"BGO":{"displayName":{"other":"bulharských leva (1879 – 1952)","one":"bulharský lev (1879 – 1952)","few":"bulharské leva (1879 – 1952)","many":"bulharského leva (1879 – 1952)"},"symbol":"BGO","narrow":"BGO"},"BHD":{"displayName":{"other":"bahrajnských dinárov","one":"bahrajnský dinár","few":"bahrajnské dináre","many":"bahrajnského dinára"},"symbol":"BHD","narrow":"BHD"},"BIF":{"displayName":{"other":"burundských frankov","one":"burundský frank","few":"burundské franky","many":"burundského franku"},"symbol":"BIF","narrow":"BIF"},"BMD":{"displayName":{"other":"bermudských dolárov","one":"bermudský dolár","few":"bermudské doláre","many":"bermudského dolára"},"symbol":"BMD","narrow":"$"},"BND":{"displayName":{"other":"brunejských dolárov","one":"brunejský dolár","few":"brunejské doláre","many":"brunejského dolára"},"symbol":"BND","narrow":"$"},"BOB":{"displayName":{"other":"bolívijských bolivian","one":"bolívijské boliviano","few":"bolívijské boliviana","many":"bolívijského boliviana"},"symbol":"BOB","narrow":"Bs"},"BOL":{"displayName":{"other":"bolívijských bolivian (1863 – 1963)","one":"bolívijské boliviano (1863 – 1963)","few":"bolívijské boliviana (1863 – 1963)","many":"bolívijského boliviana (1863 – 1963)"},"symbol":"BOL","narrow":"BOL"},"BOP":{"displayName":{"other":"bolívijských pesos","one":"bolívijské peso","few":"bolívijské pesos","many":"bolívijského pesa"},"symbol":"BOP","narrow":"BOP"},"BOV":{"displayName":{"other":"bolívijských mvdolov","one":"bolívijský mvdol","few":"bolívijské mvdoly","many":"bolívijského mvdolu"},"symbol":"BOV","narrow":"BOV"},"BRB":{"displayName":{"other":"brazílskych nových cruzeir (1967 – 1986)","one":"brazílske nové cruzeiro (1967 – 1986)","few":"brazílske nové cruzeirá (1967 – 1986)","many":"brazílskeho nového cruzeira (1967 – 1986)"},"symbol":"BRB","narrow":"BRB"},"BRC":{"displayName":{"other":"brazílskych cruzad (1986 – 1989)","one":"brazílske cruzado (1986 – 1989)","few":"brazílske cruzadá (1986 – 1989)","many":"brazílskeho cruzada (1986 – 1989)"},"symbol":"BRC","narrow":"BRC"},"BRE":{"displayName":{"other":"brazílskych cruzeir (1990 – 1993)","one":"brazílske cruzeiro (1990 – 1993)","few":"brazílske cruzeirá (1990 – 1993)","many":"brazílskeho cruzeira (1990 – 1993)"},"symbol":"BRE","narrow":"BRE"},"BRL":{"displayName":{"other":"brazílskych realov","one":"brazílsky real","few":"brazílske realy","many":"brazílskeho realu"},"symbol":"BRL","narrow":"R$"},"BRN":{"displayName":{"other":"brazílskych nových cruzad (1989 – 1990)","one":"brazílske nové cruzado (1989 – 1990)","few":"brazílske nové cruzadá (1989 – 1990)","many":"brazílskeho nového cruzada (1989 – 1990)"},"symbol":"BRN","narrow":"BRN"},"BRR":{"displayName":{"other":"brazílskych cruzeir (1993 – 1994)","one":"brazílske cruzeiro (1993 – 1994)","few":"brazílske cruzeirá (1993 – 1994)","many":"brazílskeho cruzeira (1993 – 1994)"},"symbol":"BRR","narrow":"BRR"},"BRZ":{"displayName":{"other":"brazílskych cruzeir (1942 – 1967)","one":"brazílske cruzeiro (1942 – 1967)","few":"brazílske cruzeirá (1942 – 1967)","many":"brazílskeho cruzeira (1942 – 1967)"},"symbol":"BRZ","narrow":"BRZ"},"BSD":{"displayName":{"other":"bahamských dolárov","one":"bahamský dolár","few":"bahamské doláre","many":"bahamského dolára"},"symbol":"BSD","narrow":"$"},"BTN":{"displayName":{"other":"bhutánskych ngultrumov","one":"bhutánsky ngultrum","few":"bhutánske ngultrumy","many":"bhutánskeho ngultrumu"},"symbol":"BTN","narrow":"BTN"},"BUK":{"displayName":{"other":"barmských kyatov","one":"barmský kyat","few":"barmské kyaty","many":"barmského kyatu"},"symbol":"BUK","narrow":"BUK"},"BWP":{"displayName":{"other":"botswanských púl","one":"botswanská pula","few":"botswanské puly","many":"botswanskej puly"},"symbol":"BWP","narrow":"P"},"BYB":{"displayName":{"other":"bieloruských rubľov (1994 – 1999)","one":"bieloruský rubeľ (1994 – 1999)","few":"bieloruské ruble (1994 – 1999)","many":"bieloruského rubľa (1994 – 1999)"},"symbol":"BYB","narrow":"BYB"},"BYN":{"displayName":{"other":"bieloruských rubľov","one":"bieloruský rubeľ","few":"bieloruské ruble","many":"bieloruského rubľa"},"symbol":"BYN","narrow":"р."},"BYR":{"displayName":{"other":"bieloruských rubľov (2000–2016)","one":"bieloruský rubeľ (2000–2016)","few":"bieloruské ruble (2000–2016)","many":"bieloruského rubľa (2000–2016)"},"symbol":"BYR","narrow":"BYR"},"BZD":{"displayName":{"other":"belizských dolárov","one":"belizský dolár","few":"belizské doláre","many":"belizského dolára"},"symbol":"BZD","narrow":"$"},"CAD":{"displayName":{"other":"kanadských dolárov","one":"kanadský dolár","few":"kanadské doláre","many":"kanadského dolára"},"symbol":"CAD","narrow":"$"},"CDF":{"displayName":{"other":"konžských frankov","one":"konžský frank","few":"konžské franky","many":"konžského franku"},"symbol":"CDF","narrow":"CDF"},"CHE":{"displayName":{"other":"švajčiarskych WIR eur","one":"švajčiarske WIR euro","few":"švajčiarske WIR eurá","many":"švajčiarskeho WIR eura"},"symbol":"CHE","narrow":"CHE"},"CHF":{"displayName":{"other":"švajčiarskych frankov","one":"švajčiarsky frank","few":"švajčiarske franky","many":"švajčiarskeho franku"},"symbol":"CHF","narrow":"CHF"},"CHW":{"displayName":{"other":"švajčiarskych WIR frankov","one":"švajčiarsky WIR frank","few":"švajčiarske WIR franky","many":"švajčiarskeho WIR franku"},"symbol":"CHW","narrow":"CHW"},"CLE":{"displayName":{"other":"čilských escúd","one":"čilské escudo","few":"čilské escudá","many":"čilského escuda"},"symbol":"CLE","narrow":"CLE"},"CLF":{"displayName":{"other":"čilských účtovných jednotiek (UF)","one":"čilská účtovná jednotka (UF)","few":"čilské účtovné jednotky (UF)","many":"čilskej účtovnej jednotky (UF)"},"symbol":"CLF","narrow":"CLF"},"CLP":{"displayName":{"other":"čilských pesos","one":"čilské peso","few":"čilské pesos","many":"čilského pesa"},"symbol":"CLP","narrow":"$"},"CNH":{"displayName":{"other":"čínskych jüanov (pobrežných)","one":"čínsky jüan (pobrežný)","few":"čínske jüany (pobrežné)","many":"čínskeho jüana (pobrežného)"},"symbol":"CNH","narrow":"CNH"},"CNX":{"displayName":{"other":"čínskych dolárov ČĽB","one":"čínsky dolár ČĽB","few":"čínske doláre ČĽB","many":"čínskeho dolára ČĽB"},"symbol":"CNX","narrow":"CNX"},"CNY":{"displayName":{"other":"čínskych jüanov","one":"čínsky jüan","few":"čínske jüany","many":"čínskeho jüana"},"symbol":"CNY","narrow":"¥"},"COP":{"displayName":{"other":"kolumbijských pesos","one":"kolumbijské peso","few":"kolumbijské pesos","many":"kolumbijského pesa"},"symbol":"COP","narrow":"$"},"COU":{"displayName":{"other":"kolumbijských jednotiek reálnej hodnoty","one":"kolumbijská jednotka reálnej hodnoty","few":"kolumbijské jednotky reálnej hodnoty","many":"kolumbijskej jednotky reálnej hodnoty"},"symbol":"COU","narrow":"COU"},"CRC":{"displayName":{"other":"kostarických colónov","one":"kostarický colón","few":"kostarické colóny","many":"kostarického colóna"},"symbol":"CRC","narrow":"₡"},"CSD":{"displayName":{"other":"srbských dinárov (2002 – 2006)","one":"srbský dinár (2002 – 2006)","few":"srbské dináre (2002 – 2006)","many":"srbského dinára (2002 – 2006)"},"symbol":"CSD","narrow":"CSD"},"CSK":{"displayName":{"other":"československých korún","one":"československá koruna","few":"československé koruny","many":"československej koruny"},"symbol":"CSK","narrow":"CSK"},"CUC":{"displayName":{"other":"kubánskych konvertibilných pesos","one":"kubánske konvertibilné peso","few":"kubánske konvertibilné pesos","many":"kubánskeho konvertibilného pesa"},"symbol":"CUC","narrow":"$"},"CUP":{"displayName":{"other":"kubánskych pesos","one":"kubánske peso","few":"kubánske pesos","many":"kubánskeho pesa"},"symbol":"CUP","narrow":"$"},"CVE":{"displayName":{"other":"kapverdských escúd","one":"kapverdské escudo","few":"kapverdské escudá","many":"kapverdského escuda"},"symbol":"CVE","narrow":"CVE"},"CYP":{"displayName":{"other":"cyperských libier","one":"cyperská libra","few":"cyperské libry","many":"cyperskej libry"},"symbol":"CYP","narrow":"CYP"},"CZK":{"displayName":{"other":"českých korún","one":"česká koruna","few":"české koruny","many":"českej koruny"},"symbol":"CZK","narrow":"Kč"},"DDM":{"displayName":{"other":"východonemeckých mariek","one":"východonemecká marka","few":"východonemecké marky","many":"východonemeckej marky"},"symbol":"DDM","narrow":"DDM"},"DEM":{"displayName":{"other":"nemeckých mariek","one":"nemecká marka","few":"nemecké marky","many":"nemeckej marky"},"symbol":"DEM","narrow":"DEM"},"DJF":{"displayName":{"other":"džibutských frankov","one":"džibutský frank","few":"džibutské franky","many":"džibutského franku"},"symbol":"DJF","narrow":"DJF"},"DKK":{"displayName":{"other":"dánskych korún","one":"dánska koruna","few":"dánske koruny","many":"dánskej koruny"},"symbol":"DKK","narrow":"kr"},"DOP":{"displayName":{"other":"dominikánske pesos","one":"dominikánske peso","many":"dominikánskeho pesa"},"symbol":"DOP","narrow":"$"},"DZD":{"displayName":{"other":"alžírskych dinárov","one":"alžírsky dinár","few":"alžírske dináre","many":"alžírskeho dinára"},"symbol":"DZD","narrow":"DZD"},"ECS":{"displayName":{"other":"ekvádorských sucre","one":"ekvádorský sucre","few":"ekvádorské sucre","many":"ekvádorského sucre"},"symbol":"ECS","narrow":"ECS"},"ECV":{"displayName":{"other":"ekvádorských jednotiek konštantnej hodnoty","one":"ekvádorská jednotka konštantnej hodnoty","few":"ekvádorské jednotky konštantnej hodnoty","many":"ekvádorskej jednotky konštantnej hodnoty"},"symbol":"ECV","narrow":"ECV"},"EEK":{"displayName":{"other":"estónskych korún","one":"estónska koruna","few":"estónske koruny","many":"estónskej koruny"},"symbol":"EEK","narrow":"EEK"},"EGP":{"displayName":{"other":"egyptských libier","one":"egyptská libra","few":"egyptské libry","many":"egyptskej libry"},"symbol":"EGP","narrow":"E£"},"ERN":{"displayName":{"other":"eritrejských nakief","one":"eritrejská nakfa","few":"eritrejské nakfy","many":"eritrejskej nakfy"},"symbol":"ERN","narrow":"ERN"},"ESA":{"displayName":{"other":"španielskych pesiet (účet A)","one":"španielska peseta (účet A)","few":"španielske pesety (účet A)","many":"španielskej pesety (účet A)"},"symbol":"ESA","narrow":"ESA"},"ESB":{"displayName":{"other":"španielskych pesiet (konvertibilný účet)","one":"španielska peseta (konvertibilný účet)","few":"španielske pesety (konvertibilný účet)","many":"španielskej pesety (konvertibilný účet)"},"symbol":"ESB","narrow":"ESB"},"ESP":{"displayName":{"other":"španielskych pesiet","one":"španielska peseta","few":"španielske pesety","many":"španielskej pesety"},"symbol":"ESP","narrow":"₧"},"ETB":{"displayName":{"other":"etiópskych birrov","one":"etiópsky birr","few":"etiópske birry","many":"etiópskeho birru"},"symbol":"ETB","narrow":"ETB"},"EUR":{"displayName":{"other":"eur","one":"euro","few":"eurá","many":"eura"},"symbol":"€","narrow":"€"},"FIM":{"displayName":{"other":"fínskych mariek","one":"fínska marka","few":"fínske marky","many":"fínskej marky"},"symbol":"FIM","narrow":"FIM"},"FJD":{"displayName":{"other":"fidžijských dolárov","one":"fidžijský dolár","few":"fidžijské doláre","many":"fidžijského dolára"},"symbol":"FJD","narrow":"$"},"FKP":{"displayName":{"other":"falklandských libier","one":"falklandská libra","few":"falklandské libry","many":"falklandskej libry"},"symbol":"FKP","narrow":"£"},"FRF":{"displayName":{"other":"francúzskych frankov","one":"francúzsky frank","few":"francúzske franky","many":"francúzskeho franku"},"symbol":"FRF","narrow":"FRF"},"GBP":{"displayName":{"other":"britských libier","one":"britská libra","few":"britské libry","many":"britskej libry"},"symbol":"GBP","narrow":"£"},"GEK":{"displayName":{"other":"gruzínskych kupónových lari","one":"gruzínske kupónové lari","few":"gruzínske kupónové lari","many":"gruzínskeho kupónového lari"},"symbol":"GEK","narrow":"GEK"},"GEL":{"displayName":{"other":"gruzínskych lari","one":"gruzínske lari","few":"gruzínske lari","many":"gruzínskeho lari"},"symbol":"GEL","narrow":"₾"},"GHC":{"displayName":{"other":"ghanských cedi (1979 – 2007)","one":"ghanské cedi (1979 – 2007)","few":"ghanské cedi (1979 – 2007)","many":"ghanského cedi (1979 – 2007)"},"symbol":"GHC","narrow":"GHC"},"GHS":{"displayName":{"other":"ghanských cedi","one":"ghanské cedi","few":"ghanské cedi","many":"ghanského cedi"},"symbol":"GHS","narrow":"GH₵"},"GIP":{"displayName":{"other":"gibraltárskych libier","one":"gibraltárska libra","few":"gibraltárske libry","many":"gibraltárskej libry"},"symbol":"GIP","narrow":"£"},"GMD":{"displayName":{"other":"gambijských dalasi","one":"gambijské dalasi","few":"gambijské dalasi","many":"gambijského dalasi"},"symbol":"GMD","narrow":"GMD"},"GNF":{"displayName":{"other":"guinejských frankov","one":"guinejský frank","few":"guinejské franky","many":"guinejského franku"},"symbol":"GNF","narrow":"FG"},"GNS":{"displayName":{"other":"guinejských syli","one":"guinejské syli","few":"guinejské syli","many":"guinejského syli"},"symbol":"GNS","narrow":"GNS"},"GQE":{"displayName":{"other":"rovníkovoguinejských ekwele","one":"rovníkovoguinejský ekwele","few":"rovníkovoguinejské ekwele","many":"rovníkovoguinejského ekwele"},"symbol":"GQE","narrow":"GQE"},"GRD":{"displayName":{"other":"gréckych drachiem","one":"grécka drachma","few":"grécke drachmy","many":"gréckej drachmy"},"symbol":"GRD","narrow":"GRD"},"GTQ":{"displayName":{"other":"guatemalských quetzalov","one":"guatemalský quetzal","few":"guatemalské quetzaly","many":"guatemalského quetzala"},"symbol":"GTQ","narrow":"Q"},"GWE":{"displayName":{"other":"portugalsko-guinejských escúd","one":"portugalsko-guinejské escudo","few":"portugalsko-guinejské escudá","many":"portugalsko-guinejského escuda"},"symbol":"GWE","narrow":"GWE"},"GWP":{"displayName":{"other":"guinejsko-bissauských pesos","one":"guinejsko-bissauské peso","few":"guinejsko-bissauské pesos","many":"guinejsko-bissauského pesa"},"symbol":"GWP","narrow":"GWP"},"GYD":{"displayName":{"other":"guyanských dolárov","one":"guyanský dolár","few":"guyanské doláre","many":"guyanského dolára"},"symbol":"GYD","narrow":"$"},"HKD":{"displayName":{"other":"hongkonských dolárov","one":"hongkonský dolár","few":"hongkonské doláre","many":"hongkonského dolára"},"symbol":"HKD","narrow":"$"},"HNL":{"displayName":{"other":"honduraských lempír","one":"honduraská lempira","few":"honduraské lempiry","many":"honduraskej lempiry"},"symbol":"HNL","narrow":"L"},"HRD":{"displayName":{"other":"chorvátskych dinárov","one":"chorvátsky dinár","few":"chorvátske dináre","many":"chorvátskeho dinára"},"symbol":"HRD","narrow":"HRD"},"HRK":{"displayName":{"other":"chorvátskych kún","one":"chorvátska kuna","few":"chorvátske kuny","many":"chorvátskej kuny"},"symbol":"HRK","narrow":"kn"},"HTG":{"displayName":{"other":"haitských gourde","one":"haitské gourde","few":"haitské gourde","many":"haitského gourde"},"symbol":"HTG","narrow":"HTG"},"HUF":{"displayName":{"other":"maďarských forintov","one":"maďarský forint","few":"maďarské forinty","many":"maďarského forinta"},"symbol":"HUF","narrow":"Ft"},"IDR":{"displayName":{"other":"indonézskych rupií","one":"indonézska rupia","few":"indonézske rupie","many":"indonézskej rupie"},"symbol":"IDR","narrow":"Rp"},"IEP":{"displayName":{"other":"írskych libier","one":"írska libra","few":"írske libry","many":"írskej libry"},"symbol":"IEP","narrow":"IEP"},"ILP":{"displayName":{"other":"izraelských libier","one":"izraelská libra","few":"izraelské libry","many":"izraelskej libry"},"symbol":"ILP","narrow":"ILP"},"ILR":{"displayName":{"other":"izraelských šekelov (1980 – 1985)","one":"izraelský šekel (1980 – 1985)","few":"izraelské šekely (1980 – 1985)","many":"izraelského šekela (1980 – 1985)"},"symbol":"ILR","narrow":"ILR"},"ILS":{"displayName":{"other":"izraelských šekelov","one":"izraelský šekel","few":"izraelské šekely","many":"izraelského šekela"},"symbol":"NIS","narrow":"₪"},"INR":{"displayName":{"other":"indických rupií","one":"indická rupia","few":"indické rupie","many":"indickej rupie"},"symbol":"INR","narrow":"₹"},"IQD":{"displayName":{"other":"irackých dinárov","one":"iracký dinár","few":"iracké dináre","many":"irackého dinára"},"symbol":"IQD","narrow":"IQD"},"IRR":{"displayName":{"other":"iránskych rialov","one":"iránsky rial","few":"iránske rialy","many":"iránskeho rialu"},"symbol":"IRR","narrow":"IRR"},"ISJ":{"displayName":{"other":"islandských korún (1918 – 1981)","one":"islandská koruna (1918 – 1981)","few":"islandské koruny (1918 – 1981)","many":"islandskej koruny (1918 – 1981)"},"symbol":"ISJ","narrow":"ISJ"},"ISK":{"displayName":{"other":"islandských korún","one":"islandská koruna","few":"islandské koruny","many":"islandskej koruny"},"symbol":"ISK","narrow":"kr"},"ITL":{"displayName":{"other":"talianskych lír","one":"talianska líra","few":"talianske líry","many":"talianskej líry"},"symbol":"ITL","narrow":"ITL"},"JMD":{"displayName":{"other":"jamajských dolárov","one":"jamajský dolár","few":"jamajské doláre","many":"jamajského dolára"},"symbol":"JMD","narrow":"$"},"JOD":{"displayName":{"other":"jordánskych dinárov","one":"jordánsky dinár","few":"jordánske dináre","many":"jordánskeho dinára"},"symbol":"JOD","narrow":"JOD"},"JPY":{"displayName":{"other":"japonských jenov","one":"japonský jen","few":"japonské jeny","many":"japonského jenu"},"symbol":"JPY","narrow":"¥"},"KES":{"displayName":{"other":"kenských šilingov","one":"kenský šiling","few":"kenské šilingy","many":"kenského šilingu"},"symbol":"KES","narrow":"KES"},"KGS":{"displayName":{"other":"kirgizských somov","one":"kirgizský som","few":"kirgizské somy","many":"kirgizského somu"},"symbol":"KGS","narrow":"KGS"},"KHR":{"displayName":{"other":"kambodžských rielov","one":"kambodžský riel","few":"kambodžské riely","many":"kambodžského rielu"},"symbol":"KHR","narrow":"៛"},"KMF":{"displayName":{"other":"komorských frankov","one":"komorský frank","few":"komorské franky","many":"komorského franku"},"symbol":"KMF","narrow":"CF"},"KPW":{"displayName":{"other":"severokórejských wonov","one":"severokórejský won","few":"severokórejské wony","many":"severokórejskeho wonu"},"symbol":"KPW","narrow":"₩"},"KRH":{"displayName":{"other":"juhokórejských hwanov (1953 – 1962)","one":"juhokórejský hwan (1953 – 1962)","few":"juhokórejské hwany (1953 – 1962)","many":"juhokórejského hwanu (1953 – 1962)"},"symbol":"KRH","narrow":"KRH"},"KRO":{"displayName":{"other":"juhokórejských wonov (1945 – 1953)","one":"juhokórejský won (1945 – 1953)","few":"juhokórejské wony (1945 – 1953)","many":"juhokórejského wonu (1945 – 1953)"},"symbol":"KRO","narrow":"KRO"},"KRW":{"displayName":{"other":"juhokórejských wonov","one":"juhokórejský won","few":"juhokórejské wony","many":"juhokórejského wonu"},"symbol":"KRW","narrow":"₩"},"KWD":{"displayName":{"other":"kuvajtských dinárov","one":"kuvajtský dinár","few":"kuvajtské dináre","many":"kuvajtského dinára"},"symbol":"KWD","narrow":"KWD"},"KYD":{"displayName":{"other":"kajmanských dolárov","one":"kajmanský dolár","few":"kajmanské doláre","many":"kajmanského dolára"},"symbol":"KYD","narrow":"$"},"KZT":{"displayName":{"other":"kazašských tenge","one":"kazašské tenge","few":"kazašské tenge","many":"kazašského tenge"},"symbol":"KZT","narrow":"₸"},"LAK":{"displayName":{"other":"laoských kipov","one":"laoský kip","few":"laoské kipy","many":"laoského kipu"},"symbol":"LAK","narrow":"₭"},"LBP":{"displayName":{"other":"libanonských libier","one":"libanonská libra","few":"libanonské libry","many":"libanonskej libry"},"symbol":"LBP","narrow":"L£"},"LKR":{"displayName":{"other":"srílanských rupií","one":"srílanská rupia","few":"srílanské rupie","many":"srílanskej rupie"},"symbol":"LKR","narrow":"Rs"},"LRD":{"displayName":{"other":"libérijských dolárov","one":"libérijský dolár","few":"libérijské doláre","many":"libérijského dolára"},"symbol":"LRD","narrow":"$"},"LSL":{"displayName":{"other":"lesothských loti","one":"lesothský loti","few":"lesothské loti","many":"lesothského loti"},"symbol":"LSL","narrow":"LSL"},"LTL":{"displayName":{"other":"litovských litov","one":"litovský litas","few":"litovské lity","many":"litovského litu"},"symbol":"LTL","narrow":"Lt"},"LTT":{"displayName":{"other":"litovských talonov","one":"litovský talonas","few":"litovské talony","many":"litovského talonu"},"symbol":"LTT","narrow":"LTT"},"LUC":{"displayName":{"other":"luxemburských frankov (konvertibilných)","one":"luxemburský frank (konvertibilný)","few":"luxemburské franky (konvertibilné)","many":"luxemburského franku (konvertibilného)"},"symbol":"LUC","narrow":"LUC"},"LUF":{"displayName":{"other":"luxemburských frankov","one":"luxemburský frank","few":"luxemburské franky","many":"luxemburského franku"},"symbol":"LUF","narrow":"LUF"},"LUL":{"displayName":{"other":"luxemburských frankov (finančných)","one":"luxemburský frank (finančný)","few":"luxemburské franky (finančné)","many":"luxemburského franku (finančného)"},"symbol":"LUL","narrow":"LUL"},"LVL":{"displayName":{"other":"lotyšských latov","one":"lotyšský lat","few":"lotyšské laty","many":"lotyšského latu"},"symbol":"LVL","narrow":"Ls"},"LVR":{"displayName":{"other":"lotyšských rubľov","one":"lotyšský rubeľ","few":"lotyšské ruble","many":"lotyšského rubľa"},"symbol":"LVR","narrow":"LVR"},"LYD":{"displayName":{"other":"líbyjských dinárov","one":"líbyjský dinár","few":"líbyjské dináre","many":"líbyjského dinára"},"symbol":"LYD","narrow":"LYD"},"MAD":{"displayName":{"other":"marockých dirhamov","one":"marocký dirham","few":"marocké dirhamy","many":"marockého dirhamu"},"symbol":"MAD","narrow":"MAD"},"MAF":{"displayName":{"other":"marockých frankov","one":"marocký frank","few":"marocké franky","many":"marockého franku"},"symbol":"MAF","narrow":"MAF"},"MCF":{"displayName":{"other":"monackých frankov","one":"monacký frank","few":"monacké franky","many":"monackého franku"},"symbol":"MCF","narrow":"MCF"},"MDC":{"displayName":{"other":"moldavských kupónov","one":"moldavský kupón","few":"moldavské kupóny","many":"moldavského kupónu"},"symbol":"MDC","narrow":"MDC"},"MDL":{"displayName":{"other":"moldavských lei","one":"moldavský lei","few":"moldavské lei","many":"moldavského lei"},"symbol":"MDL","narrow":"MDL"},"MGA":{"displayName":{"other":"malgašských ariary","one":"malgašský ariary","few":"malgašské ariary","many":"malgašského ariary"},"symbol":"MGA","narrow":"Ar"},"MGF":{"displayName":{"other":"madagaskarských frankov","one":"madagaskarský frank","few":"madagaskarské franky","many":"madagaskarského franku"},"symbol":"MGF","narrow":"MGF"},"MKD":{"displayName":{"other":"macedónskych denárov","one":"macedónsky denár","few":"macedónske denáre","many":"macedónskeho denára"},"symbol":"MKD","narrow":"MKD"},"MKN":{"displayName":{"other":"macedónskych denárov (1992 – 1993)","one":"macedónsky denár (1992 – 1993)","few":"macedónske denáre (1992 – 1993)","many":"macedónskeho denára (1992 – 1993)"},"symbol":"MKN","narrow":"MKN"},"MLF":{"displayName":{"other":"malijské franky","one":"malijský frank","many":"malijského franku"},"symbol":"MLF","narrow":"MLF"},"MMK":{"displayName":{"other":"mjanmarských kyatov","one":"mjanmarský kyat","few":"mjanmarské kyaty","many":"mjanmarského kyatu"},"symbol":"MMK","narrow":"K"},"MNT":{"displayName":{"other":"mongolských tugrikov","one":"mongolský tugrik","few":"mongolské tugriky","many":"mongolského tugrika"},"symbol":"MNT","narrow":"₮"},"MOP":{"displayName":{"other":"macajských patác","one":"macajská pataca","few":"macajské patacy","many":"macajskej patacy"},"symbol":"MOP","narrow":"MOP"},"MRO":{"displayName":{"other":"mauritánskych ukijí (1973–2017)","one":"mauritánska ukija (1973–2017)","few":"mauritánske ukije (1973–2017)","many":"mauritánskej ukije (1973–2017)"},"symbol":"MRO","narrow":"MRO"},"MRU":{"displayName":{"other":"mauritánskych ukijí","one":"mauritánska ukija","few":"mauritánske ukije","many":"mauritánskej ukije"},"symbol":"MRU","narrow":"MRU"},"MTL":{"displayName":{"other":"maltských lír","one":"maltská líra","few":"maltské líry","many":"maltskej líry"},"symbol":"MTL","narrow":"MTL"},"MTP":{"displayName":{"other":"maltských libier","one":"maltská libra","few":"maltské libry","many":"maltskej libry"},"symbol":"MTP","narrow":"MTP"},"MUR":{"displayName":{"other":"maurícijských rupií","one":"maurícijská rupia","few":"maurícijské rupie","many":"maurícijskej rupie"},"symbol":"MUR","narrow":"Rs"},"MVP":{"displayName":{"other":"maldivských rupií (1947 – 1981)","one":"maldivská rupia (1947 – 1981)","few":"maldivské rupie (1947 – 1981)","many":"maldivskej rupie (1947 – 1981)"},"symbol":"MVP","narrow":"MVP"},"MVR":{"displayName":{"other":"maldivských rupií","one":"maldivská rupia","few":"maldivské rupie","many":"maldivskej rupie"},"symbol":"MVR","narrow":"MVR"},"MWK":{"displayName":{"other":"malawijských kwách","one":"malawijská kwacha","few":"malawijské kwachy","many":"malawijskej kwachy"},"symbol":"MWK","narrow":"MWK"},"MXN":{"displayName":{"other":"mexických pesos","one":"mexické peso","few":"mexické pesos","many":"mexického pesa"},"symbol":"MX$","narrow":"$"},"MXP":{"displayName":{"other":"mexických strieborných pesos (1861 – 1992)","one":"mexické strieborné peso (1861 – 1992)","few":"mexické strieborné pesos (1861 – 1992)","many":"mexického strieborného pesa (1861 – 1992)"},"symbol":"MXP","narrow":"MXP"},"MXV":{"displayName":{"other":"mexických investičných jednotiek","one":"mexická investičná jednotka","few":"mexické investičné jednotky","many":"mexickej investičnej jednotky"},"symbol":"MXV","narrow":"MXV"},"MYR":{"displayName":{"other":"malajzijských ringgitov","one":"malajzijský ringgit","few":"malajzijské ringgity","many":"malajzijského ringgitu"},"symbol":"MYR","narrow":"RM"},"MZE":{"displayName":{"other":"mozambických escúd","one":"mozambické escudo","few":"mozambické escudá","many":"mozambického escuda"},"symbol":"MZE","narrow":"MZE"},"MZM":{"displayName":{"other":"mozambických meticalov (1980–2006)","one":"mozambický metical (1980–2006)","few":"mozambické meticaly (1980–2006)","many":"mozambického meticalu (1980–2006)"},"symbol":"MZM","narrow":"MZM"},"MZN":{"displayName":{"other":"mozambických meticalov","one":"mozambický metical","few":"mozambické meticaly","many":"mozambického meticalu"},"symbol":"MZN","narrow":"MZN"},"NAD":{"displayName":{"other":"namíbijských dolárov","one":"namíbijský dolár","few":"namíbijské doláre","many":"namíbijského dolára"},"symbol":"NAD","narrow":"$"},"NGN":{"displayName":{"other":"nigérijských nair","one":"nigérijská naira","few":"nigérijské nairy","many":"nigérijskej nairy"},"symbol":"NGN","narrow":"₦"},"NIC":{"displayName":{"other":"nikaragujských córdob (1988–1991)","one":"nikaragujská córdoba (1988–1991)","few":"nikaragujské córdoby (1988–1991)","many":"nikaragujskej córdoby (1988–1991)"},"symbol":"NIC","narrow":"NIC"},"NIO":{"displayName":{"other":"nikaragujských córdob","one":"nikaragujská córdoba","few":"nikaragujské córdoby","many":"nikaragujskej córdoby"},"symbol":"NIO","narrow":"C$"},"NLG":{"displayName":{"other":"holandských guldenov","one":"holandský gulden","few":"holandské guldeny","many":"holandského guldena"},"symbol":"NLG","narrow":"NLG"},"NOK":{"displayName":{"other":"nórskych korún","one":"nórska koruna","few":"nórske koruny","many":"nórskej koruny"},"symbol":"NOK","narrow":"kr"},"NPR":{"displayName":{"other":"nepálskych rupií","one":"nepálska rupia","few":"nepálske rupie","many":"nepálskej rupie"},"symbol":"NPR","narrow":"Rs"},"NZD":{"displayName":{"other":"novozélandských dolárov","one":"novozélandský dolár","few":"novozélandské doláre","many":"novozélandského dolára"},"symbol":"NZD","narrow":"$"},"OMR":{"displayName":{"other":"ománskych rialov","one":"ománsky rial","few":"ománske rialy","many":"ománskeho rialu"},"symbol":"OMR","narrow":"OMR"},"PAB":{"displayName":{"other":"panamských balboí","one":"panamská balboa","few":"panamské balboy","many":"panamskej balboy"},"symbol":"PAB","narrow":"PAB"},"PEI":{"displayName":{"other":"peruánskych inti","one":"peruánsky inti","few":"peruánske inti","many":"peruánskeho inti"},"symbol":"PEI","narrow":"PEI"},"PEN":{"displayName":{"other":"peruánskych solov","one":"peruánsky sol","few":"peruánske soly","many":"peruánskeho sola"},"symbol":"PEN","narrow":"PEN"},"PES":{"displayName":{"other":"peruánskych solov (1863–1965)","one":"peruánsky sol (1863–1965)","few":"peruánske soly (1863–1965)","many":"peruánskeho sola (1863–1965)"},"symbol":"PES","narrow":"PES"},"PGK":{"displayName":{"other":"papuánskych kín","one":"papuánska kina","few":"papuánske kiny","many":"papuánskej kiny"},"symbol":"PGK","narrow":"PGK"},"PHP":{"displayName":{"other":"filipínskych pesos","one":"filipínske peso","few":"filipínske pesos","many":"filipínskeho pesa"},"symbol":"PHP","narrow":"₱"},"PKR":{"displayName":{"other":"pakistanských rupií","one":"pakistanská rupia","few":"pakistanské rupie","many":"pakistanskej rupie"},"symbol":"PKR","narrow":"Rs"},"PLN":{"displayName":{"other":"poľských zlotých","one":"poľský zlotý","few":"poľské zloté","many":"poľského zlotého"},"symbol":"PLN","narrow":"zł"},"PLZ":{"displayName":{"other":"poľských zlotých (1950 – 1995)","one":"poľský zlotý (1950 – 1995)","few":"poľské zloté (1950 – 1995)","many":"poľského zlotého (1950 – 1995)"},"symbol":"PLZ","narrow":"PLZ"},"PTE":{"displayName":{"other":"portugalských escúd","one":"portugalské escudo","few":"portugalské escudá","many":"portugalského escuda"},"symbol":"PTE","narrow":"PTE"},"PYG":{"displayName":{"other":"paraguajských guaraní","one":"paraguajské guaraní","few":"paraguajské guaraní","many":"paraguajského guaraní"},"symbol":"PYG","narrow":"₲"},"QAR":{"displayName":{"other":"katarských rialov","one":"katarský rial","few":"katarské rialy","many":"katarského rialu"},"symbol":"QAR","narrow":"QAR"},"RHD":{"displayName":{"other":"rodézskych dolárov","one":"rodézsky dolár","few":"rodézske doláre","many":"rodézskeho dolára"},"symbol":"RHD","narrow":"RHD"},"ROL":{"displayName":{"other":"rumunských lei (1952 – 2006)","one":"rumunský lei (1952 – 2006)","few":"rumunské lei (1952 – 2006)","many":"rumunského lei (1952 – 2006)"},"symbol":"ROL","narrow":"ROL"},"RON":{"displayName":{"other":"rumunských lei","one":"rumunský lei","few":"rumunské lei","many":"rumunského lei"},"symbol":"RON","narrow":"lei"},"RSD":{"displayName":{"other":"srbských dinárov","one":"srbský dinár","few":"srbské dináre","many":"srbského dinára"},"symbol":"RSD","narrow":"RSD"},"RUB":{"displayName":{"other":"ruských rubľov","one":"ruský rubeľ","few":"ruské ruble","many":"ruského rubľa"},"symbol":"RUB","narrow":"₽"},"RUR":{"displayName":{"other":"ruských rubľov (1991 – 1998)","one":"ruský rubeľ (1991 – 1998)","few":"ruské ruble (1991 – 1998)","many":"ruského rubľa (1991 – 1998)"},"symbol":"RUR","narrow":"р."},"RWF":{"displayName":{"other":"rwandských frankov","one":"rwandský frank","few":"rwandské franky","many":"rwandského franku"},"symbol":"RWF","narrow":"RF"},"SAR":{"displayName":{"other":"saudskoarabských rialov","one":"saudskoarabský rial","few":"saudskoarabské rialy","many":"saudskoarabského rialu"},"symbol":"SAR","narrow":"SAR"},"SBD":{"displayName":{"other":"šalamúnskych dolárov","one":"šalamúnsky dolár","few":"šalamúnske doláre","many":"šalamúnskeho dolára"},"symbol":"SBD","narrow":"$"},"SCR":{"displayName":{"other":"seychelských rupií","one":"seychelská rupia","few":"seychelské rupie","many":"seychelskej rupie"},"symbol":"SCR","narrow":"SCR"},"SDD":{"displayName":{"other":"sudánskych dinárov (1992 – 2007)","one":"sudánsky dinár (1992 – 2007)","few":"sudánske dináre (1992 – 2007)","many":"sudánskeho dinára (1992 – 2007)"},"symbol":"SDD","narrow":"SDD"},"SDG":{"displayName":{"other":"sudánskych libier","one":"sudánska libra","few":"sudánske libry","many":"sudánskej libry"},"symbol":"SDG","narrow":"SDG"},"SDP":{"displayName":{"other":"sudánskych libier (1957 – 1998)","one":"sudánska libra (1957 – 1998)","few":"sudánske libry (1957 – 1998)","many":"sudánskej libry (1957 – 1998)"},"symbol":"SDP","narrow":"SDP"},"SEK":{"displayName":{"other":"švédskych korún","one":"švédska koruna","few":"švédske koruny","many":"švédskej koruny"},"symbol":"SEK","narrow":"kr"},"SGD":{"displayName":{"other":"singapurských dolárov","one":"singapurský dolár","few":"singapurské doláre","many":"singapurského dolára"},"symbol":"SGD","narrow":"$"},"SHP":{"displayName":{"other":"svätohelenských libier","one":"svätohelenská libra","few":"svätohelenské libry","many":"svätohelenskej libry"},"symbol":"SHP","narrow":"£"},"SIT":{"displayName":{"other":"slovinských toliarov","one":"slovinský toliar","few":"slovinské toliare","many":"slovinského toliara"},"symbol":"SIT","narrow":"SIT"},"SKK":{"displayName":{"other":"slovenských korún","one":"slovenská koruna","few":"slovenské koruny","many":"slovenskej koruny"},"symbol":"SKK","narrow":"SKK"},"SLL":{"displayName":{"other":"sierraleonských leone","one":"sierraleonský leone","few":"sierraleonské leone","many":"sierraleonského leone"},"symbol":"SLL","narrow":"SLL"},"SOS":{"displayName":{"other":"somálskych šilingov","one":"somálsky šiling","few":"somálske šilingy","many":"somálskeho šilingu"},"symbol":"SOS","narrow":"SOS"},"SRD":{"displayName":{"other":"surinamských dolárov","one":"surinamský dolár","few":"surinamské doláre","many":"surinamského dolára"},"symbol":"SRD","narrow":"$"},"SRG":{"displayName":{"other":"surinamských zlatých","one":"surinamský zlatý","few":"surinamské zlaté","many":"surinamského zlatého"},"symbol":"SRG","narrow":"SRG"},"SSP":{"displayName":{"other":"juhosudánskych libier","one":"juhosudánska libra","few":"juhosudánske libry","many":"juhosudánskej libry"},"symbol":"SSP","narrow":"£"},"STD":{"displayName":{"other":"svätotomášskych dobier (1977–2017)","one":"svätotomášska dobra (1977–2017)","few":"svätotomášske dobry (1977–2017)","many":"svätotomášskej dobry (1977–2017)"},"symbol":"STD","narrow":"STD"},"STN":{"displayName":{"other":"svätotomášskych dobier","one":"svätotomášska dobra","few":"svätotomášske dobry","many":"svätotomášskej dobry"},"symbol":"STN","narrow":"Db"},"SUR":{"displayName":{"other":"sovietskych rubľov","one":"sovietsky rubeľ","few":"sovietske ruble","many":"sovietskeho rubľa"},"symbol":"SUR","narrow":"SUR"},"SVC":{"displayName":{"other":"salvádorských colónov","one":"salvádorský colón","few":"salvádorské colóny","many":"salvádorského colóna"},"symbol":"SVC","narrow":"SVC"},"SYP":{"displayName":{"other":"sýrskych libier","one":"sýrska libra","few":"sýrske libry","many":"sýrskej libry"},"symbol":"SYP","narrow":"£"},"SZL":{"displayName":{"other":"svazijských lilangeni","one":"svazijské lilangeni","few":"svazijské lilangeni","many":"svazijského lilangeni"},"symbol":"SZL","narrow":"SZL"},"THB":{"displayName":{"other":"thajských bahtov","one":"thajský baht","few":"thajské bahty","many":"thajského bahtu"},"symbol":"THB","narrow":"฿"},"TJR":{"displayName":{"other":"tadžických rubľov","one":"tadžický rubeľ","few":"tadžické ruble","many":"tadžického rubľa"},"symbol":"TJR","narrow":"TJR"},"TJS":{"displayName":{"other":"tadžických somoni","one":"tadžické somoni","few":"tadžické somoni","many":"tadžického somoni"},"symbol":"TJS","narrow":"TJS"},"TMM":{"displayName":{"other":"turkménskych manatov (1993 – 2009)","one":"turkménsky manat (1993 – 2009)","few":"turkménske manaty (1993 – 2009)","many":"turkménskeho manatu (1993 – 2009)"},"symbol":"TMM","narrow":"TMM"},"TMT":{"displayName":{"other":"turkménskych manatov","one":"turkménsky manat","few":"turkménske manaty","many":"turkménskeho manatu"},"symbol":"TMT","narrow":"TMT"},"TND":{"displayName":{"other":"tuniských dinárov","one":"tuniský dinár","few":"tuniské dináre","many":"tuniského dinára"},"symbol":"TND","narrow":"TND"},"TOP":{"displayName":{"other":"tongských pa’anga","one":"tongská pa’anga","few":"tongské pa’anga","many":"tongského pa’anga"},"symbol":"TOP","narrow":"T$"},"TPE":{"displayName":{"other":"timorských escúd","one":"timorské escudo","few":"timorské escudá","many":"timorského escuda"},"symbol":"TPE","narrow":"TPE"},"TRL":{"displayName":{"other":"tureckých lír (1922 – 2005)","one":"turecká líra (1922 – 2005)","few":"turecké líry (1922 – 2005)","many":"tureckej líry (1922 – 2005)"},"symbol":"TRL","narrow":"TRL"},"TRY":{"displayName":{"other":"tureckých lír","one":"turecká líra","few":"turecké líry","many":"tureckej líry"},"symbol":"TRY","narrow":"₺"},"TTD":{"displayName":{"other":"trinidadsko-tobažských dolárov","one":"trinidadsko-tobažský dolár","few":"trinidadsko-tobažské doláre","many":"trinidadsko-tobažského dolára"},"symbol":"TTD","narrow":"$"},"TWD":{"displayName":{"other":"nových taiwanských dolárov","one":"nový taiwanský dolár","few":"nové taiwanské doláre","many":"nového taiwanského dolára"},"symbol":"TWD","narrow":"NT$"},"TZS":{"displayName":{"other":"tanzánskych šilingov","one":"tanzánsky šiling","few":"tanzánske šilingy","many":"tanzánskeho šilingu"},"symbol":"TZS","narrow":"TZS"},"UAH":{"displayName":{"other":"ukrajinských hrivien","one":"ukrajinská hrivna","few":"ukrajinské hrivny","many":"ukrajinskej hrivny"},"symbol":"UAH","narrow":"₴"},"UAK":{"displayName":{"other":"ukrajinských karbovancov","one":"ukrajinský karbovanec","few":"ukrajinské karbovance","many":"ukrajinského karbovanca"},"symbol":"UAK","narrow":"UAK"},"UGS":{"displayName":{"other":"ugandských šilingov (1966 – 1987)","one":"ugandský šiling (1966 – 1987)","few":"ugandské šilingy (1966 – 1987)","many":"ugandského šilingu (1966 – 1987)"},"symbol":"UGS","narrow":"UGS"},"UGX":{"displayName":{"other":"ugandských šilingov","one":"ugandský šiling","few":"ugandské šilingy","many":"ugandského šilingu"},"symbol":"UGX","narrow":"UGX"},"USD":{"displayName":{"other":"amerických dolárov","one":"americký dolár","few":"americké doláre","many":"amerického dolára"},"symbol":"USD","narrow":"$"},"USN":{"displayName":{"other":"amerických dolárov (ďalší deň)","one":"americký dolár (ďalší deň)","few":"americké doláre (ďalší deň)","many":"amerického dolára (ďalší deň)"},"symbol":"USN","narrow":"USN"},"USS":{"displayName":{"other":"amerických dolárov (rovnaký deň)","one":"americký dolár (rovnaký deň)","few":"americké doláre (rovnaký deň)","many":"amerického dolára (rovnaký deň)"},"symbol":"USS","narrow":"USS"},"UYI":{"displayName":{"other":"uruguajských pesos (v indexovaných jednotkách)","one":"uruguajské peso (v indexovaných jednotkách)","few":"uruguajské pesos (v indexovaných jednotkách)","many":"uruguajského pesa (v indexovaných jednotkách)"},"symbol":"UYI","narrow":"UYI"},"UYP":{"displayName":{"other":"uruguajských pesos (1975 – 1993)","one":"uruguajské peso (1975 – 1993)","few":"uruguajské pesos (1975 – 1993)","many":"uruguajského pesa (1975 – 1993)"},"symbol":"UYP","narrow":"UYP"},"UYU":{"displayName":{"other":"uruguajských pesos","one":"uruguajské peso","few":"uruguajské pesos","many":"uruguajského pesa"},"symbol":"UYU","narrow":"$"},"UYW":{"displayName":{"other":"UYW"},"symbol":"UYW","narrow":"UYW"},"UZS":{"displayName":{"other":"uzbeckých sumov","one":"uzbecký sum","few":"uzbecké sumy","many":"uzbeckého sumu"},"symbol":"UZS","narrow":"UZS"},"VEB":{"displayName":{"other":"venezuelských bolívarov (1871 – 2008)","one":"venezuelský bolívar (1871 – 2008)","few":"venezuelské bolívary (1871 – 2008)","many":"venezuelského bolívaru (1871 – 2008)"},"symbol":"VEB","narrow":"VEB"},"VEF":{"displayName":{"other":"venezuelských bolívarov (2008–2018)","one":"venezuelský bolívar (2008–2018)","few":"venezuelské bolívary (2008–2018)","many":"venezuelského bolívaru (2008–2018)"},"symbol":"VEF","narrow":"Bs"},"VES":{"displayName":{"other":"venezuelských bolívarov","one":"venezuelský bolívar","few":"venezuelské bolívary","many":"venezuelského bolívaru"},"symbol":"VES","narrow":"VES"},"VND":{"displayName":{"other":"vietnamských dongov","one":"vietnamský dong","few":"vietnamské dongy","many":"vietnamského dongu"},"symbol":"VND","narrow":"₫"},"VNN":{"displayName":{"other":"vietnamských dongov (1978 – 1985)","one":"vietnamský dong (1978 – 1985)","few":"vietnamské dongy (1978 – 1985)","many":"vietnamského dongu (1978 – 1985)"},"symbol":"VNN","narrow":"VNN"},"VUV":{"displayName":{"other":"vanuatských vatu","one":"vanuatské vatu","few":"vanuatské vatu","many":"vanuatského vatu"},"symbol":"VUV","narrow":"VUV"},"WST":{"displayName":{"other":"samojských tál","one":"samojská tala","few":"samojské taly","many":"samojskej taly"},"symbol":"WST","narrow":"WST"},"XAF":{"displayName":{"other":"stredoafrických frankov","one":"stredoafrický frank","few":"stredoafrické franky","many":"stredoafrického franku"},"symbol":"FCFA","narrow":"FCFA"},"XAG":{"displayName":{"other":"trójskych uncí striebra","one":"trójska unca striebra","few":"trójske unce striebra","many":"trójskej unce striebra"},"symbol":"XAG","narrow":"XAG"},"XAU":{"displayName":{"other":"trójskych uncí zlata","one":"trójska unca zlata","few":"trójske unce zlata","many":"trójskej unce zlata"},"symbol":"XAU","narrow":"XAU"},"XBA":{"displayName":{"other":"európskych zmiešaných jednotiek","one":"európska zmiešaná jednotka","few":"európske zmiešané jednotky","many":"európskej zmiešanej jednotky"},"symbol":"XBA","narrow":"XBA"},"XBB":{"displayName":{"other":"európskych peňažných jednotiek","one":"európska peňažná jednotka","few":"európske peňažné jednotky","many":"európskej peňažnek jednotky"},"symbol":"XBB","narrow":"XBB"},"XBC":{"displayName":{"other":"európskych jednotiek účtu 9 (XBC)","one":"európska jednotka účtu 9 (XBC)","few":"európske jednotky účtu 9 (XBC)","many":"európskej jednotky účtu 9 (XBC)"},"symbol":"XBC","narrow":"XBC"},"XBD":{"displayName":{"other":"európskych jednotiek účtu 17 (XBC)","one":"európska jednotka účtu 17 (XBC)","few":"európske jednotky účtu 17 (XBC)","many":"európskej jednotky účtu 17 (XBC)"},"symbol":"XBD","narrow":"XBD"},"XCD":{"displayName":{"other":"východokaribských dolárov","one":"východokaribský dolár","few":"východokaribské doláre","many":"východokaribského dolára"},"symbol":"EC$","narrow":"$"},"XDR":{"displayName":{"other":"SDR"},"symbol":"XDR","narrow":"XDR"},"XEU":{"displayName":{"other":"európskych menových jednotiek","one":"európska menová jednotka","few":"európske menové jednotky","many":"európskej menovej jednotky"},"symbol":"XEU","narrow":"XEU"},"XFO":{"displayName":{"other":"francúzskych zlatých frankov","one":"francúzsky zlatý frank","few":"francúzske zlaté franky","many":"francúzskeho zlatého franku"},"symbol":"XFO","narrow":"XFO"},"XFU":{"displayName":{"other":"francúzskych UIC frankov","one":"francúzsky UIC frank","few":"francúzske UIC franky","many":"francúzskeho UIC franku"},"symbol":"XFU","narrow":"XFU"},"XOF":{"displayName":{"other":"západoafrických frankov","one":"západoafrický frank","few":"západoafrické franky","many":"západoafrického franku"},"symbol":"F CFA","narrow":"F CFA"},"XPD":{"displayName":{"other":"trójskych uncí paládia","one":"trójska unca paládia","few":"trójske unce paládia","many":"trójskej unce paládia"},"symbol":"XPD","narrow":"XPD"},"XPF":{"displayName":{"other":"CFP frankov","one":"CFP frank","few":"CFP franky","many":"CFP franku"},"symbol":"CFPF","narrow":"CFPF"},"XPT":{"displayName":{"other":"trójskej unce platiny","one":"trójska unca platiny","few":"trójske unce platiny"},"symbol":"XPT","narrow":"XPT"},"XRE":{"displayName":{"other":"jednotiek fondov RINET","one":"jednotka fondov RINET","few":"jednotky fondov RINET","many":"jednotky fondov RINET"},"symbol":"XRE","narrow":"XRE"},"XSU":{"displayName":{"other":"sucre"},"symbol":"XSU","narrow":"XSU"},"XTS":{"displayName":{"other":"jednotiek testovacej meny","one":"jednotka testovacej meny","few":"jednotky testovacej meny","many":"jednotky testovacej meny"},"symbol":"XTS","narrow":"XTS"},"XUA":{"displayName":{"other":"jednotiek účtu ADB","one":"jednotka účtu ADB","few":"jednotky účtu ADB","many":"jednotky účtu ADB"},"symbol":"XUA","narrow":"XUA"},"XXX":{"displayName":{"other":"(neznáma mena)"},"symbol":"XXX","narrow":"XXX"},"YDD":{"displayName":{"other":"jemenských dinárov","one":"jemenský dinár","few":"jemenské dináre","many":"jemenského dinára"},"symbol":"YDD","narrow":"YDD"},"YER":{"displayName":{"other":"jemenských rialov","one":"jemenský rial","few":"jemenské rialy","many":"jemenského rialu"},"symbol":"YER","narrow":"YER"},"YUD":{"displayName":{"other":"juhoslovanských dinárov (1966 – 1990)","one":"juhoslovanský dinár (1966 – 1990)","few":"juhoslovanské dináre (1966 – 1990)","many":"juhoslovanského dinára (1966 – 1990)"},"symbol":"YUD","narrow":"YUD"},"YUM":{"displayName":{"other":"juhoslovanských nových dinárov (1994 – 2002)","one":"juhoslovanský nový dinár (1994 – 2002)","few":"juhoslovanské nové dináre (1994 – 2002)","many":"juhoslovanského nového dinára (1994 – 2002)"},"symbol":"YUM","narrow":"YUM"},"YUN":{"displayName":{"other":"juhoslovanských konvertibilných dinárov (1990 – 1992)","one":"juhoslovanský konvertibilný dinár (1990 – 1992)","few":"juhoslovanské konvertibilné dináre (1990 – 1992)","many":"juhoslovanského konvertibilného dinára (1990 – 1992)"},"symbol":"YUN","narrow":"YUN"},"YUR":{"displayName":{"other":"juhoslovanských reformovaných dinárov (1992 – 1993)","one":"juhoslovanský reformovaný dinár (1992 – 1993)","few":"juhoslovanské reformované dináre (1992 – 1993)","many":"juhoslovanského reformovaného dinára (1992 – 1993)"},"symbol":"YUR","narrow":"YUR"},"ZAL":{"displayName":{"other":"juhoafrických randov (finančných)","one":"juhoafrický rand (finančný)","few":"juhoafrické randy (finančné)","many":"juhoafrického randu (finančného)"},"symbol":"ZAL","narrow":"ZAL"},"ZAR":{"displayName":{"other":"juhoafrických randov","one":"juhoafrický rand","few":"juhoafrické randy","many":"juhoafrického randu"},"symbol":"ZAR","narrow":"R"},"ZMK":{"displayName":{"other":"zambijských kwách (1968 – 2012)","one":"zambijská kwacha (1968 – 2012)","few":"zambijské kwachy (1968 – 2012)","many":"zambijskej kwachy (1968 – 2012)"},"symbol":"ZMK","narrow":"ZMK"},"ZMW":{"displayName":{"other":"zambijských kwách","one":"zambijská kwacha","few":"zambijské kwachy","many":"zambijskej kwachy"},"symbol":"ZMW","narrow":"ZK"},"ZRN":{"displayName":{"other":"zairských nových zairov (1993 – 1998)","one":"zairský nový zaire (1993 – 1998)","few":"zairské nové zairy (1993 – 1998)","many":"zairského nového zairu (1993 – 1998)"},"symbol":"ZRN","narrow":"ZRN"},"ZRZ":{"displayName":{"other":"zairských zairov (1971 – 1993)","one":"zairský zaire (1971 – 1993)","few":"zairské zairy (1971 – 1993)","many":"zairského zairu (1971 – 1993)"},"symbol":"ZRZ","narrow":"ZRZ"},"ZWD":{"displayName":{"other":"zimbabwianskych dolárov (1980 – 2008)","one":"zimbabwiansky dolár (1980 – 2008)","few":"zimbabwianske doláre (1980 – 2008)","many":"zimbabwianskeho dolára (1980 – 2008)"},"symbol":"ZWD","narrow":"ZWD"},"ZWL":{"displayName":{"other":"zimbabwianskych dolárov (2009)","one":"zimbabwiansky dolár (2009)","few":"zimbabwianske doláre (2009)","many":"zimbabwianskeho dolára (2009)"},"symbol":"ZWL","narrow":"ZWL"},"ZWR":{"displayName":{"other":"zimbabwianskych dolárov (2008)","one":"zimbabwiansky dolár (2008)","few":"zimbabwianske doláre (2008)","many":"zimbabwianskeho dolára (2008)"},"symbol":"ZWR","narrow":"ZWR"}},"numbers":{"nu":["latn"],"symbols":{"latn":{"decimal":",","group":" ","list":";","percentSign":"%","plusSign":"+","minusSign":"-","approximatelySign":"~","exponential":"e","superscriptingExponent":"×","perMille":"‰","infinity":"∞","nan":"NaN","timeSeparator":":"}},"percent":{"latn":"#,##0 %"},"decimal":{"latn":{"standard":"#,##0.###","long":{"1000":{"other":"0 tisíc","few":"0 tisíce","many":"0 tisíca"},"10000":{"other":"00 tisíc","many":"00 tisíca"},"100000":{"other":"000 tisíc","many":"000 tisíca"},"1000000":{"other":"0 miliónov","one":"0 milión","few":"0 milióny","many":"0 milióna"},"10000000":{"other":"00 miliónov","many":"00 milióna"},"100000000":{"other":"000 miliónov","many":"000 milióna"},"1000000000":{"other":"0 miliárd","one":"0 miliarda","few":"0 miliardy","many":"0 miliardy"},"10000000000":{"other":"00 miliárd","many":"00 miliardy"},"100000000000":{"other":"000 miliárd","many":"000 miliardy"},"1000000000000":{"other":"0 biliónov","one":"0 bilión","few":"0 bilióny","many":"0 bilióna"},"10000000000000":{"other":"00 biliónov","many":"00 bilióna"},"100000000000000":{"other":"000 biliónov","many":"000 bilióna"}},"short":{"1000":{"other":"0 tis'.'"},"10000":{"other":"00 tis'.'"},"100000":{"other":"000 tis'.'"},"1000000":{"other":"0 mil'.'"},"10000000":{"other":"00 mil'.'"},"100000000":{"other":"000 mil'.'"},"1000000000":{"other":"0 mld'.'"},"10000000000":{"other":"00 mld'.'"},"100000000000":{"other":"000 mld'.'"},"1000000000000":{"other":"0 bil'.'"},"10000000000000":{"other":"00 bil'.'"},"100000000000000":{"other":"000 bil'.'"}}}},"currency":{"latn":{"currencySpacing":{"beforeInsertBetween":" ","afterInsertBetween":" "},"standard":"#,##0.00 ¤","accounting":"#,##0.00 ¤;(#,##0.00 ¤)","unitPattern":"{0} {1}","short":{"1000":{"other":"0 tis'.' ¤"},"10000":{"other":"00 tis'.' ¤"},"100000":{"other":"000 tis'.' ¤"},"1000000":{"other":"0 mil'.' ¤"},"10000000":{"other":"00 mil'.' ¤"},"100000000":{"other":"000 mil'.' ¤"},"1000000000":{"other":"0 mld'.' ¤"},"10000000000":{"other":"00 mld'.' ¤"},"100000000000":{"other":"000 mld'.' ¤"},"1000000000000":{"other":"0 bil'.' ¤"},"10000000000000":{"other":"00 bil'.' ¤"},"100000000000000":{"other":"000 bil'.' ¤"}}}}},"nu":["latn"]},"locale":"sk"}
