{"data":{"units":{"simple":{"degree":{"long":{"other":"{0} stopinj","one":"{0} stopinja","two":"{0} stopinji","few":"{0} stopinje"},"short":{"other":"{0} °"},"narrow":{"other":"{0} °"},"perUnit":{}},"hectare":{"long":{"other":"{0} hektarov","one":"{0} hektar","two":"{0} hektara","few":"{0} hektari"},"short":{"other":"{0} ha"},"narrow":{"other":"{0} ha"},"perUnit":{}},"acre":{"long":{"other":"{0} akrov","one":"{0} aker","two":"{0} akra","few":"{0} akri"},"short":{"other":"{0} ac"},"narrow":{"other":"{0} jut."},"perUnit":{}},"percent":{"long":{"other":"{0} odstotkov","one":"{0} odstotek","two":"{0} odstotka","few":"{0} odstotki"},"short":{"other":"{0} %"},"narrow":{"other":"{0} %"},"perUnit":{}},"liter-per-kilometer":{"long":{"other":"{0} litrov na kilometer","one":"{0} liter na kilometer","two":"{0} litra na kilometer","few":"{0} litri na kilometer"},"short":{"other":"{0} l/km"},"narrow":{"other":"{0} l/km"},"perUnit":{}},"mile-per-gallon":{"long":{"other":"{0} milj na galono","one":"{0} milja na galono","two":"{0} milji na galono","few":"{0} milje na galono"},"short":{"other":"{0} mpg"},"narrow":{"other":"{0} mpg"},"perUnit":{}},"petabyte":{"long":{"other":"{0} petabajtov","one":"{0} petabajt","two":"{0} petabajta","few":"{0} petabajti"},"short":{"other":"{0} PB"},"narrow":{"other":"{0} PB"},"perUnit":{}},"terabyte":{"long":{"other":"{0} terabajtov","one":"{0} terabajt","two":"{0} terabajta","few":"{0} terabajti"},"short":{"other":"{0} TB"},"narrow":{"other":"{0} TB"},"perUnit":{}},"terabit":{"long":{"other":"{0} terabitov","one":"{0} terabit","two":"{0} terabita","few":"{0} terabiti"},"short":{"other":"{0} Tb"},"narrow":{"other":"{0} Tb"},"perUnit":{}},"gigabyte":{"long":{"other":"{0} gigabajtov","one":"{0} gigabajt","two":"{0} gigabajta","few":"{0} gigabajti"},"short":{"other":"{0} GB"},"narrow":{"other":"{0} GB"},"perUnit":{}},"gigabit":{"long":{"other":"{0} gigabitov","one":"{0} gigabit","two":"{0} gigabita","few":"{0} gigabiti"},"short":{"other":"{0} Gb"},"narrow":{"other":"{0} Gb"},"perUnit":{}},"megabyte":{"long":{"other":"{0} megabajtov","one":"{0} megabajt","two":"{0} megabajta","few":"{0} megabajti"},"short":{"other":"{0} MB"},"narrow":{"other":"{0} MB"},"perUnit":{}},"megabit":{"long":{"other":"{0} megabitov","one":"{0} megabit","two":"{0} megabita","few":"{0} megabiti"},"short":{"other":"{0} Mb"},"narrow":{"other":"{0} Mb"},"perUnit":{}},"kilobyte":{"long":{"other":"{0} kilobajtov","one":"{0} kilobajt","two":"{0} kilobajta","few":"{0} kilobajti"},"short":{"other":"{0} kB"},"narrow":{"other":"{0} kB"},"perUnit":{}},"kilobit":{"long":{"other":"{0} kilobitov","one":"{0} kilobit","two":"{0} kilobita","few":"{0} kilobiti"},"short":{"other":"{0} kb"},"narrow":{"other":"{0} kb"},"perUnit":{}},"byte":{"long":{"other":"{0} bajtov","one":"{0} bajt","two":"{0} bajta","few":"{0} bajti"},"short":{"other":"{0} bajtov","one":"{0} bajt","two":"{0} bajta","few":"{0} bajti"},"narrow":{"other":"{0} bajtov","one":"{0} bajt","two":"{0} bajta","few":"{0} bajti"},"perUnit":{}},"bit":{"long":{"other":"{0} bitov","one":"{0} bit","two":"{0} bita","few":"{0} biti"},"short":{"other":"{0} bitov","one":"{0} bit","two":"{0} bita","few":"{0} biti"},"narrow":{"other":"{0} bitov","one":"{0} bit","two":"{0} bita","few":"{0} biti"},"perUnit":{}},"year":{"long":{"other":"{0} let","one":"{0} leto","two":"{0} leti"},"short":{"other":"{0} l"},"narrow":{"other":"{0} l"},"perUnit":{"long":"{0} na leto","short":"{0}/l","narrow":"{0}/l"}},"month":{"long":{"other":"{0} mesecev","one":"{0} mesec","two":"{0} meseca"},"short":{"other":"{0} m"},"narrow":{"other":"{0} m"},"perUnit":{"long":"{0} na mesec","short":"{0}/m","narrow":"{0}/m"}},"week":{"long":{"other":"{0} tednov","one":"{0} teden","two":"{0} tedna"},"short":{"other":"{0} t"},"narrow":{"other":"{0} t"},"perUnit":{"long":"{0} na teden","short":"{0}/t","narrow":"{0}/t"}},"day":{"long":{"other":"{0} dni","one":"{0} dan","two":"{0} dneva"},"short":{"other":"{0} d"},"narrow":{"other":"{0} d"},"perUnit":{"long":"{0} na dan","short":"{0} na dan","narrow":"{0}/dan."}},"hour":{"long":{"other":"{0} ur","one":"{0} ura","two":"{0} uri","few":"{0} ure"},"short":{"other":"{0} h"},"narrow":{"other":"{0} h"},"perUnit":{"long":"{0} na uro","short":"{0}/h","narrow":"{0}/h"}},"minute":{"long":{"other":"{0} minut","one":"{0} minuta","two":"{0} minuti","few":"{0} minute"},"short":{"other":"{0} min"},"narrow":{"other":"{0} min"},"perUnit":{"long":"{0} na minuto","short":"{0}/min","narrow":"{0}/min"}},"second":{"long":{"other":"{0} sekund","one":"{0} sekunda","two":"{0} sekundi","few":"{0} sekunde"},"short":{"other":"{0} sek."},"narrow":{"other":"{0} s"},"perUnit":{"long":"{0} na sekundo","short":"{0}/s","narrow":"{0}/s"}},"millisecond":{"long":{"other":"{0} millisekund","one":"{0} milisekunda","two":"{0} millisekundi","few":"{0} millisekunde"},"short":{"other":"{0} ms"},"narrow":{"other":"{0} ms"},"perUnit":{}},"kilometer":{"long":{"other":"{0} kilometrov","one":"{0} kilometer","two":"{0} kilometra","few":"{0} kilometri"},"short":{"other":"{0} km"},"narrow":{"other":"{0} km"},"perUnit":{"long":"{0} na kilometer","short":"{0}/km","narrow":"{0}/km"}},"meter":{"long":{"other":"{0} metrov","one":"{0} meter","two":"{0} metra","few":"{0} metri"},"short":{"other":"{0} m"},"narrow":{"other":"{0} m"},"perUnit":{"long":"{0} na meter","short":"{0}/m","narrow":"{0}/m"}},"centimeter":{"long":{"other":"{0} centimetrov","one":"{0} centimeter","two":"{0} centimetra","few":"{0} centimetri"},"short":{"other":"{0} cm"},"narrow":{"other":"{0} cm"},"perUnit":{"long":"{0} na centimeter","short":"{0}/cm","narrow":"{0}/cm"}},"millimeter":{"long":{"other":"{0} milimetrov","one":"{0} milimeter","two":"{0} milimetra","few":"{0} milimetri"},"short":{"other":"{0} mm"},"narrow":{"other":"{0} mm"},"perUnit":{}},"mile":{"long":{"other":"{0} milj","one":"{0} milja","two":"{0} milji","few":"{0} milje"},"short":{"other":"{0} mi"},"narrow":{"other":"{0} mi"},"perUnit":{}},"yard":{"long":{"other":"{0} jardov","one":"{0} jard","two":"{0} jarda","few":"{0} jardi"},"short":{"other":"{0} yd"},"narrow":{"other":"{0} yd"},"perUnit":{}},"foot":{"long":{"other":"{0} čevljev","one":"{0} čevelj","two":"{0} čevlja","few":"{0} čevlji"},"short":{"other":"{0} ft"},"narrow":{"other":"{0} ft"},"perUnit":{"long":"{0} na čevelj","short":"{0}/ft","narrow":"{0}/ft"}},"inch":{"long":{"other":"{0} palcev","one":"{0} palec","two":"{0} palca","few":"{0} palci"},"short":{"other":"{0} in"},"narrow":{"other":"{0} in"},"perUnit":{"long":"{0} na palec","short":"{0}/in","narrow":"{0}/in"}},"mile-scandinavian":{"long":{"other":"{0} skandinavskih milj","one":"{0} skandinavska milja","two":"{0} skandinavski milji","few":"{0} skandinavske milje"},"short":{"other":"{0} smi"},"narrow":{"other":"{0} smi"},"perUnit":{}},"kilogram":{"long":{"other":"{0} kilogramov","one":"{0} kilogram","two":"{0} kilograma","few":"{0} kilogrami"},"short":{"other":"{0} kg"},"narrow":{"other":"{0} kg"},"perUnit":{"long":"{0} na kilogram","short":"{0}/kg","narrow":"{0}/kg"}},"gram":{"long":{"other":"{0} gramov","one":"{0} gram","two":"{0} grama","few":"{0} grami"},"short":{"other":"{0} g"},"narrow":{"other":"{0} g"},"perUnit":{"long":"{0} na gram","short":"{0}/g","narrow":"{0}/g"}},"stone":{"long":{"other":"{0} stonov","one":"{0} stone","two":"{0} stona","few":"{0} stoni"},"short":{"other":"{0} st"},"narrow":{"other":"{0} st"},"perUnit":{}},"pound":{"long":{"other":"{0} funtov","one":"{0} funt","two":"{0} funta","few":"{0} funti"},"short":{"other":"{0} lb"},"narrow":{"other":"{0} lb"},"perUnit":{"long":"{0} na funt","short":"{0}/lb","narrow":"{0}/lb"}},"ounce":{"long":{"other":"{0} unč","one":"{0} unča","two":"{0} unči","few":"{0} unče"},"short":{"other":"{0} oz"},"narrow":{"other":"{0} oz"},"perUnit":{"long":"{0} na unčo","short":"{0}/oz","narrow":"{0}/oz"}},"kilometer-per-hour":{"long":{"other":"{0} kilometrov na uro","one":"{0} kilometer na uro","two":"{0} kilometra na uro","few":"{0} kilometri na uro"},"short":{"other":"{0} km/h"},"narrow":{"other":"{0} km/h"},"perUnit":{}},"meter-per-second":{"long":{"other":"{0} metrov na sekundo","one":"{0} meter na sekundo","two":"{0} metra na sekundo","few":"{0} metri na sekundo"},"short":{"other":"{0} m/s"},"narrow":{"other":"{0} m/s"},"perUnit":{}},"mile-per-hour":{"long":{"other":"{0} milj na uro","one":"{0} milja na uro","two":"{0} milji na uro","few":"{0} milje na uro"},"short":{"other":"{0} mi/h"},"narrow":{"other":"{0} mi/h"},"perUnit":{}},"celsius":{"long":{"other":"{0} stopinj Celzija","one":"{0} stopinja Celzija","two":"{0} stopinji Celzija","few":"{0} stopinje Celzija"},"short":{"other":"{0} °C"},"narrow":{"other":"{0} °"},"perUnit":{}},"fahrenheit":{"long":{"other":"{0} stopinj Farenheita","one":"{0} stopinja Farenheita","two":"{0} stopinji Farenheita","few":"{0} stopinje Farenheita"},"short":{"other":"{0} °F"},"narrow":{"other":"{0} °F"},"perUnit":{}},"liter":{"long":{"other":"{0} litrov","one":"{0} liter","two":"{0} litra","few":"{0} litri"},"short":{"other":"{0} l"},"narrow":{"other":"{0} l"},"perUnit":{"long":"{0} na liter","short":"{0}/l","narrow":"{0}/l"}},"milliliter":{"long":{"other":"{0} militrov","one":"{0} mililiter","two":"{0} mililitra","few":"{0} mililitri"},"short":{"other":"{0} ml"},"narrow":{"other":"{0} ml"},"perUnit":{}},"gallon":{"long":{"other":"{0} galon","one":"{0} galona","two":"{0} galoni","few":"{0} galone"},"short":{"other":"{0} gal"},"narrow":{"other":"{0} gal"},"perUnit":{"long":"{0} na galono","short":"{0}/gal","narrow":"{0}/gal"}},"fluid-ounce":{"long":{"other":"{0} tekočih unč","one":"{0} tekoča unča","two":"{0} tekoči unči","few":"{0} tekoče unče"},"short":{"other":"{0} fl oz"},"narrow":{"other":"{0} fl oz"},"perUnit":{}}},"compound":{"per":{"long":"{0} na {1}","short":"{0}/{1}","narrow":"{0}/{1}"}}},"currencies":{"ADP":{"displayName":{"other":"andorska peseta"},"symbol":"ADP","narrow":"ADP"},"AED":{"displayName":{"other":"dirhamov Združenih arabskih emiratov","one":"dirham Združenih arabskih emiratov","two":"dirhama Združenih arabskih emiratov","few":"dirhami Združenih arabskih emiratov"},"symbol":"AED","narrow":"AED"},"AFA":{"displayName":{"other":"stari afganistanski afgani (1927–2002)"},"symbol":"AFA","narrow":"AFA"},"AFN":{"displayName":{"other":"afganijev","one":"afgani","two":"afganija","few":"afganiji"},"symbol":"AFN","narrow":"؋"},"ALK":{"displayName":{"other":"ALK"},"symbol":"ALK","narrow":"ALK"},"ALL":{"displayName":{"other":"albanskih lekov","one":"albanski lek","two":"albanska leka","few":"albanski leki"},"symbol":"ALL","narrow":"ALL"},"AMD":{"displayName":{"other":"armenskih dramov","one":"armenski dram","two":"armenska drama","few":"armenski drami"},"symbol":"AMD","narrow":"֏"},"ANG":{"displayName":{"other":"nizozemsko-antilskih guldnov","one":"nizozemsko-antilski gulden","two":"nizozemsko-antilska guldna","few":"nizozemsko-antilski guldni"},"symbol":"ANG","narrow":"ANG"},"AOA":{"displayName":{"other":"angolskih kvanz","one":"angolska kvanza","two":"angolski kvanzi","few":"angolske kvanze"},"symbol":"AOA","narrow":"Kz"},"AOK":{"displayName":{"other":"stara angolska kvanza (1977–1990)"},"symbol":"AOK","narrow":"AOK"},"AON":{"displayName":{"other":"angolska nova kvanza (1990–2000)"},"symbol":"AON","narrow":"AON"},"AOR":{"displayName":{"other":"konvertibilna angolska kvanza (1995–1999)"},"symbol":"AOR","narrow":"AOR"},"ARA":{"displayName":{"other":"argentinski avstral"},"symbol":"ARA","narrow":"ARA"},"ARL":{"displayName":{"other":"ARL"},"symbol":"ARL","narrow":"ARL"},"ARM":{"displayName":{"other":"ARM"},"symbol":"ARM","narrow":"ARM"},"ARP":{"displayName":{"other":"argentinski peso (1983–1985)"},"symbol":"ARP","narrow":"ARP"},"ARS":{"displayName":{"other":"argentinskih pesov","one":"argentinski peso","two":"argentinska pesa","few":"argentinski pesi"},"symbol":"ARS","narrow":"$"},"ATS":{"displayName":{"other":"avstrijski šiling"},"symbol":"ATS","narrow":"ATS"},"AUD":{"displayName":{"other":"avstralskih dolarjev","one":"avstralski dolar","two":"avstralska dolarja","few":"avstralski dolarji"},"symbol":"AUD","narrow":"$"},"AWG":{"displayName":{"other":"arubskih florinov","one":"arubski florin","two":"arubska florina","few":"arubski florini"},"symbol":"AWG","narrow":"AWG"},"AZM":{"displayName":{"other":"stari azerbajdžanski manat (1993–2006)"},"symbol":"AZM","narrow":"AZM"},"AZN":{"displayName":{"other":"azerbajdžanskih manatov","one":"azerbajdžanski manat","two":"azerbajdžanska manata","few":"azerbajdžanski manati"},"symbol":"AZN","narrow":"₼"},"BAD":{"displayName":{"other":"bosansko-hercegovski dinar"},"symbol":"BAD","narrow":"BAD"},"BAM":{"displayName":{"other":"bosansko-hercegovskih konvertibilnih mark","one":"bosansko-hercegovska konvertibilna marka","two":"bosansko-hercegovski konvertibilni marki","few":"bosansko-hercegovske konvertibilne marke"},"symbol":"BAM","narrow":"KM"},"BAN":{"displayName":{"other":"BAN"},"symbol":"BAN","narrow":"BAN"},"BBD":{"displayName":{"other":"barbadoških dolarjev","one":"barbadoški dolar","two":"barbadoška dolarja","few":"barbadoški dolarji"},"symbol":"BBD","narrow":"$"},"BDT":{"displayName":{"other":"bangladeških tak","one":"bangladeška taka","two":"bangladeški taki","few":"bangladeške take"},"symbol":"BDT","narrow":"৳"},"BEC":{"displayName":{"other":"belgijski konvertibilni frank"},"symbol":"BEC","narrow":"BEC"},"BEF":{"displayName":{"other":"belgijski frank"},"symbol":"BEF","narrow":"BEF"},"BEL":{"displayName":{"other":"belgijski finančni frank"},"symbol":"BEL","narrow":"BEL"},"BGL":{"displayName":{"other":"stari bolgarski lev"},"symbol":"BGL","narrow":"BGL"},"BGM":{"displayName":{"other":"BGM"},"symbol":"BGM","narrow":"BGM"},"BGN":{"displayName":{"other":"bolgarskih levov","one":"bolgarski lev","two":"bolgarska leva","few":"bolgarski levi"},"symbol":"BGN","narrow":"BGN"},"BGO":{"displayName":{"other":"BGO"},"symbol":"BGO","narrow":"BGO"},"BHD":{"displayName":{"other":"bahranskih dinarjev","one":"bahranski dinar","two":"bahranska dinarja","few":"bahranski dinarji"},"symbol":"BHD","narrow":"BHD"},"BIF":{"displayName":{"other":"burundskih frankov","one":"burundski frank","two":"burundska franka","few":"burundski franki"},"symbol":"BIF","narrow":"BIF"},"BMD":{"displayName":{"other":"bermudskih dolarjev","one":"bermudski dolar","two":"bermudska dolarja","few":"bermudski dolarji"},"symbol":"BMD","narrow":"$"},"BND":{"displayName":{"other":"brunejskih dolarjev","one":"brunejski dolar","two":"brunejska dolarja","few":"brunejski dolarji"},"symbol":"BND","narrow":"$"},"BOB":{"displayName":{"other":"bolivijskih bolivianov","one":"bolivijski boliviano","two":"bolivijska boliviana","few":"bolivijski boliviani"},"symbol":"BOB","narrow":"Bs"},"BOL":{"displayName":{"other":"BOL"},"symbol":"BOL","narrow":"BOL"},"BOP":{"displayName":{"other":"bolivijski peso"},"symbol":"BOP","narrow":"BOP"},"BOV":{"displayName":{"other":"bolivijski mvdol"},"symbol":"BOV","narrow":"BOV"},"BRB":{"displayName":{"other":"brazilski novi kruzeiro (1967–1986)"},"symbol":"BRB","narrow":"BRB"},"BRC":{"displayName":{"other":"brazilski kruzado"},"symbol":"BRC","narrow":"BRC"},"BRE":{"displayName":{"other":"stari brazilski kruzeiro (1990–1993)"},"symbol":"BRE","narrow":"BRE"},"BRL":{"displayName":{"other":"brazilskih realov","one":"brazilski real","two":"brazilska reala","few":"brazilski reali"},"symbol":"BRL","narrow":"R$"},"BRN":{"displayName":{"other":"novi brazilski kruzado"},"symbol":"BRN","narrow":"BRN"},"BRR":{"displayName":{"other":"brazilski kruzeiro"},"symbol":"BRR","narrow":"BRR"},"BRZ":{"displayName":{"other":"BRZ"},"symbol":"BRZ","narrow":"BRZ"},"BSD":{"displayName":{"other":"bahamskih dolarjev","one":"bahamski dolar","two":"bahamska dolarja","few":"bahamski dolarji"},"symbol":"BSD","narrow":"$"},"BTN":{"displayName":{"other":"butanskih ngultrumov","one":"butanski ngultrum","two":"butanska ngultruma","few":"butanski ngultrumi"},"symbol":"BTN","narrow":"BTN"},"BUK":{"displayName":{"other":"burmanski kjat"},"symbol":"BUK","narrow":"BUK"},"BWP":{"displayName":{"other":"bocvanskih pul","one":"bocvanska pula","two":"bocvanski puli","few":"bocvanske pule"},"symbol":"BWP","narrow":"P"},"BYB":{"displayName":{"other":"beloruski novi rubelj (1994–1999)"},"symbol":"BYB","narrow":"BYB"},"BYN":{"displayName":{"other":"beloruskih rubljev","one":"beloruski rubelj","two":"beloruska rublja","few":"beloruski rublji"},"symbol":"BYN","narrow":"р."},"BYR":{"displayName":{"other":"beloruskih rubljev (2000–2016)","one":"beloruski rubelj (2000–2016)","two":"beloruska rublja (2000–2016)","few":"beloruski rublji (2000–2016)"},"symbol":"BYR","narrow":"BYR"},"BZD":{"displayName":{"other":"belizejskih dolarjev","one":"belizejski dolar","two":"belizejska dolarja","few":"belizejski dolarji"},"symbol":"BZD","narrow":"$"},"CAD":{"displayName":{"other":"kanadskih dolarjev","one":"kanadski dolar","two":"kanadska dolarja","few":"kanadski dolarji"},"symbol":"CAD","narrow":"$"},"CDF":{"displayName":{"other":"kongovskih frankov","one":"kongovski frank","two":"kongovska franka","few":"kongovski franki"},"symbol":"CDF","narrow":"CDF"},"CHE":{"displayName":{"other":"evro WIR"},"symbol":"CHE","narrow":"CHE"},"CHF":{"displayName":{"other":"švicarskih frankov","one":"švicarski frank","two":"švicarska franka","few":"švicarski franki"},"symbol":"CHF","narrow":"CHF"},"CHW":{"displayName":{"other":"frank WIR"},"symbol":"CHW","narrow":"CHW"},"CLE":{"displayName":{"other":"CLE"},"symbol":"CLE","narrow":"CLE"},"CLF":{"displayName":{"other":"čilski unidades de fomento"},"symbol":"CLF","narrow":"CLF"},"CLP":{"displayName":{"other":"čilskih pesov","one":"čilski peso","two":"čilska pesa","few":"čilski pesi"},"symbol":"CLP","narrow":"$"},"CNH":{"displayName":{"other":"kitajskih juanov renminbi (offshore)","one":"kitajski juan renminbi (offshore)","two":"kitajska juana renminbi (offshore)","few":"kitajski juani renminbi (offshore)"},"symbol":"CNH","narrow":"CNH"},"CNX":{"displayName":{"other":"CNX"},"symbol":"CNX","narrow":"CNX"},"CNY":{"displayName":{"other":"kitajskih juanov renminbi","one":"kitajski juan renminbi","two":"kitajska juana renmibi","few":"kitajski juani renminbi"},"symbol":"CN¥","narrow":"¥"},"COP":{"displayName":{"other":"kolumbijskih pesov","one":"kolumbijski peso","two":"kolumbijska pesa","few":"kolumbijski pesi"},"symbol":"COP","narrow":"$"},"COU":{"displayName":{"other":"kolumbijska enota realne vrednosti"},"symbol":"COU","narrow":"COU"},"CRC":{"displayName":{"other":"kostariških kolonov","one":"kostariški kolon","two":"kostariška kolona","few":"kostariški koloni"},"symbol":"CRC","narrow":"₡"},"CSD":{"displayName":{"other":"stari srbski dinar"},"symbol":"CSD","narrow":"CSD"},"CSK":{"displayName":{"other":"češkoslovaška krona"},"symbol":"CSK","narrow":"CSK"},"CUC":{"displayName":{"other":"kubanskih konvertibilnih pesov","one":"kubanski konvertibilni peso","two":"kubanska konvertibilna pesa","few":"kubanski konvertibilni pesi"},"symbol":"CUC","narrow":"$"},"CUP":{"displayName":{"other":"kubanskih pesov","one":"kubanski peso","two":"kubanska pesa","few":"kubanski pesi"},"symbol":"CUP","narrow":"$"},"CVE":{"displayName":{"other":"zelenortskih eskudov","one":"zelenortski eskudo","two":"zelenortska eskuda","few":"zelenortski eskudi"},"symbol":"CVE","narrow":"CVE"},"CYP":{"displayName":{"other":"ciprski funt"},"symbol":"CYP","narrow":"CYP"},"CZK":{"displayName":{"other":"čeških kron","one":"češka krona","two":"češki kroni","few":"češke krone"},"symbol":"CZK","narrow":"Kč"},"DDM":{"displayName":{"other":"vzhodnonemška marka"},"symbol":"DDM","narrow":"DDM"},"DEM":{"displayName":{"other":"nemška marka"},"symbol":"DEM","narrow":"DEM"},"DJF":{"displayName":{"other":"džibutskih frankov","one":"džibutski frank","two":"džibutska franka","few":"džibutski franki"},"symbol":"DJF","narrow":"DJF"},"DKK":{"displayName":{"other":"danskih kron","one":"danska krona","two":"danski kroni","few":"danske krone"},"symbol":"DKK","narrow":"kr"},"DOP":{"displayName":{"other":"dominikanskih pesov","one":"dominikanski peso","two":"dominikanska pesa","few":"dominikanski pesi"},"symbol":"DOP","narrow":"$"},"DZD":{"displayName":{"other":"alžirskih dinarjev","one":"alžirski dinar","two":"alžirska dinarja","few":"alžirski dinarji"},"symbol":"DZD","narrow":"DZD"},"ECS":{"displayName":{"other":"ekvadorski sukre"},"symbol":"ECS","narrow":"ECS"},"ECV":{"displayName":{"other":"ekvadorska enota realne vrednosti (UVC)"},"symbol":"ECV","narrow":"ECV"},"EEK":{"displayName":{"other":"estonska krona"},"symbol":"EEK","narrow":"EEK"},"EGP":{"displayName":{"other":"egiptovskih funtov","one":"egiptovski funt","two":"egiptovska funta","few":"egiptovski funti"},"symbol":"EGP","narrow":"E£"},"ERN":{"displayName":{"other":"eritrejskih nakf","one":"eritrejska nakfa","two":"eritrejski nakfi","few":"eritrejske nakfe"},"symbol":"ERN","narrow":"ERN"},"ESA":{"displayName":{"other":"španska pezeta (račun A)"},"symbol":"ESA","narrow":"ESA"},"ESB":{"displayName":{"other":"španska pezeta (račun B)"},"symbol":"ESB","narrow":"ESB"},"ESP":{"displayName":{"other":"španska pezeta"},"symbol":"ESP","narrow":"₧"},"ETB":{"displayName":{"other":"etiopskih birov","one":"etiopski bir","two":"etiopska bira","few":"etiopski biri"},"symbol":"ETB","narrow":"ETB"},"EUR":{"displayName":{"other":"evrov","one":"evro","two":"evra","few":"evri"},"symbol":"€","narrow":"€"},"FIM":{"displayName":{"other":"finska marka"},"symbol":"FIM","narrow":"FIM"},"FJD":{"displayName":{"other":"fidžijskih dolarjev","one":"fidžijski dolar","two":"fidžijska dolarja","few":"fidžijski dolarji"},"symbol":"FJD","narrow":"$"},"FKP":{"displayName":{"other":"falklandskih funtov","one":"falklandski funt","two":"falklandska funta","few":"falklandski funti"},"symbol":"FKP","narrow":"£"},"FRF":{"displayName":{"other":"francoski frank"},"symbol":"FRF","narrow":"FRF"},"GBP":{"displayName":{"other":"britanskih funtov","one":"britanski funt","two":"britanska funta","few":"britanski funti"},"symbol":"GBP","narrow":"£"},"GEK":{"displayName":{"other":"gruzijski bon lari"},"symbol":"GEK","narrow":"GEK"},"GEL":{"displayName":{"other":"gruzijskih larijev","one":"gruzijski lari","two":"gruzijska larija","few":"gruzijski lari"},"symbol":"GEL","narrow":"₾"},"GHC":{"displayName":{"other":"stari ganski cedi (1979–2007)"},"symbol":"GHC","narrow":"GHC"},"GHS":{"displayName":{"other":"ganskih cedov","one":"ganski cedi","two":"ganska ceda","few":"ganski cedi"},"symbol":"GHS","narrow":"GH₵"},"GIP":{"displayName":{"other":"gibraltarskih funtov","one":"gibraltarski funt","two":"gibraltarska funta","few":"gibraltarski funti"},"symbol":"GIP","narrow":"£"},"GMD":{"displayName":{"other":"gambijskih dalasov","one":"gambijski dalasi","two":"gambijska dalasa","few":"gambijski dalasi"},"symbol":"GMD","narrow":"GMD"},"GNF":{"displayName":{"other":"gvinejskih frankov","one":"gvinejski frank","two":"gvinejska franka","few":"gvinejski franki"},"symbol":"GNF","narrow":"FG"},"GNS":{"displayName":{"other":"gvinejski sili"},"symbol":"GNS","narrow":"GNS"},"GQE":{"displayName":{"other":"ekwele Ekvatorialne Gvineje"},"symbol":"GQE","narrow":"GQE"},"GRD":{"displayName":{"other":"grška drahma"},"symbol":"GRD","narrow":"GRD"},"GTQ":{"displayName":{"other":"gvatemalskih kecalov","one":"gvatemalski kecal","two":"gvatemalska kecala","few":"gvatemalski kecali"},"symbol":"GTQ","narrow":"Q"},"GWE":{"displayName":{"other":"eskudo Portugalske Gvineje"},"symbol":"GWE","narrow":"GWE"},"GWP":{"displayName":{"other":"peso Gvineje Bissau"},"symbol":"GWP","narrow":"GWP"},"GYD":{"displayName":{"other":"gvajanskih dolarjev","one":"gvajanski dolar","two":"gvajanska dolarja","few":"gvajanski dolarji"},"symbol":"GYD","narrow":"$"},"HKD":{"displayName":{"other":"hongkonških dolarjev","one":"hongkonški dolar","two":"hongkonška dolarja","few":"hongkonški dolarji"},"symbol":"HK$","narrow":"$"},"HNL":{"displayName":{"other":"honduraških lempir","one":"honduraška lempira","two":"honduraški lempiri","few":"honduraške lempire"},"symbol":"HNL","narrow":"L"},"HRD":{"displayName":{"other":"hrvaški dinar"},"symbol":"HRD","narrow":"HRD"},"HRK":{"displayName":{"other":"hrvaških kun","one":"hrvaška kuna","two":"hrvaški kuni","few":"hrvaške kune"},"symbol":"HRK","narrow":"kn"},"HTG":{"displayName":{"other":"haitskih gurdov","one":"haitski gurd","two":"haitska gurda","few":"haitski gurdi"},"symbol":"HTG","narrow":"HTG"},"HUF":{"displayName":{"other":"madžarskih forintov","one":"madžarski forint","two":"madžarska forinta","few":"madžarski forinti"},"symbol":"HUF","narrow":"Ft"},"IDR":{"displayName":{"other":"indonezijskih rupij","one":"indonezijska rupija","two":"indonezijski rupiji","few":"indonezijske rupije"},"symbol":"IDR","narrow":"Rp"},"IEP":{"displayName":{"other":"irski funt"},"symbol":"IEP","narrow":"IEP"},"ILP":{"displayName":{"other":"izraelski funt"},"symbol":"ILP","narrow":"ILP"},"ILR":{"displayName":{"other":"ILR"},"symbol":"ILR","narrow":"ILR"},"ILS":{"displayName":{"other":"izraelskih šeklov","one":"izraelski šekel","two":"izraelska šekla","few":"izraelski šekli"},"symbol":"₪","narrow":"₪"},"INR":{"displayName":{"other":"indijskih rupij","one":"indijska rupija","two":"indijski rupiji","few":"indijske rupije"},"symbol":"₹","narrow":"₹"},"IQD":{"displayName":{"other":"iraških dinarjev","one":"iraški dinar","two":"iraška dinarja","few":"iraški dinarji"},"symbol":"IQD","narrow":"IQD"},"IRR":{"displayName":{"other":"iranskih rialov","one":"iranski rial","two":"iranska riala","few":"iranski riali"},"symbol":"IRR","narrow":"IRR"},"ISJ":{"displayName":{"other":"ISJ"},"symbol":"ISJ","narrow":"ISJ"},"ISK":{"displayName":{"other":"islandskih kron","one":"islandska krona","two":"islandski kroni","few":"islandske krone"},"symbol":"ISK","narrow":"kr"},"ITL":{"displayName":{"other":"italijanska lira"},"symbol":"ITL","narrow":"ITL"},"JMD":{"displayName":{"other":"jamajških dolarjev","one":"jamajški dolar","two":"jamajška dolarja","few":"jamajški dolarji"},"symbol":"JMD","narrow":"$"},"JOD":{"displayName":{"other":"jordanskih dinarjev","one":"jordanski dinar","two":"jordanska dinarja","few":"jordanski dinarji"},"symbol":"JOD","narrow":"JOD"},"JPY":{"displayName":{"other":"japonskih jenov","one":"japonski jen","two":"japonska jena","few":"japonski jeni"},"symbol":"¥","narrow":"¥"},"KES":{"displayName":{"other":"kenijskih šilingov","one":"kenijski šiling","two":"kenijska šilinga","few":"kenijski šilingi"},"symbol":"KES","narrow":"KES"},"KGS":{"displayName":{"other":"kirgiških somov","one":"kirgiški som","two":"kirgiška soma","few":"kirgiški somi"},"symbol":"KGS","narrow":"KGS"},"KHR":{"displayName":{"other":"kamboških rielov","one":"kamboški riel","two":"kamboška riela","few":"kamboški rieli"},"symbol":"KHR","narrow":"៛"},"KMF":{"displayName":{"other":"komorskih frankov","one":"komorski frank","two":"komorska franka","few":"komorski franki"},"symbol":"KMF","narrow":"CF"},"KPW":{"displayName":{"other":"severnokorejskih vonov","one":"severnokorejski von","two":"severnokorejska vona","few":"severnokorejski voni"},"symbol":"KPW","narrow":"₩"},"KRH":{"displayName":{"other":"KRH"},"symbol":"KRH","narrow":"KRH"},"KRO":{"displayName":{"other":"KRO"},"symbol":"KRO","narrow":"KRO"},"KRW":{"displayName":{"other":"južnokorejskih vonov","one":"južnokorejski von","two":"južnokorejska vona","few":"južnokorejski voni"},"symbol":"₩","narrow":"₩"},"KWD":{"displayName":{"other":"kuvajtskih dinarjev","one":"kuvajtski dinar","two":"kuvajtska dinarja","few":"kuvajtski dinarji"},"symbol":"KWD","narrow":"KWD"},"KYD":{"displayName":{"other":"kajmanskih dolarjev","one":"kajmanski dolar","two":"kajmanska dolarja","few":"kajmanski dolarji"},"symbol":"KYD","narrow":"$"},"KZT":{"displayName":{"other":"kazahstanskih tengov","one":"kazahstanski tenge","two":"kazahstanska tenga","few":"kazahstanski tenge"},"symbol":"KZT","narrow":"₸"},"LAK":{"displayName":{"other":"laoških kipov","one":"laoški kip","two":"laoška kipa","few":"laoški kipi"},"symbol":"LAK","narrow":"₭"},"LBP":{"displayName":{"other":"libanonskih funtov","one":"libanonski funt","two":"libanonska funta","few":"libanonski funti"},"symbol":"LBP","narrow":"L£"},"LKR":{"displayName":{"other":"šrilanških rupij","one":"šrilanška rupija","two":"šrilanški rupiji","few":"šrilanške rupije"},"symbol":"LKR","narrow":"Rs"},"LRD":{"displayName":{"other":"liberijskih dolarjev","one":"liberijski dolar","two":"liberijska dolarja","few":"liberijski dolarji"},"symbol":"LRD","narrow":"$"},"LSL":{"displayName":{"other":"lesoški loti"},"symbol":"LSL","narrow":"LSL"},"LTL":{"displayName":{"other":"litovski litas"},"symbol":"LTL","narrow":"Lt"},"LTT":{"displayName":{"other":"litvanski litas"},"symbol":"LTT","narrow":"LTT"},"LUC":{"displayName":{"other":"luksemburški konvertibilni frank"},"symbol":"LUC","narrow":"LUC"},"LUF":{"displayName":{"other":"luksemburški frank"},"symbol":"LUF","narrow":"LUF"},"LUL":{"displayName":{"other":"luksemburški finančni frank"},"symbol":"LUL","narrow":"LUL"},"LVL":{"displayName":{"other":"latvijski lats"},"symbol":"LVL","narrow":"Ls"},"LVR":{"displayName":{"other":"latvijski rubelj"},"symbol":"LVR","narrow":"LVR"},"LYD":{"displayName":{"other":"libijskih dinarjev","one":"libijski dinar","two":"libijska dinarja","few":"libijski dinarji"},"symbol":"LYD","narrow":"LYD"},"MAD":{"displayName":{"other":"maroških dirhamov","one":"maroški dirham","two":"maroška dirhama","few":"maroški dirhami"},"symbol":"MAD","narrow":"MAD"},"MAF":{"displayName":{"other":"maroški frank"},"symbol":"MAF","narrow":"MAF"},"MCF":{"displayName":{"other":"MCF"},"symbol":"MCF","narrow":"MCF"},"MDC":{"displayName":{"other":"MDC"},"symbol":"MDC","narrow":"MDC"},"MDL":{"displayName":{"other":"moldavijskih leuov","one":"moldavijski leu","two":"moldavijska leua","few":"moldavijski leu"},"symbol":"MDL","narrow":"MDL"},"MGA":{"displayName":{"other":"malgaških ariarijev","one":"malgaški ariarij","two":"malgaška ariarija","few":"malgaški ariariji"},"symbol":"MGA","narrow":"Ar"},"MGF":{"displayName":{"other":"malgaški frank"},"symbol":"MGF","narrow":"MGF"},"MKD":{"displayName":{"other":"makedonskih denarjev","one":"makedonski denar","two":"makedonska denarja","few":"makedonski denarji"},"symbol":"MKD","narrow":"MKD"},"MKN":{"displayName":{"other":"MKN"},"symbol":"MKN","narrow":"MKN"},"MLF":{"displayName":{"other":"malijski frank"},"symbol":"MLF","narrow":"MLF"},"MMK":{"displayName":{"other":"mjanmarskih kjatov","one":"mjanmarski kjat","two":"mjanmarska kjata","few":"mjanmarski kjati"},"symbol":"MMK","narrow":"K"},"MNT":{"displayName":{"other":"mongolskih tugrikov","one":"mongolski tugrik","two":"mongolska tugrika","few":"mongolski tugriki"},"symbol":"MNT","narrow":"₮"},"MOP":{"displayName":{"other":"makavskih patak","one":"makavska pataka","two":"makavski pataki","few":"makavske patake"},"symbol":"MOP","narrow":"MOP"},"MRO":{"displayName":{"other":"mavretanskih uguij (1973–2017)","one":"mavretanska uguija (1973–2017)","two":"mavretanski uguiji (1973–2017)","few":"mavretanske uguije (1973–2017)"},"symbol":"MRO","narrow":"MRO"},"MRU":{"displayName":{"other":"mavretanskih uguij","one":"mavretanska uguija","two":"mavretanski uguiji","few":"mavretanske uguije"},"symbol":"MRU","narrow":"MRU"},"MTL":{"displayName":{"other":"malteška lira"},"symbol":"MTL","narrow":"MTL"},"MTP":{"displayName":{"other":"malteški funt"},"symbol":"MTP","narrow":"MTP"},"MUR":{"displayName":{"other":"mavricijskih rupij","one":"mavricijska rupija","two":"mavricijski rupiji","few":"mavricijske rupije"},"symbol":"MUR","narrow":"Rs"},"MVP":{"displayName":{"other":"MVP"},"symbol":"MVP","narrow":"MVP"},"MVR":{"displayName":{"other":"maldivskih rufij","one":"maldivska rufija","two":"maldivski rufiji","few":"maldivske rufije"},"symbol":"MVR","narrow":"MVR"},"MWK":{"displayName":{"other":"malavijskih kvač","one":"malavijska kvača","two":"malavijski kvači","few":"malavijske kvače"},"symbol":"MWK","narrow":"MWK"},"MXN":{"displayName":{"other":"mehiških pesov","one":"mehiški peso","two":"mehiška pesa","few":"mehiški pesi"},"symbol":"MXN","narrow":"$"},"MXP":{"displayName":{"other":"mehiški srebrni peso (1861–1992)"},"symbol":"MXP","narrow":"MXP"},"MXV":{"displayName":{"other":"mehiška inverzna enota (UDI)"},"symbol":"MXV","narrow":"MXV"},"MYR":{"displayName":{"other":"malezijskih ringitov","one":"malezijski ringit","two":"malezijska ringita","few":"malezijski ringiti"},"symbol":"MYR","narrow":"RM"},"MZE":{"displayName":{"other":"mozambiški eskudo"},"symbol":"MZE","narrow":"MZE"},"MZM":{"displayName":{"other":"stari mozambiški metikal"},"symbol":"MZM","narrow":"MZM"},"MZN":{"displayName":{"other":"mozambiških metikalov","one":"mozambiški metikal","two":"mozambiška metikala","few":"mozambiški metikali"},"symbol":"MZN","narrow":"MZN"},"NAD":{"displayName":{"other":"namibijskih dolarjev","one":"namibijski dolar","two":"namibijska dolarja","few":"namibijski dolarji"},"symbol":"NAD","narrow":"$"},"NGN":{"displayName":{"other":"nigerijskih nair","one":"nigerijska naira","two":"nigerijski nairi","few":"nigerijske naire"},"symbol":"NGN","narrow":"₦"},"NIC":{"displayName":{"other":"nikaraška kordova"},"symbol":"NIC","narrow":"NIC"},"NIO":{"displayName":{"other":"nikaraških zlatih kordov","one":"nikaraška zlata kordova","two":"nikaraški zlati kordovi","few":"nikaraške zlate kordove"},"symbol":"NIO","narrow":"C$"},"NLG":{"displayName":{"other":"nizozemski gulden"},"symbol":"NLG","narrow":"NLG"},"NOK":{"displayName":{"other":"norveških kron","one":"norveška krona","two":"norveški kroni","few":"norveške krone"},"symbol":"NOK","narrow":"kr"},"NPR":{"displayName":{"other":"nepalskih rupij","one":"nepalska rupija","two":"nepalski rupiji","few":"nepalske rupije"},"symbol":"NPR","narrow":"Rs"},"NZD":{"displayName":{"other":"novozelandskih dolarjev","one":"novozelandski dolar","two":"novozelandska dolarja","few":"novozelandski dolarji"},"symbol":"NZD","narrow":"$"},"OMR":{"displayName":{"other":"omanskih rialov","one":"omanski rial","two":"omanska riala","few":"omanski riali"},"symbol":"OMR","narrow":"OMR"},"PAB":{"displayName":{"other":"panamskih balbov","one":"panamska balboa","two":"panamski balboi","few":"panamske balboe"},"symbol":"PAB","narrow":"PAB"},"PEI":{"displayName":{"other":"perujski inti"},"symbol":"PEI","narrow":"PEI"},"PEN":{"displayName":{"other":"perujskih solov","one":"perujski sol","two":"perujska sola","few":"perujski soli"},"symbol":"PEN","narrow":"PEN"},"PES":{"displayName":{"other":"perujskih solov (1863–1965)","one":"perujski sol (1863–1965)","two":"perujska sola (1863–1965)","few":"perujski soli (1863–1965)"},"symbol":"PES","narrow":"PES"},"PGK":{"displayName":{"other":"kin Papue Nove Gvineje","one":"kina Papue Nove Gvineje","two":"kini Papue Nove Gvineje","few":"kine Papue Nove Gvineje"},"symbol":"PGK","narrow":"PGK"},"PHP":{"displayName":{"other":"filipinskih pesov","one":"filipinski peso","two":"filipinska pesa","few":"filipinski pesi"},"symbol":"PHP","narrow":"₱"},"PKR":{"displayName":{"other":"pakistanskih rupij","one":"pakistanska rupija","two":"pakistanski rupiji","few":"pakistanske rupije"},"symbol":"PKR","narrow":"Rs"},"PLN":{"displayName":{"other":"poljskih novih zlotov","one":"poljski novi zlot","two":"poljska nova zlota","few":"poljski novi zloti"},"symbol":"PLN","narrow":"zł"},"PLZ":{"displayName":{"other":"stari poljski zlot (1950–1995)"},"symbol":"PLZ","narrow":"PLZ"},"PTE":{"displayName":{"other":"portugalski eskudo"},"symbol":"PTE","narrow":"PTE"},"PYG":{"displayName":{"other":"paragvajskih gvaranijev","one":"paragvajski gvarani","two":"paragvajska gvaranija","few":"paragvajski gvarani"},"symbol":"PYG","narrow":"₲"},"QAR":{"displayName":{"other":"katarskih rialov","one":"katarski rial","two":"katarska riala","few":"katarski riali"},"symbol":"QAR","narrow":"QAR"},"RHD":{"displayName":{"other":"rodezijski dolar"},"symbol":"RHD","narrow":"RHD"},"ROL":{"displayName":{"other":"stari romunski leu"},"symbol":"ROL","narrow":"ROL"},"RON":{"displayName":{"other":"romunskih leuov","one":"romunski leu","two":"romunska leua","few":"romunski leu"},"symbol":"RON","narrow":"lei"},"RSD":{"displayName":{"other":"srbskih dinarjev","one":"srbski dinar","two":"srbska dinarja","few":"srbski dinarji"},"symbol":"RSD","narrow":"RSD"},"RUB":{"displayName":{"other":"ruskih rubljev","one":"ruski rubelj","two":"ruska rublja","few":"ruski rublji"},"symbol":"RUB","narrow":"₽"},"RUR":{"displayName":{"other":"ruski rubelj (1991–1998)"},"symbol":"RUR","narrow":"р."},"RWF":{"displayName":{"other":"ruandskih frankov","one":"ruandski frank","two":"ruandska franka","few":"ruandski franki"},"symbol":"RWF","narrow":"RF"},"SAR":{"displayName":{"other":"saudskih rialov","one":"saudski rial","two":"saudska riala","few":"saudski riali"},"symbol":"SAR","narrow":"SAR"},"SBD":{"displayName":{"other":"solomonskih dolarjev","one":"solomonski dolar","two":"solomonska dolarja","few":"solomonski dolarji"},"symbol":"SBD","narrow":"$"},"SCR":{"displayName":{"other":"sejšelskih rupij","one":"sejšelska rupija","two":"sejšelski rupiji","few":"sejšelske rupije"},"symbol":"SCR","narrow":"SCR"},"SDD":{"displayName":{"other":"stari sudanski dinar"},"symbol":"SDD","narrow":"SDD"},"SDG":{"displayName":{"other":"sudanskih funtov","one":"sudanski funt","two":"sudanska funta","few":"sudanski funti"},"symbol":"SDG","narrow":"SDG"},"SDP":{"displayName":{"other":"stari sudanski funt"},"symbol":"SDP","narrow":"SDP"},"SEK":{"displayName":{"other":"švedskih kron","one":"švedska krona","two":"švedski kroni","few":"švedske krone"},"symbol":"SEK","narrow":"kr"},"SGD":{"displayName":{"other":"singapurskih dolarjev","one":"singapurski dolar","two":"singapurska dolarja","few":"singapurski dolarji"},"symbol":"SGD","narrow":"$"},"SHP":{"displayName":{"other":"funtov Sv. Helene","one":"funt Sv. Helene","two":"funta Sv. Helene","few":"funti Sv. Helene"},"symbol":"SHP","narrow":"£"},"SIT":{"displayName":{"other":"slovenski tolar"},"symbol":"SIT","narrow":"SIT"},"SKK":{"displayName":{"other":"slovaška krona"},"symbol":"SKK","narrow":"SKK"},"SLL":{"displayName":{"other":"sieraleonskih leonov","one":"sieraleonski leone","two":"sieraleonska leona","few":"sieraleonski leoni"},"symbol":"SLL","narrow":"SLL"},"SOS":{"displayName":{"other":"somalskih šilingov","one":"somalski šiling","two":"somalska šilinga","few":"somalski šilingi"},"symbol":"SOS","narrow":"SOS"},"SRD":{"displayName":{"other":"surinamskih dolarjev","one":"surinamski dolar","two":"surinamska dolarja","few":"surinamski dolarji"},"symbol":"SRD","narrow":"$"},"SRG":{"displayName":{"other":"surinamski gulden"},"symbol":"SRG","narrow":"SRG"},"SSP":{"displayName":{"other":"južnosudanskih funtov","one":"južnosudanski funt","two":"južnosudanska funta","few":"južnosudanski funti"},"symbol":"SSP","narrow":"£"},"STD":{"displayName":{"other":"saotomejskih dober (1977–2017)","one":"saotomejska dobra (1977–2017)","two":"saotomejski dobri (1977–2017)","few":"saotomejske dobre (1977–2017)"},"symbol":"STD","narrow":"STD"},"STN":{"displayName":{"other":"saotomejskih dober","one":"saotomejska dobra","two":"saotomejski dobri","few":"saotomejske dobre"},"symbol":"STN","narrow":"Db"},"SUR":{"displayName":{"other":"sovjetski rubelj"},"symbol":"SUR","narrow":"SUR"},"SVC":{"displayName":{"other":"salvadorski kolon"},"symbol":"SVC","narrow":"SVC"},"SYP":{"displayName":{"other":"sirijskih funtov","one":"sirijski funt","two":"sirijska funta","few":"sirijski funti"},"symbol":"SYP","narrow":"£"},"SZL":{"displayName":{"other":"svazijskih lilangenijev","one":"svazijski lilangeni","two":"svazijska lilangenija","few":"svazijski lilangeni"},"symbol":"SZL","narrow":"SZL"},"THB":{"displayName":{"other":"tajskih bahtov","one":"tajski baht","two":"tajska bahta","few":"tajski bahti"},"symbol":"THB","narrow":"฿"},"TJR":{"displayName":{"other":"tadžikistanski rubelj"},"symbol":"TJR","narrow":"TJR"},"TJS":{"displayName":{"other":"tadžikistanskih somonov","one":"tadžikistanski somoni","two":"tadžikistanska somona","few":"tadžikistanski somoni"},"symbol":"TJS","narrow":"TJS"},"TMM":{"displayName":{"other":"turkmenski manat"},"symbol":"TMM","narrow":"TMM"},"TMT":{"displayName":{"other":"turkmenistanskih novih manatov","one":"turkmenistanski novi manat","two":"turkmenistanska nova manata","few":"turkmenistanski novi manati"},"symbol":"TMT","narrow":"TMT"},"TND":{"displayName":{"other":"tunizijskih dinarjev","one":"tunizijski dinar","two":"tunizijska dinarja","few":"tunizijski dinarji"},"symbol":"TND","narrow":"TND"},"TOP":{"displayName":{"other":"tongovskih paang","one":"tongovska paanga","two":"tongovski paangi","few":"tongovske paange"},"symbol":"TOP","narrow":"T$"},"TPE":{"displayName":{"other":"timorski eskudo"},"symbol":"TPE","narrow":"TPE"},"TRL":{"displayName":{"other":"stara turška lira"},"symbol":"TRL","narrow":"TRL"},"TRY":{"displayName":{"other":"novih turških lir","one":"nova turška lira","two":"novi turški liri","few":"nove turške lire"},"symbol":"TRY","narrow":"₺"},"TTD":{"displayName":{"other":"dolarjev Trinidada in Tobaga","one":"dolar Trinidada in Tobaga","two":"dolarja Trinidada in Tobaga","few":"dolarji Trinidada in Tobaga"},"symbol":"TTD","narrow":"$"},"TWD":{"displayName":{"other":"novih tajvanskih dolarjev","one":"novi tajvanski dolar","two":"nova tajvanska dolarja","few":"novi tajvanski dolarji"},"symbol":"TWD","narrow":"NT$"},"TZS":{"displayName":{"other":"tanzanijskih šilingov","one":"tanzanijski šiling","two":"tanzanijska šilinga","few":"tanzanijski šilingi"},"symbol":"TZS","narrow":"TZS"},"UAH":{"displayName":{"other":"ukrajinskih grivn","one":"ukrajinska grivna","two":"ukrajinski grivni","few":"ukrajinske grivne"},"symbol":"UAH","narrow":"₴"},"UAK":{"displayName":{"other":"ukrajinski karbovanci"},"symbol":"UAK","narrow":"UAK"},"UGS":{"displayName":{"other":"stari ugandski šiling (1966–1987)"},"symbol":"UGS","narrow":"UGS"},"UGX":{"displayName":{"other":"ugandskih šilingov","one":"ugandski šiling","two":"ugandska šilinga","few":"ugandski šilingi"},"symbol":"UGX","narrow":"UGX"},"USD":{"displayName":{"other":"ameriških dolarjev","one":"ameriški dolar","two":"ameriška dolarja","few":"ameriški dolarji"},"symbol":"$","narrow":"$"},"USN":{"displayName":{"other":"ameriški dolar, naslednji dan"},"symbol":"USN","narrow":"USN"},"USS":{"displayName":{"other":"ameriški dolar, isti dan"},"symbol":"USS","narrow":"USS"},"UYI":{"displayName":{"other":"UYI"},"symbol":"UYI","narrow":"UYI"},"UYP":{"displayName":{"other":"stari urugvajski peso (1975–1993)"},"symbol":"UYP","narrow":"UYP"},"UYU":{"displayName":{"other":"urugvajskih pesov","one":"urugvajski peso","two":"urugvajska pesa","few":"urugvajski pesi"},"symbol":"UYU","narrow":"$"},"UYW":{"displayName":{"other":"UYW"},"symbol":"UYW","narrow":"UYW"},"UZS":{"displayName":{"other":"uzbeških sumov","one":"uzbeški sum","two":"uzbeška suma","few":"uzbeški sumi"},"symbol":"UZS","narrow":"UZS"},"VEB":{"displayName":{"other":"venezuelski bolivar (1871–2008)"},"symbol":"VEB","narrow":"VEB"},"VEF":{"displayName":{"other":"venezuelskih bolivarjev (2008–2018)","one":"venezuelski bolivar (2008–2018)","two":"venezuelska bolivarja (2008–2018)","few":"venezuelski bolivarji (2008–2018)"},"symbol":"VEF","narrow":"Bs"},"VES":{"displayName":{"other":"venezuelskih bolivarjev","one":"venezuelski bolivar","two":"venezuelska bolivarja","few":"venezuelski bolivarji"},"symbol":"VES","narrow":"VES"},"VND":{"displayName":{"other":"vietnamskih dongov","one":"vientnamski dong","two":"vietnamska donga","few":"vietnamski dongi"},"symbol":"₫","narrow":"₫"},"VNN":{"displayName":{"other":"VNN"},"symbol":"VNN","narrow":"VNN"},"VUV":{"displayName":{"other":"vanuatujskih vatujev","one":"vanuatujski vatu","two":"vanuatujska vatuja","few":"vanuatujski vati"},"symbol":"VUV","narrow":"VUV"},"WST":{"displayName":{"other":"samoanskih tal","one":"samoanska tala","two":"samoanski tali","few":"samoanske tale"},"symbol":"WST","narrow":"WST"},"XAF":{"displayName":{"other":"srednjeafriških frankov CFA","one":"srednjeafriški frank CFA","two":"srednjeafriška franka CFA","few":"srednjeafriški franki CFA"},"symbol":"FCFA","narrow":"FCFA"},"XAG":{"displayName":{"other":"srebro"},"symbol":"XAG","narrow":"XAG"},"XAU":{"displayName":{"other":"zlato"},"symbol":"XAU","narrow":"XAU"},"XBA":{"displayName":{"other":"evropska sestavljena enota"},"symbol":"XBA","narrow":"XBA"},"XBB":{"displayName":{"other":"evropska monetarna enota"},"symbol":"XBB","narrow":"XBB"},"XBC":{"displayName":{"other":"evropska obračunska enota (XBC)"},"symbol":"XBC","narrow":"XBC"},"XBD":{"displayName":{"other":"evropska obračunska enota (XBD)"},"symbol":"XBD","narrow":"XBD"},"XCD":{"displayName":{"other":"vzhodnokaribskih dolarjev","one":"vzhodnokaribski dolar","two":"vzhodnokaribska dolarja","few":"vzhodnokaribski dolarji"},"symbol":"XCD","narrow":"$"},"XDR":{"displayName":{"other":"posebne pravice črpanja"},"symbol":"XDR","narrow":"XDR"},"XEU":{"displayName":{"other":"evropska denarna enota"},"symbol":"XEU","narrow":"XEU"},"XFO":{"displayName":{"other":"zlati frank"},"symbol":"XFO","narrow":"XFO"},"XFU":{"displayName":{"other":"frank UIC"},"symbol":"XFU","narrow":"XFU"},"XOF":{"displayName":{"other":"zahodnoafriških frankov CFA","one":"zahodnoafriški frank CFA","two":"zahodnoafriška franka CFA","few":"zahodnoafriški franki CFA"},"symbol":"F CFA","narrow":"F CFA"},"XPD":{"displayName":{"other":"paladij"},"symbol":"XPD","narrow":"XPD"},"XPF":{"displayName":{"other":"frankov CFP","one":"CFP frank","two":"franka CFP","few":"franki CFP"},"symbol":"CFPF","narrow":"CFPF"},"XPT":{"displayName":{"other":"platina"},"symbol":"XPT","narrow":"XPT"},"XRE":{"displayName":{"other":"XRE"},"symbol":"XRE","narrow":"XRE"},"XSU":{"displayName":{"other":"XSU"},"symbol":"XSU","narrow":"XSU"},"XTS":{"displayName":{"other":"koda za potrebe testiranja"},"symbol":"XTS","narrow":"XTS"},"XUA":{"displayName":{"other":"XUA"},"symbol":"XUA","narrow":"XUA"},"XXX":{"displayName":{"other":"(neznana valuta)","one":"(neznana enota valute)"},"symbol":"¤","narrow":"¤"},"YDD":{"displayName":{"other":"jemenski dinar"},"symbol":"YDD","narrow":"YDD"},"YER":{"displayName":{"other":"jemenskih rialov","one":"jemenski rial","two":"jemenska riala","few":"jemenski riali"},"symbol":"YER","narrow":"YER"},"YUD":{"displayName":{"other":"stari jugoslovanski dinar"},"symbol":"YUD","narrow":"YUD"},"YUM":{"displayName":{"other":"novi jugoslovanski dinar"},"symbol":"YUM","narrow":"YUM"},"YUN":{"displayName":{"other":"jugoslovanski konvertibilni dinar"},"symbol":"YUN","narrow":"YUN"},"YUR":{"displayName":{"other":"YUR"},"symbol":"YUR","narrow":"YUR"},"ZAL":{"displayName":{"other":"južnoafriški finančni rand"},"symbol":"ZAL","narrow":"ZAL"},"ZAR":{"displayName":{"other":"južnoafriških randov","one":"južnoafriški rand","two":"južnoafriška randa","few":"južnoafriški randi"},"symbol":"ZAR","narrow":"R"},"ZMK":{"displayName":{"other":"zambijska kvača (1968–2012)"},"symbol":"ZMK","narrow":"ZMK"},"ZMW":{"displayName":{"other":"zambijskih kvač","one":"zambijska kvača","two":"zambijski kvači","few":"zambijske kvače"},"symbol":"ZMW","narrow":"ZK"},"ZRN":{"displayName":{"other":"zairski novi zaire"},"symbol":"ZRN","narrow":"ZRN"},"ZRZ":{"displayName":{"other":"zairski zaire"},"symbol":"ZRZ","narrow":"ZRZ"},"ZWD":{"displayName":{"other":"zimbabvejski dolar"},"symbol":"ZWD","narrow":"ZWD"},"ZWL":{"displayName":{"other":"zimbabvejski dolar (2009)"},"symbol":"ZWL","narrow":"ZWL"},"ZWR":{"displayName":{"other":"ZWR"},"symbol":"ZWR","narrow":"ZWR"}},"numbers":{"nu":["latn"],"symbols":{"latn":{"decimal":",","group":".","list":";","percentSign":"%","plusSign":"+","minusSign":"−","approximatelySign":"~","exponential":"e","superscriptingExponent":"×","perMille":"‰","infinity":"∞","nan":"NaN","timeSeparator":":"}},"percent":{"latn":"#,##0 %"},"decimal":{"latn":{"standard":"#,##0.###","long":{"1000":{"other":"0 tisoč"},"10000":{"other":"00 tisoč"},"100000":{"other":"000 tisoč"},"1000000":{"other":"0 milijonov","one":"0 milijon","two":"0 milijona","few":"0 milijone"},"10000000":{"other":"00 milijonov","one":"00 milijon","two":"00 milijona","few":"00 milijoni"},"100000000":{"other":"000 milijonov","one":"000 milijon","two":"000 milijona","few":"000 milijoni"},"1000000000":{"other":"0 milijard","one":"0 milijarda","two":"0 milijardi","few":"0 milijarde"},"10000000000":{"other":"00 milijard","one":"00 milijarda","two":"00 milijardi","few":"00 milijarde"},"100000000000":{"other":"000 milijard","one":"000 milijarda","two":"000 milijardi","few":"000 milijarde"},"1000000000000":{"other":"0 bilijonov","one":"0 bilijon","two":"0 bilijona","few":"0 bilijoni"},"10000000000000":{"other":"00 bilijonov","one":"00 bilijon","two":"00 bilijona","few":"00 bilijoni"},"100000000000000":{"other":"000 bilijonov","one":"000 bilijon","two":"000 bilijona","few":"000 bilijoni"}},"short":{"1000":{"other":"0 tis'.'"},"10000":{"other":"00 tis'.'"},"100000":{"other":"000 tis'.'"},"1000000":{"other":"0 mio'.'"},"10000000":{"other":"00 mio'.'"},"100000000":{"other":"000 mio'.'"},"1000000000":{"other":"0 mrd'.'"},"10000000000":{"other":"00 mrd'.'"},"100000000000":{"other":"000 mrd'.'"},"1000000000000":{"other":"0 bil'.'"},"10000000000000":{"other":"00 bil'.'"},"100000000000000":{"other":"000 bil'.'"}}}},"currency":{"latn":{"currencySpacing":{"beforeInsertBetween":" ","afterInsertBetween":" "},"standard":"#,##0.00 ¤","accounting":"#,##0.00 ¤;(#,##0.00 ¤)","unitPattern":"{0} {1}","short":{"1000":{"other":"0 tis'.' ¤"},"10000":{"other":"00 tis'.' ¤"},"100000":{"other":"000 tis'.' ¤"},"1000000":{"other":"0 mio'.' ¤"},"10000000":{"other":"00 mio'.' ¤"},"100000000":{"other":"000 mio'.' ¤"},"1000000000":{"other":"0 mrd'.' ¤"},"10000000000":{"other":"00 mrd'.' ¤"},"100000000000":{"other":"000 mrd'.' ¤"},"1000000000000":{"other":"0 bil'.' ¤"},"10000000000000":{"other":"00 bil'.' ¤"},"100000000000000":{"other":"000 bil'.' ¤"}}}}},"nu":["latn"]},"locale":"sl"}
