{"data":{"units":{"simple":{"degree":{"long":{"other":"{0} stepeni","one":"{0} stepen","few":"{0} stepena"},"short":{"other":"{0}°"},"narrow":{"other":"{0}°"},"perUnit":{}},"hectare":{"long":{"other":"{0} hektara","one":"{0} hektar"},"short":{"other":"{0} ha"},"narrow":{"other":"{0} ha"},"perUnit":{}},"acre":{"long":{"other":"{0} akera","one":"{0} aker"},"short":{"other":"{0} ac"},"narrow":{"other":"{0} ac"},"perUnit":{}},"percent":{"long":{"other":"{0} procenata","one":"{0} procenat"},"short":{"other":"{0}%"},"narrow":{"other":"{0}%"},"perUnit":{}},"liter-per-kilometer":{"long":{"other":"{0} litara po kilometru","one":"{0} litar po kilometru","few":"{0} litra po kilometru"},"short":{"other":"{0} L/km"},"narrow":{"other":"{0} L/km"},"perUnit":{}},"mile-per-gallon":{"long":{"other":"{0} milja po galonu","few":"{0} milje po galonu"},"short":{"other":"{0} mpg"},"narrow":{"other":"{0} mpg"},"perUnit":{}},"petabyte":{"long":{"other":"{0} petabajtova","one":"{0} petabajt","few":"{0} petabajta"},"short":{"other":"{0} PB"},"narrow":{"other":"{0} PB"},"perUnit":{}},"terabyte":{"long":{"other":"{0} terabajta","one":"{0} terabajt"},"short":{"other":"{0} TB"},"narrow":{"other":"{0} TB"},"perUnit":{}},"terabit":{"long":{"other":"{0} terabitova","one":"{0} terabit","few":"{0} terabita"},"short":{"other":"{0} Tb"},"narrow":{"other":"{0} Tb"},"perUnit":{}},"gigabyte":{"long":{"other":"{0} gigabajtova","one":"{0} gigabajt","few":"{0} gigabajta"},"short":{"other":"{0} GB"},"narrow":{"other":"{0} GB"},"perUnit":{}},"gigabit":{"long":{"other":"{0} gigabitova","one":"{0} gigabit","few":"{0} gigabita"},"short":{"other":"{0} Gb"},"narrow":{"other":"{0} Gb"},"perUnit":{}},"megabyte":{"long":{"other":"{0} megabajtova","one":"{0} megabajt","few":"{0} megabajta"},"short":{"other":"{0} MB"},"narrow":{"other":"{0} MB"},"perUnit":{}},"megabit":{"long":{"other":"{0} megabitova","one":"{0} megabit","few":"{0} megabita"},"short":{"other":"{0} Mb"},"narrow":{"other":"{0} Mb"},"perUnit":{}},"kilobyte":{"long":{"other":"{0} kilobajtova","one":"{0} kilobajt","few":"{0} kilobajta"},"short":{"other":"{0} kB"},"narrow":{"other":"{0} kB"},"perUnit":{}},"kilobit":{"long":{"other":"{0} kilobitova","one":"{0} kilobit","few":"{0} kilobita"},"short":{"other":"{0} kb"},"narrow":{"other":"{0} kb"},"perUnit":{}},"byte":{"long":{"other":"{0} bajtova","one":"{0} bajt","few":"{0} bajta"},"short":{"other":"{0} B"},"narrow":{"other":"{0} B"},"perUnit":{}},"bit":{"long":{"other":"{0} bitova","one":"{0} bit","few":"{0} bita"},"short":{"other":"{0} b"},"narrow":{"other":"{0} b"},"perUnit":{}},"year":{"long":{"other":"{0} godina","few":"{0} godine"},"short":{"other":"{0} god.","one":"{0} god"},"narrow":{"other":"{0} g"},"perUnit":{"long":"{0} godišnje","short":"{0}/god","narrow":"{0}/god"}},"month":{"long":{"other":"{0} meseci","one":"{0} mesec","few":"{0} meseca"},"short":{"other":"{0} mes."},"narrow":{"other":"{0} m"},"perUnit":{"long":"{0} mesečno","short":"{0}/m","narrow":"{0}/m"}},"week":{"long":{"other":"{0} nedelja","few":"{0} nedelje"},"short":{"other":"{0} ned."},"narrow":{"other":"{0} n"},"perUnit":{"long":"{0} nedeljno","short":"{0}/n","narrow":"{0}/n"}},"day":{"long":{"other":"{0} dana","one":"{0} dan"},"short":{"other":"{0} dana","one":"{0} dan"},"narrow":{"other":"{0} d"},"perUnit":{"long":"{0}/dnevno","short":"{0}/d","narrow":"{0}/d"}},"hour":{"long":{"other":"{0} sati","one":"{0} sat","few":"{0} sata"},"short":{"other":"{0} sati","one":"{0} sat","few":"{0} sata"},"narrow":{"other":"{0} č"},"perUnit":{"long":"{0}/sat","short":"{0}/č","narrow":"{0}/č"}},"minute":{"long":{"other":"{0} minuta","one":"{0} minut"},"short":{"other":"{0} min"},"narrow":{"other":"{0} m"},"perUnit":{"long":"{0} u minutu","short":"{0}/min","narrow":"{0}/min"}},"second":{"long":{"other":"{0} sekundi","one":"{0} sekunda","few":"{0} sekunde"},"short":{"other":"{0} sek"},"narrow":{"other":"{0} s"},"perUnit":{"long":"{0}/u sekundi","short":"{0}/s","narrow":"{0}/s"}},"millisecond":{"long":{"other":"{0} milisekundi","one":"{0} milisekunda","few":"{0} milisekunde"},"short":{"other":"{0} ms"},"narrow":{"other":"{0} ms"},"perUnit":{}},"kilometer":{"long":{"other":"{0} kilometara","one":"{0} kilometar","few":"{0} kilometra"},"short":{"other":"{0} km"},"narrow":{"other":"{0} km"},"perUnit":{"long":"{0}/km","short":"{0}/km","narrow":"{0}/km"}},"meter":{"long":{"other":"{0} metara","one":"{0} metar","few":"{0} metra"},"short":{"other":"{0} m"},"narrow":{"other":"{0} m"},"perUnit":{"long":"{0}/m","short":"{0}/m","narrow":"{0}/m"}},"centimeter":{"long":{"other":"{0} centimetara","one":"{0} centimetar","few":"{0} centimentra"},"short":{"other":"{0} cm"},"narrow":{"other":"{0} cm"},"perUnit":{"long":"{0}/cm","short":"{0}/cm","narrow":"{0}/cm"}},"millimeter":{"long":{"other":"{0} milimetara","one":"{0} milimetar","few":"{0} milimetra"},"short":{"other":"{0} mm"},"narrow":{"other":"{0} mm"},"perUnit":{}},"mile":{"long":{"other":"{0} milja","few":"{0} milje"},"short":{"other":"{0} mi"},"narrow":{"other":"{0} milja","few":"{0} milje"},"perUnit":{}},"yard":{"long":{"other":"{0} jardi","one":"{0} jard","few":"{0} jarda"},"short":{"other":"{0} jrd"},"narrow":{"other":"{0} jrd"},"perUnit":{}},"foot":{"long":{"other":"{0} stopa","few":"{0} stope"},"short":{"other":"{0} ft"},"narrow":{"other":"{0} ft"},"perUnit":{"long":"{0}/ft","short":"{0}/ft","narrow":"{0}/ft"}},"inch":{"long":{"other":"{0} inča","one":"{0} inč"},"short":{"other":"{0} inča","one":"{0} inč"},"narrow":{"other":"{0} inča","one":"{0} inč"},"perUnit":{"long":"{0}/in","short":"{0}/in","narrow":"{0}/in"}},"mile-scandinavian":{"long":{"other":"{0} skandinavskih milja","one":"{0} skandinavska milja","few":"{0} skandinavske milje"},"short":{"other":"{0} smi"},"narrow":{"other":"{0} smi"},"perUnit":{}},"kilogram":{"long":{"other":"{0} kilograma","one":"{0} kilogram"},"short":{"other":"{0} kg"},"narrow":{"other":"{0} kg"},"perUnit":{"long":"{0} po kilogramu","short":"{0}/kg","narrow":"{0}/kg"}},"gram":{"long":{"other":"{0} grama","one":"{0} gram"},"short":{"other":"{0} g"},"narrow":{"other":"{0} g"},"perUnit":{"long":"{0} po gramu","short":"{0}/g","narrow":"{0}/g"}},"stone":{"long":{"other":"{0} američkih tona","one":"{0} američka tona","few":"{0} američke tone"},"short":{"other":"{0} st"},"narrow":{"other":"{0} st"},"perUnit":{}},"pound":{"long":{"other":"{0} funti","one":"{0} funta","few":"{0} funte"},"short":{"other":"{0} lb"},"narrow":{"other":"{0} lb"},"perUnit":{"long":"{0} po funti","short":"{0}/lb","narrow":"{0}/lb"}},"ounce":{"long":{"other":"{0} unci","one":"{0} unca","few":"{0} unce"},"short":{"other":"{0} oz"},"narrow":{"other":"{0} unci","one":"{0} unca","few":"{0} unce"},"perUnit":{"long":"{0} po unci","short":"{0}/oz","narrow":"{0}/oz"}},"kilometer-per-hour":{"long":{"other":"{0} kilometara na sat","one":"{0} kilometar na sat","few":"{0} kilometra na sat"},"short":{"other":"{0} km/h"},"narrow":{"other":"{0} km/h"},"perUnit":{}},"meter-per-second":{"long":{"other":"{0} metara u sekundi","one":"{0} metar u sekundi","few":"{0} metra u sekundi"},"short":{"other":"{0} m/s"},"narrow":{"other":"{0} m/s"},"perUnit":{}},"mile-per-hour":{"long":{"other":"{0} milja na sat","few":"{0} milje na sat"},"short":{"other":"{0} mi/h"},"narrow":{"other":"{0} mi/h"},"perUnit":{}},"celsius":{"long":{"other":"{0} stepeni Celzijusa","one":"{0} stepen Celzijusa","few":"{0} stepena Celzijusa"},"short":{"other":"{0}°C"},"narrow":{"other":"{0}°C"},"perUnit":{}},"fahrenheit":{"long":{"other":"{0} stepeni Farenhajta","one":"{0} stepen Farenhajta","few":"{0} stepena Farenhajta"},"short":{"other":"{0}°F"},"narrow":{"other":"{0}°F"},"perUnit":{}},"liter":{"long":{"other":"{0} litara","one":"{0} litar","few":"{0} litra"},"short":{"other":"{0} l"},"narrow":{"other":"{0} l"},"perUnit":{"long":"{0} po litri","short":"{0}/l","narrow":"{0}/l"}},"milliliter":{"long":{"other":"{0} mililitara","one":"{0} mililitar","few":"{0} mililitra"},"short":{"other":"{0} mL"},"narrow":{"other":"{0} mL"},"perUnit":{}},"gallon":{"long":{"other":"{0} galona","one":"{0} galon"},"short":{"other":"{0} gal"},"narrow":{"other":"{0} gal"},"perUnit":{"long":"{0} po galonu","short":"{0}/gal","narrow":"{0}/gal"}},"fluid-ounce":{"long":{"other":"{0} unci tečnosti","one":"{0} unca tečnosti","few":"{0} unce tečnosti"},"short":{"other":"{0} fl oz"},"narrow":{"other":"{0} fl oz"},"perUnit":{}}},"compound":{"per":{"long":"{0}/{1}","short":"{0}/{1}","narrow":"{0}/{1}"}}},"currencies":{"ADP":{"displayName":{"other":"andorske pezete","one":"andorska pezeta"},"symbol":"ADP","narrow":"ADP"},"AED":{"displayName":{"other":"UAE dirhama","one":"UAE dirham"},"symbol":"AED","narrow":"AED"},"AFA":{"displayName":{"other":"avganistanskih avgana (1927–2002)","one":"avganistanski avgani (1927–2002)","few":"avganistanska avgana (1927–2002)"},"symbol":"AFA","narrow":"AFA"},"AFN":{"displayName":{"other":"avganistanskih avgana","one":"avganistanski avgani","few":"avganistanska avgana"},"symbol":"AFN","narrow":"؋"},"ALK":{"displayName":{"other":"ALK"},"symbol":"ALK","narrow":"ALK"},"ALL":{"displayName":{"other":"albanskih leka","one":"albanski lek","few":"albanska leka"},"symbol":"ALL","narrow":"ALL"},"AMD":{"displayName":{"other":"jermenska drama","one":"jermenski dram"},"symbol":"AMD","narrow":"֏"},"ANG":{"displayName":{"other":"holandskoantilskih guldena","one":"holandskoantilski gulden","few":"holandskoantilska guldena"},"symbol":"ANG","narrow":"ANG"},"AOA":{"displayName":{"other":"angolskih kvanzi","one":"angolska kvanza","few":"angolske kvanze"},"symbol":"AOA","narrow":"Kz"},"AOK":{"displayName":{"other":"angolijskih kvanzi (1977–1990)","one":"angolijska kvanza (1977–1990)","few":"angolijske kvanze (1977–1990)"},"symbol":"AOK","narrow":"AOK"},"AON":{"displayName":{"other":"angolijskih novih kvanzi","one":"angolijska nova kvanza","few":"angolijske nove kvanze"},"symbol":"AON","narrow":"AON"},"AOR":{"displayName":{"other":"angolijskih kvanzi reađustado (1995–1999)","one":"angolijska kvanza reađustado (1995–1999)","few":"angolijske kvanze reađustado (1995–1999)"},"symbol":"AOR","narrow":"AOR"},"ARA":{"displayName":{"other":"argentinskih australa","one":"argentinski austral","few":"argentinska australa"},"symbol":"ARA","narrow":"ARA"},"ARL":{"displayName":{"other":"ARL"},"symbol":"ARL","narrow":"ARL"},"ARM":{"displayName":{"other":"ARM"},"symbol":"ARM","narrow":"ARM"},"ARP":{"displayName":{"other":"argentinskih pezosa (1983–1985)","one":"argentinski pezo (1983–1985)","few":"argentinska pezosa (1983–1985)"},"symbol":"ARP","narrow":"ARP"},"ARS":{"displayName":{"other":"argentinskih pezosa","one":"argentinski pezos","few":"argentinska pezosa"},"symbol":"ARS","narrow":"$"},"ATS":{"displayName":{"other":"austrijskih šilinga","one":"austrijski šiling","few":"austrijska šilinga"},"symbol":"ATS","narrow":"ATS"},"AUD":{"displayName":{"other":"australijskih dolara","one":"australijski dolar","few":"australijska dolara"},"symbol":"AUD","narrow":"$"},"AWG":{"displayName":{"other":"arubanskih florina","one":"arubanski florin","few":"arubanska florina"},"symbol":"AWG","narrow":"AWG"},"AZM":{"displayName":{"other":"azerbejdžanskih manata (1993–2006)","one":"azerbejdžanski manat (1993–2006)","few":"azerbejdžanska manata (1993–2006)"},"symbol":"AZM","narrow":"AZM"},"AZN":{"displayName":{"other":"azerbejdžanskih manata","one":"azerbejdžanski manat","few":"azerbejdžanska manata"},"symbol":"AZN","narrow":"₼"},"BAD":{"displayName":{"other":"bosansko-hercegovačkih dinara","one":"bosansko-hercegovački dinar","few":"bosansko-hercegovačka dinara"},"symbol":"BAD","narrow":"BAD"},"BAM":{"displayName":{"other":"bosansko-hercegovačkih konvertibilnih maraka","one":"bosansko-hercegovačka konvertibilna marka","few":"bosansko-hercegovačke konvertibilne marke"},"symbol":"KM","narrow":"KM"},"BAN":{"displayName":{"other":"BAN"},"symbol":"BAN","narrow":"BAN"},"BBD":{"displayName":{"other":"barbadoških dolara","one":"barbadoški dolar","few":"barbadoška dolara"},"symbol":"BBD","narrow":"$"},"BDT":{"displayName":{"other":"bangladeških taka","one":"bangladeška taka","few":"bangladeške take"},"symbol":"BDT","narrow":"৳"},"BEC":{"displayName":{"other":"belgijskih franaka (konvertibilnih)","one":"belgijski franak (konvertibilni)","few":"belgijska franka (konvertibilna)"},"symbol":"BEC","narrow":"BEC"},"BEF":{"displayName":{"other":"belgijskih franaka","one":"belgijski franak","few":"belgijska franka"},"symbol":"BEF","narrow":"BEF"},"BEL":{"displayName":{"other":"belgijskih franaka (finansijskih)","one":"belgijski franak (finansijski)","few":"belgijska franka (finansijska)"},"symbol":"BEL","narrow":"BEL"},"BGL":{"displayName":{"other":"bugarskih tvrdih leva","one":"bugarski tvrdi lev","few":"bugarska tvrda leva"},"symbol":"BGL","narrow":"BGL"},"BGM":{"displayName":{"other":"BGM"},"symbol":"BGM","narrow":"BGM"},"BGN":{"displayName":{"other":"bugarskih leva","one":"bugarski lev","few":"bugarska leva"},"symbol":"BGN","narrow":"BGN"},"BGO":{"displayName":{"other":"BGO"},"symbol":"BGO","narrow":"BGO"},"BHD":{"displayName":{"other":"bahreinskih dinara","one":"bahreinski dinar","few":"bahreinska dinara"},"symbol":"BHD","narrow":"BHD"},"BIF":{"displayName":{"other":"burundskih franaka","one":"burundski franak","few":"burundska franka"},"symbol":"BIF","narrow":"BIF"},"BMD":{"displayName":{"other":"bermudskih dolara","one":"bermudski dolar","few":"bermudska dolara"},"symbol":"BMD","narrow":"$"},"BND":{"displayName":{"other":"brunejskih dolara","one":"brunejski dolar","few":"brunejska dolara"},"symbol":"BND","narrow":"$"},"BOB":{"displayName":{"other":"bolivijskih bolivijana","one":"bolivijski bolivijano","few":"bolivijska bolivijana"},"symbol":"BOB","narrow":"Bs"},"BOL":{"displayName":{"other":"BOL"},"symbol":"BOL","narrow":"BOL"},"BOP":{"displayName":{"other":"bolivijskih pezosa","one":"bolivijski pezo","few":"bolivijska pezosa"},"symbol":"BOP","narrow":"BOP"},"BOV":{"displayName":{"other":"bolivijskih mvdola","one":"bolivijski mvdol","few":"bolivijska mvdola"},"symbol":"BOV","narrow":"BOV"},"BRB":{"displayName":{"other":"brazilskih novih kruzeira (1967–1986)","one":"brazilski novi kruzeiro (1967–1986)","few":"brazilska nova kruzeira (1967–1986)"},"symbol":"BRB","narrow":"BRB"},"BRC":{"displayName":{"other":"brazilskih kruzadosa","one":"brazilski kruzados","few":"brazilska kruzadosa"},"symbol":"BRC","narrow":"BRC"},"BRE":{"displayName":{"other":"brazilskih kruzeira (1990–1993)","one":"brazilski kruzeiro (1990–1993)","few":"brazilska kruzeira (1990–1993)"},"symbol":"BRE","narrow":"BRE"},"BRL":{"displayName":{"other":"brazilskih reala","one":"brazilski real","few":"brazilska reala"},"symbol":"R$","narrow":"R$"},"BRN":{"displayName":{"other":"brazilskih novih kruzada","one":"brazilski novi kruzado","few":"brazilska nova kruzada"},"symbol":"BRN","narrow":"BRN"},"BRR":{"displayName":{"other":"brazilskih kruzeira","one":"brazilski kruzeiro","few":"brazilska kruzeira"},"symbol":"BRR","narrow":"BRR"},"BRZ":{"displayName":{"other":"BRZ"},"symbol":"BRZ","narrow":"BRZ"},"BSD":{"displayName":{"other":"bahamskih dolara","one":"bahamski dolar","few":"bahamska dolara"},"symbol":"BSD","narrow":"$"},"BTN":{"displayName":{"other":"butanskih ngultruma","one":"butanski ngultrum","few":"butanska ngultruma"},"symbol":"BTN","narrow":"BTN"},"BUK":{"displayName":{"other":"burmanskih kjata","one":"burmanski kjat","few":"burmanska kjata"},"symbol":"BUK","narrow":"BUK"},"BWP":{"displayName":{"other":"bocvanskih pula","one":"bocvanska pula","few":"bocvanske pule"},"symbol":"BWP","narrow":"P"},"BYB":{"displayName":{"other":"beloruskih novih rublji (1994–1999)","one":"beloruska nova rublja (1994–1999)","few":"beloruske nove rublja (1994–1999)"},"symbol":"BYB","narrow":"BYB"},"BYN":{"displayName":{"other":"beloruskih rublji","one":"beloruska rublja","few":"beloruske rublje"},"symbol":"BYN","narrow":"r."},"BYR":{"displayName":{"other":"beloruskih rublji (2000–2016)","one":"beloruska rublja (2000–2016)","few":"beloruske rublje (2000–2016)"},"symbol":"BYR","narrow":"BYR"},"BZD":{"displayName":{"other":"beliskih dolara","one":"beliski dolar","few":"beliska dolara"},"symbol":"BZD","narrow":"$"},"CAD":{"displayName":{"other":"kanadskih dolara","one":"kanadski dolar","few":"kanadska dolara"},"symbol":"CA$","narrow":"$"},"CDF":{"displayName":{"other":"kongoanskih franaka","one":"kongoanski franak","few":"kongoanska franka"},"symbol":"CDF","narrow":"CDF"},"CHE":{"displayName":{"other":"WIR evra","one":"WIR evro"},"symbol":"CHE","narrow":"CHE"},"CHF":{"displayName":{"other":"švajcarskih franaka","one":"švajcarski franak","few":"švajcarska franka"},"symbol":"CHF","narrow":"CHF"},"CHW":{"displayName":{"other":"WIR franaka","one":"WIR franak","few":"WIR franka"},"symbol":"CHW","narrow":"CHW"},"CLE":{"displayName":{"other":"CLE"},"symbol":"CLE","narrow":"CLE"},"CLF":{"displayName":{"other":"čileanski unidadesi de fomento","one":"čileanski unidades de fomento","few":"čileanska unidades de fomenta"},"symbol":"CLF","narrow":"CLF"},"CLP":{"displayName":{"other":"čileanskih pezosa","one":"čileanski pezos","few":"čileanska pezosa"},"symbol":"CLP","narrow":"$"},"CNH":{"displayName":{"other":"kineskih juana (ostrvskih)","one":"kineski juan (ostrvski)","few":"kineska juana (ostrvska)"},"symbol":"CNH","narrow":"CNH"},"CNX":{"displayName":{"other":"CNX"},"symbol":"CNX","narrow":"CNX"},"CNY":{"displayName":{"other":"kineskih juana","one":"kineski juan","few":"kineska juana"},"symbol":"CN¥","narrow":"¥"},"COP":{"displayName":{"other":"kolumbijskih pezosa","one":"kolumbijski pezos","few":"kolumbijska pezosa"},"symbol":"COP","narrow":"$"},"COU":{"displayName":{"other":"unidad de valorških reala","one":"unidad de valorški real","few":"nidad de valor reala"},"symbol":"COU","narrow":"COU"},"CRC":{"displayName":{"other":"kostarikanskih kolona","one":"kostarikanski kolon","few":"kostarikanska kolona"},"symbol":"CRC","narrow":"₡"},"CSD":{"displayName":{"other":"starih srpskih dinara","one":"stari srpski dinar","few":"stara srpska dinara"},"symbol":"CSD","narrow":"CSD"},"CSK":{"displayName":{"other":"čehoslovačkih tvrdih kruna","one":"čehoslovačka tvrda kruna","few":"čehoslovačke tvrde krune"},"symbol":"CSK","narrow":"CSK"},"CUC":{"displayName":{"other":"kubanskih konvertibilnih pezosa","one":"kubanski konvertibilni pezos","few":"kubanska konvertibilna pezosa"},"symbol":"CUC","narrow":"$"},"CUP":{"displayName":{"other":"kubanskih pezosa","one":"kubanski pezos","few":"kubanska pezosa"},"symbol":"CUP","narrow":"$"},"CVE":{"displayName":{"other":"zelenortskih eskuda","one":"zelenortski eskudo","few":"zelenortska eskuda"},"symbol":"CVE","narrow":"CVE"},"CYP":{"displayName":{"other":"kiparskih funti","one":"kiparska funta","few":"kiparske funte"},"symbol":"CYP","narrow":"CYP"},"CZK":{"displayName":{"other":"čeških kruna","one":"češka kruna","few":"češke krune"},"symbol":"CZK","narrow":"Kč"},"DDM":{"displayName":{"other":"istočno-nemačkih maraka","one":"istočno-nemačka marka","few":"istočno-nemačke marke"},"symbol":"DDM","narrow":"DDM"},"DEM":{"displayName":{"other":"nemačkih maraka","one":"nemačka marka","few":"nemačke marke"},"symbol":"DEM","narrow":"DEM"},"DJF":{"displayName":{"other":"džibutskih franaka","one":"džibutski franak","few":"džibutska franka"},"symbol":"DJF","narrow":"DJF"},"DKK":{"displayName":{"other":"danskih kruna","one":"danska kruna","few":"danske krune"},"symbol":"DKK","narrow":"kr"},"DOP":{"displayName":{"other":"dominikanskih pezosa","one":"dominikanski pezos","few":"dominikanska pezosa"},"symbol":"DOP","narrow":"$"},"DZD":{"displayName":{"other":"alžirskih dinara","one":"alžirski dinar","few":"alžirska dinara"},"symbol":"DZD","narrow":"DZD"},"ECS":{"displayName":{"other":"ekvadorskih sakra","one":"ekvadorski sakr","few":"ekvadorska sakra"},"symbol":"ECS","narrow":"ECS"},"ECV":{"displayName":{"other":"ekvadorskih unidad de valor konstanta","one":"ekvadorski unidad de valor konstante","few":"ekvadorska unidad de valor konstanta"},"symbol":"ECV","narrow":"ECV"},"EEK":{"displayName":{"other":"estonskih kruna","one":"estonska kruna","few":"estonske krune"},"symbol":"EEK","narrow":"EEK"},"EGP":{"displayName":{"other":"egipatskih funti","one":"egipatska funta","few":"egipatske funte"},"symbol":"EGP","narrow":"E£"},"ERN":{"displayName":{"other":"eritrejskih nakfi","one":"eritrejska nakfa","few":"eritrejske nakfe"},"symbol":"ERN","narrow":"ERN"},"ESA":{"displayName":{"other":"španskih pezeta (A račun)","one":"španska pezeta (A račun)","few":"španske pezete (A račun)"},"symbol":"ESA","narrow":"ESA"},"ESB":{"displayName":{"other":"španskih pezeta (konvertibilan račun)","one":"španska pezeta (konvertibilan račun)","few":"španske pezete (konvertibilan račun)"},"symbol":"ESB","narrow":"ESB"},"ESP":{"displayName":{"other":"španske pezete","one":"španska pezeta","few":"španska pezeta"},"symbol":"ESP","narrow":"₧"},"ETB":{"displayName":{"other":"etiopskih bira","one":"etiopski bir","few":"etiopska bira"},"symbol":"ETB","narrow":"ETB"},"EUR":{"displayName":{"other":"evra","one":"evro"},"symbol":"€","narrow":"€"},"FIM":{"displayName":{"other":"finskih maraka","one":"finska marka","few":"finske marke"},"symbol":"FIM","narrow":"FIM"},"FJD":{"displayName":{"other":"fidžijskih dolara","one":"fidžijski dolar","few":"fidžijska dolara"},"symbol":"FJD","narrow":"$"},"FKP":{"displayName":{"other":"foklandskih funti","one":"foklandska funta","few":"foklandske funte"},"symbol":"FKP","narrow":"£"},"FRF":{"displayName":{"other":"francuskih franaka","one":"francuski franak","few":"francuska franka"},"symbol":"FRF","narrow":"FRF"},"GBP":{"displayName":{"other":"britanskih funti","one":"britanska funta","few":"britanske funte"},"symbol":"£","narrow":"£"},"GEK":{"displayName":{"other":"gruzijskih kupon larita","one":"gruzijski kupon larit","few":"gruzijska kupon larita"},"symbol":"GEK","narrow":"GEK"},"GEL":{"displayName":{"other":"gruzijskih larija","one":"gruzijski lari","few":"gruzijska larija"},"symbol":"GEL","narrow":"ლ"},"GHC":{"displayName":{"other":"ganskih ceda (1979–2007)","one":"ganski ced (1979–2007)","few":"ganska ceda (1979–2007)"},"symbol":"GHC","narrow":"GHC"},"GHS":{"displayName":{"other":"ganskih sedija","one":"ganski sedi","few":"ganska sedija"},"symbol":"GHS","narrow":"GH₵"},"GIP":{"displayName":{"other":"gibraltarskih funti","one":"gibraltarska funta","few":"gibraltarske funte"},"symbol":"GIP","narrow":"£"},"GMD":{"displayName":{"other":"gambijskih dalasija","one":"gambijski dalasi"},"symbol":"GMD","narrow":"GMD"},"GNF":{"displayName":{"other":"gvinejskih franaka","one":"gvinejski franak","few":"gvinejska franka"},"symbol":"GNF","narrow":"FG"},"GNS":{"displayName":{"other":"gvinejskih sila","one":"gvinejski sili","few":"gvinejska sila"},"symbol":"GNS","narrow":"GNS"},"GQE":{"displayName":{"other":"ekvatorijalno-gvinejskih ekvela","one":"ekvatorijalno-gvinejski ekvele","few":"ekvatorijalno-gvinejska ekvela"},"symbol":"GQE","narrow":"GQE"},"GRD":{"displayName":{"other":"grčkih drahmi","one":"grčka drahma","few":"grčke drahme"},"symbol":"GRD","narrow":"GRD"},"GTQ":{"displayName":{"other":"gvatemalskih kecala","one":"gvatemalski kecal","few":"gvatemalska kecala"},"symbol":"GTQ","narrow":"Q"},"GWE":{"displayName":{"other":"portugalsko-gvinejskih eskuda","one":"portugalsko-gvinejski eskudo","few":"portugalsko-gvinejska eskuda"},"symbol":"GWE","narrow":"GWE"},"GWP":{"displayName":{"other":"gvineja-bisaoških pezosa","one":"gvineja-bisaoški pezo","few":"gvineja-bisaoška pezosa"},"symbol":"GWP","narrow":"GWP"},"GYD":{"displayName":{"other":"gvajanskih dolara","one":"gvajanski dolar","few":"gvajanska dolara"},"symbol":"GYD","narrow":"$"},"HKD":{"displayName":{"other":"hongkonških dolara","one":"hongkonški dolar","few":"hongkonška dolara"},"symbol":"HK$","narrow":"$"},"HNL":{"displayName":{"other":"honduraških lempira","one":"honduraška lempira","few":"honduraške lempire"},"symbol":"HNL","narrow":"L"},"HRD":{"displayName":{"other":"hrvatskih dinara","one":"hrvatski dinar","few":"hrvatska dinara"},"symbol":"HRD","narrow":"HRD"},"HRK":{"displayName":{"other":"hrvatskih kuna","one":"hrvatska kuna","few":"hrvatske kune"},"symbol":"HRK","narrow":"kn"},"HTG":{"displayName":{"other":"haićanskih gurda","one":"haićanski gurd","few":"haićanska gurda"},"symbol":"HTG","narrow":"HTG"},"HUF":{"displayName":{"other":"mađarskih forinti","one":"mađarska forinta","few":"mađarske forinte"},"symbol":"HUF","narrow":"Ft"},"IDR":{"displayName":{"other":"indonežanskih rupija","one":"indonežanska rupija","few":"indonežanske rupije"},"symbol":"IDR","narrow":"Rp"},"IEP":{"displayName":{"other":"irskih funti","one":"irska funta","few":"irske funte"},"symbol":"IEP","narrow":"IEP"},"ILP":{"displayName":{"other":"izraelskih funti","one":"izraelska funta","few":"izraelske funte"},"symbol":"ILP","narrow":"ILP"},"ILR":{"displayName":{"other":"stari izraelski šekeli"},"symbol":"ILR","narrow":"ILR"},"ILS":{"displayName":{"other":"izraelskih novih šekela","one":"izraelski novi šekel","few":"izraelska nova šekela"},"symbol":"₪","narrow":"₪"},"INR":{"displayName":{"other":"indijskih rupija","one":"indijska rupija","few":"indijske rupije"},"symbol":"₹","narrow":"₹"},"IQD":{"displayName":{"other":"iračkih dinara","one":"irački dinar","few":"iračka dinara"},"symbol":"IQD","narrow":"IQD"},"IRR":{"displayName":{"other":"iranskih rijala","one":"iranski rijal","few":"iranska rijala"},"symbol":"IRR","narrow":"IRR"},"ISJ":{"displayName":{"other":"stara islandska kruna"},"symbol":"ISJ","narrow":"ISJ"},"ISK":{"displayName":{"other":"islandskih kruna","one":"islandska kruna","few":"islandske krune"},"symbol":"ISK","narrow":"kr"},"ITL":{"displayName":{"other":"italijanske lire","one":"italijanska lira"},"symbol":"ITL","narrow":"ITL"},"JMD":{"displayName":{"other":"jamajčanskix dolara","one":"jamajčanski dolar","few":"jamajčanska dolara"},"symbol":"JMD","narrow":"$"},"JOD":{"displayName":{"other":"jordanskih dinara","one":"jordanski dinar","few":"jordanska dinara"},"symbol":"JOD","narrow":"JOD"},"JPY":{"displayName":{"other":"japanskih jena","one":"japanski jen","few":"japanska jena"},"symbol":"¥","narrow":"¥"},"KES":{"displayName":{"other":"kenijskih šilinga","one":"kenijski šiling","few":"kenijska šilinga"},"symbol":"KES","narrow":"KES"},"KGS":{"displayName":{"other":"kirgistanskih soma","one":"kirgistanski som","few":"kirgistanska soma"},"symbol":"KGS","narrow":"KGS"},"KHR":{"displayName":{"other":"kambodžanskih rijela","one":"kambodžanski rijel","few":"kambodžanska rijela"},"symbol":"KHR","narrow":"៛"},"KMF":{"displayName":{"other":"komorskih franaka","one":"komorski franak","few":"komorska franka"},"symbol":"KMF","narrow":"CF"},"KPW":{"displayName":{"other":"severnokorejskih vona","one":"severnokorejski von","few":"severnokorejska vona"},"symbol":"KPW","narrow":"₩"},"KRH":{"displayName":{"other":"KRH"},"symbol":"KRH","narrow":"KRH"},"KRO":{"displayName":{"other":"KRO"},"symbol":"KRO","narrow":"KRO"},"KRW":{"displayName":{"other":"južnokorejskih vona","one":"južnokorejski von","few":"južnokorejska vona"},"symbol":"KRW","narrow":"₩"},"KWD":{"displayName":{"other":"kuvajtskih dinara","one":"kuvajtski dinar","few":"kuvajtska dinara"},"symbol":"KWD","narrow":"KWD"},"KYD":{"displayName":{"other":"kajmanskih dolara","one":"kajmanski dolar","few":"kajmanska dolara"},"symbol":"KYD","narrow":"$"},"KZT":{"displayName":{"other":"kazahstanskih tengea","one":"kazahstanski tenge","few":"kazahstanska tengea"},"symbol":"KZT","narrow":"₸"},"LAK":{"displayName":{"other":"laoških kipi","one":"laoški kip","few":"laoška kipa"},"symbol":"LAK","narrow":"₭"},"LBP":{"displayName":{"other":"libanskih funti","one":"libanska funta","few":"libanske funte"},"symbol":"LBP","narrow":"L£"},"LKR":{"displayName":{"other":"šrilankanskih rupija","one":"šrilankanska rupija","few":"šrilankanske rupije"},"symbol":"LKR","narrow":"Rs"},"LRD":{"displayName":{"other":"liberijskih dolara","one":"liberijski dolar","few":"liberijska dolara"},"symbol":"LRD","narrow":"$"},"LSL":{"displayName":{"other":"lesotskih lotisa","one":"lesotski lotis","few":"lesotska lotisa"},"symbol":"LSL","narrow":"LSL"},"LTL":{"displayName":{"other":"litvanskih litasa","one":"litvanski litas","few":"litvanska litasa"},"symbol":"LTL","narrow":"Lt"},"LTT":{"displayName":{"other":"litvanskih talonasa","one":"litvanski talonas","few":"litvanska talonasa"},"symbol":"LTT","narrow":"LTT"},"LUC":{"displayName":{"other":"luksemburških konvertibilnih franaka","one":"luksemburški konvertibilni franak","few":"luksemburška konvertibilna franka"},"symbol":"LUC","narrow":"LUC"},"LUF":{"displayName":{"other":"luksemburški franci","one":"luksemburški franak","few":"luksemburška franka"},"symbol":"LUF","narrow":"LUF"},"LUL":{"displayName":{"other":"luksemburških finansijskih franaka","one":"luksemburški finansijski franak","few":"luksemburška finansijska franka"},"symbol":"LUL","narrow":"LUL"},"LVL":{"displayName":{"other":"latvijskih lata","one":"latvijski lat","few":"latvijska lata"},"symbol":"LVL","narrow":"Ls"},"LVR":{"displayName":{"other":"latvijskih rublji","one":"latvijska rublja","few":"latvijske rublje"},"symbol":"LVR","narrow":"LVR"},"LYD":{"displayName":{"other":"libijskih dinara","one":"libijski dinar","few":"libijska dinara"},"symbol":"LYD","narrow":"LYD"},"MAD":{"displayName":{"other":"marokanskih dirhama","one":"marokanski dirham","few":"marokanska dirhama"},"symbol":"MAD","narrow":"MAD"},"MAF":{"displayName":{"other":"marokanskih franaka","one":"marokanski franak","few":"marokanska franka"},"symbol":"MAF","narrow":"MAF"},"MCF":{"displayName":{"other":"MCF"},"symbol":"MCF","narrow":"MCF"},"MDC":{"displayName":{"other":"MDC"},"symbol":"MDC","narrow":"MDC"},"MDL":{"displayName":{"other":"moldavskih leja","one":"moldavski lej","few":"moldavska leja"},"symbol":"MDL","narrow":"MDL"},"MGA":{"displayName":{"other":"madagaskarskih ariarija","one":"madagaskarski ariari","few":"madagaskarska ariarija"},"symbol":"MGA","narrow":"Ar"},"MGF":{"displayName":{"other":"malagašajski franci","one":"malagašajski franak","few":"malagašajska franka"},"symbol":"MGF","narrow":"MGF"},"MKD":{"displayName":{"other":"makedonskih denara","one":"makedonski denar","few":"makedonska denara"},"symbol":"MKD","narrow":"MKD"},"MKN":{"displayName":{"other":"MKN"},"symbol":"MKN","narrow":"MKN"},"MLF":{"displayName":{"other":"malijskih franaka","one":"malijski franak","few":"malijska franka"},"symbol":"MLF","narrow":"MLF"},"MMK":{"displayName":{"other":"mjanmarskih kjata","one":"mjanmarski kjat","few":"mjanmarska kjata"},"symbol":"MMK","narrow":"K"},"MNT":{"displayName":{"other":"mongolskih tugrika","one":"mongolski tugrik","few":"mongolska tugrika"},"symbol":"MNT","narrow":"₮"},"MOP":{"displayName":{"other":"makaoskih pataka","one":"makaoska pataka","few":"makaoske patake"},"symbol":"MOP","narrow":"MOP"},"MRO":{"displayName":{"other":"mauritanijskih ogija (1973–2017)","one":"mauritanijska ogija (1973–2017)","few":"mauritanijske ogije (1973–2017)"},"symbol":"MRO","narrow":"MRO"},"MRU":{"displayName":{"other":"mauritanskih ogija","one":"mauritanska ogija","few":"mauritanske ogije"},"symbol":"MRU","narrow":"MRU"},"MTL":{"displayName":{"other":"malteških lira","one":"malteška lira","few":"malteške lire"},"symbol":"MTL","narrow":"MTL"},"MTP":{"displayName":{"other":"malteških funti","one":"malteška funta","few":"malteške funte"},"symbol":"MTP","narrow":"MTP"},"MUR":{"displayName":{"other":"mauricijskih rupija","one":"mauricijska rupija","few":"mauricijske rupije"},"symbol":"MUR","narrow":"Rs"},"MVP":{"displayName":{"other":"MVP"},"symbol":"MVP","narrow":"MVP"},"MVR":{"displayName":{"other":"maldivskih rufija","one":"maldivska rufija","few":"maldivske rufije"},"symbol":"MVR","narrow":"MVR"},"MWK":{"displayName":{"other":"malavijskih kvača","one":"malavijska kvača","few":"malavijske kvače"},"symbol":"MWK","narrow":"MWK"},"MXN":{"displayName":{"other":"meksičkih pezosa","one":"meksički pezos","few":"meksička pezosa"},"symbol":"MX$","narrow":"$"},"MXP":{"displayName":{"other":"meksičkih srebrnih pezosa","one":"meksički srebrni pezo","few":"meksička srebrna pezosa"},"symbol":"MXP","narrow":"MXP"},"MXV":{"displayName":{"other":"meksičkih unidads de inverziona","one":"meksički unidads de inverzion","few":"meksička unidads de inverziona"},"symbol":"MXV","narrow":"MXV"},"MYR":{"displayName":{"other":"malezijskih ringita","one":"malezijski ringit","few":"malezijska ringita"},"symbol":"MYR","narrow":"RM"},"MZE":{"displayName":{"other":"mozambijskih eskuda","one":"mozambijski eskudo","few":"mozambijska eskuda"},"symbol":"MZE","narrow":"MZE"},"MZM":{"displayName":{"other":"starih mozambijskih metikala","one":"stari mozambijski metikal","few":"stara mozambijska metikala"},"symbol":"MZM","narrow":"MZM"},"MZN":{"displayName":{"other":"mozambičkih metikala","one":"mozambički metikal","few":"mozambička metikala"},"symbol":"MZN","narrow":"MZN"},"NAD":{"displayName":{"other":"namibijskih dolara","one":"namibijski dolar","few":"namibijska dolara"},"symbol":"NAD","narrow":"$"},"NGN":{"displayName":{"other":"nigerijskih naira","one":"nigerijska naira","few":"nigerijske naire"},"symbol":"NGN","narrow":"₦"},"NIC":{"displayName":{"other":"nikaragvanskih kordoba","one":"nikaragvanska kordoba","few":"nikaragvanske kordobe"},"symbol":"NIC","narrow":"NIC"},"NIO":{"displayName":{"other":"nikaragvanskih zlatnih kordoba","one":"nikaragvanska zlatna kordoba","few":"nikaragvanske zlatne kordobe"},"symbol":"NIO","narrow":"C$"},"NLG":{"displayName":{"other":"holandskih guldena","one":"holandski gulden","few":"holandska guldena"},"symbol":"NLG","narrow":"NLG"},"NOK":{"displayName":{"other":"norveških kruna","one":"norveška kruna","few":"norveške krune"},"symbol":"NOK","narrow":"kr"},"NPR":{"displayName":{"other":"nepalskih rupija","one":"nepalska rupija","few":"nepalske rupije"},"symbol":"NPR","narrow":"Rs"},"NZD":{"displayName":{"other":"novozelandskih dolara","one":"novozelandski dolar","few":"novozelandska dolara"},"symbol":"NZD","narrow":"$"},"OMR":{"displayName":{"other":"omanskih rijala","one":"omanski rijal","few":"omanska rijala"},"symbol":"OMR","narrow":"OMR"},"PAB":{"displayName":{"other":"panamskih balboa","one":"panamska balboa","few":"panamske balboe"},"symbol":"PAB","narrow":"PAB"},"PEI":{"displayName":{"other":"peruvijskih intija","one":"peruvijski inti","few":"peruvijska intija"},"symbol":"PEI","narrow":"PEI"},"PEN":{"displayName":{"other":"peruanskih sola","one":"peruanski sol","few":"peruanska sola"},"symbol":"PEN","narrow":"PEN"},"PES":{"displayName":{"other":"peruanskih sola (1863–1965)","one":"peruanski sol (1863–1965)","few":"peruanska sola (1863–1965)"},"symbol":"PES","narrow":"PES"},"PGK":{"displayName":{"other":"papuanskih kina","one":"papuanska kina","few":"papuanske kine"},"symbol":"PGK","narrow":"PGK"},"PHP":{"displayName":{"other":"filipinskih pezosa","one":"filipinski pezos","few":"filipinska pezosa"},"symbol":"PHP","narrow":"₱"},"PKR":{"displayName":{"other":"pakistanskih rupija","one":"pakistanska rupija","few":"pakistanske rupije"},"symbol":"PKR","narrow":"Rs"},"PLN":{"displayName":{"other":"poljskih zlota","one":"poljski zlot","few":"poljska zlota"},"symbol":"PLN","narrow":"zł"},"PLZ":{"displayName":{"other":"poljskih zlota (1950–1995)","one":"poljski zlot (1950–1995)","few":"poljska zlota (1950–1995)"},"symbol":"PLZ","narrow":"PLZ"},"PTE":{"displayName":{"other":"portugalskih eskuda","one":"portugalski eskudo","few":"portugalska eskuda"},"symbol":"PTE","narrow":"PTE"},"PYG":{"displayName":{"other":"paragvajskih gvaranija","one":"paragvajski gvarani","few":"paragvajska gvaranija"},"symbol":"PYG","narrow":"₲"},"QAR":{"displayName":{"other":"katarskih rijala","one":"katarski rijal","few":"katarska rijala"},"symbol":"QAR","narrow":"QAR"},"RHD":{"displayName":{"other":"rodežanskih dolara","one":"rodežanski dolar","few":"rodežanska dolara"},"symbol":"RHD","narrow":"RHD"},"ROL":{"displayName":{"other":"rumunskih leja (1952–2006)","one":"rumunski lej (1952–2006)","few":"rumunska leja (1952–2006)"},"symbol":"ROL","narrow":"ROL"},"RON":{"displayName":{"other":"rumunskih leja","one":"rumunski lej","few":"rumunska leja"},"symbol":"RON","narrow":"lei"},"RSD":{"displayName":{"other":"srpskih dinara","one":"srpski dinar","few":"srpska dinara"},"symbol":"RSD","narrow":"RSD"},"RUB":{"displayName":{"other":"ruskih rublji","one":"ruska rublja","few":"ruske rublje"},"symbol":"RUB","narrow":"₽"},"RUR":{"displayName":{"other":"ruskih rublji (1991–1998)","one":"ruska rublja (1991–1998)","few":"ruske rublje (1991–1998)"},"symbol":"RUR","narrow":"р."},"RWF":{"displayName":{"other":"ruandskih franaka","one":"ruandski franak","few":"ruandska franka"},"symbol":"RWF","narrow":"RF"},"SAR":{"displayName":{"other":"saudijskih rijala","one":"saudijski rijal","few":"saudijska rijala"},"symbol":"SAR","narrow":"SAR"},"SBD":{"displayName":{"other":"solomonskih dolara","one":"solomonski dolar","few":"solomonska dolara"},"symbol":"SBD","narrow":"$"},"SCR":{"displayName":{"other":"sejšelskih rupija","one":"sejšelska rupija","few":"sejšelske rupije"},"symbol":"SCR","narrow":"SCR"},"SDD":{"displayName":{"other":"starih sudanskih dinara","one":"stari sudanski dinar","few":"stara sudanska dinara"},"symbol":"SDD","narrow":"SDD"},"SDG":{"displayName":{"other":"sudanskih funti","one":"sudanska funta","few":"sudanske funte"},"symbol":"SDG","narrow":"SDG"},"SDP":{"displayName":{"other":"starih sudanskih funti","one":"stara sudanska funta","few":"stare sudanske funte"},"symbol":"SDP","narrow":"SDP"},"SEK":{"displayName":{"other":"švedskih kruna","one":"švedska kruna","few":"švedske krune"},"symbol":"SEK","narrow":"kr"},"SGD":{"displayName":{"other":"singapurskih dolara","one":"singapurski dolar","few":"singapurska dolara"},"symbol":"SGD","narrow":"$"},"SHP":{"displayName":{"other":"Svete Jelene funti","one":"Svete Jelene funta","few":"Svete Jelene funte"},"symbol":"SHP","narrow":"£"},"SIT":{"displayName":{"other":"slovenačkih tolara","one":"slovenački tolar","few":"slovenačka tolara"},"symbol":"SIT","narrow":"SIT"},"SKK":{"displayName":{"other":"slovačkih kruna","one":"slovačka kruna","few":"slovačke krune"},"symbol":"SKK","narrow":"SKK"},"SLL":{"displayName":{"other":"sijeraleonskih leona","one":"sijeraleonski leone","few":"sijeraleonska leona"},"symbol":"SLL","narrow":"SLL"},"SOS":{"displayName":{"other":"somalijskih šilinga","one":"somalijski šiling","few":"somalijska šilinga"},"symbol":"SOS","narrow":"SOS"},"SRD":{"displayName":{"other":"surinamskih dolara","one":"surinamski dolar","few":"surinamska dolara"},"symbol":"SRD","narrow":"$"},"SRG":{"displayName":{"other":"surinamskih gildera","one":"surinamski gilder","few":"surinamska gildera"},"symbol":"SRG","narrow":"SRG"},"SSP":{"displayName":{"other":"južnosudanskih funti","one":"južnosudanska funta","few":"južnosudanske funte"},"symbol":"SSP","narrow":"£"},"STD":{"displayName":{"other":"saotomskih dobri (1977–2017)","one":"saotomska dobra (1977–2017)","few":"saotomske dobre (1977–2017)"},"symbol":"STD","narrow":"STD"},"STN":{"displayName":{"other":"saotomskih dobri","one":"saotomska dobra","few":"saotomske dobre"},"symbol":"STN","narrow":"Db"},"SUR":{"displayName":{"other":"sovjetskih rublji","one":"sovjetska rublja","few":"sovjetske rublje"},"symbol":"SUR","narrow":"SUR"},"SVC":{"displayName":{"other":"salvadorskih kolona","one":"salvadorski kolon","few":"salvadorska kolona"},"symbol":"SVC","narrow":"SVC"},"SYP":{"displayName":{"other":"sirijskih funti","one":"sirijska funta","few":"sirijske funte"},"symbol":"SYP","narrow":"£"},"SZL":{"displayName":{"other":"svazilendskih lilangenija","one":"svazilendski lilangeni","few":"svazilendska lilangenija"},"symbol":"SZL","narrow":"SZL"},"THB":{"displayName":{"other":"tajlandskih bata","one":"tajlandski bat","few":"tajlandska bata"},"symbol":"THB","narrow":"฿"},"TJR":{"displayName":{"other":"tadžihistanskih rublji","one":"tadžihistanska rublja","few":"tadžihistanske rublje"},"symbol":"TJR","narrow":"TJR"},"TJS":{"displayName":{"other":"tadžikistanskih somona","one":"tadžikistanski somon","few":"tadžikistanska somona"},"symbol":"TJS","narrow":"TJS"},"TMM":{"displayName":{"other":"turkmenistanski manat (1993–2009)","few":"turkmenistanska manata (1993–2009)"},"symbol":"TMM","narrow":"TMM"},"TMT":{"displayName":{"other":"turkmenistanskih manata","one":"turkmenistanski manat","few":"turkmenistanska manata"},"symbol":"TMT","narrow":"TMT"},"TND":{"displayName":{"other":"tuniskih dinara","one":"tuniski dinar","few":"tuniska dinara"},"symbol":"TND","narrow":"TND"},"TOP":{"displayName":{"other":"tonganskih pangi","one":"tonganska panga","few":"tonganske pange"},"symbol":"TOP","narrow":"T$"},"TPE":{"displayName":{"other":"timorških eskuda","one":"timorški eskudo","few":"timorška eskuda"},"symbol":"TPE","narrow":"TPE"},"TRL":{"displayName":{"other":"turskih lira (1922–2005)","one":"turska lira (1922–2005)","few":"turske lire (1922–2005)"},"symbol":"TRL","narrow":"TRL"},"TRY":{"displayName":{"other":"turskih lira","one":"turska lira","few":"turske lire"},"symbol":"TRY","narrow":"₺"},"TTD":{"displayName":{"other":"trinidad-tobagoških dolara","one":"trinidad-tobagoški dolar","few":"trinidad-tobagoška dolara"},"symbol":"TTD","narrow":"$"},"TWD":{"displayName":{"other":"novih tajvanskih dolara","one":"novi tajvanski dolar","few":"nova tajvanska dolara"},"symbol":"NT$","narrow":"NT$"},"TZS":{"displayName":{"other":"tanzanijskih šilinga","one":"tanzanijski šiling","few":"tanzanijska šilinga"},"symbol":"TZS","narrow":"TZS"},"UAH":{"displayName":{"other":"ukrajinskih hrivnji","one":"ukrajinska hrivnja","few":"ukrajinske grivne"},"symbol":"UAH","narrow":"₴"},"UAK":{"displayName":{"other":"ukrajinskih karbovanciva","one":"ukrajinski karbovanec","few":"ukrajinska karbovanciva"},"symbol":"UAK","narrow":"UAK"},"UGS":{"displayName":{"other":"ugandijskih šilinga (1966–1987)","one":"ugandijski šiling (1966–1987)","few":"ugandijska šilinga (1966–1987)"},"symbol":"UGS","narrow":"UGS"},"UGX":{"displayName":{"other":"ugandskih šilinga","one":"ugandski šiling","few":"ugandska šilinga"},"symbol":"UGX","narrow":"UGX"},"USD":{"displayName":{"other":"američkih dolara","one":"američki dolar","few":"američka dolara"},"symbol":"US$","narrow":"$"},"USN":{"displayName":{"other":"SAD dolara (sledeći dan)","one":"SAD dolar (sledeći dan)"},"symbol":"USN","narrow":"USN"},"USS":{"displayName":{"other":"SAD dolara (isti dan)","one":"SAD dolar (isti dan)"},"symbol":"USS","narrow":"USS"},"UYI":{"displayName":{"other":"ugvajskih pezosa en unidades indeksadesa","one":"urugvajski pezo en unidades indeksades","few":"urugvajska pezosa en unidades indeksadesa"},"symbol":"UYI","narrow":"UYI"},"UYP":{"displayName":{"other":"urugvajskih pezosa (1975–1993)","one":"urugvajski pezo (1975–1993)","few":"urugvajska pezosa (1975–1993)"},"symbol":"UYP","narrow":"UYP"},"UYU":{"displayName":{"other":"urugvajskih pezosa","one":"urugvajski pezos","few":"urugvajska pezosa"},"symbol":"UYU","narrow":"$"},"UYW":{"displayName":{"other":"UYW"},"symbol":"UYW","narrow":"UYW"},"UZS":{"displayName":{"other":"uzbekistanskih soma","one":"uzbekistanski som","few":"uzbekistanska soma"},"symbol":"UZS","narrow":"UZS"},"VEB":{"displayName":{"other":"venecuelanskih bolivara (1871–2008)","one":"venecuelanski bolivar (1871–2008)","few":"venecuelanska bolivara (1871–2008)"},"symbol":"VEB","narrow":"VEB"},"VEF":{"displayName":{"other":"venecuelanskih bolivara (2008–2018)","one":"venecuelanski bolivar (2008–2018)","few":"venecuelanska bolivara (2008–2018)"},"symbol":"VEF","narrow":"Bs"},"VES":{"displayName":{"other":"venecuelanskih bolivara","one":"venecuelanski bolivar","few":"venecuelanska bolivara"},"symbol":"VES","narrow":"VES"},"VND":{"displayName":{"other":"vijetnamskih donga","one":"vijetnamski dong","few":"vijetnamska donga"},"symbol":"VND","narrow":"₫"},"VNN":{"displayName":{"other":"vijetnamskih donga (1978–1985)","one":"vijetnamski dong (1978–1985)","few":"vijetnamska donga (1978–1985)"},"symbol":"VNN","narrow":"VNN"},"VUV":{"displayName":{"other":"vanuatskih vatua","one":"vanuatski vatu","few":"vanuatska vatua"},"symbol":"VUV","narrow":"VUV"},"WST":{"displayName":{"other":"samoanskih tala","one":"samoanska tala","few":"samoanske tale"},"symbol":"WST","narrow":"WST"},"XAF":{"displayName":{"other":"CFA franaka BEAC","one":"CFA franak BEAC","few":"CFA franka BEAC"},"symbol":"FCFA","narrow":"FCFA"},"XAG":{"displayName":{"other":"srebra","one":"srebro"},"symbol":"XAG","narrow":"XAG"},"XAU":{"displayName":{"other":"zlata","one":"zlato"},"symbol":"XAU","narrow":"XAU"},"XBA":{"displayName":{"other":"evropskih kompozitnih jedinica","one":"evropska kompozitna jedinica","few":"evropske kompozitne jedinice"},"symbol":"XBA","narrow":"XBA"},"XBB":{"displayName":{"other":"evropske novčane jedinice (XBB)","one":"evropska novčana jedinica (XBB)"},"symbol":"XBB","narrow":"XBB"},"XBC":{"displayName":{"other":"evropskih jedinica računa (XBC)","one":"evropska jedinica računa (XBC)","few":"evropske jedinice računa (XBC)"},"symbol":"XBC","narrow":"XBC"},"XBD":{"displayName":{"other":"evropskih jedinica računa (XBD)","one":"evropska jedinica računa (XBD)","few":"evropske jedinice računa (XBD)"},"symbol":"XBD","narrow":"XBD"},"XCD":{"displayName":{"other":"istočnokaripskix dolara","one":"istočnokaripski dolar","few":"istočnokaripska dolara"},"symbol":"EC$","narrow":"$"},"XDR":{"displayName":{"other":"posebnih crtaćih prava","one":"posebno crtaće pravo","few":"posebna crtaća prava"},"symbol":"XDR","narrow":"XDR"},"XEU":{"displayName":{"other":"evropskih novčanih jedinica","one":"evropska novčana jedinica (XEU)","few":"evropske novčane jedinice (XEU)"},"symbol":"XEU","narrow":"XEU"},"XFO":{"displayName":{"other":"francuskih zlatnih franaka","one":"francuski zlatni franak","few":"francuska zlatna franka"},"symbol":"XFO","narrow":"XFO"},"XFU":{"displayName":{"other":"francuskih UIC-franaka","one":"francuski UIC-franak","few":"francuska UIC-franka"},"symbol":"XFU","narrow":"XFU"},"XOF":{"displayName":{"other":"CFA franaka BCEAO","one":"CFA franak BCEAO","few":"CFA franka BCEAO"},"symbol":"F CFA","narrow":"F CFA"},"XPD":{"displayName":{"other":"paladijuma","one":"paladijum"},"symbol":"XPD","narrow":"XPD"},"XPF":{"displayName":{"other":"CFP franaka","one":"CFP franak","few":"CFP franka"},"symbol":"CFPF","narrow":"CFPF"},"XPT":{"displayName":{"other":"platina","few":"platine"},"symbol":"XPT","narrow":"XPT"},"XRE":{"displayName":{"other":"RINET fondova","one":"RINET fond","few":"RINET fonda"},"symbol":"XRE","narrow":"XRE"},"XSU":{"displayName":{"other":"XSU"},"symbol":"XSU","narrow":"XSU"},"XTS":{"displayName":{"other":"kodova testirane valute","one":"kod testirane valute","few":"koda testirane valute"},"symbol":"XTS","narrow":"XTS"},"XUA":{"displayName":{"other":"XUA"},"symbol":"XUA","narrow":"XUA"},"XXX":{"displayName":{"other":"nepoznatih valuta","one":"nepoznata jedinica valute","few":"nepoznate valute"},"symbol":"¤","narrow":"¤"},"YDD":{"displayName":{"other":"jemenskih dolara","one":"jemenski dolar","few":"jemenska dolara"},"symbol":"YDD","narrow":"YDD"},"YER":{"displayName":{"other":"jemenskih rijala","one":"jemenski rijal","few":"jemenska rijala"},"symbol":"YER","narrow":"YER"},"YUD":{"displayName":{"other":"jugoslovenskih tvrdih dinara","one":"jugoslovenski tvrdi dinar","few":"jugoslovenska tvrda dinara"},"symbol":"YUD","narrow":"YUD"},"YUM":{"displayName":{"other":"jugoslovenskih novih dinara","one":"jugoslovenski novi dinar","few":"jugoslovenska nova dinara"},"symbol":"YUM","narrow":"YUM"},"YUN":{"displayName":{"other":"jugoslovenskih konvertibilnih dinara","one":"jugoslovenski konvertibilni dinar","few":"jugoslovenska konvertibilna dinara"},"symbol":"YUN","narrow":"YUN"},"YUR":{"displayName":{"other":"YUR"},"symbol":"YUR","narrow":"YUR"},"ZAL":{"displayName":{"other":"južnoafričkih randa (finansijskih)","one":"južnoafrički rand (finansijski)","few":"južnoafrička randa (finansijska)"},"symbol":"ZAL","narrow":"ZAL"},"ZAR":{"displayName":{"other":"južnoafričkih randa","one":"južnoafrički rand","few":"južnoafrička randa"},"symbol":"ZAR","narrow":"R"},"ZMK":{"displayName":{"other":"zambijskih kvača (1968–2012)","one":"zambijska kvača (1968–2012)","few":"zambijske kvače (1968–2012)"},"symbol":"ZMK","narrow":"ZMK"},"ZMW":{"displayName":{"other":"zambijskih kvača","one":"zambijska kvača","few":"zambijske kvače"},"symbol":"ZMW","narrow":"ZK"},"ZRN":{"displayName":{"other":"zairskih novih zaira","one":"zairski novi zair","few":"zairska nova zaira"},"symbol":"ZRN","narrow":"ZRN"},"ZRZ":{"displayName":{"other":"zairskih zaira","one":"zairski zair","few":"zairska zaira"},"symbol":"ZRZ","narrow":"ZRZ"},"ZWD":{"displayName":{"other":"zimbabvejskih dolara (1980–2008)","one":"zimbabvejski dolar (1980–2008)","few":"zimbabvejska dolara (1980–2008)"},"symbol":"ZWD","narrow":"ZWD"},"ZWL":{"displayName":{"other":"zimbabvejskih dolara (2009)","one":"zimbabvejski dolar (2009)","few":"zimbabvejska dolara (2009)"},"symbol":"ZWL","narrow":"ZWL"},"ZWR":{"displayName":{"other":"zimbabvejskih dolara (2008)","one":"zimbabvejski dolar (2008)","few":"zimbabvejska dolara (2008)"},"symbol":"ZWR","narrow":"ZWR"}},"numbers":{"nu":["latn"],"symbols":{"latn":{"decimal":",","group":".","list":";","percentSign":"%","plusSign":"+","minusSign":"-","approximatelySign":"~","exponential":"E","superscriptingExponent":"×","perMille":"‰","infinity":"∞","nan":"NaN","timeSeparator":":"}},"percent":{"latn":"#,##0%"},"decimal":{"latn":{"standard":"#,##0.###","long":{"1000":{"other":"0 hiljada","few":"0 hiljade"},"10000":{"other":"00 hiljada","few":"00 hiljade"},"100000":{"other":"000 hiljada","few":"000 hiljade"},"1000000":{"other":"0 miliona","one":"0 milion"},"10000000":{"other":"00 miliona","one":"00 milion"},"100000000":{"other":"000 miliona","one":"000 milion"},"1000000000":{"other":"0 milijardi","one":"0 milijarda","few":"0 milijarde"},"10000000000":{"other":"00 milijardi","one":"00 milijarda","few":"00 milijarde"},"100000000000":{"other":"000 milijardi","one":"000 milijarda","few":"000 milijarde"},"1000000000000":{"other":"0 biliona","one":"0 bilion"},"10000000000000":{"other":"00 biliona","one":"00 bilion"},"100000000000000":{"other":"000 biliona","one":"000 bilion"}},"short":{"1000":{"other":"0 hilj'.'"},"10000":{"other":"00 hilj'.'"},"100000":{"other":"000 hilj'.'"},"1000000":{"other":"0 mil'.'"},"10000000":{"other":"00 mil'.'"},"100000000":{"other":"000 mil'.'"},"1000000000":{"other":"0 mlrd'.'"},"10000000000":{"other":"00 mlrd'.'"},"100000000000":{"other":"000 mlrd'.'"},"1000000000000":{"other":"0 bil'.'"},"10000000000000":{"other":"00 bil'.'"},"100000000000000":{"other":"000 bil'.'"}}}},"currency":{"latn":{"currencySpacing":{"beforeInsertBetween":" ","afterInsertBetween":" "},"standard":"#,##0.00 ¤","accounting":"#,##0.00 ¤;(#,##0.00 ¤)","unitPattern":"{0} {1}","short":{"1000":{"other":"0 hilj'.' ¤"},"10000":{"other":"00 hilj'.' ¤"},"100000":{"other":"000 hilj'.' ¤"},"1000000":{"other":"0 mil'.' ¤"},"10000000":{"other":"00 mil'.' ¤"},"100000000":{"other":"000 mil'.' ¤"},"1000000000":{"other":"0 mlrd'.' ¤"},"10000000000":{"other":"00 mlrd'.' ¤"},"100000000000":{"other":"000 mlrd'.' ¤"},"1000000000000":{"other":"0 bil'.' ¤"},"10000000000000":{"other":"00 bil'.' ¤"},"100000000000000":{"other":"000 bil'.' ¤"}}}}},"nu":["latn"]},"locale":"sr-Latn"}
