{"data":{"units":{"simple":{"degree":{"long":{"other":"{0} grader","one":"{0} grad"},"short":{"other":"{0}°"},"narrow":{"other":"{0}°"},"perUnit":{}},"hectare":{"long":{"other":"{0} hektar"},"short":{"other":"{0} ha"},"narrow":{"other":"{0}ha"},"perUnit":{}},"acre":{"long":{"other":"{0} engelska tunnland","one":"{0} engelskt tunnland"},"short":{"other":"{0} ac"},"narrow":{"other":"{0} ac"},"perUnit":{}},"percent":{"long":{"other":"{0} procent"},"short":{"other":"{0} %"},"narrow":{"other":"{0} %"},"perUnit":{}},"liter-per-kilometer":{"long":{"other":"{0} liter per kilometer"},"short":{"other":"{0} l/km"},"narrow":{"other":"{0}L/km"},"perUnit":{}},"mile-per-gallon":{"long":{"other":"{0} miles per gallon","one":"{0} mile per gallon"},"short":{"other":"{0} mpg"},"narrow":{"other":"{0}e.mil/gn"},"perUnit":{}},"petabyte":{"long":{"other":"{0} petabyte"},"short":{"other":"{0} PB"},"narrow":{"other":"{0} PB"},"perUnit":{}},"terabyte":{"long":{"other":"{0} terabyte"},"short":{"other":"{0} TB"},"narrow":{"other":"{0} TB"},"perUnit":{}},"terabit":{"long":{"other":"{0} terabit"},"short":{"other":"{0} Tb"},"narrow":{"other":"{0}Tb"},"perUnit":{}},"gigabyte":{"long":{"other":"{0} gigabyte"},"short":{"other":"{0} GB"},"narrow":{"other":"{0} GB"},"perUnit":{}},"gigabit":{"long":{"other":"{0} gigabit"},"short":{"other":"{0} Gb"},"narrow":{"other":"{0}Gb"},"perUnit":{}},"megabyte":{"long":{"other":"{0} megabyte"},"short":{"other":"{0} MB"},"narrow":{"other":"{0} MB"},"perUnit":{}},"megabit":{"long":{"other":"{0} megabit"},"short":{"other":"{0} Mb"},"narrow":{"other":"{0}Mb"},"perUnit":{}},"kilobyte":{"long":{"other":"{0} kilobyte"},"short":{"other":"{0} kB"},"narrow":{"other":"{0} kB"},"perUnit":{}},"kilobit":{"long":{"other":"{0} kilobit"},"short":{"other":"{0} kb"},"narrow":{"other":"{0}kb"},"perUnit":{}},"byte":{"long":{"other":"{0} byte"},"short":{"other":"{0} B"},"narrow":{"other":"{0}B"},"perUnit":{}},"bit":{"long":{"other":"{0} bit"},"short":{"other":"{0} b"},"narrow":{"other":"{0}b"},"perUnit":{}},"year":{"long":{"other":"{0} år"},"short":{"other":"{0} år"},"narrow":{"other":"{0}å"},"perUnit":{"long":"{0} per år","short":"{0}/år","narrow":"{0}/år"}},"month":{"long":{"other":"{0} månader","one":"{0} månad"},"short":{"other":"{0} mån"},"narrow":{"other":"{0}m"},"perUnit":{"long":"{0} per månad","short":"{0}/mån","narrow":"{0}/mån"}},"week":{"long":{"other":"{0} veckor","one":"{0} vecka"},"short":{"other":"{0} v"},"narrow":{"other":"{0}v"},"perUnit":{"long":"{0} per vecka","short":"{0}/v","narrow":"{0}/v"}},"day":{"long":{"other":"{0} dygn"},"short":{"other":"{0} d"},"narrow":{"other":"{0}d"},"perUnit":{"long":"{0} per dygn","short":"{0}/d","narrow":"{0}/d"}},"hour":{"long":{"other":"{0} timmar","one":"{0} timme"},"short":{"other":"{0} tim"},"narrow":{"other":"{0}h"},"perUnit":{"long":"{0} per timme","short":"{0}/h","narrow":"{0}/h"}},"minute":{"long":{"other":"{0} minuter","one":"{0} minut"},"short":{"other":"{0} min"},"narrow":{"other":"{0}m"},"perUnit":{"long":"{0} per minut","short":"{0}/min","narrow":"{0}/m"}},"second":{"long":{"other":"{0} sekunder","one":"{0} sekund"},"short":{"other":"{0} s"},"narrow":{"other":"{0}s"},"perUnit":{"long":"{0} per sekund","short":"{0}/s","narrow":"{0}/s"}},"millisecond":{"long":{"other":"{0} millisekunder","one":"{0} millisekund"},"short":{"other":"{0} ms"},"narrow":{"other":"{0}ms"},"perUnit":{}},"kilometer":{"long":{"other":"{0} kilometer"},"short":{"other":"{0} km"},"narrow":{"other":"{0}km"},"perUnit":{"long":"{0} per kilometer","short":"{0}/km","narrow":"{0}/km"}},"meter":{"long":{"other":"{0} meter"},"short":{"other":"{0} m"},"narrow":{"other":"{0}m"},"perUnit":{"long":"{0} per meter","short":"{0}/m","narrow":"{0}/m"}},"centimeter":{"long":{"other":"{0} centimeter"},"short":{"other":"{0} cm"},"narrow":{"other":"{0}cm"},"perUnit":{"long":"{0} per centimeter","short":"{0}/cm","narrow":"{0}/cm"}},"millimeter":{"long":{"other":"{0} millimeter"},"short":{"other":"{0} mm"},"narrow":{"other":"{0}mm"},"perUnit":{}},"mile":{"long":{"other":"{0} engelska mil","one":"{0} engelsk mil"},"short":{"other":"{0} eng. mil"},"narrow":{"other":"{0}mi"},"perUnit":{}},"yard":{"long":{"other":"{0} engelska yard","one":"{0} engelsk yard"},"short":{"other":"{0} eng. yard"},"narrow":{"other":"{0}yd"},"perUnit":{}},"foot":{"long":{"other":"{0} fot"},"short":{"other":"{0} fot"},"narrow":{"other":"{0} fot"},"perUnit":{"long":"{0} per fot","short":"{0}/fot","narrow":"{0}/fot"}},"inch":{"long":{"other":"{0} tum"},"short":{"other":"{0} tum"},"narrow":{"other":"{0} tum"},"perUnit":{"long":"{0} per tum","short":"{0}/tum","narrow":"{0}/tum"}},"mile-scandinavian":{"long":{"other":"{0} mil"},"short":{"other":"{0} mil"},"narrow":{"other":"{0}mil"},"perUnit":{}},"kilogram":{"long":{"other":"{0} kilogram"},"short":{"other":"{0} kg"},"narrow":{"other":"{0}kg"},"perUnit":{"long":"{0} per kilogram","short":"{0}/kg","narrow":"{0}/kg"}},"gram":{"long":{"other":"{0} gram"},"short":{"other":"{0} g"},"narrow":{"other":"{0}g"},"perUnit":{"long":"{0} per gram","short":"{0}/g","narrow":"{0}/g"}},"stone":{"long":{"other":"{0} engelska stenar","one":"{0} engelsk sten"},"short":{"other":"{0} eng. sten"},"narrow":{"other":"{0} eng. s:n"},"perUnit":{}},"pound":{"long":{"other":"{0} pund"},"short":{"other":"{0} pund"},"narrow":{"other":"{0} skålpund"},"perUnit":{"long":"{0} per pund","short":"{0}/pund","narrow":"{0}/libra·454g"}},"ounce":{"long":{"other":"{0} uns"},"short":{"other":"{0} uns"},"narrow":{"other":"{0} uns"},"perUnit":{"long":"{0} per uns","short":"{0}/uns","narrow":"{0}/uns·28g"}},"kilometer-per-hour":{"long":{"other":"{0} kilometer per timme"},"short":{"other":"{0} km/h"},"narrow":{"other":"{0}km/h"},"perUnit":{}},"meter-per-second":{"long":{"other":"{0} meter per sekund"},"short":{"other":"{0} m/s"},"narrow":{"other":"{0}m/s"},"perUnit":{}},"mile-per-hour":{"long":{"other":"{0} engelska mil per timme","one":"{0} engelsk mil per timme"},"short":{"other":"{0} mi/h"},"narrow":{"other":"{0} mi/h"},"perUnit":{}},"celsius":{"long":{"other":"{0} grader Celsius","one":"{0} grad Celsius"},"short":{"other":"{0} °C"},"narrow":{"other":"{0} °C"},"perUnit":{}},"fahrenheit":{"long":{"other":"{0} grader Fahrenheit","one":"{0} grad Fahrenheit"},"short":{"other":"{0} °F"},"narrow":{"other":"{0}°F"},"perUnit":{}},"liter":{"long":{"other":"{0} liter"},"short":{"other":"{0} l"},"narrow":{"other":"{0} l"},"perUnit":{"long":"{0} per liter","short":"{0}/l","narrow":"{0}/L"}},"milliliter":{"long":{"other":"{0} milliliter"},"short":{"other":"{0} ml"},"narrow":{"other":"{0}mL"},"perUnit":{}},"gallon":{"long":{"other":"{0} gallon"},"short":{"other":"{0} gal"},"narrow":{"other":"{0} v:egal:n"},"perUnit":{"long":"{0} per gallon","short":"{0}/gal","narrow":"{0}/äb·3,8L"}},"fluid-ounce":{"long":{"other":"{0} fluid ounces","one":"{0} fluid ounce"},"short":{"other":"{0} fl oz"},"narrow":{"other":"{0} v:euns"},"perUnit":{}}},"compound":{"per":{"long":"{0} per {1}","short":"{0}/{1}","narrow":"{0}/{1}"}}},"currencies":{"ADP":{"displayName":{"other":"andorranska pesetas","one":"andorransk peseta"},"symbol":"ADP","narrow":"ADP"},"AED":{"displayName":{"other":"emiratisk dirham"},"symbol":"AED","narrow":"AED"},"AFA":{"displayName":{"other":"afghani (1927–2002)"},"symbol":"AFA","narrow":"AFA"},"AFN":{"displayName":{"other":"afghanska afghani","one":"afghansk afghani"},"symbol":"AFN","narrow":"؋"},"ALK":{"displayName":{"other":"albanska lek (1946–1965)","one":"albansk lek (1946–1965)"},"symbol":"ALK","narrow":"ALK"},"ALL":{"displayName":{"other":"albanska leke","one":"albansk lek"},"symbol":"ALL","narrow":"ALL"},"AMD":{"displayName":{"other":"armeniska dram","one":"armenisk dram"},"symbol":"AMD","narrow":"֏"},"ANG":{"displayName":{"other":"Antillergulden"},"symbol":"ANG","narrow":"ANG"},"AOA":{"displayName":{"other":"angolanska kwanza","one":"angolansk kwanza"},"symbol":"AOA","narrow":"Kz"},"AOK":{"displayName":{"other":"angolanska kwanza (1977–1990)","one":"angolansk kwanza (1977–1990)"},"symbol":"AOK","narrow":"AOK"},"AON":{"displayName":{"other":"angolanska nya kwanza (1990–2000)","one":"angolansk kwanza (1990–2000)"},"symbol":"AON","narrow":"AON"},"AOR":{"displayName":{"other":"angolanska kwanza reajustado (1995–1999)","one":"angolansk kwanza reajustado (1995–1999)"},"symbol":"AOR","narrow":"AOR"},"ARA":{"displayName":{"other":"argentinska australer","one":"argentinsk austral"},"symbol":"ARA","narrow":"ARA"},"ARL":{"displayName":{"other":"argentiska pesos (1970–1983)","one":"argentisk peso (1970–1983)"},"symbol":"ARL","narrow":"ARL"},"ARM":{"displayName":{"other":"argentiska pesos (1881–1969)","one":"argentisk peso (1881–1969)"},"symbol":"ARM","narrow":"ARM"},"ARP":{"displayName":{"other":"argentinska pesos (1983–1985)","one":"argentinsk peso (1983–1985)"},"symbol":"ARP","narrow":"ARP"},"ARS":{"displayName":{"other":"argentinska pesos","one":"argentinsk peso"},"symbol":"ARS","narrow":"$"},"ATS":{"displayName":{"other":"österrikiska schilling","one":"österrikisk schilling"},"symbol":"ATS","narrow":"ATS"},"AUD":{"displayName":{"other":"australiska dollar","one":"australisk dollar"},"symbol":"AUD","narrow":"$"},"AWG":{"displayName":{"other":"arubanska floriner","one":"arubansk florin"},"symbol":"AWG","narrow":"AWG"},"AZM":{"displayName":{"other":"azerbajdzjanska manat (1993–2006)","one":"azerbajdzjansk manat (1993–2006)"},"symbol":"AZM","narrow":"AZM"},"AZN":{"displayName":{"other":"azerbajdzjanska manat","one":"azerbajdzjansk manat"},"symbol":"AZN","narrow":"₼"},"BAD":{"displayName":{"other":"bosnisk-hercegovinska dinarer (1992–1994)","one":"bosnisk-hercegovinsk dinar (1992–1994)"},"symbol":"BAD","narrow":"BAD"},"BAM":{"displayName":{"other":"bosnisk-hercegovinska mark (konvertibla)","one":"bosnisk-hercegovinsk mark (konvertibel)"},"symbol":"BAM","narrow":"KM"},"BAN":{"displayName":{"other":"bosnisk-hercegovinska dinarer (1994–1998)","one":"bosnisk-hercegovinsk dinar (1994–1998)"},"symbol":"BAN","narrow":"BAN"},"BBD":{"displayName":{"other":"barbadisk dollar"},"symbol":"Bds$","narrow":"$"},"BDT":{"displayName":{"other":"bangladeshiska taka","one":"bangladeshisk taka"},"symbol":"BDT","narrow":"৳"},"BEC":{"displayName":{"other":"belgiska franc (konvertibla)","one":"belgisk franc (konvertibel)"},"symbol":"BEC","narrow":"BEC"},"BEF":{"displayName":{"other":"belgiska franc","one":"belgisk franc"},"symbol":"BEF","narrow":"BEF"},"BEL":{"displayName":{"other":"belgiska franc (finansiella)","one":"belgisk franc (finansiell)"},"symbol":"BEL","narrow":"BEL"},"BGL":{"displayName":{"other":"bulgariska hårda lev (1962–1999)","one":"bulgarisk hård lev (1962–1999)"},"symbol":"BGL","narrow":"BGL"},"BGM":{"displayName":{"other":"bulgariska lev (1952–1962)","one":"bulgarisk lev (1952–1962)"},"symbol":"BGM","narrow":"BGM"},"BGN":{"displayName":{"other":"bulgariska leva","one":"bulgarisk lev"},"symbol":"BGN","narrow":"BGN"},"BGO":{"displayName":{"other":"bulgarisk lev (1881–1952)"},"symbol":"BGO","narrow":"BGO"},"BHD":{"displayName":{"other":"bahrainska dinarer","one":"bahrainsk dinar"},"symbol":"BHD","narrow":"BHD"},"BIF":{"displayName":{"other":"burundiska franc","one":"burundisk franc"},"symbol":"BIF","narrow":"BIF"},"BMD":{"displayName":{"other":"bermudisk dollar"},"symbol":"BM$","narrow":"$"},"BND":{"displayName":{"other":"bruneiska dollar","one":"bruneisk dollar"},"symbol":"BND","narrow":"$"},"BOB":{"displayName":{"other":"bolivianska bolivianos","one":"boliviansk boliviano"},"symbol":"BOB","narrow":"Bs"},"BOL":{"displayName":{"other":"bolivianska bolivianos (1864–1963)","one":"boliviansk boliviano (1864–1963)"},"symbol":"BOL","narrow":"BOL"},"BOP":{"displayName":{"other":"bolivianska pesos","one":"boliviansk peso"},"symbol":"BOP","narrow":"BOP"},"BOV":{"displayName":{"other":"bolivianska mvdol","one":"boliviansk mvdol"},"symbol":"BOV","narrow":"BOV"},"BRB":{"displayName":{"other":"brasilianska cruzeiro novo (1967–1986)","one":"brasiliansk cruzeiro (1967–1986)"},"symbol":"BRB","narrow":"BRB"},"BRC":{"displayName":{"other":"brasilianska cruzado","one":"brasiliansk cruzado"},"symbol":"BRC","narrow":"BRC"},"BRE":{"displayName":{"other":"brasilianska cruzeiro (1990–1993)","one":"brasiliansk cruzeiro (1990–1993)"},"symbol":"BRE","narrow":"BRE"},"BRL":{"displayName":{"other":"brasilianska real","one":"brasiliansk real"},"symbol":"BR$","narrow":"R$"},"BRN":{"displayName":{"other":"brasilianska cruzado novo","one":"brasiliansk cruzado novo"},"symbol":"BRN","narrow":"BRN"},"BRR":{"displayName":{"other":"brasilianska cruzeiros","one":"brasiliansk cruzeiro"},"symbol":"BRR","narrow":"BRR"},"BRZ":{"displayName":{"other":"brasilianska cruzeiros (1942–1967)","one":"brasiliansk cruzeiro (1942–1967)"},"symbol":"BRZ","narrow":"BRZ"},"BSD":{"displayName":{"other":"bahamanska dollar","one":"bahamansk dollar"},"symbol":"BS$","narrow":"$"},"BTN":{"displayName":{"other":"bhutanesiska ngultrum","one":"bhutanesisk ngultrum"},"symbol":"BTN","narrow":"BTN"},"BUK":{"displayName":{"other":"burmesiska kyat","one":"burmesisk kyat"},"symbol":"BUK","narrow":"BUK"},"BWP":{"displayName":{"other":"botswanska pula","one":"botswansk pula"},"symbol":"BWP","narrow":"P"},"BYB":{"displayName":{"other":"vitryska nya rubel (1994–1999)","one":"vitrysk rubel (1994–1999)"},"symbol":"BYB","narrow":"BYB"},"BYN":{"displayName":{"other":"vitryska rubel","one":"vitrysk rubel"},"symbol":"BYN","narrow":"р."},"BYR":{"displayName":{"other":"vitryska rubel (2000–2016)","one":"vitrysk rubel (2000–2016)"},"symbol":"BYR","narrow":"BYR"},"BZD":{"displayName":{"other":"beliziska dollar","one":"belizisk dollar"},"symbol":"BZ$","narrow":"$"},"CAD":{"displayName":{"other":"kanadensiska dollar","one":"kanadensisk dollar"},"symbol":"CA$","narrow":"$"},"CDF":{"displayName":{"other":"kongolesiska franc","one":"kongolesisk franc"},"symbol":"CDF","narrow":"CDF"},"CHE":{"displayName":{"other":"euro (konvertibelt konto, WIR Bank, Schweiz)","one":"euro (WIR Bank)"},"symbol":"CHE","narrow":"CHE"},"CHF":{"displayName":{"other":"schweiziska franc","one":"schweizisk franc"},"symbol":"CHF","narrow":"CHF"},"CHW":{"displayName":{"other":"franc (konvertibelt konto, WIR Bank, Schweiz)","one":"franc (WIR Bank)"},"symbol":"CHW","narrow":"CHW"},"CLE":{"displayName":{"other":"chilenska escudos (1960–1975)","one":"chilensk escudo (1960–1975)"},"symbol":"CLE","narrow":"CLE"},"CLF":{"displayName":{"other":"chilenska unidad de fomento","one":"chilensk unidad de fomento"},"symbol":"CLF","narrow":"CLF"},"CLP":{"displayName":{"other":"chilenska pesos","one":"chilensk peso"},"symbol":"CLP","narrow":"$"},"CNH":{"displayName":{"other":"kinesisk yuan (offshore)"},"symbol":"CNH","narrow":"CNH"},"CNX":{"displayName":{"other":"kinesiska dollar","one":"kinesisk dollar"},"symbol":"CNX","narrow":"CNX"},"CNY":{"displayName":{"other":"kinesiska yuan","one":"kinesisk yuan"},"symbol":"CNY","narrow":"¥"},"COP":{"displayName":{"other":"colombianska pesos","one":"colombiansk peso"},"symbol":"COP","narrow":"$"},"COU":{"displayName":{"other":"colombianska unidad de valor real","one":"colombiansk unidad de valor real"},"symbol":"COU","narrow":"COU"},"CRC":{"displayName":{"other":"costarikanska colón","one":"costarikansk colón"},"symbol":"CRC","narrow":"₡"},"CSD":{"displayName":{"other":"serbiska dinarer (2002–2006)","one":"serbisk dinar (2002–2006)"},"symbol":"CSD","narrow":"CSD"},"CSK":{"displayName":{"other":"tjeckiska hårda koruna","one":"tjeckoslovakisk hård koruna"},"symbol":"CSK","narrow":"CSK"},"CUC":{"displayName":{"other":"kubanska pesos (konvertibla)","one":"kubansk peso (konvertibel)"},"symbol":"CUC","narrow":"$"},"CUP":{"displayName":{"other":"kubanska pesos","one":"kubansk peso"},"symbol":"CUP","narrow":"$"},"CVE":{"displayName":{"other":"kapverdiska escudos","one":"kapverdisk escudo"},"symbol":"CVE","narrow":"CVE"},"CYP":{"displayName":{"other":"cypriotiska pund","one":"cypriotiskt pund"},"symbol":"CYP","narrow":"CYP"},"CZK":{"displayName":{"other":"tjeckiska koruna","one":"tjeckisk koruna"},"symbol":"CZK","narrow":"Kč"},"DDM":{"displayName":{"other":"östtyska mark","one":"östtysk mark"},"symbol":"DDM","narrow":"DDM"},"DEM":{"displayName":{"other":"tyska mark","one":"tysk mark"},"symbol":"DEM","narrow":"DEM"},"DJF":{"displayName":{"other":"djiboutiska franc","one":"djiboutisk franc"},"symbol":"DJF","narrow":"DJF"},"DKK":{"displayName":{"other":"danska kronor","one":"dansk krona"},"symbol":"Dkr","narrow":"kr"},"DOP":{"displayName":{"other":"dominikanska pesos","one":"dominikansk peso"},"symbol":"RD$","narrow":"$"},"DZD":{"displayName":{"other":"algeriska dinarer","one":"algerisk dinar"},"symbol":"DZD","narrow":"DZD"},"ECS":{"displayName":{"other":"ecuadorianska sucre","one":"ecuadoriansk sucre"},"symbol":"ECS","narrow":"ECS"},"ECV":{"displayName":{"other":"ecuadorianska unidad de valor constante","one":"ecuadoriansk unidad de valor constante"},"symbol":"ECV","narrow":"ECV"},"EEK":{"displayName":{"other":"estniska kronor","one":"estnisk krona"},"symbol":"Ekr","narrow":"Ekr"},"EGP":{"displayName":{"other":"egyptiska pund","one":"egyptiskt pund"},"symbol":"EG£","narrow":"E£"},"ERN":{"displayName":{"other":"eritreanska nakfa","one":"eritreansk nakfa"},"symbol":"ERN","narrow":"ERN"},"ESA":{"displayName":{"other":"spanska pesetas (konto)","one":"spansk peseta (konto)"},"symbol":"ESA","narrow":"ESA"},"ESB":{"displayName":{"other":"spanska pesetas (konvertibelt konto)","one":"spansk peseta (konvertibelt konto)"},"symbol":"ESB","narrow":"ESB"},"ESP":{"displayName":{"other":"spanska pesetas","one":"spansk peseta"},"symbol":"ESP","narrow":"ESP"},"ETB":{"displayName":{"other":"etiopiska birr","one":"etiopisk birr"},"symbol":"ETB","narrow":"ETB"},"EUR":{"displayName":{"other":"euro"},"symbol":"€","narrow":"€"},"FIM":{"displayName":{"other":"finska mark","one":"finsk mark"},"symbol":"FIM","narrow":"FIM"},"FJD":{"displayName":{"other":"Fijidollar"},"symbol":"FJD","narrow":"$"},"FKP":{"displayName":{"other":"Falklandspund"},"symbol":"FKP","narrow":"£"},"FRF":{"displayName":{"other":"franska franc","one":"fransk franc"},"symbol":"FRF","narrow":"FRF"},"GBP":{"displayName":{"other":"brittiska pund","one":"brittiskt pund"},"symbol":"GBP","narrow":"£"},"GEK":{"displayName":{"other":"georgiska kupon larit","one":"georgisk kupon larit"},"symbol":"GEK","narrow":"GEK"},"GEL":{"displayName":{"other":"georgiska lari","one":"georgisk lari"},"symbol":"GEL","narrow":"₾"},"GHC":{"displayName":{"other":"ghananska cedi (1979–2007)","one":"ghanansk cedi (1979–2007)"},"symbol":"GHC","narrow":"GHC"},"GHS":{"displayName":{"other":"ghananska cedi","one":"ghanansk cedi"},"symbol":"GHS","narrow":"GH₵"},"GIP":{"displayName":{"other":"gibraltiska pund","one":"gibraltiskt pund"},"symbol":"GIP","narrow":"£"},"GMD":{"displayName":{"other":"gambiska dalasi","one":"gambisk dalasi"},"symbol":"GMD","narrow":"GMD"},"GNF":{"displayName":{"other":"guineanska franc","one":"guineansk franc"},"symbol":"GNF","narrow":"FG"},"GNS":{"displayName":{"other":"guineanska syli","one":"guineansk syli"},"symbol":"GNS","narrow":"GNS"},"GQE":{"displayName":{"other":"ekvatorialguineanska ekweler","one":"ekvatorialguineansk ekwele"},"symbol":"GQE","narrow":"GQE"},"GRD":{"displayName":{"other":"grekiska drachmer","one":"grekisk drachma"},"symbol":"GRD","narrow":"GRD"},"GTQ":{"displayName":{"other":"guatemalanska quetzal","one":"guatemalansk quetzal"},"symbol":"GTQ","narrow":"Q"},"GWE":{"displayName":{"other":"Portugisiska Guinea-escudos","one":"Portugisiska Guinea-escudo"},"symbol":"GWE","narrow":"GWE"},"GWP":{"displayName":{"other":"Guinea-Bissau-pesos","one":"Guinea-Bissau-peso"},"symbol":"GWP","narrow":"GWP"},"GYD":{"displayName":{"other":"Guyanadollar"},"symbol":"GYD","narrow":"$"},"HKD":{"displayName":{"other":"Hongkongdollar"},"symbol":"HKD","narrow":"$"},"HNL":{"displayName":{"other":"honduranska lempira","one":"honduransk lempira"},"symbol":"HNL","narrow":"L"},"HRD":{"displayName":{"other":"kroatiska dinarer","one":"kroatisk dinar"},"symbol":"HRD","narrow":"HRD"},"HRK":{"displayName":{"other":"kroatiska kunor","one":"kroatisk kuna"},"symbol":"HRK","narrow":"kn"},"HTG":{"displayName":{"other":"haitiska gourder","one":"haitisk gourde"},"symbol":"HTG","narrow":"HTG"},"HUF":{"displayName":{"other":"ungerska forinter","one":"ungersk forint"},"symbol":"HUF","narrow":"Ft"},"IDR":{"displayName":{"other":"indonesiska rupier","one":"indonesisk rupie"},"symbol":"IDR","narrow":"Rp"},"IEP":{"displayName":{"other":"irländska pund","one":"irländskt pund"},"symbol":"IE£","narrow":"IE£"},"ILP":{"displayName":{"other":"israeliska pund","one":"israeliskt pund"},"symbol":"ILP","narrow":"ILP"},"ILR":{"displayName":{"other":"israeliska shekel (1980–1985)","one":"israelisk shekel (1980–1985)"},"symbol":"ILR","narrow":"ILR"},"ILS":{"displayName":{"other":"israeliska nya shekel","one":"israelisk ny shekel"},"symbol":"₪","narrow":"₪"},"INR":{"displayName":{"other":"indiska rupier","one":"indisk rupie"},"symbol":"INR","narrow":"₹"},"IQD":{"displayName":{"other":"irakiska dinarer","one":"irakisk dinar"},"symbol":"IQD","narrow":"IQD"},"IRR":{"displayName":{"other":"iranska rial","one":"iransk rial"},"symbol":"IRR","narrow":"IRR"},"ISJ":{"displayName":{"other":"isländska kronor (1874–1981)","one":"isländsk gammal krona"},"symbol":"ISJ","narrow":"ISJ"},"ISK":{"displayName":{"other":"isländska kronor","one":"isländsk krona"},"symbol":"Ikr","narrow":"kr"},"ITL":{"displayName":{"other":"italienska lire","one":"italiensk lire"},"symbol":"ITL","narrow":"ITL"},"JMD":{"displayName":{"other":"jamaicansk dollar","one":"Jamaica-dollar"},"symbol":"JM$","narrow":"$"},"JOD":{"displayName":{"other":"jordanska dinarer","one":"jordansk dinar"},"symbol":"JOD","narrow":"JOD"},"JPY":{"displayName":{"other":"japanska yen","one":"japansk yen"},"symbol":"JPY","narrow":"¥"},"KES":{"displayName":{"other":"kenyanska shilling","one":"kenyansk shilling"},"symbol":"KES","narrow":"KES"},"KGS":{"displayName":{"other":"kirgiziska somer","one":"kirgizisk som"},"symbol":"KGS","narrow":"KGS"},"KHR":{"displayName":{"other":"kambodjanska riel","one":"kambodjansk riel"},"symbol":"KHR","narrow":"៛"},"KMF":{"displayName":{"other":"komoriska franc","one":"komorisk franc"},"symbol":"KMF","narrow":"CF"},"KPW":{"displayName":{"other":"nordkoreanska won","one":"nordkoreansk won"},"symbol":"KPW","narrow":"₩"},"KRH":{"displayName":{"other":"sydkoreanska hwan (1953–1962)","one":"sydkoreansk hwan (1953–1962)"},"symbol":"KRH","narrow":"KRH"},"KRO":{"displayName":{"other":"sydkoreanska won (1945–1953)","one":"sydkoreansk won (1945–1953)"},"symbol":"KRO","narrow":"KRO"},"KRW":{"displayName":{"other":"sydkoreanska won","one":"sydkoreansk won"},"symbol":"KRW","narrow":"₩"},"KWD":{"displayName":{"other":"kuwaitiska dinarer","one":"kuwaitisk dinar"},"symbol":"KWD","narrow":"KWD"},"KYD":{"displayName":{"other":"caymansk dollar"},"symbol":"KYD","narrow":"$"},"KZT":{"displayName":{"other":"kazakiska tenge","one":"kazakisk tenge"},"symbol":"KZT","narrow":"₸"},"LAK":{"displayName":{"other":"laotiska kip","one":"laotisk kip"},"symbol":"LAK","narrow":"₭"},"LBP":{"displayName":{"other":"libanesiska pund","one":"libanesiskt pund"},"symbol":"LBP","narrow":"L£"},"LKR":{"displayName":{"other":"srilankesiska rupier","one":"srilankesisk rupie"},"symbol":"LKR","narrow":"Rs"},"LRD":{"displayName":{"other":"liberianska dollar","one":"liberiansk dollar"},"symbol":"LRD","narrow":"$"},"LSL":{"displayName":{"other":"lesothiska lotier","one":"lesothisk loti"},"symbol":"LSL","narrow":"LSL"},"LTL":{"displayName":{"other":"litauiska litai","one":"litauisk litas"},"symbol":"LTL","narrow":"Lt"},"LTT":{"displayName":{"other":"litauiska talonas","one":"litauisk talonas"},"symbol":"LTT","narrow":"LTT"},"LUC":{"displayName":{"other":"luxemburgska franc (konvertibla)","one":"luxemburgsk franc (konvertibel)"},"symbol":"LUC","narrow":"LUC"},"LUF":{"displayName":{"other":"luxemburgska franc","one":"luxemburgsk franc"},"symbol":"LUF","narrow":"LUF"},"LUL":{"displayName":{"other":"luxemburgska franc (finansiella)","one":"luxemburgsk franc (finansiell)"},"symbol":"LUL","narrow":"LUL"},"LVL":{"displayName":{"other":"lettiska lati","one":"lettisk lats"},"symbol":"LVL","narrow":"Ls"},"LVR":{"displayName":{"other":"lettiska rubel","one":"lettisk rubel"},"symbol":"LVR","narrow":"LVR"},"LYD":{"displayName":{"other":"libyska dinarer","one":"libysk dinar"},"symbol":"LYD","narrow":"LYD"},"MAD":{"displayName":{"other":"marockanska dirhamer","one":"marockansk dirham"},"symbol":"MAD","narrow":"MAD"},"MAF":{"displayName":{"other":"marockanska franc","one":"marockansk franc"},"symbol":"MAF","narrow":"MAF"},"MCF":{"displayName":{"other":"monegaskiska franc (–2001)","one":"monegaskisk franc (–2001)"},"symbol":"MCF","narrow":"MCF"},"MDC":{"displayName":{"other":"moldaviska cupon (1992–1993)","one":"moldavisk cupon (1992–1993)"},"symbol":"MDC","narrow":"MDC"},"MDL":{"displayName":{"other":"moldaviska lei","one":"moldavisk leu"},"symbol":"MDL","narrow":"MDL"},"MGA":{"displayName":{"other":"madagaskiska ariary","one":"madagaskisk ariary"},"symbol":"MGA","narrow":"Ar"},"MGF":{"displayName":{"other":"madagaskiska franc","one":"madagaskisk franc"},"symbol":"MGF","narrow":"MGF"},"MKD":{"displayName":{"other":"makedoniska denarer","one":"makedonisk denar"},"symbol":"MKD","narrow":"MKD"},"MKN":{"displayName":{"other":"makedoniska denarer (1992–1993)","one":"makedonisk denar (1992–1993)"},"symbol":"MKN","narrow":"MKN"},"MLF":{"displayName":{"other":"maliska franc","one":"malisk franc"},"symbol":"MLF","narrow":"MLF"},"MMK":{"displayName":{"other":"myanmariska kyat","one":"myanmarisk kyat"},"symbol":"MMK","narrow":"K"},"MNT":{"displayName":{"other":"mongoliska tögrög","one":"mongolisk tögrög"},"symbol":"MNT","narrow":"₮"},"MOP":{"displayName":{"other":"makanesiska pataca","one":"makanesisk pataca"},"symbol":"MOP","narrow":"MOP"},"MRO":{"displayName":{"other":"mauretanska ouguiya (1973–2017)","one":"mauretansk ouguiya (1973–2017)"},"symbol":"MRO","narrow":"MRO"},"MRU":{"displayName":{"other":"mauretanska ouguiya","one":"mauretansk ouguiya"},"symbol":"MRU","narrow":"MRU"},"MTL":{"displayName":{"other":"maltesiska lire","one":"maltesisk lire"},"symbol":"MTL","narrow":"MTL"},"MTP":{"displayName":{"other":"maltesiska pund","one":"maltesiskt pund"},"symbol":"MTP","narrow":"MTP"},"MUR":{"displayName":{"other":"mauritiska rupier","one":"mauritisk rupie"},"symbol":"MUR","narrow":"Rs"},"MVP":{"displayName":{"other":"maldiviska rupier","one":"maldivisk rupie"},"symbol":"MVP","narrow":"MVP"},"MVR":{"displayName":{"other":"maldiviska rufiyer","one":"maldivisk rufiyaa"},"symbol":"MVR","narrow":"MVR"},"MWK":{"displayName":{"other":"malawiska kwacha","one":"malawisk kwacha"},"symbol":"MWK","narrow":"MWK"},"MXN":{"displayName":{"other":"mexikanska pesos","one":"mexikansk peso"},"symbol":"MX$","narrow":"$"},"MXP":{"displayName":{"other":"mexikanska silverpesos (1861–1992)","one":"mexikansk silverpeso (1861–1992)"},"symbol":"MXP","narrow":"MXP"},"MXV":{"displayName":{"other":"mexikanska unidad de inversion","one":"mexikansk unidad de inversion"},"symbol":"MXV","narrow":"MXV"},"MYR":{"displayName":{"other":"malaysiska ringgiter","one":"malaysisk ringgit"},"symbol":"MYR","narrow":"RM"},"MZE":{"displayName":{"other":"moçambikiska escudos","one":"moçambikisk escudo (1914–1980)"},"symbol":"MZE","narrow":"MZE"},"MZM":{"displayName":{"other":"gammla moçambikiska metical","one":"moçambikisk metical (1980–2006)"},"symbol":"MZM","narrow":"MZM"},"MZN":{"displayName":{"other":"moçambikiska metical","one":"moçambikisk metical"},"symbol":"MZN","narrow":"MZN"},"NAD":{"displayName":{"other":"namibiska dollar","one":"namibisk dollar"},"symbol":"NAD","narrow":"$"},"NGN":{"displayName":{"other":"nigerianska naira","one":"nigeriansk naira"},"symbol":"NGN","narrow":"₦"},"NIC":{"displayName":{"other":"nicaraguanska córdobas (1988–1991)","one":"nicaraguansk córdoba (1998–1991)"},"symbol":"NIC","narrow":"NIC"},"NIO":{"displayName":{"other":"nicaraguanska córdobas","one":"nicaraguansk córdoba"},"symbol":"NIO","narrow":"C$"},"NLG":{"displayName":{"other":"nederländska gulden","one":"nederländsk gulden"},"symbol":"NLG","narrow":"NLG"},"NOK":{"displayName":{"other":"norska kronor","one":"norsk krona"},"symbol":"Nkr","narrow":"kr"},"NPR":{"displayName":{"other":"nepalesiska rupier","one":"nepalesisk rupie"},"symbol":"NPR","narrow":"Rs"},"NZD":{"displayName":{"other":"nyzeeländska dollar","one":"nyzeeländsk dollar"},"symbol":"NZD","narrow":"$"},"OMR":{"displayName":{"other":"omanska rial","one":"omansk rial"},"symbol":"OMR","narrow":"OMR"},"PAB":{"displayName":{"other":"panamanska balboa","one":"panamansk balboa"},"symbol":"PAB","narrow":"PAB"},"PEI":{"displayName":{"other":"peruanska intier","one":"peruansk inti"},"symbol":"PEI","narrow":"PEI"},"PEN":{"displayName":{"other":"peruanska sol","one":"peruansk sol"},"symbol":"PEN","narrow":"PEN"},"PES":{"displayName":{"other":"peruanska sol (1863–1965)","one":"peruansk sol (1863–1965)"},"symbol":"PES","narrow":"PES"},"PGK":{"displayName":{"other":"papuanska kinor","one":"papuansk kina"},"symbol":"PGK","narrow":"PGK"},"PHP":{"displayName":{"other":"filippinska pesos","one":"filippinsk peso"},"symbol":"PHP","narrow":"₱"},"PKR":{"displayName":{"other":"pakistanska rupier","one":"pakistansk rupie"},"symbol":"PKR","narrow":"Rs"},"PLN":{"displayName":{"other":"polska zloty","one":"polsk zloty"},"symbol":"PLN","narrow":"zł"},"PLZ":{"displayName":{"other":"polska zloty (1950–1995)","one":"polsk zloty (1950–1995)"},"symbol":"PLZ","narrow":"PLZ"},"PTE":{"displayName":{"other":"portugisiska escudos","one":"portugisisk escudo"},"symbol":"PTE","narrow":"PTE"},"PYG":{"displayName":{"other":"paraguayska guarani","one":"paraguayansk guarani"},"symbol":"PYG","narrow":"₲"},"QAR":{"displayName":{"other":"qatariska rial","one":"qatarisk rial"},"symbol":"QAR","narrow":"QAR"},"RHD":{"displayName":{"other":"rhodesiska dollar","one":"rhodesisk dollar"},"symbol":"RHD","narrow":"RHD"},"ROL":{"displayName":{"other":"rumänska leu (1952–2005)","one":"rumänsk leu (1952–2005)"},"symbol":"ROL","narrow":"ROL"},"RON":{"displayName":{"other":"rumänska lei","one":"rumänsk leu"},"symbol":"RON","narrow":"L"},"RSD":{"displayName":{"other":"serbiska dinarer","one":"serbisk dinar"},"symbol":"RSD","narrow":"RSD"},"RUB":{"displayName":{"other":"ryska rubel","one":"rysk rubel"},"symbol":"RUB","narrow":"₽"},"RUR":{"displayName":{"other":"ryska rubel (1991–1998)","one":"rysk rubel (1991–1998)"},"symbol":"RUR","narrow":"р."},"RWF":{"displayName":{"other":"rwandiska franc","one":"rwandisk franc"},"symbol":"RWF","narrow":"RF"},"SAR":{"displayName":{"other":"saudiska riyal","one":"saudisk riyal"},"symbol":"SAR","narrow":"SAR"},"SBD":{"displayName":{"other":"Salomondollar"},"symbol":"SBD","narrow":"$"},"SCR":{"displayName":{"other":"seychelliska rupier","one":"seychellisk rupie"},"symbol":"SCR","narrow":"SCR"},"SDD":{"displayName":{"other":"sudanska dinarer (1992–2007)","one":"sudansk dinar (1992–2007)"},"symbol":"SDD","narrow":"SDD"},"SDG":{"displayName":{"other":"sudanesiska pund","one":"sudanesiskt pund"},"symbol":"SDG","narrow":"SDG"},"SDP":{"displayName":{"other":"sudanska pund (1916–1992)","one":"sudanskt pund (1916–1992)"},"symbol":"SDP","narrow":"SDP"},"SEK":{"displayName":{"other":"svenska kronor","one":"svensk krona"},"symbol":"kr","narrow":"kr"},"SGD":{"displayName":{"other":"singaporianska dollar","one":"singaporiansk dollar"},"symbol":"SGD","narrow":"$"},"SHP":{"displayName":{"other":"sankthelenskt pund"},"symbol":"SHP","narrow":"£"},"SIT":{"displayName":{"other":"slovenska tolar","one":"slovensk tolar"},"symbol":"SIT","narrow":"SIT"},"SKK":{"displayName":{"other":"slovakiska korunor","one":"slovakisk krona"},"symbol":"SKK","narrow":"SKK"},"SLL":{"displayName":{"other":"sierraleonska leoner","one":"sierraleonsk leone"},"symbol":"SLL","narrow":"SLL"},"SOS":{"displayName":{"other":"somaliska shilling","one":"somalisk shilling"},"symbol":"SOS","narrow":"SOS"},"SRD":{"displayName":{"other":"surinamesiska dollar","one":"surinamesisk dollar"},"symbol":"SRD","narrow":"$"},"SRG":{"displayName":{"other":"surinamesiska gulden","one":"surinamesisk gulden"},"symbol":"SRG","narrow":"SRG"},"SSP":{"displayName":{"other":"sydsudanesiska pund","one":"sydsudanesiskt pund"},"symbol":"SSP","narrow":"£"},"STD":{"displayName":{"other":"saotomeanska dobra (1977–2017)","one":"saotomeansk dobra (1977–2017)"},"symbol":"STD","narrow":"STD"},"STN":{"displayName":{"other":"saotomeanska dobra","one":"saotomeansk dobra"},"symbol":"STN","narrow":"Db"},"SUR":{"displayName":{"other":"sovjetiska rubler","one":"sovjetisk rubel"},"symbol":"SUR","narrow":"SUR"},"SVC":{"displayName":{"other":"salvadoranska colón","one":"salvadoransk colón"},"symbol":"SVC","narrow":"SVC"},"SYP":{"displayName":{"other":"syriska pund","one":"syriskt pund"},"symbol":"SYP","narrow":"£"},"SZL":{"displayName":{"other":"swaziländska lilangeni","one":"swaziländsk lilangeni"},"symbol":"SZL","narrow":"SZL"},"THB":{"displayName":{"other":"thailändska baht","one":"thailändsk baht"},"symbol":"THB","narrow":"฿"},"TJR":{"displayName":{"other":"tadzjikiska rubler","one":"tadzjikisk rubel"},"symbol":"TJR","narrow":"TJR"},"TJS":{"displayName":{"other":"tadzjikiska somoni","one":"tadzjikisk somoni"},"symbol":"TJS","narrow":"TJS"},"TMM":{"displayName":{"other":"turkmenistanska manat (1993–2009)","one":"turkmenistansk manat (1993–2009)"},"symbol":"TMM","narrow":"TMM"},"TMT":{"displayName":{"other":"turkmenistanska manat","one":"turkmenistansk manat"},"symbol":"TMT","narrow":"TMT"},"TND":{"displayName":{"other":"tunisiska dinarer","one":"tunisisk dinar"},"symbol":"TND","narrow":"TND"},"TOP":{"displayName":{"other":"tonganska paʻanga","one":"tongansk paʻanga"},"symbol":"TOP","narrow":"T$"},"TPE":{"displayName":{"other":"östtimoresiska escudos","one":"östtimoresisk escudo"},"symbol":"TPE","narrow":"TPE"},"TRL":{"displayName":{"other":"turkiska lire (1922–2005)","one":"turkisk lire (1922–2005)"},"symbol":"TRL","narrow":"TRL"},"TRY":{"displayName":{"other":"turkiska lira","one":"turkisk lira"},"symbol":"TRY","narrow":"₺"},"TTD":{"displayName":{"other":"Trinidaddollar"},"symbol":"TTD","narrow":"$"},"TWD":{"displayName":{"other":"taiwanesisk dollar"},"symbol":"TWD","narrow":"NT$"},"TZS":{"displayName":{"other":"tanzaniska shilling","one":"tanzanisk shilling"},"symbol":"TZS","narrow":"TZS"},"UAH":{"displayName":{"other":"ukrainska hryvnia","one":"ukrainsk hryvnia"},"symbol":"UAH","narrow":"₴"},"UAK":{"displayName":{"other":"ukrainska karbovanetz (1992–1996)","one":"ukrainsk karbovanetz (1992–1996)"},"symbol":"UAK","narrow":"UAK"},"UGS":{"displayName":{"other":"ugandiska shilling (1966–1987)","one":"ugandisk shilling (1966–1987)"},"symbol":"UGS","narrow":"UGS"},"UGX":{"displayName":{"other":"ugandiska shilling","one":"ugandisk shilling"},"symbol":"UGX","narrow":"UGX"},"USD":{"displayName":{"other":"amerikansk dollar"},"symbol":"US$","narrow":"$"},"USN":{"displayName":{"other":"US-dollar (nästa dag)"},"symbol":"USN","narrow":"USN"},"USS":{"displayName":{"other":"US-dollar (samma dag)"},"symbol":"USS","narrow":"USS"},"UYI":{"displayName":{"other":"uruguayanska pesos en unidades indexadas","one":"uruguayansk peso en unidades indexadas"},"symbol":"UYI","narrow":"UYI"},"UYP":{"displayName":{"other":"uruguayanska pesos (1975–1993)","one":"uruguayansk peso (1975–1993)"},"symbol":"UYP","narrow":"UYP"},"UYU":{"displayName":{"other":"uruguayanska pesos","one":"uruguayansk peso"},"symbol":"UYU","narrow":"$"},"UYW":{"displayName":{"other":"uruguayansk indexenhet för nominell lön"},"symbol":"UYW","narrow":"UYW"},"UZS":{"displayName":{"other":"uzbekiska sum","one":"uzbekisk sum"},"symbol":"UZS","narrow":"UZS"},"VEB":{"displayName":{"other":"venezuelanska bolivar (1871–2008)","one":"venezuelansk bolivar (1871–2008)"},"symbol":"VEB","narrow":"VEB"},"VEF":{"displayName":{"other":"venezuelanska bolívar (2008–2018)","one":"venezuelansk bolívar (2008–2018)"},"symbol":"VEF","narrow":"Bs"},"VES":{"displayName":{"other":"venezuelanska bolívar","one":"venezuelansk bolívar"},"symbol":"VES","narrow":"VES"},"VND":{"displayName":{"other":"vietnamesiska dong","one":"vietnamesisk dong"},"symbol":"VND","narrow":"₫"},"VNN":{"displayName":{"other":"vietnamesiska dong (1978–1985)","one":"vietnamesisk dong (1978–1985)"},"symbol":"VNN","narrow":"VNN"},"VUV":{"displayName":{"other":"vanuatiska vatu","one":"vanuatisk vatu"},"symbol":"VUV","narrow":"VUV"},"WST":{"displayName":{"other":"västsamoanska tala","one":"västsamoansk tala"},"symbol":"WST","narrow":"WST"},"XAF":{"displayName":{"other":"centralafrikanska franc","one":"centralafrikansk franc"},"symbol":"FCFA","narrow":"FCFA"},"XAG":{"displayName":{"other":"silveruns","one":"uns silver"},"symbol":"XAG","narrow":"XAG"},"XAU":{"displayName":{"other":"gulduns","one":"uns guld"},"symbol":"XAU","narrow":"XAU"},"XBA":{"displayName":{"other":"europeiska kompositenheter","one":"europeisk kompositenhet"},"symbol":"XBA","narrow":"XBA"},"XBB":{"displayName":{"other":"europeiska monetära enheter","one":"europeisk monetär enhet"},"symbol":"XBB","narrow":"XBB"},"XBC":{"displayName":{"other":"europeiska kontoenheter (XBC)","one":"europeisk kontoenhet (XBC)"},"symbol":"XBC","narrow":"XBC"},"XBD":{"displayName":{"other":"europeiska kontoenheter (XBD)","one":"europeisk kontoenhet (XBD)"},"symbol":"XBD","narrow":"XBD"},"XCD":{"displayName":{"other":"östkaribiska dollar","one":"östkaribisk dollar"},"symbol":"EC$","narrow":"$"},"XDR":{"displayName":{"other":"IMF särskilda dragningsrätter","one":"IMF särskild dragningsrätt"},"symbol":"XDR","narrow":"XDR"},"XEU":{"displayName":{"other":"europeiska valutaenheter","one":"europeisk valutaenhet"},"symbol":"XEU","narrow":"XEU"},"XFO":{"displayName":{"other":"franska guldfranc","one":"fransk guldfranc"},"symbol":"XFO","narrow":"XFO"},"XFU":{"displayName":{"other":"internationella järnvägsunionens franc"},"symbol":"XFU","narrow":"XFU"},"XOF":{"displayName":{"other":"västafrikanska franc","one":"västafrikansk franc"},"symbol":"F CFA","narrow":"F CFA"},"XPD":{"displayName":{"other":"palladium","one":"uns palladium"},"symbol":"XPD","narrow":"XPD"},"XPF":{"displayName":{"other":"CFP-franc"},"symbol":"CFPF","narrow":"CFPF"},"XPT":{"displayName":{"other":"platina","one":"uns platina"},"symbol":"XPT","narrow":"XPT"},"XRE":{"displayName":{"other":"RINET-fond"},"symbol":"XRE","narrow":"XRE"},"XSU":{"displayName":{"other":"latinamerikanska sucre","one":"latinamerikansk sucre"},"symbol":"XSU","narrow":"XSU"},"XTS":{"displayName":{"other":"testvalutaenheter","one":"testvalutaenhet"},"symbol":"XTS","narrow":"XTS"},"XUA":{"displayName":{"other":"afrikanska kontoenheter","one":"afrikansk kontoenhet"},"symbol":"XUA","narrow":"XUA"},"XXX":{"displayName":{"other":"(okända valutaenheter)","one":"(okänd valutaenhet)"},"symbol":"¤","narrow":"¤"},"YDD":{"displayName":{"other":"jemenitiska dinarer","one":"jemenitisk dinar"},"symbol":"YDD","narrow":"YDD"},"YER":{"displayName":{"other":"jemenitiska rial","one":"jemenitisk rial"},"symbol":"YER","narrow":"YER"},"YUD":{"displayName":{"other":"jugoslaviska dinarer (1966–1990)","one":"jugoslavisk dinar (1966–1990)"},"symbol":"YUD","narrow":"YUD"},"YUM":{"displayName":{"other":"jugoslaviska dinarer (1994–2002)","one":"jugoslavisk dinar (1994–2002)"},"symbol":"YUM","narrow":"YUM"},"YUN":{"displayName":{"other":"jugoslaviska dinarer (1990–1992)","one":"jugoslavisk dinar (1990–1992)"},"symbol":"YUN","narrow":"YUN"},"YUR":{"displayName":{"other":"jugoslaviska dinarer (1992–1993)","one":"jugoslavisk dinar (1992–1993)"},"symbol":"YUR","narrow":"YUR"},"ZAL":{"displayName":{"other":"sydafrikanska rand (finansiella)","one":"sydafrikansk rand (finansiell)"},"symbol":"ZAL","narrow":"ZAL"},"ZAR":{"displayName":{"other":"sydafrikanska rand","one":"sydafrikansk rand"},"symbol":"ZAR","narrow":"R"},"ZMK":{"displayName":{"other":"zambiska kwacha (1968–2012)","one":"zambisk kwacha (1968–2012)"},"symbol":"ZMK","narrow":"ZMK"},"ZMW":{"displayName":{"other":"zambiska kwacha","one":"zambisk kwacha"},"symbol":"ZMW","narrow":"ZK"},"ZRN":{"displayName":{"other":"zaïriska nya zaïre","one":"zaïrisk ny zaïre"},"symbol":"ZRN","narrow":"ZRN"},"ZRZ":{"displayName":{"other":"zaïriska zaïre","one":"zaïrisk zaïre"},"symbol":"ZRZ","narrow":"ZRZ"},"ZWD":{"displayName":{"other":"Zimbabwe-dollar"},"symbol":"ZWD","narrow":"ZWD"},"ZWL":{"displayName":{"other":"Zimbabwe-dollar (2009)"},"symbol":"ZWL","narrow":"ZWL"},"ZWR":{"displayName":{"other":"Zimbabwe-dollar (2008)"},"symbol":"ZWR","narrow":"ZWR"}},"numbers":{"nu":["latn"],"symbols":{"latn":{"decimal":",","group":" ","list":";","percentSign":"%","plusSign":"+","minusSign":"−","approximatelySign":"~","exponential":"×10^","superscriptingExponent":"×","perMille":"‰","infinity":"∞","nan":"NaN","timeSeparator":":","timeSeparator-alt-variant":"."}},"percent":{"latn":"#,##0 %"},"decimal":{"latn":{"standard":"#,##0.###","long":{"1000":{"other":"0 tusen"},"10000":{"other":"00 tusen"},"100000":{"other":"000 tusen"},"1000000":{"other":"0 miljoner","one":"0 miljon"},"10000000":{"other":"00 miljoner","one":"00 miljon"},"100000000":{"other":"000 miljoner"},"1000000000":{"other":"0 miljarder","one":"0 miljard"},"10000000000":{"other":"00 miljarder"},"100000000000":{"other":"000 miljarder"},"1000000000000":{"other":"0 biljoner","one":"0 biljon"},"10000000000000":{"other":"00 biljoner"},"100000000000000":{"other":"000 biljoner"}},"short":{"1000":{"other":"0 tn"},"10000":{"other":"00 tn"},"100000":{"other":"000 tn"},"1000000":{"other":"0 mn"},"10000000":{"other":"00 mn"},"100000000":{"other":"000 mn"},"1000000000":{"other":"0 md"},"10000000000":{"other":"00 md"},"100000000000":{"other":"000 md"},"1000000000000":{"other":"0 bn"},"10000000000000":{"other":"00 bn"},"100000000000000":{"other":"000 bn"}}}},"currency":{"latn":{"currencySpacing":{"beforeInsertBetween":" ","afterInsertBetween":" "},"standard":"#,##0.00 ¤","accounting":"#,##0.00 ¤","unitPattern":"{0} {1}","short":{"1000":{"other":"0 tn ¤"},"10000":{"other":"00 tn ¤"},"100000":{"other":"000 tn ¤"},"1000000":{"other":"0 mn ¤"},"10000000":{"other":"00 mn ¤"},"100000000":{"other":"000 mn ¤"},"1000000000":{"other":"0 md ¤"},"10000000000":{"other":"00 md ¤"},"100000000000":{"other":"000 md ¤"},"1000000000000":{"other":"0 bn ¤"},"10000000000000":{"other":"00 bn ¤"},"100000000000000":{"other":"000 bn ¤"}}}}},"nu":["latn"]},"locale":"sv"}
