{"data":{"units":{"simple":{"degree":{"long":{"other":"{0} டிகிரி"},"short":{"other":"{0} டிகி."},"narrow":{"other":"{0}°"},"perUnit":{}},"hectare":{"long":{"other":"{0} ஹெக்டேர்"},"short":{"other":"{0} ஹெக்."},"narrow":{"other":"{0} ஹெக்."},"perUnit":{}},"acre":{"long":{"other":"{0} ஏக்கர்"},"short":{"other":"{0} ஏக்."},"narrow":{"other":"{0} ஏக்."},"perUnit":{}},"percent":{"long":{"other":"{0} சதவீதம்"},"short":{"other":"{0}%"},"narrow":{"other":"{0}%"},"perUnit":{}},"liter-per-kilometer":{"long":{"other":"{0} லிட்டர்கள்/கிலோமீட்டர்","one":"{0} லிட்டர்/கிலோமீட்டர்"},"short":{"other":"{0} லி./கி.மீ."},"narrow":{"other":"{0} லி./கி.மீ."},"perUnit":{}},"mile-per-gallon":{"long":{"other":"{0} மைல்கள்/கேலன்","one":"{0} மைல்/கேலன்"},"short":{"other":"{0} மை./கே."},"narrow":{"other":"{0} மை./கே."},"perUnit":{}},"petabyte":{"long":{"other":"{0} பெடாபைட்கள்","one":"{0} பெடாபைட்"},"short":{"other":"{0} PB"},"narrow":{"other":"{0} PB"},"perUnit":{}},"terabyte":{"long":{"other":"{0} டெராபைட்கள்","one":"{0} டெராபைட்"},"short":{"other":"{0} TB"},"narrow":{"other":"{0} TB"},"perUnit":{}},"terabit":{"long":{"other":"{0} டெராபிட்கள்","one":"{0} டெராபிட்"},"short":{"other":"{0} Tb"},"narrow":{"other":"{0} Tb"},"perUnit":{}},"gigabyte":{"long":{"other":"{0} கிகாபைட்கள்","one":"{0} கிகாபைட்"},"short":{"other":"{0} GB"},"narrow":{"other":"{0} GB"},"perUnit":{}},"gigabit":{"long":{"other":"{0} கிகாபிட்கள்","one":"{0} கிகாபிட்"},"short":{"other":"{0} Gb"},"narrow":{"other":"{0} Gb"},"perUnit":{}},"megabyte":{"long":{"other":"{0} மெகாபைட்கள்","one":"{0} மெகாபைட்"},"short":{"other":"{0} MB"},"narrow":{"other":"{0} MB"},"perUnit":{}},"megabit":{"long":{"other":"{0} மெகாபிட்கள்","one":"{0} மெகாபிட்"},"short":{"other":"{0} Mb"},"narrow":{"other":"{0} Mb"},"perUnit":{}},"kilobyte":{"long":{"other":"{0} கிலோபைட்கள்","one":"{0} கிலோபைட்"},"short":{"other":"{0} kB"},"narrow":{"other":"{0} kB"},"perUnit":{}},"kilobit":{"long":{"other":"{0} கிலோபிட்கள்","one":"{0} கிலோபிட்"},"short":{"other":"{0} kb"},"narrow":{"other":"{0} kb"},"perUnit":{}},"byte":{"long":{"other":"{0} பைட்கள்","one":"{0} பைட்"},"short":{"other":"{0} பை."},"narrow":{"other":"{0} பை."},"perUnit":{}},"bit":{"long":{"other":"{0} பிட்கள்","one":"{0} பிட்"},"short":{"other":"{0} பிட்"},"narrow":{"other":"{0} பிட்"},"perUnit":{}},"year":{"long":{"other":"{0} ஆண்டுகள்","one":"{0} ஆண்டு"},"short":{"other":"{0} ஆண்டு.","one":"{0} ஆண்டு"},"narrow":{"other":"{0} ஆ"},"perUnit":{"long":"ஒரு வருடத்தில் {0}","short":"{0}/ஆ.","narrow":"{0}/ஆ."}},"month":{"long":{"other":"{0} மாதங்கள்","one":"{0} மாதம்"},"short":{"other":"{0} மாத.","one":"{0} மாதம்"},"narrow":{"other":"{0} மா"},"perUnit":{"long":"{0} / மாதம்","short":"{0}/மா","narrow":"{0}/மா"}},"week":{"long":{"other":"{0} வாரங்கள்","one":"{0} வாரம்"},"short":{"other":"{0} வார.","one":"{0} வாரம்"},"narrow":{"other":"{0} வா"},"perUnit":{"long":"{0} / வாரம்","short":"{0}/வா.","narrow":"{0}/வா."}},"day":{"long":{"other":"{0} நாட்கள்","one":"{0} நாள்"},"short":{"other":"{0} நாட்கள்","one":"{0} நாள்"},"narrow":{"other":"{0} நா"},"perUnit":{"long":"{0} / நாள்","short":"{0}/நா","narrow":"{0}/நா"}},"hour":{"long":{"other":"{0} மணிநேரங்கள்","one":"{0} மணிநேரம்"},"short":{"other":"{0} மணிநேரம்"},"narrow":{"other":"{0} ம.நே."},"perUnit":{"long":"{0} / மணிநேரம்","short":"{0} /ம.நே","narrow":"{0} /ம.நே"}},"minute":{"long":{"other":"{0} நிமிடங்கள்","one":"{0} நிமிடம்"},"short":{"other":"{0} நிமிட","one":"{0} நிமிடம்"},"narrow":{"other":"{0} நிமி."},"perUnit":{"long":"{0} / நிமிடம்","short":"{0}/நிமிட","narrow":"{0}/நிமி."}},"second":{"long":{"other":"{0} விநாடிகள்","one":"{0} விநாடி"},"short":{"other":"{0} விநாடிகள்","one":"{0} விநாடி"},"narrow":{"other":"{0} வி."},"perUnit":{"long":"{0}/விநாடி","short":"{0}/வி.","narrow":"{0}/வி."}},"millisecond":{"long":{"other":"{0} மில்லிவிநாடிகள்","one":"{0} மில்லிவிநாடி"},"short":{"other":"{0} மி.வி."},"narrow":{"other":"{0} மி.வி."},"perUnit":{}},"kilometer":{"long":{"other":"{0} கிலோமீட்டர்கள்","one":"{0} கிலோமீட்டர்"},"short":{"other":"{0} கி.மீ."},"narrow":{"other":"{0}கி.மீ."},"perUnit":{"long":"{0}/கிலோமீட்டர்","short":"{0}/கி.மீ.","narrow":"{0}/கி.மீ."}},"meter":{"long":{"other":"{0} மீட்டர்கள்","one":"{0} மீட்டர்"},"short":{"other":"{0} மீ."},"narrow":{"other":"{0}மீ."},"perUnit":{"long":"{0}/மீட்டர்","short":"{0}/மீ.","narrow":"{0}/மீ."}},"centimeter":{"long":{"other":"{0} சென்டிமீட்டர்கள்","one":"{0} சென்டிமீட்டர்"},"short":{"other":"{0} செ.மீ."},"narrow":{"other":"{0}செ.மீ."},"perUnit":{"long":"{0}/சென்டிமீட்டர்","short":"{0}/செ.மீ.","narrow":"{0}/செ.மீ."}},"millimeter":{"long":{"other":"{0} மில்லிமீட்டர்கள்","one":"{0} மில்லிமீட்டர்"},"short":{"other":"{0} மி.மீ."},"narrow":{"other":"{0}மி.மீ."},"perUnit":{}},"mile":{"long":{"other":"{0} மைல்கள்","one":"{0} மைல்"},"short":{"other":"{0} மை."},"narrow":{"other":"{0} மை."},"perUnit":{}},"yard":{"long":{"other":"{0} கெஜம்"},"short":{"other":"{0} கெஜ."},"narrow":{"other":"{0} நீட்."},"perUnit":{}},"foot":{"long":{"other":"{0} அடி"},"short":{"other":"{0} அடி"},"narrow":{"other":"{0} அடி"},"perUnit":{"long":"{0}/அடி","short":"{0}/அடி","narrow":"{0}/அடி"}},"inch":{"long":{"other":"{0} அங்குலங்கள்","one":"{0} அங்குலம்"},"short":{"other":"{0} அங்."},"narrow":{"other":"{0} அங்."},"perUnit":{"long":"{0}/அங்குலம்","short":"{0}/அங்.","narrow":"{0}/அங்."}},"mile-scandinavian":{"long":{"other":"{0} ஸ்கேண்டிநேவியன் மைல்கள்","one":"{0} ஸ்கேண்டிநேவியன் மைல்"},"short":{"other":"{0} ஸ்.மை."},"narrow":{"other":"{0} ஸ்.மை."},"perUnit":{}},"kilogram":{"long":{"other":"{0} கிலோகிராம்கள்","one":"{0} கிலோகிராம்"},"short":{"other":"{0} கி.கி."},"narrow":{"other":"{0}கி.கி."},"perUnit":{"long":"{0}/கிலோகிராம்","short":"{0}/கி.கி.","narrow":"{0}/கி.கி."}},"gram":{"long":{"other":"{0} கிராம்கள்","one":"{0} கிராம்"},"short":{"other":"{0} கி."},"narrow":{"other":"{0} கி."},"perUnit":{"long":"{0}/கிராம்","short":"{0}/கி.","narrow":"{0}/கி."}},"stone":{"long":{"other":"{0} ஸ்டோன்ஸ்","one":"{0} ஸ்டோன்"},"short":{"other":"{0} ஸ்டோ."},"narrow":{"other":"{0} ஸ்டோ."},"perUnit":{}},"pound":{"long":{"other":"{0} பவுண்டுகள்","one":"{0} பவுண்டு"},"short":{"other":"{0} பவு."},"narrow":{"other":"{0} பவு."},"perUnit":{"long":"{0}/பவுண்டு","short":"{0}/பவு.","narrow":"{0}/பவு."}},"ounce":{"long":{"other":"{0} அவுன்ஸ்கள்","one":"{0} அவுன்ஸ்"},"short":{"other":"{0} அவு."},"narrow":{"other":"{0} அவு."},"perUnit":{"long":"{0}/அவுன்ஸ்","short":"{0}/அவு.","narrow":"{0}/அவு."}},"kilometer-per-hour":{"long":{"other":"{0} கிலோமீட்டர்கள்/மணிநேரம்","one":"{0} கிலோமீட்டர்/மணிநேரம்"},"short":{"other":"{0} கி.மீ./ம.நே."},"narrow":{"other":"{0}கி.மீ./ம."},"perUnit":{}},"meter-per-second":{"long":{"other":"{0} மீட்டர்கள்/விநாடி","one":"{0} மீட்டர்/விநாடி"},"short":{"other":"{0} மீ/வி"},"narrow":{"other":"{0} மீ/வி"},"perUnit":{}},"mile-per-hour":{"long":{"other":"{0} மைல்கள்/மணிநேரம்","one":"{0} மைல்/மணிநேரம்"},"short":{"other":"{0} மை/ம.நே."},"narrow":{"other":"{0} மை/ம.நே."},"perUnit":{}},"celsius":{"long":{"other":"{0} டிகிரி செல்சியஸ்"},"short":{"other":"{0}°செ."},"narrow":{"other":"{0}°செ."},"perUnit":{}},"fahrenheit":{"long":{"other":"{0} டிகிரி ஃபாரன்ஹீட்"},"short":{"other":"{0}°ஃபா."},"narrow":{"other":"{0}°ஃபா."},"perUnit":{}},"liter":{"long":{"other":"{0} லிட்டர்கள்","one":"{0} லிட்டர்"},"short":{"other":"{0} லி."},"narrow":{"other":"{0}லி."},"perUnit":{"long":"{0}/லிட்டர்","short":"{0}/லி.","narrow":"{0}/லி."}},"milliliter":{"long":{"other":"{0} மில்லிலிட்டர்கள்","one":"{0} மில்லிலிட்டர்"},"short":{"other":"{0} மிலி"},"narrow":{"other":"{0} மிலி"},"perUnit":{}},"gallon":{"long":{"other":"{0} கேலன்கள்","one":"{0} கேலன்"},"short":{"other":"{0} கேல."},"narrow":{"other":"{0} கேல."},"perUnit":{"long":"{0}/கேலன்","short":"{0}/கேல.","narrow":"{0}/கேல."}},"fluid-ounce":{"long":{"other":"{0} திரவ அவுன்ஸ்"},"short":{"other":"{0} தி. அவு."},"narrow":{"other":"{0} தி. அவு."},"perUnit":{}}},"compound":{"per":{"long":"{0}/{1}","short":"{0}/{1}","narrow":"{0}/{1}"}}},"currencies":{"ADP":{"displayName":{"other":"ADP"},"symbol":"ADP","narrow":"ADP"},"AED":{"displayName":{"other":"ஐக்கிய அரபு எமிரேட்ஸ் திர்ஹாம்கள்","one":"ஐக்கிய அரபு எமிரேட்ஸ் திர்ஹாம்"},"symbol":"AED","narrow":"AED"},"AFA":{"displayName":{"other":"AFA"},"symbol":"AFA","narrow":"AFA"},"AFN":{"displayName":{"other":"ஆஃப்கான் ஆஃப்கானிகள்","one":"ஆஃப்கான் ஆஃப்கானி"},"symbol":"AFN","narrow":"؋"},"ALK":{"displayName":{"other":"ALK"},"symbol":"ALK","narrow":"ALK"},"ALL":{"displayName":{"other":"அல்பேனியன் லெகே","one":"அல்பேனியன் லெக்"},"symbol":"ALL","narrow":"ALL"},"AMD":{"displayName":{"other":"ஆர்மேனியன் ட்ராம்கள்","one":"ஆர்மேனியன் ட்ராம்"},"symbol":"AMD","narrow":"֏"},"ANG":{"displayName":{"other":"நெதர்லேண்ட்ஸ் அன்டிலியன் கில்டர்கள்","one":"நெதர்லேண்ட்ஸ் அன்டிலியன் கில்டர்"},"symbol":"ANG","narrow":"ANG"},"AOA":{"displayName":{"other":"அங்கோலன் க்வான்ஸாக்கள்","one":"அங்கோலன் க்வான்ஸா"},"symbol":"AOA","narrow":"Kz"},"AOK":{"displayName":{"other":"AOK"},"symbol":"AOK","narrow":"AOK"},"AON":{"displayName":{"other":"AON"},"symbol":"AON","narrow":"AON"},"AOR":{"displayName":{"other":"AOR"},"symbol":"AOR","narrow":"AOR"},"ARA":{"displayName":{"other":"ARA"},"symbol":"ARA","narrow":"ARA"},"ARL":{"displayName":{"other":"ARL"},"symbol":"ARL","narrow":"ARL"},"ARM":{"displayName":{"other":"ARM"},"symbol":"ARM","narrow":"ARM"},"ARP":{"displayName":{"other":"ARP"},"symbol":"ARP","narrow":"ARP"},"ARS":{"displayName":{"other":"அர்ஜென்டைன் பெசோக்கள்","one":"அர்ஜென்டைன் பெசோ"},"symbol":"ARS","narrow":"$"},"ATS":{"displayName":{"other":"ATS"},"symbol":"ATS","narrow":"ATS"},"AUD":{"displayName":{"other":"ஆஸ்திரேலிய டாலர்கள்","one":"ஆஸ்திரேலிய டாலர்"},"symbol":"A$","narrow":"$"},"AWG":{"displayName":{"other":"அருபன் ஃப்ளோரின்"},"symbol":"AWG","narrow":"AWG"},"AZM":{"displayName":{"other":"AZM"},"symbol":"AZM","narrow":"AZM"},"AZN":{"displayName":{"other":"அசர்பைஜானி மனத்கள்","one":"அஜர்பைசானி மனத்"},"symbol":"AZN","narrow":"₼"},"BAD":{"displayName":{"other":"BAD"},"symbol":"BAD","narrow":"BAD"},"BAM":{"displayName":{"other":"போஸ்னியா-ஹெர்ஸேகோவினா கன்வெர்டிபில் மார்க்குகள்","one":"போஸ்னியா-ஹெர்ஸேகோவினா கன்வெர்டிபில் மார்க்"},"symbol":"BAM","narrow":"KM"},"BAN":{"displayName":{"other":"BAN"},"symbol":"BAN","narrow":"BAN"},"BBD":{"displayName":{"other":"பார்பேடியன் டாலர்கள்","one":"பார்பேடியன் டாலர்"},"symbol":"BBD","narrow":"$"},"BDT":{"displayName":{"other":"பங்களாதேஷி டாகாக்கள்","one":"பங்களாதேஷி டாகா"},"symbol":"BDT","narrow":"৳"},"BEC":{"displayName":{"other":"BEC"},"symbol":"BEC","narrow":"BEC"},"BEF":{"displayName":{"other":"BEF"},"symbol":"BEF","narrow":"BEF"},"BEL":{"displayName":{"other":"BEL"},"symbol":"BEL","narrow":"BEL"},"BGL":{"displayName":{"other":"BGL"},"symbol":"BGL","narrow":"BGL"},"BGM":{"displayName":{"other":"BGM"},"symbol":"BGM","narrow":"BGM"},"BGN":{"displayName":{"other":"பல்கேரியன் லேவா","one":"பல்கேரியன் லேவ்"},"symbol":"BGN","narrow":"BGN"},"BGO":{"displayName":{"other":"BGO"},"symbol":"BGO","narrow":"BGO"},"BHD":{"displayName":{"other":"பஹ்ரைனி தினார்கள்","one":"பஹ்ரைனி தினார்"},"symbol":"BHD","narrow":"BHD"},"BIF":{"displayName":{"other":"புருண்டியன் ஃப்ராங்க்குகள்","one":"புருண்டியன் ஃப்ராங்க்"},"symbol":"BIF","narrow":"BIF"},"BMD":{"displayName":{"other":"பெர்முடன் டாலர்கள்","one":"பெர்முடன் டாலர்"},"symbol":"BMD","narrow":"$"},"BND":{"displayName":{"other":"புரூனே டாலர்கள்","one":"புரூனே டாலர்"},"symbol":"BND","narrow":"$"},"BOB":{"displayName":{"other":"பொலிவியன் பொலிவியானோக்கள்","one":"பொலிவியன் பொலிவியானோ"},"symbol":"BOB","narrow":"Bs"},"BOL":{"displayName":{"other":"BOL"},"symbol":"BOL","narrow":"BOL"},"BOP":{"displayName":{"other":"BOP"},"symbol":"BOP","narrow":"BOP"},"BOV":{"displayName":{"other":"BOV"},"symbol":"BOV","narrow":"BOV"},"BRB":{"displayName":{"other":"BRB"},"symbol":"BRB","narrow":"BRB"},"BRC":{"displayName":{"other":"BRC"},"symbol":"BRC","narrow":"BRC"},"BRE":{"displayName":{"other":"BRE"},"symbol":"BRE","narrow":"BRE"},"BRL":{"displayName":{"other":"பிரேசிலியன் ரியால்கள்","one":"பிரேசிலியன் ரியால்"},"symbol":"R$","narrow":"R$"},"BRN":{"displayName":{"other":"BRN"},"symbol":"BRN","narrow":"BRN"},"BRR":{"displayName":{"other":"BRR"},"symbol":"BRR","narrow":"BRR"},"BRZ":{"displayName":{"other":"BRZ"},"symbol":"BRZ","narrow":"BRZ"},"BSD":{"displayName":{"other":"பஹாமியன் டாலர்கள்","one":"பஹாமியன் டாலர்"},"symbol":"BSD","narrow":"$"},"BTN":{"displayName":{"other":"பூட்டானீஸ் குல்ட்ரம்கள்","one":"பூட்டானீஸ் குல்ட்ரம்"},"symbol":"BTN","narrow":"BTN"},"BUK":{"displayName":{"other":"BUK"},"symbol":"BUK","narrow":"BUK"},"BWP":{"displayName":{"other":"போட்ஸ்வானன் புலாக்கள்","one":"போட்ஸ்வானன் புலா"},"symbol":"BWP","narrow":"P"},"BYB":{"displayName":{"other":"BYB"},"symbol":"BYB","narrow":"BYB"},"BYN":{"displayName":{"other":"பெலருசியன் ரூபிள்கள்","one":"பெலருசியன் ரூபிள்"},"symbol":"BYN","narrow":"р."},"BYR":{"displayName":{"other":"பெலருசியன் ரூபிள்கள் (2000–2016)","one":"பெலருசியன் ரூபிள் (2000–2016)"},"symbol":"BYR","narrow":"BYR"},"BZD":{"displayName":{"other":"பெலீஸ் டாலர்கள்","one":"பெலீஸ் டாலர்"},"symbol":"BZD","narrow":"$"},"CAD":{"displayName":{"other":"கனடியன் டாலர்கள்","one":"கனடியன் டாலர்"},"symbol":"CA$","narrow":"$"},"CDF":{"displayName":{"other":"காங்கோலீஸ் ஃப்ராங்க்குகள்","one":"காங்கோலீஸ் ஃப்ராங்க்"},"symbol":"CDF","narrow":"CDF"},"CHE":{"displayName":{"other":"CHE"},"symbol":"CHE","narrow":"CHE"},"CHF":{"displayName":{"other":"சுவிஸ் ஃப்ராங்குகள்","one":"சுவிஸ் ஃப்ராங்க்"},"symbol":"CHF","narrow":"CHF"},"CHW":{"displayName":{"other":"CHW"},"symbol":"CHW","narrow":"CHW"},"CLE":{"displayName":{"other":"CLE"},"symbol":"CLE","narrow":"CLE"},"CLF":{"displayName":{"other":"CLF"},"symbol":"CLF","narrow":"CLF"},"CLP":{"displayName":{"other":"சிலியன் பெசோக்கள்","one":"சிலியன் பெசோ"},"symbol":"CLP","narrow":"$"},"CNH":{"displayName":{"other":"சீன யுவான் (ஆஃப்ஷோர்)"},"symbol":"CNH","narrow":"CNH"},"CNX":{"displayName":{"other":"CNX"},"symbol":"CNX","narrow":"CNX"},"CNY":{"displayName":{"other":"சீன யுவான்"},"symbol":"CN¥","narrow":"¥"},"COP":{"displayName":{"other":"கொலம்பியன் பெசோக்கள்","one":"கொலம்பியன் பெசோ"},"symbol":"COP","narrow":"$"},"COU":{"displayName":{"other":"COU"},"symbol":"COU","narrow":"COU"},"CRC":{"displayName":{"other":"கோஸ்டா ரிகன் கொலோன்கள்","one":"கோஸ்டா ரிகன் கொலோன்"},"symbol":"CRC","narrow":"₡"},"CSD":{"displayName":{"other":"CSD"},"symbol":"CSD","narrow":"CSD"},"CSK":{"displayName":{"other":"CSK"},"symbol":"CSK","narrow":"CSK"},"CUC":{"displayName":{"other":"கியூபன் கன்வெர்டிபில் பெசோக்கள்","one":"கியூபன் கன்வெர்டிபில் பெசோ"},"symbol":"CUC","narrow":"$"},"CUP":{"displayName":{"other":"கியூபன் பெசோக்கள்","one":"கியூபன் பெசோ"},"symbol":"CUP","narrow":"$"},"CVE":{"displayName":{"other":"கேப் வெர்டியன் எஸ்குடோக்கள்","one":"கேப் வெர்டியன் எஸ்குடோ"},"symbol":"CVE","narrow":"CVE"},"CYP":{"displayName":{"other":"CYP"},"symbol":"CYP","narrow":"CYP"},"CZK":{"displayName":{"other":"செக் குடியரசு கொருனாக்கள்","one":"செக் குடியரசு கொருனா"},"symbol":"CZK","narrow":"Kč"},"DDM":{"displayName":{"other":"DDM"},"symbol":"DDM","narrow":"DDM"},"DEM":{"displayName":{"other":"DEM"},"symbol":"DEM","narrow":"DEM"},"DJF":{"displayName":{"other":"ஜிபவ்டியென் ஃப்ராங்க்குகள்","one":"ஜிபவ்டியென் ஃப்ராங்க்"},"symbol":"DJF","narrow":"DJF"},"DKK":{"displayName":{"other":"டேனிஷ் க்ரோனர்","one":"டேனிஷ் க்ரோன்"},"symbol":"DKK","narrow":"kr"},"DOP":{"displayName":{"other":"டொமினிக்கன் பெசோக்கள்","one":"டொமினிக்கன் பெசோ"},"symbol":"DOP","narrow":"$"},"DZD":{"displayName":{"other":"அல்ஜீரியன் தினார்கள்","one":"அல்ஜீரியன் தினார்"},"symbol":"DZD","narrow":"DZD"},"ECS":{"displayName":{"other":"ECS"},"symbol":"ECS","narrow":"ECS"},"ECV":{"displayName":{"other":"ECV"},"symbol":"ECV","narrow":"ECV"},"EEK":{"displayName":{"other":"EEK"},"symbol":"EEK","narrow":"EEK"},"EGP":{"displayName":{"other":"எகிப்திய பவுண்டுகள்","one":"எகிப்திய பவுண்டு"},"symbol":"EGP","narrow":"E£"},"ERN":{"displayName":{"other":"எரித்ரியன் நக்ஃபாக்கள்","one":"எரித்ரியன் நக்ஃபா"},"symbol":"ERN","narrow":"ERN"},"ESA":{"displayName":{"other":"ESA"},"symbol":"ESA","narrow":"ESA"},"ESB":{"displayName":{"other":"ESB"},"symbol":"ESB","narrow":"ESB"},"ESP":{"displayName":{"other":"ESP"},"symbol":"ESP","narrow":"₧"},"ETB":{"displayName":{"other":"எத்தியோப்பியன் பிர்கள்","one":"எத்தியோப்பியன் பிர்"},"symbol":"ETB","narrow":"ETB"},"EUR":{"displayName":{"other":"யூரோக்கள்","one":"யூரோ"},"symbol":"€","narrow":"€"},"FIM":{"displayName":{"other":"FIM"},"symbol":"FIM","narrow":"FIM"},"FJD":{"displayName":{"other":"ஃபிஜியன் டாலர்கள்","one":"ஃபிஜியன் டாலர்"},"symbol":"FJD","narrow":"$"},"FKP":{"displayName":{"other":"ஃபாக்லாந்து தீவுகள் பவுண்டுகள்","one":"ஃபாக்லாந்து தீவுகள் பவுண்டு"},"symbol":"FKP","narrow":"£"},"FRF":{"displayName":{"other":"FRF"},"symbol":"FRF","narrow":"FRF"},"GBP":{"displayName":{"other":"பிரிட்டிஷ் பவுண்டுகள்","one":"பிரிட்டிஷ் பவுண்டு"},"symbol":"£","narrow":"£"},"GEK":{"displayName":{"other":"GEK"},"symbol":"GEK","narrow":"GEK"},"GEL":{"displayName":{"other":"ஜார்ஜியன் லாரிகள்","one":"ஜார்ஜியன் லாரி"},"symbol":"GEL","narrow":"₾"},"GHC":{"displayName":{"other":"GHC"},"symbol":"GHC","narrow":"GHC"},"GHS":{"displayName":{"other":"கானயன் சேடிகள்","one":"கானயன் சேடி"},"symbol":"GHS","narrow":"GH₵"},"GIP":{"displayName":{"other":"ஜிப்ரால்டர் பவுண்டுகள்","one":"ஜிப்ரால்டர் பவுண்டு"},"symbol":"GIP","narrow":"£"},"GMD":{"displayName":{"other":"கேம்பியன் தலாசிகள்","one":"கேம்பியன் தலாசி"},"symbol":"GMD","narrow":"GMD"},"GNF":{"displayName":{"other":"கினியன் ஃப்ராங்குகள்","one":"கினியன் ஃப்ராங்க்"},"symbol":"GNF","narrow":"FG"},"GNS":{"displayName":{"other":"GNS"},"symbol":"GNS","narrow":"GNS"},"GQE":{"displayName":{"other":"GQE"},"symbol":"GQE","narrow":"GQE"},"GRD":{"displayName":{"other":"GRD"},"symbol":"GRD","narrow":"GRD"},"GTQ":{"displayName":{"other":"குவாதெமாலன் க்யுட்ஸல்கள்","one":"குவாதெமாலன் க்யுட்ஸல்"},"symbol":"GTQ","narrow":"Q"},"GWE":{"displayName":{"other":"GWE"},"symbol":"GWE","narrow":"GWE"},"GWP":{"displayName":{"other":"GWP"},"symbol":"GWP","narrow":"GWP"},"GYD":{"displayName":{"other":"கயானீஸ் டாலர்கள்","one":"கயானீஸ் டாலர்"},"symbol":"GYD","narrow":"$"},"HKD":{"displayName":{"other":"ஹாங்காங் டாலர்கள்","one":"ஹாங்காங் டாலர்"},"symbol":"HK$","narrow":"$"},"HNL":{"displayName":{"other":"ஹோன்டூரன் லெம்பீராக்கள்","one":"ஹோன்டூரன் லெம்பீரா"},"symbol":"HNL","narrow":"L"},"HRD":{"displayName":{"other":"HRD"},"symbol":"HRD","narrow":"HRD"},"HRK":{"displayName":{"other":"குரோஷியன் குனாக்கள்","one":"குரோஷியன் குனா"},"symbol":"HRK","narrow":"kn"},"HTG":{"displayName":{"other":"ஹைட்டியன் கோர்டேக்கள்","one":"ஹைட்டியன் கோர்டே"},"symbol":"HTG","narrow":"HTG"},"HUF":{"displayName":{"other":"ஹங்கேரியன் ஃபோரின்ட்கள்","one":"ஹங்கேரியன் ஃபோரின்ட்"},"symbol":"HUF","narrow":"Ft"},"IDR":{"displayName":{"other":"இந்தோனேஷியன் ருபியாக்கள்","one":"இந்தோனேஷியன் ருபியா"},"symbol":"IDR","narrow":"Rp"},"IEP":{"displayName":{"other":"IEP"},"symbol":"IEP","narrow":"IEP"},"ILP":{"displayName":{"other":"ILP"},"symbol":"ILP","narrow":"ILP"},"ILR":{"displayName":{"other":"ILR"},"symbol":"ILR","narrow":"ILR"},"ILS":{"displayName":{"other":"இஸ்ரேலி நியூ ஷிகேல்கள்","one":"இஸ்ரேலி நியூ ஷிகேல்"},"symbol":"₪","narrow":"₪"},"INR":{"displayName":{"other":"இந்திய ரூபாய்கள்","one":"இந்திய ரூபாய்"},"symbol":"₹","narrow":"₹"},"IQD":{"displayName":{"other":"ஈராக்கி தினார்கள்","one":"ஈராக்கி தினார்"},"symbol":"IQD","narrow":"IQD"},"IRR":{"displayName":{"other":"ஈரானியன் ரியால்கள்","one":"ஈரானியன் ரியால்"},"symbol":"IRR","narrow":"IRR"},"ISJ":{"displayName":{"other":"ISJ"},"symbol":"ISJ","narrow":"ISJ"},"ISK":{"displayName":{"other":"ஐஸ்லாண்டிக் க்ரோனர்","one":"ஐஸ்லாண்டிக் க்ரோனா"},"symbol":"ISK","narrow":"kr"},"ITL":{"displayName":{"other":"ITL"},"symbol":"ITL","narrow":"ITL"},"JMD":{"displayName":{"other":"ஜமைக்கன் டாலர்கள்","one":"ஜமைக்கன் டாலர்"},"symbol":"JMD","narrow":"$"},"JOD":{"displayName":{"other":"ஜோர்டானிய தினார்கள்","one":"ஜோர்டானிய தினார்"},"symbol":"JOD","narrow":"JOD"},"JPY":{"displayName":{"other":"ஜப்பானிய யென்"},"symbol":"¥","narrow":"¥"},"KES":{"displayName":{"other":"கென்யன் ஷில்லிங்குகள்","one":"கென்யன் ஷில்லிங்"},"symbol":"KES","narrow":"KES"},"KGS":{"displayName":{"other":"கிர்கிஸ்தானி சோம்கள்","one":"கிரிகிஸ்தானி சோம்"},"symbol":"KGS","narrow":"KGS"},"KHR":{"displayName":{"other":"கம்போடியன் ரியெல்கள்","one":"கம்போடியன் ரியெல்"},"symbol":"KHR","narrow":"៛"},"KMF":{"displayName":{"other":"கமோரியன் ஃப்ராங்க்குகள்","one":"கமோரியன் ஃப்ராங்க்"},"symbol":"KMF","narrow":"CF"},"KPW":{"displayName":{"other":"வட கொரிய வான்"},"symbol":"KPW","narrow":"₩"},"KRH":{"displayName":{"other":"KRH"},"symbol":"KRH","narrow":"KRH"},"KRO":{"displayName":{"other":"KRO"},"symbol":"KRO","narrow":"KRO"},"KRW":{"displayName":{"other":"தென் கொரிய வான்"},"symbol":"₩","narrow":"₩"},"KWD":{"displayName":{"other":"குவைத்தி தினார்கள்","one":"குவைத்தி தினார்"},"symbol":"KWD","narrow":"KWD"},"KYD":{"displayName":{"other":"கேமன் தீவுகள் டாலர்கள்","one":"கேமன் தீவுகள் டாலர்"},"symbol":"KYD","narrow":"$"},"KZT":{"displayName":{"other":"கஸகஸ்தானி டென்கேக்கள்","one":"கஸகஸ்தானி டென்கே"},"symbol":"KZT","narrow":"₸"},"LAK":{"displayName":{"other":"லவோஷியன் கிப்கள்","one":"லவோஷியன் கிப்"},"symbol":"LAK","narrow":"₭"},"LBP":{"displayName":{"other":"லெபனீஸ் பவுண்டுகள்","one":"லெபனீஸ் பவுண்டு"},"symbol":"LBP","narrow":"L£"},"LKR":{"displayName":{"other":"இலங்கை ரூபாய்கள்","one":"இலங்கை ரூபாய்"},"symbol":"LKR","narrow":"Rs"},"LRD":{"displayName":{"other":"லைபீரியன் டாலர்கள்","one":"லைபீரியன் டாலர்"},"symbol":"LRD","narrow":"$"},"LSL":{"displayName":{"other":"லெசோதோ லோட்டி"},"symbol":"LSL","narrow":"LSL"},"LTL":{"displayName":{"other":"லிதுவேனியன் லிடை","one":"லிதுவேனியன் லிடாஸ்"},"symbol":"LTL","narrow":"Lt"},"LTT":{"displayName":{"other":"LTT"},"symbol":"LTT","narrow":"LTT"},"LUC":{"displayName":{"other":"LUC"},"symbol":"LUC","narrow":"LUC"},"LUF":{"displayName":{"other":"LUF"},"symbol":"LUF","narrow":"LUF"},"LUL":{"displayName":{"other":"LUL"},"symbol":"LUL","narrow":"LUL"},"LVL":{"displayName":{"other":"லத்வியன் லாட்டி","one":"லாத்வியன் லாட்ஸ்"},"symbol":"LVL","narrow":"Ls"},"LVR":{"displayName":{"other":"LVR"},"symbol":"LVR","narrow":"LVR"},"LYD":{"displayName":{"other":"லிபியன் தினார்கள்","one":"லிபியன் தினார்"},"symbol":"LYD","narrow":"LYD"},"MAD":{"displayName":{"other":"மொராக்கன் திர்ஹாம்கள்","one":"மொராக்கன் திர்ஹாம்"},"symbol":"MAD","narrow":"MAD"},"MAF":{"displayName":{"other":"MAF"},"symbol":"MAF","narrow":"MAF"},"MCF":{"displayName":{"other":"MCF"},"symbol":"MCF","narrow":"MCF"},"MDC":{"displayName":{"other":"MDC"},"symbol":"MDC","narrow":"MDC"},"MDL":{"displayName":{"other":"மால்டோவன் லேய்","one":"மால்டோவன் லியூ"},"symbol":"MDL","narrow":"MDL"},"MGA":{"displayName":{"other":"மலகாசி ஏரியரிகள்","one":"மலகாசி ஏரியரி"},"symbol":"MGA","narrow":"Ar"},"MGF":{"displayName":{"other":"MGF"},"symbol":"MGF","narrow":"MGF"},"MKD":{"displayName":{"other":"மாசிடோனியன் டேனாரி","one":"மாசிடோனியன் டேனார்"},"symbol":"MKD","narrow":"MKD"},"MKN":{"displayName":{"other":"MKN"},"symbol":"MKN","narrow":"MKN"},"MLF":{"displayName":{"other":"MLF"},"symbol":"MLF","narrow":"MLF"},"MMK":{"displayName":{"other":"மியான்மர் கியாத்கள்","one":"மியான்மர் கியாத்"},"symbol":"MMK","narrow":"K"},"MNT":{"displayName":{"other":"மங்கோலியன் டுக்ரிக்குகள்","one":"மங்கோலியன் டுக்ரிக்"},"symbol":"MNT","narrow":"₮"},"MOP":{"displayName":{"other":"மெகனீஸ் படாகாக்கள்","one":"மெகனீஸ் படாகா"},"symbol":"MOP","narrow":"MOP"},"MRO":{"displayName":{"other":"மொரிஷானியன் ஒகுயாக்கள் (1973–2017)","one":"மொரிஷானியன் ஒகுயா (1973–2017)"},"symbol":"MRO","narrow":"MRO"},"MRU":{"displayName":{"other":"மொரிஷானியன் ஒகுயாக்கள்","one":"மொரிஷானியன் ஒகுயா"},"symbol":"MRU","narrow":"MRU"},"MTL":{"displayName":{"other":"MTL"},"symbol":"MTL","narrow":"MTL"},"MTP":{"displayName":{"other":"MTP"},"symbol":"MTP","narrow":"MTP"},"MUR":{"displayName":{"other":"மொரீஷியன் ருபீக்கள்","one":"மொரீஷியன் ருபீ"},"symbol":"MUR","narrow":"Rs"},"MVP":{"displayName":{"other":"MVP"},"symbol":"MVP","narrow":"MVP"},"MVR":{"displayName":{"other":"மாலத்தீவு ருஃபியாக்கள்","one":"மாலத்தீவு ருஃபியா"},"symbol":"MVR","narrow":"MVR"},"MWK":{"displayName":{"other":"மலாவியன் குவாச்சாக்கள்","one":"மலாவியன் குவாச்சா"},"symbol":"MWK","narrow":"MWK"},"MXN":{"displayName":{"other":"மெக்ஸிகன் பெசோக்கள்","one":"மெக்ஸிகன் பெசோ"},"symbol":"MX$","narrow":"$"},"MXP":{"displayName":{"other":"MXP"},"symbol":"MXP","narrow":"MXP"},"MXV":{"displayName":{"other":"MXV"},"symbol":"MXV","narrow":"MXV"},"MYR":{"displayName":{"other":"மலேஷியன் ரிங்கிட்கள்","one":"மலேஷியன் ரிங்கிட்"},"symbol":"MYR","narrow":"RM"},"MZE":{"displayName":{"other":"MZE"},"symbol":"MZE","narrow":"MZE"},"MZM":{"displayName":{"other":"MZM"},"symbol":"MZM","narrow":"MZM"},"MZN":{"displayName":{"other":"மொசாம்பிகன் மெடிகல்கள்","one":"மொசாம்பிகன் மெடிகல்"},"symbol":"MZN","narrow":"MZN"},"NAD":{"displayName":{"other":"நமீபியன் டாலர்கள்","one":"நமீபியன் டாலர்"},"symbol":"NAD","narrow":"$"},"NGN":{"displayName":{"other":"நைஜீரியன் நைராக்கள்","one":"நைஜீரியன் நைரா"},"symbol":"NGN","narrow":"₦"},"NIC":{"displayName":{"other":"NIC"},"symbol":"NIC","narrow":"NIC"},"NIO":{"displayName":{"other":"நிகரகுவன் கோர்டோபாக்கள்","one":"நிகரகுவன் கோர்டோபா"},"symbol":"NIO","narrow":"C$"},"NLG":{"displayName":{"other":"NLG"},"symbol":"NLG","narrow":"NLG"},"NOK":{"displayName":{"other":"நார்வேஜியன் க்ரோனர்","one":"நார்வேஜியன் க்ரோன்"},"symbol":"NOK","narrow":"kr"},"NPR":{"displayName":{"other":"நேபாளீஸ் ரூபாய்கள்","one":"நேபாளீஸ் ரூபாய்"},"symbol":"NPR","narrow":"Rs"},"NZD":{"displayName":{"other":"நியூசிலாந்து டாலர்கள்","one":"நியூசிலாந்து டாலர்"},"symbol":"NZ$","narrow":"$"},"OMR":{"displayName":{"other":"ஓமானி ரியால்கள்","one":"ஓமானி ரியால்"},"symbol":"OMR","narrow":"OMR"},"PAB":{"displayName":{"other":"பனாமானியன் பால்போவாக்கள்","one":"பனாமானியன் பால்போவா"},"symbol":"PAB","narrow":"PAB"},"PEI":{"displayName":{"other":"PEI"},"symbol":"PEI","narrow":"PEI"},"PEN":{"displayName":{"other":"பெரூவியன் சோல்கள்","one":"பெரூவியன் சோல்"},"symbol":"PEN","narrow":"PEN"},"PES":{"displayName":{"other":"PES"},"symbol":"PES","narrow":"PES"},"PGK":{"displayName":{"other":"பபுவா நியூ கினியன் கினா"},"symbol":"PGK","narrow":"PGK"},"PHP":{"displayName":{"other":"பிலிப்பைன் பெசோக்கள்","one":"பிலிப்பைன் பெசோ"},"symbol":"PHP","narrow":"₱"},"PKR":{"displayName":{"other":"பாகிஸ்தானி ரூபாய்கள்","one":"பாகிஸ்தானி ரூபாய்"},"symbol":"PKR","narrow":"Rs"},"PLN":{"displayName":{"other":"போலிஷ் ஸ்லாட்டிகள்","one":"போலிஷ் ஸ்லாட்டி"},"symbol":"PLN","narrow":"zł"},"PLZ":{"displayName":{"other":"PLZ"},"symbol":"PLZ","narrow":"PLZ"},"PTE":{"displayName":{"other":"PTE"},"symbol":"PTE","narrow":"PTE"},"PYG":{"displayName":{"other":"பராகுவன் குவாரானிகள்","one":"பராகுவன் குவாரானி"},"symbol":"PYG","narrow":"₲"},"QAR":{"displayName":{"other":"கத்தாரி ரியால்கள்","one":"கத்தாரி ரியால்"},"symbol":"QAR","narrow":"QAR"},"RHD":{"displayName":{"other":"RHD"},"symbol":"RHD","narrow":"RHD"},"ROL":{"displayName":{"other":"ROL"},"symbol":"ROL","narrow":"ROL"},"RON":{"displayName":{"other":"ரோமானியன் லேய்","one":"ரோமானியன் லியூ"},"symbol":"RON","narrow":"lei"},"RSD":{"displayName":{"other":"செர்பியன் தினார்கள்","one":"செர்பியன் தினார்"},"symbol":"RSD","narrow":"RSD"},"RUB":{"displayName":{"other":"ரஷியன் ரூபிள்கள்","one":"ரஷியன் ரூபிள்"},"symbol":"RUB","narrow":"₽"},"RUR":{"displayName":{"other":"RUR"},"symbol":"RUR","narrow":"р."},"RWF":{"displayName":{"other":"ருவாண்டன் ஃப்ராங்க்குகள்","one":"ருவாண்டன் ஃப்ராங்க்"},"symbol":"RWF","narrow":"RF"},"SAR":{"displayName":{"other":"சவுதி ரியால்கள்","one":"சவுதி ரியால்"},"symbol":"SAR","narrow":"SAR"},"SBD":{"displayName":{"other":"சாலமன் தீவுகள் டாலர்கள்","one":"சாலமன் தீவுகள் டாலர்"},"symbol":"SBD","narrow":"$"},"SCR":{"displayName":{"other":"சிசீலோயிஸ் ருபீக்கள்","one":"சிசீலோயிஸ் ருபீ"},"symbol":"SCR","narrow":"SCR"},"SDD":{"displayName":{"other":"SDD"},"symbol":"SDD","narrow":"SDD"},"SDG":{"displayName":{"other":"சூடானீஸ் பவுண்டுகள்","one":"சூடானீஸ் பவுண்டு"},"symbol":"SDG","narrow":"SDG"},"SDP":{"displayName":{"other":"SDP"},"symbol":"SDP","narrow":"SDP"},"SEK":{"displayName":{"other":"ஸ்வீடிஷ் க்ரோனர்","one":"ஸ்வீடிஷ் க்ரோனா"},"symbol":"SEK","narrow":"kr"},"SGD":{"displayName":{"other":"சிங்கப்பூர் டாலர்கள்","one":"சிங்கப்பூர் டாலர்"},"symbol":"SGD","narrow":"$"},"SHP":{"displayName":{"other":"செயின்ட் ஹெலேனா பவுண்டுகள்","one":"செயின்ட் ஹெலேனா பவுண்டு"},"symbol":"SHP","narrow":"£"},"SIT":{"displayName":{"other":"SIT"},"symbol":"SIT","narrow":"SIT"},"SKK":{"displayName":{"other":"SKK"},"symbol":"SKK","narrow":"SKK"},"SLL":{"displayName":{"other":"சியாரா லியோனியன் லியோன்கள்","one":"சியாரா லியோனியன் லியோன்"},"symbol":"SLL","narrow":"SLL"},"SOS":{"displayName":{"other":"சோமாலி ஷில்லிங்குகள்","one":"சோமாலி ஷில்லிங்"},"symbol":"SOS","narrow":"SOS"},"SRD":{"displayName":{"other":"சுரினாமீஸ் டாலர்கள்","one":"சுரினாமீஸ் டாலர்"},"symbol":"SRD","narrow":"$"},"SRG":{"displayName":{"other":"SRG"},"symbol":"SRG","narrow":"SRG"},"SSP":{"displayName":{"other":"தெற்கு சூடானீஸ் பவுண்டுகள்","one":"தெற்கு சூடானீஸ் பவுண்டு"},"symbol":"SSP","narrow":"£"},"STD":{"displayName":{"other":"சாவ் டோமி மற்றும் பிரின்ஸ்பி டோப்ராக்கள் (1977–2017)","one":"சாவ் டோமி மற்றும் பிரின்ஸ்பி டோப்ரா (1977–2017)"},"symbol":"STD","narrow":"STD"},"STN":{"displayName":{"other":"சாவ் டோமி மற்றும் பிரின்ஸ்பி டோப்ராக்கள்","one":"சாவ் டோமி மற்றும் பிரின்ஸ்பி டோப்ரா"},"symbol":"STN","narrow":"Db"},"SUR":{"displayName":{"other":"SUR"},"symbol":"SUR","narrow":"SUR"},"SVC":{"displayName":{"other":"SVC"},"symbol":"SVC","narrow":"SVC"},"SYP":{"displayName":{"other":"சிரியன் பவுண்டுகள்","one":"சிரியன் பவுண்டு"},"symbol":"SYP","narrow":"£"},"SZL":{"displayName":{"other":"சுவாஸி எமாலாங்கனி","one":"சுவாஸி லிலாங்கனி"},"symbol":"SZL","narrow":"SZL"},"THB":{"displayName":{"other":"தாய் பாட்"},"symbol":"฿","narrow":"฿"},"TJR":{"displayName":{"other":"TJR"},"symbol":"TJR","narrow":"TJR"},"TJS":{"displayName":{"other":"தஜிகிஸ்தானி சோமோனிகள்","one":"தஜிகிஸ்தானி சோமோனி"},"symbol":"TJS","narrow":"TJS"},"TMM":{"displayName":{"other":"TMM"},"symbol":"TMM","narrow":"TMM"},"TMT":{"displayName":{"other":"துர்க்மெனிஸ்தானி மனத்"},"symbol":"TMT","narrow":"TMT"},"TND":{"displayName":{"other":"துனிஷியன் தினார்கள்","one":"துனிஷியன் தினார்"},"symbol":"TND","narrow":"TND"},"TOP":{"displayName":{"other":"தொங்கான் பங்கா"},"symbol":"TOP","narrow":"T$"},"TPE":{"displayName":{"other":"TPE"},"symbol":"TPE","narrow":"TPE"},"TRL":{"displayName":{"other":"TRL"},"symbol":"TRL","narrow":"TRL"},"TRY":{"displayName":{"other":"துருக்கிஷ் லீரா"},"symbol":"TRY","narrow":"₺"},"TTD":{"displayName":{"other":"டிரினிடாட் மற்றும் டோபாகோ டாலர்கள்","one":"டிரினிடாட் மற்றும் டோபாகோ டாலர்"},"symbol":"TTD","narrow":"$"},"TWD":{"displayName":{"other":"புதிய தைவான் டாலர்கள்","one":"புதிய தைவான் டாலர்"},"symbol":"NT$","narrow":"NT$"},"TZS":{"displayName":{"other":"தான்சானியன் ஷில்லிங்குகள்","one":"தான்சானியன் ஷில்லிங்"},"symbol":"TZS","narrow":"TZS"},"UAH":{"displayName":{"other":"உக்ரைனியன் ஹிரைவ்னியாக்கள்","one":"உக்ரைனியன் ஹிரைவ்னியா"},"symbol":"UAH","narrow":"₴"},"UAK":{"displayName":{"other":"UAK"},"symbol":"UAK","narrow":"UAK"},"UGS":{"displayName":{"other":"UGS"},"symbol":"UGS","narrow":"UGS"},"UGX":{"displayName":{"other":"உகாண்டன் ஷில்லிங்குகள்","one":"உகாண்டன் ஷில்லிங்"},"symbol":"UGX","narrow":"UGX"},"USD":{"displayName":{"other":"அமெரிக்க டாலர்கள்","one":"அமெரிக்க டாலர்"},"symbol":"$","narrow":"$"},"USN":{"displayName":{"other":"USN"},"symbol":"USN","narrow":"USN"},"USS":{"displayName":{"other":"USS"},"symbol":"USS","narrow":"USS"},"UYI":{"displayName":{"other":"UYI"},"symbol":"UYI","narrow":"UYI"},"UYP":{"displayName":{"other":"UYP"},"symbol":"UYP","narrow":"UYP"},"UYU":{"displayName":{"other":"உருகுவேயன் பெசோக்கள்","one":"உருகுவேயன் பெசோ"},"symbol":"UYU","narrow":"$"},"UYW":{"displayName":{"other":"UYW"},"symbol":"UYW","narrow":"UYW"},"UZS":{"displayName":{"other":"உஸ்பெக்கிஸ்தானி சோம்"},"symbol":"UZS","narrow":"UZS"},"VEB":{"displayName":{"other":"VEB"},"symbol":"VEB","narrow":"VEB"},"VEF":{"displayName":{"other":"வெனிசுலன் போலிவர்கள் (2008–2018)","one":"வெனிசுலன் போலிவர் (2008–2018)"},"symbol":"VEF","narrow":"Bs"},"VES":{"displayName":{"other":"வெனிசுலன் போலிவர்கள்","one":"வெனிசுலன் போலிவர்"},"symbol":"VES","narrow":"VES"},"VND":{"displayName":{"other":"வியட்நாமீஸ் டாங்"},"symbol":"₫","narrow":"₫"},"VNN":{"displayName":{"other":"VNN"},"symbol":"VNN","narrow":"VNN"},"VUV":{"displayName":{"other":"வனுவாட்டு வாட்டுகள்","one":"வனுவாட்டு வாட்டு"},"symbol":"VUV","narrow":"VUV"},"WST":{"displayName":{"other":"சமோவான் தாலா"},"symbol":"WST","narrow":"WST"},"XAF":{"displayName":{"other":"மத்திய ஆப்பிரிக்க CFA ஃப்ராங்க்குகள்","one":"மத்திய ஆப்பிரிக்க CFA ஃப்ராங்க்"},"symbol":"FCFA","narrow":"FCFA"},"XAG":{"displayName":{"other":"XAG"},"symbol":"XAG","narrow":"XAG"},"XAU":{"displayName":{"other":"XAU"},"symbol":"XAU","narrow":"XAU"},"XBA":{"displayName":{"other":"XBA"},"symbol":"XBA","narrow":"XBA"},"XBB":{"displayName":{"other":"XBB"},"symbol":"XBB","narrow":"XBB"},"XBC":{"displayName":{"other":"XBC"},"symbol":"XBC","narrow":"XBC"},"XBD":{"displayName":{"other":"XBD"},"symbol":"XBD","narrow":"XBD"},"XCD":{"displayName":{"other":"கிழக்கு கரீபியன் டாலர்கள்","one":"கிழக்கு கரீபியன் டாலர்"},"symbol":"EC$","narrow":"$"},"XDR":{"displayName":{"other":"XDR"},"symbol":"XDR","narrow":"XDR"},"XEU":{"displayName":{"other":"XEU"},"symbol":"XEU","narrow":"XEU"},"XFO":{"displayName":{"other":"XFO"},"symbol":"XFO","narrow":"XFO"},"XFU":{"displayName":{"other":"XFU"},"symbol":"XFU","narrow":"XFU"},"XOF":{"displayName":{"other":"மேற்கு ஆப்பிரிக்க CFA ஃப்ராங்க்குகள்","one":"மேற்கு ஆப்பிரிக்க CFA ஃப்ராங்க்"},"symbol":"F CFA","narrow":"F CFA"},"XPD":{"displayName":{"other":"XPD"},"symbol":"XPD","narrow":"XPD"},"XPF":{"displayName":{"other":"ஃப்ராங்குகள் (CFP)","one":"ஃப்ராங்க் (CFP)"},"symbol":"CFPF","narrow":"CFPF"},"XPT":{"displayName":{"other":"XPT"},"symbol":"XPT","narrow":"XPT"},"XRE":{"displayName":{"other":"XRE"},"symbol":"XRE","narrow":"XRE"},"XSU":{"displayName":{"other":"XSU"},"symbol":"XSU","narrow":"XSU"},"XTS":{"displayName":{"other":"XTS"},"symbol":"XTS","narrow":"XTS"},"XUA":{"displayName":{"other":"XUA"},"symbol":"XUA","narrow":"XUA"},"XXX":{"displayName":{"other":"(தெரியாத நாணயம்)","one":"(தெரியாத நாணய அலகு)"},"symbol":"¤","narrow":"¤"},"YDD":{"displayName":{"other":"YDD"},"symbol":"YDD","narrow":"YDD"},"YER":{"displayName":{"other":"ஏமனி ரியால்கள்","one":"ஏமனி ரியால்"},"symbol":"YER","narrow":"YER"},"YUD":{"displayName":{"other":"YUD"},"symbol":"YUD","narrow":"YUD"},"YUM":{"displayName":{"other":"YUM"},"symbol":"YUM","narrow":"YUM"},"YUN":{"displayName":{"other":"YUN"},"symbol":"YUN","narrow":"YUN"},"YUR":{"displayName":{"other":"YUR"},"symbol":"YUR","narrow":"YUR"},"ZAL":{"displayName":{"other":"ZAL"},"symbol":"ZAL","narrow":"ZAL"},"ZAR":{"displayName":{"other":"தென் ஆப்ரிக்க ராண்ட்"},"symbol":"ZAR","narrow":"R"},"ZMK":{"displayName":{"other":"ஸாம்பியன் குவாசா (1968–2012)"},"symbol":"ZMK","narrow":"ZMK"},"ZMW":{"displayName":{"other":"ஸாம்பியன் குவாச்சாக்கள்","one":"ஸாம்பியன் குவாச்சா"},"symbol":"ZMW","narrow":"ZK"},"ZRN":{"displayName":{"other":"ZRN"},"symbol":"ZRN","narrow":"ZRN"},"ZRZ":{"displayName":{"other":"ZRZ"},"symbol":"ZRZ","narrow":"ZRZ"},"ZWD":{"displayName":{"other":"ZWD"},"symbol":"ZWD","narrow":"ZWD"},"ZWL":{"displayName":{"other":"ZWL"},"symbol":"ZWL","narrow":"ZWL"},"ZWR":{"displayName":{"other":"ZWR"},"symbol":"ZWR","narrow":"ZWR"}},"numbers":{"nu":["latn"],"symbols":{"latn":{"decimal":".","group":",","list":";","percentSign":"%","plusSign":"+","minusSign":"-","approximatelySign":"~","exponential":"E","superscriptingExponent":"×","perMille":"‰","infinity":"∞","nan":"NaN","timeSeparator":":"}},"percent":{"latn":"#,##,##0%"},"decimal":{"latn":{"standard":"#,##,##0.###","long":{"1000":{"other":"0 ஆயிரம்"},"10000":{"other":"00 ஆயிரம்"},"100000":{"other":"000 ஆயிரம்"},"1000000":{"other":"0 மில்லியன்"},"10000000":{"other":"00 மில்லியன்"},"100000000":{"other":"000 மில்லியன்"},"1000000000":{"other":"0 பில்லியன்"},"10000000000":{"other":"00 பில்லியன்"},"100000000000":{"other":"000 பில்லியன்"},"1000000000000":{"other":"0 டிரில்லியன்"},"10000000000000":{"other":"00 டிரில்லியன்"},"100000000000000":{"other":"000 டிரில்லியன்"}},"short":{"1000":{"other":"0ஆ"},"10000":{"other":"00ஆ"},"100000":{"other":"000ஆ"},"1000000":{"other":"0மி"},"10000000":{"other":"00மி"},"100000000":{"other":"000மி"},"1000000000":{"other":"0பி"},"10000000000":{"other":"00பி"},"100000000000":{"other":"000பி"},"1000000000000":{"other":"0டி"},"10000000000000":{"other":"00டி"},"100000000000000":{"other":"000டி"}}}},"currency":{"latn":{"currencySpacing":{"beforeInsertBetween":" ","afterInsertBetween":" "},"standard":"¤ #,##,##0.00","accounting":"¤#,##0.00;(¤#,##0.00)","unitPattern":"{0} {1}","short":{"1000":{"other":"¤ 0ஆ"},"10000":{"other":"¤ 00ஆ"},"100000":{"other":"¤ 000ஆ"},"1000000":{"other":"¤ 0மி"},"10000000":{"other":"¤ 00மி"},"100000000":{"other":"¤ 000மி"},"1000000000":{"other":"¤0பி","one":"¤ 0பி"},"10000000000":{"other":"¤ 00பி"},"100000000000":{"other":"¤000பி","one":"¤ 000பி"},"1000000000000":{"other":"¤ 0டி"},"10000000000000":{"other":"¤ 00டி"},"100000000000000":{"other":"¤ 000டி"}}}}},"nu":["latn"]},"locale":"ta"}
