{"data":{"units":{"simple":{"degree":{"long":{"other":"{0} องศา"},"short":{"other":"{0}°"},"narrow":{"other":"{0}°"},"perUnit":{}},"hectare":{"long":{"other":"{0} เฮกตาร์"},"short":{"other":"{0} เฮกตาร์"},"narrow":{"other":"{0}เฮกตาร์"},"perUnit":{}},"acre":{"long":{"other":"{0} เอเคอร์"},"short":{"other":"{0} เอเคอร์"},"narrow":{"other":"{0}เอเคอร์"},"perUnit":{}},"percent":{"long":{"other":"{0} เปอร์เซ็นต์"},"short":{"other":"{0}%"},"narrow":{"other":"{0}%"},"perUnit":{}},"liter-per-kilometer":{"long":{"other":"{0} ลิตรต่อกิโลเมตร"},"short":{"other":"{0} ล./กม."},"narrow":{"other":"{0} ล./กม."},"perUnit":{}},"mile-per-gallon":{"long":{"other":"{0} ไมล์ต่อแกลลอน"},"short":{"other":"{0} ไมล์/แกลลอน"},"narrow":{"other":"{0} ไมล์/แกลลอน"},"perUnit":{}},"petabyte":{"long":{"other":"{0} เพตะไบต์"},"short":{"other":"{0} PB"},"narrow":{"other":"{0} PB"},"perUnit":{}},"terabyte":{"long":{"other":"{0} เทราไบต์"},"short":{"other":"{0} TB"},"narrow":{"other":"{0} TB"},"perUnit":{}},"terabit":{"long":{"other":"{0} เทราบิต"},"short":{"other":"{0} Tb"},"narrow":{"other":"{0} Tb"},"perUnit":{}},"gigabyte":{"long":{"other":"{0} กิกะไบต์"},"short":{"other":"{0} GB"},"narrow":{"other":"{0} GB"},"perUnit":{}},"gigabit":{"long":{"other":"{0} กิกะบิต"},"short":{"other":"{0} Gb"},"narrow":{"other":"{0} Gb"},"perUnit":{}},"megabyte":{"long":{"other":"{0} เมกะไบต์"},"short":{"other":"{0} MB"},"narrow":{"other":"{0} MB"},"perUnit":{}},"megabit":{"long":{"other":"{0} เมกะบิต"},"short":{"other":"{0} Mb"},"narrow":{"other":"{0} Mb"},"perUnit":{}},"kilobyte":{"long":{"other":"{0} กิโลไบต์"},"short":{"other":"{0} kB"},"narrow":{"other":"{0} kB"},"perUnit":{}},"kilobit":{"long":{"other":"{0} กิโลบิต"},"short":{"other":"{0} kb"},"narrow":{"other":"{0} kb"},"perUnit":{}},"byte":{"long":{"other":"{0} ไบต์"},"short":{"other":"{0} ไบต์"},"narrow":{"other":"{0} ไบต์"},"perUnit":{}},"bit":{"long":{"other":"{0} บิต"},"short":{"other":"{0} บิต"},"narrow":{"other":"{0} บิต"},"perUnit":{}},"year":{"long":{"other":"{0} ปี"},"short":{"other":"{0} ปี"},"narrow":{"other":"{0}ปี"},"perUnit":{"long":"{0} ต่อปี","short":"{0}/ปี","narrow":"{0}/ปี"}},"month":{"long":{"other":"{0} เดือน"},"short":{"other":"{0} เดือน"},"narrow":{"other":"{0}เดือน"},"perUnit":{"long":"{0} ต่อเดือน","short":"{0}/เดือน","narrow":"{0}/เดือน"}},"week":{"long":{"other":"{0} สัปดาห์"},"short":{"other":"{0} สัปดาห์"},"narrow":{"other":"{0}สัปดาห์"},"perUnit":{"long":"{0} ต่อสัปดาห์","short":"{0}/สัปดาห์","narrow":"{0}/สัปดาห์"}},"day":{"long":{"other":"{0} วัน"},"short":{"other":"{0} วัน"},"narrow":{"other":"{0}วัน"},"perUnit":{"long":"{0} ต่อวัน","short":"{0}/วัน","narrow":"{0}/วัน"}},"hour":{"long":{"other":"{0} ชั่วโมง"},"short":{"other":"{0} ชม."},"narrow":{"other":"{0}ชม."},"perUnit":{"long":"{0} ต่อชั่วโมง","short":"{0}/ชม.","narrow":"{0}/ชม."}},"minute":{"long":{"other":"{0} นาที"},"short":{"other":"{0} นาที"},"narrow":{"other":"{0}นาที"},"perUnit":{"long":"{0} ต่อนาที","short":"{0}/นาที","narrow":"{0}/นาที"}},"second":{"long":{"other":"{0} วินาที"},"short":{"other":"{0} วิ"},"narrow":{"other":"{0}วิ"},"perUnit":{"long":"{0} ต่อวินาที","short":"{0}/วิ","narrow":"{0}/วิ"}},"millisecond":{"long":{"other":"{0} มิลลิวินาที"},"short":{"other":"{0} มิลลิวินาที"},"narrow":{"other":"{0} มิลลิวิ"},"perUnit":{}},"kilometer":{"long":{"other":"{0} กิโลเมตร"},"short":{"other":"{0} กม."},"narrow":{"other":"{0}กม."},"perUnit":{"long":"{0} ต่อกิโลเมตร","short":"{0}/กม.","narrow":"{0}/กม."}},"meter":{"long":{"other":"{0} เมตร"},"short":{"other":"{0} ม."},"narrow":{"other":"{0}ม."},"perUnit":{"long":"{0} ต่อเมตร","short":"{0}/ม.","narrow":"{0}/ม."}},"centimeter":{"long":{"other":"{0} เซนติเมตร"},"short":{"other":"{0} ซม."},"narrow":{"other":"{0}ซม."},"perUnit":{"long":"{0} ต่อเซนติเมตร","short":"{0}/ซม.","narrow":"{0}/ซม."}},"millimeter":{"long":{"other":"{0} มิลลิเมตร"},"short":{"other":"{0} มม."},"narrow":{"other":"{0}มม."},"perUnit":{}},"mile":{"long":{"other":"{0} ไมล์"},"short":{"other":"{0} ไมล์"},"narrow":{"other":"{0}ไมล์"},"perUnit":{}},"yard":{"long":{"other":"{0} หลา"},"short":{"other":"{0} หลา"},"narrow":{"other":"{0}หลา"},"perUnit":{}},"foot":{"long":{"other":"{0} ฟุต"},"short":{"other":"{0} ฟุต"},"narrow":{"other":"{0}′"},"perUnit":{"long":"{0} ต่อฟุต","short":"{0}/ฟุต","narrow":"{0}/ฟุต"}},"inch":{"long":{"other":"{0} นิ้ว"},"short":{"other":"{0} นิ้ว"},"narrow":{"other":"{0}″"},"perUnit":{"long":"{0} ต่อนิ้ว","short":"{0}/นิ้ว","narrow":"{0}/นิ้ว"}},"mile-scandinavian":{"long":{"other":"{0} ไมล์สแกนดิเนเวีย"},"short":{"other":"{0} ไมล์สแกนดินีเวีย"},"narrow":{"other":"{0} ไมล์สแกนดินีเวีย"},"perUnit":{}},"kilogram":{"long":{"other":"{0} กิโลกรัม"},"short":{"other":"{0} กก."},"narrow":{"other":"{0}กก."},"perUnit":{"long":"{0} ต่อกิโลกรัม","short":"{0}/กก.","narrow":"{0}/กก."}},"gram":{"long":{"other":"{0} กรัม"},"short":{"other":"{0} ก."},"narrow":{"other":"{0}ก."},"perUnit":{"long":"{0} ต่อกรัม","short":"{0}/ก.","narrow":"{0}/ก."}},"stone":{"long":{"other":"{0} สโตน"},"short":{"other":"{0} st"},"narrow":{"other":"{0} st"},"perUnit":{}},"pound":{"long":{"other":"{0} ปอนด์"},"short":{"other":"{0} ปอนด์"},"narrow":{"other":"{0}#"},"perUnit":{"long":"{0} ต่อปอนด์","short":"{0}/ปอนด์","narrow":"{0}/ปอนด์"}},"ounce":{"long":{"other":"{0} ออนซ์"},"short":{"other":"{0} ออนซ์"},"narrow":{"other":"{0}ออนซ์"},"perUnit":{"long":"{0} ต่อออนซ์","short":"{0}/ออนซ์","narrow":"{0}/ออนซ์"}},"kilometer-per-hour":{"long":{"other":"{0} กิโลเมตรต่อชั่วโมง"},"short":{"other":"{0} กม./ชม."},"narrow":{"other":"{0}กม./ชม."},"perUnit":{}},"meter-per-second":{"long":{"other":"{0} เมตรต่อวินาที"},"short":{"other":"{0} ม./วิ"},"narrow":{"other":"{0}ม./วิ"},"perUnit":{}},"mile-per-hour":{"long":{"other":"{0} ไมล์ต่อชั่วโมง"},"short":{"other":"{0} ไมล์/ชม."},"narrow":{"other":"{0}ไมล์/ชม."},"perUnit":{}},"celsius":{"long":{"other":"{0} องศาเซลเซียส"},"short":{"other":"{0}°C"},"narrow":{"other":"{0}°C"},"perUnit":{}},"fahrenheit":{"long":{"other":"{0} องศาฟาเรนไฮต์"},"short":{"other":"{0}°F"},"narrow":{"other":"{0}°F"},"perUnit":{}},"liter":{"long":{"other":"{0} ลิตร"},"short":{"other":"{0} ล."},"narrow":{"other":"{0}ล."},"perUnit":{"long":"{0} ต่อลิตร","short":"{0}/ล.","narrow":"{0}/ล."}},"milliliter":{"long":{"other":"{0} มิลลิลิตร"},"short":{"other":"{0} มล."},"narrow":{"other":"{0} มล."},"perUnit":{}},"gallon":{"long":{"other":"{0} แกลลอน"},"short":{"other":"{0} แกลลอน"},"narrow":{"other":"{0} แกลลอน"},"perUnit":{"long":"{0} ต่อแกลลอน","short":"{0}/แกลลอน","narrow":"{0}/แกลลอน"}},"fluid-ounce":{"long":{"other":"{0} ฟลูอิดออนซ์"},"short":{"other":"{0} ฟลูอิดออนซ์"},"narrow":{"other":"{0} ฟลูอิดออนซ์"},"perUnit":{}}},"compound":{"per":{"long":"{0}ต่อ{1}","short":"{0}/{1}","narrow":"{0}/{1}"}}},"currencies":{"ADP":{"displayName":{"other":"เปเซตาอันดอร์รา"},"symbol":"ADP","narrow":"ADP"},"AED":{"displayName":{"other":"เดอร์แฮมสหรัฐอาหรับเอมิเรตส์"},"symbol":"AED","narrow":"AED"},"AFA":{"displayName":{"other":"อัฟกานีอัฟกานิสถาน (1927–2002)"},"symbol":"AFA","narrow":"AFA"},"AFN":{"displayName":{"other":"อัฟกานิอัฟกานิสถาน"},"symbol":"AFN","narrow":"؋"},"ALK":{"displayName":{"other":"ALK"},"symbol":"ALK","narrow":"ALK"},"ALL":{"displayName":{"other":"เลกแอลเบเนีย"},"symbol":"ALL","narrow":"ALL"},"AMD":{"displayName":{"other":"แดรมอาร์เมเนีย"},"symbol":"AMD","narrow":"֏"},"ANG":{"displayName":{"other":"กิลเดอร์เนเธอร์แลนด์แอนทิลลิส"},"symbol":"ANG","narrow":"ANG"},"AOA":{"displayName":{"other":"กวานซาแองโกลา"},"symbol":"AOA","narrow":"Kz"},"AOK":{"displayName":{"other":"กวานซาแองโกลา (1977–1990)"},"symbol":"AOK","narrow":"AOK"},"AON":{"displayName":{"other":"นิวกวานซาแองโกลา (1990–2000)"},"symbol":"AON","narrow":"AON"},"AOR":{"displayName":{"other":"กวานซารีจัสทาโดแองโกลา (1995–1999)"},"symbol":"AOR","narrow":"AOR"},"ARA":{"displayName":{"other":"ออสตรัลอาร์เจนตินา"},"symbol":"ARA","narrow":"ARA"},"ARL":{"displayName":{"other":"เปโซเลย์อาร์เจนตินา (1970–1983)"},"symbol":"ARL","narrow":"ARL"},"ARM":{"displayName":{"other":"เปโซอาร์เจนตินา (1881–1970)"},"symbol":"ARM","narrow":"ARM"},"ARP":{"displayName":{"other":"เปโซอาร์เจนตินา (1983–1985)"},"symbol":"ARP","narrow":"ARP"},"ARS":{"displayName":{"other":"เปโซอาร์เจนตินา"},"symbol":"ARS","narrow":"$"},"ATS":{"displayName":{"other":"ชิลลิงออสเตรีย"},"symbol":"ATS","narrow":"ATS"},"AUD":{"displayName":{"other":"ดอลลาร์ออสเตรเลีย"},"symbol":"AU$","narrow":"$"},"AWG":{"displayName":{"other":"ฟลอรินอารูบา"},"symbol":"AWG","narrow":"AWG"},"AZM":{"displayName":{"other":"มานัตอาเซอร์ไบจาน (1993–2006)"},"symbol":"AZM","narrow":"AZM"},"AZN":{"displayName":{"other":"มานัตอาเซอร์ไบจาน"},"symbol":"AZN","narrow":"₼"},"BAD":{"displayName":{"other":"ดีนาร์บอสเนีย-เฮอร์เซโกวีนา"},"symbol":"BAD","narrow":"BAD"},"BAM":{"displayName":{"other":"มาร์กบอสเนีย-เฮอร์เซโกวีนา"},"symbol":"BAM","narrow":"KM"},"BAN":{"displayName":{"other":"ดีนาร์ใหม่บอสเนีย-เฮอร์เซโกวีนา (1994–1997)"},"symbol":"BAN","narrow":"BAN"},"BBD":{"displayName":{"other":"ดอลลาร์บาร์เบโดส"},"symbol":"BBD","narrow":"$"},"BDT":{"displayName":{"other":"ตากาบังกลาเทศ"},"symbol":"BDT","narrow":"৳"},"BEC":{"displayName":{"other":"ฟรังก์เบลเยียม (เปลี่ยนแปลงได้)"},"symbol":"BEC","narrow":"BEC"},"BEF":{"displayName":{"other":"ฟรังก์เบลเยียม"},"symbol":"BEF","narrow":"BEF"},"BEL":{"displayName":{"other":"ฟรังก์เบลเยียม (การเงิน)"},"symbol":"BEL","narrow":"BEL"},"BGL":{"displayName":{"other":"ฮาร์ดเลฟบัลแกเรีย"},"symbol":"BGL","narrow":"BGL"},"BGM":{"displayName":{"other":"โซเชียลลิสต์เลฟบัลแกเรีย"},"symbol":"BGM","narrow":"BGM"},"BGN":{"displayName":{"other":"เลฟบัลแกเรีย"},"symbol":"BGN","narrow":"BGN"},"BGO":{"displayName":{"other":"เลฟบัลเกเรีย (1879–1952)"},"symbol":"BGO","narrow":"BGO"},"BHD":{"displayName":{"other":"ดีนาร์บาห์เรน"},"symbol":"BHD","narrow":"BHD"},"BIF":{"displayName":{"other":"ฟรังก์บุรุนดี"},"symbol":"BIF","narrow":"BIF"},"BMD":{"displayName":{"other":"ดอลลาร์เบอร์มิวดา"},"symbol":"BMD","narrow":"$"},"BND":{"displayName":{"other":"ดอลลาร์บรูไน"},"symbol":"BND","narrow":"$"},"BOB":{"displayName":{"other":"โบลิเวียโนโบลิเวีย"},"symbol":"BOB","narrow":"Bs"},"BOL":{"displayName":{"other":"โบลิเวียโนโบลิเวีย (1863–1963)"},"symbol":"BOL","narrow":"BOL"},"BOP":{"displayName":{"other":"เปโซโบลิเวีย"},"symbol":"BOP","narrow":"BOP"},"BOV":{"displayName":{"other":"มฟดอลโบลิเวีย"},"symbol":"BOV","narrow":"BOV"},"BRB":{"displayName":{"other":"ครูเซโรโนโวบราซิล (1967–1986)"},"symbol":"BRB","narrow":"BRB"},"BRC":{"displayName":{"other":"ครูซาโดบราซิล"},"symbol":"BRC","narrow":"BRC"},"BRE":{"displayName":{"other":"ครูเซโรบราซิล (1990–1993)"},"symbol":"BRE","narrow":"BRE"},"BRL":{"displayName":{"other":"เรียลบราซิล"},"symbol":"R$","narrow":"R$"},"BRN":{"displayName":{"other":"ครูซาโดโนโวบราซิล"},"symbol":"BRN","narrow":"BRN"},"BRR":{"displayName":{"other":"ครูเซโรบราซิล"},"symbol":"BRR","narrow":"BRR"},"BRZ":{"displayName":{"other":"ครูเซโรบราซิล (1942–1967)"},"symbol":"BRZ","narrow":"BRZ"},"BSD":{"displayName":{"other":"ดอลลาร์บาฮามาส"},"symbol":"BSD","narrow":"$"},"BTN":{"displayName":{"other":"เอ็งกุลตรัมภูฏาน"},"symbol":"BTN","narrow":"BTN"},"BUK":{"displayName":{"other":"จ๊าดพม่า"},"symbol":"BUK","narrow":"BUK"},"BWP":{"displayName":{"other":"ปูลาบอตสวานา"},"symbol":"BWP","narrow":"P"},"BYB":{"displayName":{"other":"นิวรูเบิลเบลารุส (1994–1999)"},"symbol":"BYB","narrow":"BYB"},"BYN":{"displayName":{"other":"รูเบิลเบลารุส"},"symbol":"BYN","narrow":"р."},"BYR":{"displayName":{"other":"รูเบิลเบลารุส (2000–2016)"},"symbol":"BYR","narrow":"BYR"},"BZD":{"displayName":{"other":"ดอลลาร์เบลีซ"},"symbol":"BZD","narrow":"$"},"CAD":{"displayName":{"other":"ดอลลาร์แคนาดา"},"symbol":"CA$","narrow":"$"},"CDF":{"displayName":{"other":"ฟรังก์คองโก"},"symbol":"CDF","narrow":"CDF"},"CHE":{"displayName":{"other":"ยูโรดับเบิลยูไออาร์"},"symbol":"CHE","narrow":"CHE"},"CHF":{"displayName":{"other":"ฟรังก์สวิส"},"symbol":"CHF","narrow":"CHF"},"CHW":{"displayName":{"other":"ฟรังก์ดับเบิลยูไออาร์"},"symbol":"CHW","narrow":"CHW"},"CLE":{"displayName":{"other":"เอสคูโดชิลี"},"symbol":"CLE","narrow":"CLE"},"CLF":{"displayName":{"other":"ฟูเมนโตชิลี"},"symbol":"CLF","narrow":"CLF"},"CLP":{"displayName":{"other":"เปโซชิลี"},"symbol":"CLP","narrow":"$"},"CNH":{"displayName":{"other":"หยวน"},"symbol":"CNH","narrow":"CNH"},"CNX":{"displayName":{"other":"CNX"},"symbol":"CNX","narrow":"CNX"},"CNY":{"displayName":{"other":"หยวนจีน"},"symbol":"CN¥","narrow":"¥"},"COP":{"displayName":{"other":"เปโซโคลอมเบีย"},"symbol":"COP","narrow":"$"},"COU":{"displayName":{"other":"วาเลอร์เรียลโคลอมเบีย"},"symbol":"COU","narrow":"COU"},"CRC":{"displayName":{"other":"โกลองคอสตาริกา"},"symbol":"CRC","narrow":"₡"},"CSD":{"displayName":{"other":"ดีนาร์เซอร์เบียเก่า"},"symbol":"CSD","narrow":"CSD"},"CSK":{"displayName":{"other":"ฮาร์ดโครูนาเช็กโกสโลวัก"},"symbol":"CSK","narrow":"CSK"},"CUC":{"displayName":{"other":"เปโซคิวบา (แปลงสภาพ)"},"symbol":"CUC","narrow":"$"},"CUP":{"displayName":{"other":"เปโซคิวบา"},"symbol":"CUP","narrow":"$"},"CVE":{"displayName":{"other":"เอสคูโดเคปเวิร์ด"},"symbol":"CVE","narrow":"CVE"},"CYP":{"displayName":{"other":"ปอนด์ไซปรัส"},"symbol":"CYP","narrow":"CYP"},"CZK":{"displayName":{"other":"โครูนาสาธารณรัฐเช็ก"},"symbol":"CZK","narrow":"Kč"},"DDM":{"displayName":{"other":"มาร์กเยอรมันตะวันออก"},"symbol":"DDM","narrow":"DDM"},"DEM":{"displayName":{"other":"มาร์กเยอรมัน"},"symbol":"DEM","narrow":"DEM"},"DJF":{"displayName":{"other":"ฟรังก์จิบูตี"},"symbol":"DJF","narrow":"DJF"},"DKK":{"displayName":{"other":"โครนเดนมาร์ก"},"symbol":"DKK","narrow":"kr"},"DOP":{"displayName":{"other":"เปโซโดมินิกัน"},"symbol":"DOP","narrow":"$"},"DZD":{"displayName":{"other":"ดีนาร์แอลจีเรีย"},"symbol":"DZD","narrow":"DZD"},"ECS":{"displayName":{"other":"ซูเกรเอกวาดอร์"},"symbol":"ECS","narrow":"ECS"},"ECV":{"displayName":{"other":"วาเลอร์คอนสแตนต์เอกวาดอร์"},"symbol":"ECV","narrow":"ECV"},"EEK":{"displayName":{"other":"ครูนเอสโตเนีย"},"symbol":"EEK","narrow":"EEK"},"EGP":{"displayName":{"other":"ปอนด์อียิปต์"},"symbol":"EGP","narrow":"E£"},"ERN":{"displayName":{"other":"แนกฟาเอริเทรีย"},"symbol":"ERN","narrow":"ERN"},"ESA":{"displayName":{"other":"เปเซตาสเปน (บัญชีเอ)"},"symbol":"ESA","narrow":"ESA"},"ESB":{"displayName":{"other":"เปเซตาสเปน (บัญชีที่เปลี่ยนแปลงได้)"},"symbol":"ESB","narrow":"ESB"},"ESP":{"displayName":{"other":"เปเซตาสเปน"},"symbol":"ESP","narrow":"₧"},"ETB":{"displayName":{"other":"เบอรร์เอธิโอเปีย"},"symbol":"ETB","narrow":"ETB"},"EUR":{"displayName":{"other":"ยูโร"},"symbol":"€","narrow":"€"},"FIM":{"displayName":{"other":"มาร์กกาฟินแลนด์"},"symbol":"FIM","narrow":"FIM"},"FJD":{"displayName":{"other":"ดอลลาร์ฟิจิ"},"symbol":"FJD","narrow":"$"},"FKP":{"displayName":{"other":"ปอนด์หมู่เกาะฟอล์กแลนด์"},"symbol":"FKP","narrow":"£"},"FRF":{"displayName":{"other":"ฟรังก์ฝรั่งเศส"},"symbol":"FRF","narrow":"FRF"},"GBP":{"displayName":{"other":"ปอนด์สเตอร์ลิง (สหราชอาณาจักร)"},"symbol":"£","narrow":"£"},"GEK":{"displayName":{"other":"คูปอนลาริตจอร์เจีย"},"symbol":"GEK","narrow":"GEK"},"GEL":{"displayName":{"other":"ลารีจอร์เจีย"},"symbol":"GEL","narrow":"₾"},"GHC":{"displayName":{"other":"เซดีกานา (1979–2007)"},"symbol":"GHC","narrow":"GHC"},"GHS":{"displayName":{"other":"เซดีกานา"},"symbol":"GHS","narrow":"GH₵"},"GIP":{"displayName":{"other":"ปอนด์ยิบรอลตาร์"},"symbol":"GIP","narrow":"£"},"GMD":{"displayName":{"other":"ดาลาซีแกมเบีย"},"symbol":"GMD","narrow":"GMD"},"GNF":{"displayName":{"other":"ฟรังก์กินี"},"symbol":"GNF","narrow":"FG"},"GNS":{"displayName":{"other":"ไซลีกินี"},"symbol":"GNS","narrow":"GNS"},"GQE":{"displayName":{"other":"เอ็กเวเลอิเควทอเรียลกินี"},"symbol":"GQE","narrow":"GQE"},"GRD":{"displayName":{"other":"ดรัชมากรีก"},"symbol":"GRD","narrow":"GRD"},"GTQ":{"displayName":{"other":"เควตซัลกัวเตมาลา"},"symbol":"GTQ","narrow":"Q"},"GWE":{"displayName":{"other":"เอสคูโดกินีโปรตุเกส"},"symbol":"GWE","narrow":"GWE"},"GWP":{"displayName":{"other":"เปโซกินี-บิสเซา"},"symbol":"GWP","narrow":"GWP"},"GYD":{"displayName":{"other":"ดอลลาร์กายอานา"},"symbol":"GYD","narrow":"$"},"HKD":{"displayName":{"other":"ดอลลาร์ฮ่องกง"},"symbol":"HK$","narrow":"$"},"HNL":{"displayName":{"other":"เลมปิราฮอนดูรัส"},"symbol":"HNL","narrow":"L"},"HRD":{"displayName":{"other":"ดีนาร์โครเอเชีย"},"symbol":"HRD","narrow":"HRD"},"HRK":{"displayName":{"other":"คูนาโครเอเชีย"},"symbol":"HRK","narrow":"kn"},"HTG":{"displayName":{"other":"กูร์ดเฮติ"},"symbol":"HTG","narrow":"HTG"},"HUF":{"displayName":{"other":"ฟอรินต์ฮังการี"},"symbol":"HUF","narrow":"Ft"},"IDR":{"displayName":{"other":"รูเปียห์อินโดนีเซีย"},"symbol":"IDR","narrow":"Rp"},"IEP":{"displayName":{"other":"ปอนด์ไอริช"},"symbol":"IEP","narrow":"IEP"},"ILP":{"displayName":{"other":"ปอนด์อิสราเอล"},"symbol":"ILP","narrow":"ILP"},"ILR":{"displayName":{"other":"ILR"},"symbol":"ILR","narrow":"ILR"},"ILS":{"displayName":{"other":"นิวเชเกลอิสราเอล"},"symbol":"₪","narrow":"₪"},"INR":{"displayName":{"other":"รูปีอินเดีย"},"symbol":"₹","narrow":"₹"},"IQD":{"displayName":{"other":"ดีนาร์อิรัก"},"symbol":"IQD","narrow":"IQD"},"IRR":{"displayName":{"other":"เรียลอิหร่าน"},"symbol":"IRR","narrow":"IRR"},"ISJ":{"displayName":{"other":"ISJ"},"symbol":"ISJ","narrow":"ISJ"},"ISK":{"displayName":{"other":"โครนาไอซ์แลนด์"},"symbol":"ISK","narrow":"kr"},"ITL":{"displayName":{"other":"ลีราอิตาลี"},"symbol":"ITL","narrow":"ITL"},"JMD":{"displayName":{"other":"ดอลลาร์จาเมกา"},"symbol":"JMD","narrow":"$"},"JOD":{"displayName":{"other":"ดีนาร์จอร์แดน"},"symbol":"JOD","narrow":"JOD"},"JPY":{"displayName":{"other":"เยนญี่ปุ่น"},"symbol":"¥","narrow":"¥"},"KES":{"displayName":{"other":"ชิลลิงเคนยา"},"symbol":"KES","narrow":"KES"},"KGS":{"displayName":{"other":"ซอมคีร์กีซสถาน"},"symbol":"KGS","narrow":"KGS"},"KHR":{"displayName":{"other":"เรียลกัมพูชา"},"symbol":"KHR","narrow":"៛"},"KMF":{"displayName":{"other":"ฟรังก์คอโมโรส"},"symbol":"KMF","narrow":"CF"},"KPW":{"displayName":{"other":"วอนเกาหลีเหนือ"},"symbol":"KPW","narrow":"₩"},"KRH":{"displayName":{"other":"ฮวานเกาหลีใต้ (1953–1962)"},"symbol":"KRH","narrow":"KRH"},"KRO":{"displayName":{"other":"วอนเกาหลีใต้ (1945–1953)"},"symbol":"KRO","narrow":"KRO"},"KRW":{"displayName":{"other":"วอนเกาหลีใต้"},"symbol":"₩","narrow":"₩"},"KWD":{"displayName":{"other":"ดีนาร์คูเวต"},"symbol":"KWD","narrow":"KWD"},"KYD":{"displayName":{"other":"ดอลลาร์หมู่เกาะเคย์แมน"},"symbol":"KYD","narrow":"$"},"KZT":{"displayName":{"other":"เทงเจคาซัคสถาน"},"symbol":"KZT","narrow":"₸"},"LAK":{"displayName":{"other":"กีบลาว"},"symbol":"LAK","narrow":"₭"},"LBP":{"displayName":{"other":"ปอนด์เลบานอน"},"symbol":"LBP","narrow":"L£"},"LKR":{"displayName":{"other":"รูปีศรีลังกา"},"symbol":"LKR","narrow":"Rs"},"LRD":{"displayName":{"other":"ดอลลาร์ไลบีเรีย"},"symbol":"LRD","narrow":"$"},"LSL":{"displayName":{"other":"โลตีเลโซโท"},"symbol":"LSL","narrow":"LSL"},"LTL":{"displayName":{"other":"ลีตัสลิทัวเนีย"},"symbol":"LTL","narrow":"Lt"},"LTT":{"displayName":{"other":"ทาโลนัสลิทัวเนีย"},"symbol":"LTT","narrow":"LTT"},"LUC":{"displayName":{"other":"คอนเวอร์ทิเบิลฟรังก์ลักเซมเบิร์ก"},"symbol":"LUC","narrow":"LUC"},"LUF":{"displayName":{"other":"ฟรังก์ลักเซมเบิร์ก"},"symbol":"LUF","narrow":"LUF"},"LUL":{"displayName":{"other":"ไฟแนลเชียลฟรังก์ลักเซมเบิร์ก"},"symbol":"LUL","narrow":"LUL"},"LVL":{"displayName":{"other":"ลัตส์ลัตเวีย"},"symbol":"LVL","narrow":"Ls"},"LVR":{"displayName":{"other":"รูเบิลลัตเวีย"},"symbol":"LVR","narrow":"LVR"},"LYD":{"displayName":{"other":"ดีนาร์ลิเบีย"},"symbol":"LYD","narrow":"LYD"},"MAD":{"displayName":{"other":"ดีแรห์มโมร็อกโก"},"symbol":"MAD","narrow":"MAD"},"MAF":{"displayName":{"other":"ฟรังก์โมร็อกโก"},"symbol":"MAF","narrow":"MAF"},"MCF":{"displayName":{"other":"ฟรังก์โมนาโก"},"symbol":"MCF","narrow":"MCF"},"MDC":{"displayName":{"other":"บัตรปันส่วนมอลโดวา"},"symbol":"MDC","narrow":"MDC"},"MDL":{"displayName":{"other":"ลิวมอลโดวา"},"symbol":"MDL","narrow":"MDL"},"MGA":{"displayName":{"other":"อาเรียรีมาลากาซี"},"symbol":"MGA","narrow":"Ar"},"MGF":{"displayName":{"other":"ฟรังก์มาดากัสการ์"},"symbol":"MGF","narrow":"MGF"},"MKD":{"displayName":{"other":"ดีนาร์มาซิโดเนีย"},"symbol":"MKD","narrow":"MKD"},"MKN":{"displayName":{"other":"ดีนาร์มาซิโดเนีย (1992–1993)"},"symbol":"MKN","narrow":"MKN"},"MLF":{"displayName":{"other":"ฟรังก์มาลี"},"symbol":"MLF","narrow":"MLF"},"MMK":{"displayName":{"other":"จ๊าตพม่า"},"symbol":"MMK","narrow":"K"},"MNT":{"displayName":{"other":"ทูกริกมองโกเลีย"},"symbol":"MNT","narrow":"₮"},"MOP":{"displayName":{"other":"ปาตากามาเก๊า"},"symbol":"MOP","narrow":"MOP"},"MRO":{"displayName":{"other":"อูกียามอริเตเนีย (1973–2017)"},"symbol":"MRO","narrow":"MRO"},"MRU":{"displayName":{"other":"อูกียามอริเตเนีย"},"symbol":"MRU","narrow":"MRU"},"MTL":{"displayName":{"other":"ลีรามอลตา"},"symbol":"MTL","narrow":"MTL"},"MTP":{"displayName":{"other":"ปอนด์มอลตา"},"symbol":"MTP","narrow":"MTP"},"MUR":{"displayName":{"other":"รูปีมอริเชียส"},"symbol":"MUR","narrow":"Rs"},"MVP":{"displayName":{"other":"MVP"},"symbol":"MVP","narrow":"MVP"},"MVR":{"displayName":{"other":"รูฟิยามัลดีฟส์"},"symbol":"MVR","narrow":"MVR"},"MWK":{"displayName":{"other":"ควาชามาลาวี"},"symbol":"MWK","narrow":"MWK"},"MXN":{"displayName":{"other":"เปโซเม็กซิโก"},"symbol":"MX$","narrow":"$"},"MXP":{"displayName":{"other":"เงินเปโซเม็กซิโก (1861–1992)"},"symbol":"MXP","narrow":"MXP"},"MXV":{"displayName":{"other":"ยูนิแดด ดี อินเวอร์ชั่น เม็กซิโก"},"symbol":"MXV","narrow":"MXV"},"MYR":{"displayName":{"other":"ริงกิตมาเลเซีย"},"symbol":"MYR","narrow":"RM"},"MZE":{"displayName":{"other":"เอสคูโดโมซัมบิก"},"symbol":"MZE","narrow":"MZE"},"MZM":{"displayName":{"other":"เมติคัลโมซัมบิกเก่า"},"symbol":"MZM","narrow":"MZM"},"MZN":{"displayName":{"other":"เมติคัลโมซัมบิก"},"symbol":"MZN","narrow":"MZN"},"NAD":{"displayName":{"other":"ดอลลาร์นามิเบีย"},"symbol":"NAD","narrow":"$"},"NGN":{"displayName":{"other":"ไนราไนจีเรีย"},"symbol":"NGN","narrow":"₦"},"NIC":{"displayName":{"other":"คอร์โดบานิการากัว"},"symbol":"NIC","narrow":"NIC"},"NIO":{"displayName":{"other":"กอร์โดบานิการากัว"},"symbol":"NIO","narrow":"C$"},"NLG":{"displayName":{"other":"กิลเดอร์เนเธอร์แลนด์"},"symbol":"NLG","narrow":"NLG"},"NOK":{"displayName":{"other":"โครนนอร์เวย์"},"symbol":"NOK","narrow":"kr"},"NPR":{"displayName":{"other":"รูปีเนปาล"},"symbol":"NPR","narrow":"Rs"},"NZD":{"displayName":{"other":"ดอลลาร์นิวซีแลนด์"},"symbol":"NZ$","narrow":"$"},"OMR":{"displayName":{"other":"เรียลโอมาน"},"symbol":"OMR","narrow":"OMR"},"PAB":{"displayName":{"other":"บัลบัวปานามา"},"symbol":"PAB","narrow":"PAB"},"PEI":{"displayName":{"other":"อินตีเปรู"},"symbol":"PEI","narrow":"PEI"},"PEN":{"displayName":{"other":"ซอลเปรู"},"symbol":"PEN","narrow":"PEN"},"PES":{"displayName":{"other":"ซอลเปรู(1863–1965)"},"symbol":"PES","narrow":"PES"},"PGK":{"displayName":{"other":"กีนาปาปัวนิวกินี"},"symbol":"PGK","narrow":"PGK"},"PHP":{"displayName":{"other":"เปโซฟิลิปปินส์"},"symbol":"PHP","narrow":"₱"},"PKR":{"displayName":{"other":"รูปีปากีสถาน"},"symbol":"PKR","narrow":"Rs"},"PLN":{"displayName":{"other":"ซลอตีโปแลนด์"},"symbol":"PLN","narrow":"zł"},"PLZ":{"displayName":{"other":"ซลอตีโปแลนด์ (1950–1995)"},"symbol":"PLZ","narrow":"PLZ"},"PTE":{"displayName":{"other":"เอสคูโดโปรตุเกส"},"symbol":"PTE","narrow":"PTE"},"PYG":{"displayName":{"other":"กวารานีปารากวัย"},"symbol":"PYG","narrow":"₲"},"QAR":{"displayName":{"other":"เรียลกาตาร์"},"symbol":"QAR","narrow":"QAR"},"RHD":{"displayName":{"other":"ดอลลาร์โรดีเซีย"},"symbol":"RHD","narrow":"RHD"},"ROL":{"displayName":{"other":"ลิวโรมาเนียเก่า"},"symbol":"ROL","narrow":"ROL"},"RON":{"displayName":{"other":"ลิวโรมาเนีย"},"symbol":"RON","narrow":"lei"},"RSD":{"displayName":{"other":"ดีนาร์เซอร์เบีย"},"symbol":"RSD","narrow":"RSD"},"RUB":{"displayName":{"other":"รูเบิลรัสเซีย"},"symbol":"RUB","narrow":"₽"},"RUR":{"displayName":{"other":"รูเบิลรัสเซีย (1991–1998)"},"symbol":"RUR","narrow":"р."},"RWF":{"displayName":{"other":"ฟรังก์รวันดา"},"symbol":"RWF","narrow":"RF"},"SAR":{"displayName":{"other":"ริยัลซาอุดีอาระเบีย"},"symbol":"SAR","narrow":"SAR"},"SBD":{"displayName":{"other":"ดอลลาร์หมู่เกาะโซโลมอน"},"symbol":"SBD","narrow":"$"},"SCR":{"displayName":{"other":"รูปีเซเชลส์"},"symbol":"SCR","narrow":"SCR"},"SDD":{"displayName":{"other":"ดีนาร์ซูดานเก่า"},"symbol":"SDD","narrow":"SDD"},"SDG":{"displayName":{"other":"ปอนด์ซูดาน"},"symbol":"SDG","narrow":"SDG"},"SDP":{"displayName":{"other":"ปอนด์ซูดานเก่า"},"symbol":"SDP","narrow":"SDP"},"SEK":{"displayName":{"other":"โครนาสวีเดน"},"symbol":"SEK","narrow":"kr"},"SGD":{"displayName":{"other":"ดอลลาร์สิงคโปร์"},"symbol":"SGD","narrow":"$"},"SHP":{"displayName":{"other":"ปอนด์เซนต์เฮเลนา"},"symbol":"SHP","narrow":"£"},"SIT":{"displayName":{"other":"ทอลาร์สโลวีเนีย"},"symbol":"SIT","narrow":"SIT"},"SKK":{"displayName":{"other":"โครูนาสโลวัก"},"symbol":"SKK","narrow":"SKK"},"SLL":{"displayName":{"other":"ลีโอนเซียร์ราลีโอน"},"symbol":"SLL","narrow":"SLL"},"SOS":{"displayName":{"other":"ชิลลิงโซมาเลีย"},"symbol":"SOS","narrow":"SOS"},"SRD":{"displayName":{"other":"ดอลลาร์ซูรินาเม"},"symbol":"SRD","narrow":"$"},"SRG":{"displayName":{"other":"กิลเดอร์ซูรินาเม"},"symbol":"SRG","narrow":"SRG"},"SSP":{"displayName":{"other":"ปอนด์ซูดานใต้"},"symbol":"SSP","narrow":"£"},"STD":{"displayName":{"other":"ดอบราเซาตูเมและปรินซิปี (1977–2017)"},"symbol":"STD","narrow":"STD"},"STN":{"displayName":{"other":"ดอบราเซาตูเมและปรินซิปี"},"symbol":"STN","narrow":"Db"},"SUR":{"displayName":{"other":"รูเบิลโซเวียต"},"symbol":"SUR","narrow":"SUR"},"SVC":{"displayName":{"other":"โคลอนเอลซัลวาดอร์"},"symbol":"SVC","narrow":"SVC"},"SYP":{"displayName":{"other":"ปอนด์ซีเรีย"},"symbol":"SYP","narrow":"£"},"SZL":{"displayName":{"other":"ลิลันเจนีสวาซิ"},"symbol":"SZL","narrow":"SZL"},"THB":{"displayName":{"other":"บาทไทย"},"symbol":"฿","narrow":"฿"},"TJR":{"displayName":{"other":"รูเบิลทาจิกิสถาน"},"symbol":"TJR","narrow":"TJR"},"TJS":{"displayName":{"other":"โซโมนิทาจิกิสถาน"},"symbol":"TJS","narrow":"TJS"},"TMM":{"displayName":{"other":"มานัตเติร์กเมนิสถาน (1993–2009)"},"symbol":"TMM","narrow":"TMM"},"TMT":{"displayName":{"other":"มานัตเติร์กเมนิสถาน"},"symbol":"TMT","narrow":"TMT"},"TND":{"displayName":{"other":"ดีนาร์ตูนิเซีย"},"symbol":"TND","narrow":"TND"},"TOP":{"displayName":{"other":"พาแองกาตองกา"},"symbol":"TOP","narrow":"T$"},"TPE":{"displayName":{"other":"เอสคูโดติมอร์"},"symbol":"TPE","narrow":"TPE"},"TRL":{"displayName":{"other":"ลีราตุรกีเก่า"},"symbol":"TRL","narrow":"TRL"},"TRY":{"displayName":{"other":"ลีราตุรกี"},"symbol":"TRY","narrow":"₺"},"TTD":{"displayName":{"other":"ดอลลาร์ตรินิแดดและโตเบโก"},"symbol":"TTD","narrow":"$"},"TWD":{"displayName":{"other":"ดอลลาร์ไต้หวันใหม่"},"symbol":"NT$","narrow":"NT$"},"TZS":{"displayName":{"other":"ชิลลิงแทนซาเนีย"},"symbol":"TZS","narrow":"TZS"},"UAH":{"displayName":{"other":"ฮรีฟเนียยูเครน"},"symbol":"UAH","narrow":"₴"},"UAK":{"displayName":{"other":"คาร์โบวาเนตซ์ยูเครน"},"symbol":"UAK","narrow":"UAK"},"UGS":{"displayName":{"other":"ชิลลิงยูกันดา (1966–1987)"},"symbol":"UGS","narrow":"UGS"},"UGX":{"displayName":{"other":"ชิลลิงยูกันดา"},"symbol":"UGX","narrow":"UGX"},"USD":{"displayName":{"other":"ดอลลาร์สหรัฐ"},"symbol":"US$","narrow":"$"},"USN":{"displayName":{"other":"ดอลลาร์สหรัฐ (วันถัดไป)"},"symbol":"USN","narrow":"USN"},"USS":{"displayName":{"other":"ดอลลาร์สหรัฐ (วันเดียวกัน)"},"symbol":"USS","narrow":"USS"},"UYI":{"displayName":{"other":"เปโซเอนยูนิแดดเซสอินเด็กซาแดสอุรุกวัย"},"symbol":"UYI","narrow":"UYI"},"UYP":{"displayName":{"other":"เปโซอุรุกวัย (1975–1993)"},"symbol":"UYP","narrow":"UYP"},"UYU":{"displayName":{"other":"เปโซอุรุกวัย"},"symbol":"UYU","narrow":"$"},"UYW":{"displayName":{"other":"UYW"},"symbol":"UYW","narrow":"UYW"},"UZS":{"displayName":{"other":"ซอมอุซเบกิสถาน"},"symbol":"UZS","narrow":"UZS"},"VEB":{"displayName":{"other":"โบลิวาร์เวเนซุเอลา (1871–2008)"},"symbol":"VEB","narrow":"VEB"},"VEF":{"displayName":{"other":"โบลิวาร์เวเนซุเอลา"},"symbol":"VEF","narrow":"Bs"},"VES":{"displayName":{"other":"โบลีวาร์แห่งเวเนซุเอลา"},"symbol":"VES","narrow":"VES"},"VND":{"displayName":{"other":"ดองเวียดนาม"},"symbol":"₫","narrow":"₫"},"VNN":{"displayName":{"other":"ดองเวียดนาม (1978–1985)"},"symbol":"VNN","narrow":"VNN"},"VUV":{"displayName":{"other":"วาตูวานูอาตู"},"symbol":"VUV","narrow":"VUV"},"WST":{"displayName":{"other":"ทาลาซามัว"},"symbol":"WST","narrow":"WST"},"XAF":{"displayName":{"other":"ฟรังก์เซฟาธนาคารรัฐแอฟริกากลาง"},"symbol":"FCFA","narrow":"FCFA"},"XAG":{"displayName":{"other":"เงิน"},"symbol":"XAG","narrow":"XAG"},"XAU":{"displayName":{"other":"ทอง"},"symbol":"XAU","narrow":"XAU"},"XBA":{"displayName":{"other":"หน่วยคอมโพสิตยุโรป"},"symbol":"XBA","narrow":"XBA"},"XBB":{"displayName":{"other":"หน่วยโมเนทารียุโรป"},"symbol":"XBB","narrow":"XBB"},"XBC":{"displayName":{"other":"หน่วยบัญชียุโรป [XBC]"},"symbol":"XBC","narrow":"XBC"},"XBD":{"displayName":{"other":"หน่วยบัญชียุโรป [XBD]"},"symbol":"XBD","narrow":"XBD"},"XCD":{"displayName":{"other":"ดอลลาร์แคริบเบียนตะวันออก"},"symbol":"EC$","narrow":"$"},"XDR":{"displayName":{"other":"สิทธิถอนเงินพิเศษ"},"symbol":"XDR","narrow":"XDR"},"XEU":{"displayName":{"other":"หน่วยสกุลเงินยุโรป"},"symbol":"XEU","narrow":"XEU"},"XFO":{"displayName":{"other":"ฟรังก์ทองฝรั่งเศส"},"symbol":"XFO","narrow":"XFO"},"XFU":{"displayName":{"other":"ฟรังก์ยูไอซีฝรั่งเศส"},"symbol":"XFU","narrow":"XFU"},"XOF":{"displayName":{"other":"ฟรังก์เซฟาธนาคารกลางรัฐแอฟริกาตะวันตก"},"symbol":"F CFA","narrow":"F CFA"},"XPD":{"displayName":{"other":"พัลเลเดียม"},"symbol":"XPD","narrow":"XPD"},"XPF":{"displayName":{"other":"ฟรังก์ซีเอฟพี"},"symbol":"CFPF","narrow":"CFPF"},"XPT":{"displayName":{"other":"แพลตินัม"},"symbol":"XPT","narrow":"XPT"},"XRE":{"displayName":{"other":"กองทุนไรเน็ต"},"symbol":"XRE","narrow":"XRE"},"XSU":{"displayName":{"other":"ซูเกร"},"symbol":"XSU","narrow":"XSU"},"XTS":{"displayName":{"other":"รหัสทดสอบสกุลเงิน"},"symbol":"XTS","narrow":"XTS"},"XUA":{"displayName":{"other":"หน่วยบัญชี เอดีบี"},"symbol":"XUA","narrow":"XUA"},"XXX":{"displayName":{"other":"(ไม่ทราบชื่อสกุลเงิน)"},"symbol":"XXX","narrow":"XXX"},"YDD":{"displayName":{"other":"ดีนาร์เยเมน"},"symbol":"YDD","narrow":"YDD"},"YER":{"displayName":{"other":"เรียลเยเมน"},"symbol":"YER","narrow":"YER"},"YUD":{"displayName":{"other":"ฮาร์ดดีนาร์ยูโกสลาเวีย"},"symbol":"YUD","narrow":"YUD"},"YUM":{"displayName":{"other":"โนวิย์ดีนาร์ยูโกสลาเวีย"},"symbol":"YUM","narrow":"YUM"},"YUN":{"displayName":{"other":"คอนเวอร์ทิเบิลดีนาร์ยูโกสลาเวีย"},"symbol":"YUN","narrow":"YUN"},"YUR":{"displayName":{"other":"ดีนาร์ปฏิรูปยูโกสลาเวีย (1992–1993)"},"symbol":"YUR","narrow":"YUR"},"ZAL":{"displayName":{"other":"แรนด์แอฟริกาใต้ (การเงิน)"},"symbol":"ZAL","narrow":"ZAL"},"ZAR":{"displayName":{"other":"แรนด์แอฟริกาใต้"},"symbol":"ZAR","narrow":"R"},"ZMK":{"displayName":{"other":"ควาชาแซมเบีย (1968–2012)"},"symbol":"ZMK","narrow":"ZMK"},"ZMW":{"displayName":{"other":"ควาชาแซมเบีย"},"symbol":"ZMW","narrow":"ZK"},"ZRN":{"displayName":{"other":"นิวแซร์คองโก"},"symbol":"ZRN","narrow":"ZRN"},"ZRZ":{"displayName":{"other":"แซร์คองโก"},"symbol":"ZRZ","narrow":"ZRZ"},"ZWD":{"displayName":{"other":"ดอลลาร์ซิมบับเว"},"symbol":"ZWD","narrow":"ZWD"},"ZWL":{"displayName":{"other":"ดอลลาร์ซิมบับเว (2009)"},"symbol":"ZWL","narrow":"ZWL"},"ZWR":{"displayName":{"other":"ดอลลาร์ซิมบับเว (2008)"},"symbol":"ZWR","narrow":"ZWR"}},"numbers":{"nu":["latn"],"symbols":{"latn":{"decimal":".","group":",","list":";","percentSign":"%","plusSign":"+","minusSign":"-","approximatelySign":"~","exponential":"E","superscriptingExponent":"×","perMille":"‰","infinity":"∞","nan":"NaN","timeSeparator":":"}},"percent":{"latn":"#,##0%"},"decimal":{"latn":{"standard":"#,##0.###","long":{"1000":{"other":"0 พัน"},"10000":{"other":"0 หมื่น"},"100000":{"other":"0 แสน"},"1000000":{"other":"0 ล้าน"},"10000000":{"other":"00 ล้าน"},"100000000":{"other":"000 ล้าน"},"1000000000":{"other":"0 พันล้าน"},"10000000000":{"other":"0 หมื่นล้าน"},"100000000000":{"other":"0 แสนล้าน"},"1000000000000":{"other":"0 ล้านล้าน"},"10000000000000":{"other":"00 ล้านล้าน"},"100000000000000":{"other":"000 ล้านล้าน"}},"short":{"1000":{"other":"0K"},"10000":{"other":"00K"},"100000":{"other":"000K"},"1000000":{"other":"0M"},"10000000":{"other":"00M"},"100000000":{"other":"000M"},"1000000000":{"other":"0B"},"10000000000":{"other":"00B"},"100000000000":{"other":"000B"},"1000000000000":{"other":"0T"},"10000000000000":{"other":"00T"},"100000000000000":{"other":"000T"}}}},"currency":{"latn":{"currencySpacing":{"beforeInsertBetween":" ","afterInsertBetween":" "},"standard":"¤#,##0.00","accounting":"¤#,##0.00;(¤#,##0.00)","unitPattern":"{0} {1}","short":{"1000":{"other":"¤0K"},"10000":{"other":"¤00K"},"100000":{"other":"¤000K"},"1000000":{"other":"¤0M"},"10000000":{"other":"¤00M"},"100000000":{"other":"¤000M"},"1000000000":{"other":"¤0B"},"10000000000":{"other":"¤00B"},"100000000000":{"other":"¤000B"},"1000000000000":{"other":"¤0T"},"10000000000000":{"other":"¤00T"},"100000000000000":{"other":"¤000T"}}}}},"nu":["latn"]},"locale":"th"}
