{"data":{"units":{"simple":{"degree":{"long":{"other":"{0} ڈگری"},"short":{"other":"{0} ڈگری"},"narrow":{"other":"{0} ڈگری"},"perUnit":{}},"hectare":{"long":{"other":"{0} ہیکٹر"},"short":{"other":"{0} ہیکٹر"},"narrow":{"other":"{0} ہیکٹر"},"perUnit":{}},"acre":{"long":{"other":"{0} ایکڑ"},"short":{"other":"{0} ایکڑ"},"narrow":{"other":"{0} ایکڑ"},"perUnit":{}},"percent":{"long":{"other":"{0} فیصد"},"short":{"other":"{0}%"},"narrow":{"other":"{0}%"},"perUnit":{}},"liter-per-kilometer":{"long":{"other":"{0} لیٹر فی کلومیٹر"},"short":{"other":"{0} L/km"},"narrow":{"other":"{0} L/km"},"perUnit":{}},"mile-per-gallon":{"long":{"other":"{0} میل فی گیلن"},"short":{"other":"{0} mpg"},"narrow":{"other":"{0} mpg"},"perUnit":{}},"petabyte":{"long":{"other":"{0} پیٹا بائٹس","one":"{0} پیٹا بائٹ"},"short":{"other":"{0} پی بی"},"narrow":{"other":"{0} پی بی"},"perUnit":{}},"terabyte":{"long":{"other":"{0} ٹیرابائٹ"},"short":{"other":"{0} TB"},"narrow":{"other":"{0} TB"},"perUnit":{}},"terabit":{"long":{"other":"{0} ٹیرابٹس","one":"{0} ٹیرابٹ"},"short":{"other":"{0} Tb"},"narrow":{"other":"{0} Tb"},"perUnit":{}},"gigabyte":{"long":{"other":"{0} گیگابائٹ"},"short":{"other":"{0} GB"},"narrow":{"other":"{0} GB"},"perUnit":{}},"gigabit":{"long":{"other":"{0} گیگابٹس","one":"{0} گیگابٹ"},"short":{"other":"{0} Gb"},"narrow":{"other":"{0} Gb"},"perUnit":{}},"megabyte":{"long":{"other":"{0} ميگابائٹس","one":"{0} میگابائٹ"},"short":{"other":"{0} MB"},"narrow":{"other":"{0} MB"},"perUnit":{}},"megabit":{"long":{"other":"{0} میگابٹس","one":"{0} میگابٹ"},"short":{"other":"{0} Mb"},"narrow":{"other":"{0} Mb"},"perUnit":{}},"kilobyte":{"long":{"other":"{0} کلوبائٹس","one":"{0} کلوبائٹ"},"short":{"other":"{0} kB"},"narrow":{"other":"{0} kB"},"perUnit":{}},"kilobit":{"long":{"other":"{0} کلوبٹس","one":"{0} کلوبٹ"},"short":{"other":"{0} kb"},"narrow":{"other":"{0} kb"},"perUnit":{}},"byte":{"long":{"other":"{0} بائٹس","one":"{0} بائٹ"},"short":{"other":"{0} byte"},"narrow":{"other":"{0} byte"},"perUnit":{}},"bit":{"long":{"other":"{0} بٹس","one":"{0} بٹ"},"short":{"other":"{0} bit"},"narrow":{"other":"{0} bit"},"perUnit":{}},"year":{"long":{"other":"{0} سال"},"short":{"other":"{0} سال"},"narrow":{"other":"{0} سال"},"perUnit":{"long":"فی سال {0}","short":"{0}/y","narrow":"{0}/y"}},"month":{"long":{"other":"{0} مہینے","one":"{0} مہینہ"},"short":{"other":"{0} مہینے","one":"{0} مہینہ"},"narrow":{"other":"{0} مہینے","one":"{0} مہینہ"},"perUnit":{"long":"{0}/m","short":"{0}/m","narrow":"{0}/m"}},"week":{"long":{"other":"{0} ہفتے","one":"{0} ہفتہ"},"short":{"other":"{0} ہفتے","one":"{0} ہفتہ"},"narrow":{"other":"{0} ہفتے","one":"{0} ہفتہ"},"perUnit":{"long":"{0} فی ہفتہ","short":"{0} فی ہفتہ","narrow":"{0} فی ہفتہ"}},"day":{"long":{"other":"{0} دن"},"short":{"other":"{0} دن"},"narrow":{"other":"{0} دن"},"perUnit":{"long":"{0} فی دن","short":"{0} فی دن","narrow":"{0} فی دن"}},"hour":{"long":{"other":"{0} گھنٹے","one":"{0} گھنٹہ"},"short":{"other":"{0} گھنٹے","one":"{0} گھنٹہ"},"narrow":{"other":"{0} گھنٹے","one":"{0} گھنٹہ"},"perUnit":{"long":"{0} فی گھنٹہ","short":"{0} فی گھنٹہ","narrow":"{0} فی گھنٹہ"}},"minute":{"long":{"other":"{0} منٹ"},"short":{"other":"{0} منٹ"},"narrow":{"other":"{0} منٹ"},"perUnit":{"long":"{0} فی منٹ","short":"{0} فی منٹ","narrow":"{0} فی منٹ"}},"second":{"long":{"other":"{0} سیکنڈ"},"short":{"other":"{0} سیکنڈ"},"narrow":{"other":"{0} سیکنڈ"},"perUnit":{"long":"{0} فی سیکنڈ","short":"{0} فی سیکنڈ","narrow":"{0} فی سیکنڈ"}},"millisecond":{"long":{"other":"{0} میل سیکنڈ","one":"{0} ملی سیکنڈ"},"short":{"other":"{0} ملی سیکنڈ"},"narrow":{"other":"{0} ms"},"perUnit":{}},"kilometer":{"long":{"other":"{0} کلو میٹر"},"short":{"other":"{0} کلو میٹر"},"narrow":{"other":"{0} کلو میٹر"},"perUnit":{"long":"{0} فی کلومیٹر","short":"{0} فی کلو میٹر","narrow":"{0} فی کلو میٹر"}},"meter":{"long":{"other":"{0} میٹر"},"short":{"other":"{0} میٹر"},"narrow":{"other":"{0} میٹر"},"perUnit":{"long":"{0} فی میٹر","short":"{0}/m","narrow":"{0} فی میٹر"}},"centimeter":{"long":{"other":"{0} سینٹی میٹر"},"short":{"other":"{0} سینٹی میٹر"},"narrow":{"other":"{0}cm"},"perUnit":{"long":"{0} فی سینٹی میٹر","short":"{0}/cm","narrow":"{0} فی سینٹی میٹر"}},"millimeter":{"long":{"other":"{0} ملیمیٹر"},"short":{"other":"{0} ملیمیٹر"},"narrow":{"other":"{0} ملیمیٹر"},"perUnit":{}},"mile":{"long":{"other":"{0} میل"},"short":{"other":"{0} میل"},"narrow":{"other":"{0} میل"},"perUnit":{}},"yard":{"long":{"other":"{0} یارڈ"},"short":{"other":"{0} یارڈ"},"narrow":{"other":"{0} یارڈ"},"perUnit":{}},"foot":{"long":{"other":"{0} فیٹ"},"short":{"other":"{0} فیٹ"},"narrow":{"other":"{0}′"},"perUnit":{"long":"{0} فی فوٹ","short":"{0}/ft","narrow":"{0} فی فیٹ"}},"inch":{"long":{"other":"{0} انچ"},"short":{"other":"{0} in","one":"{0} انچ"},"narrow":{"other":"{0} انچ"},"perUnit":{"long":"{0} فی انچ","short":"{0}/in","narrow":"{0} فی انچ"}},"mile-scandinavian":{"long":{"other":"{0} اسکینڈی نیویائی میل"},"short":{"other":"{0} smi"},"narrow":{"other":"{0} smi"},"perUnit":{}},"kilogram":{"long":{"other":"{0} کلو گرام"},"short":{"other":"{0} kg"},"narrow":{"other":"{0}kg"},"perUnit":{"long":"{0} فی کلو گرام","short":"{0}/kg","narrow":"{0} فی کلو گرام"}},"gram":{"long":{"other":"{0} گرام"},"short":{"other":"{0} g"},"narrow":{"other":"{0} گرام"},"perUnit":{"long":"{0} فی گرام","short":"{0}/g","narrow":"{0} فی گرام"}},"stone":{"long":{"other":"{0} اسٹونز","one":"{0} اسٹون"},"short":{"other":"{0} st"},"narrow":{"other":"{0} st"},"perUnit":{}},"pound":{"long":{"other":"{0} پاؤنڈ"},"short":{"other":"{0} lb"},"narrow":{"other":"{0} پونڈ"},"perUnit":{"long":"{0} فی پاؤنڈ","short":"{0}/lb","narrow":"{0}/lb"}},"ounce":{"long":{"other":"{0} اونس"},"short":{"other":"{0} oz"},"narrow":{"other":"{0} ونس"},"perUnit":{"long":"{0} فی اونس","short":"{0}/oz","narrow":"{0}/oz"}},"kilometer-per-hour":{"long":{"other":"{0} کلومیٹر فی گھنٹہ"},"short":{"other":"{0} kph"},"narrow":{"other":"{0}kph"},"perUnit":{}},"meter-per-second":{"long":{"other":"{0} میٹر فی سیکنڈ"},"short":{"other":"{0} m/s"},"narrow":{"other":"{0}m/s"},"perUnit":{}},"mile-per-hour":{"long":{"other":"{0} میل فی گھنٹہ"},"short":{"other":"{0} mph"},"narrow":{"other":"{0}mph"},"perUnit":{}},"celsius":{"long":{"other":"{0} ڈگری سیلسیس"},"short":{"other":"{0}‎°C"},"narrow":{"other":"{0}‎°"},"perUnit":{}},"fahrenheit":{"long":{"other":"{0} ڈگری فارن ہائیٹ"},"short":{"other":"{0}‎°F"},"narrow":{"other":"{0}‎°F"},"perUnit":{}},"liter":{"long":{"other":"{0} لیٹر"},"short":{"other":"{0} لیٹر"},"narrow":{"other":"{0} لیٹر"},"perUnit":{"long":"{0} فی لیٹر","short":"{0} فی لیٹر","narrow":"{0} فی لیٹر"}},"milliliter":{"long":{"other":"{0} ملی لیٹر"},"short":{"other":"{0} mL"},"narrow":{"other":"{0} mL"},"perUnit":{}},"gallon":{"long":{"other":"{0} گیلن"},"short":{"other":"{0} gal"},"narrow":{"other":"{0} gal"},"perUnit":{"long":"{0} فی گیلن","short":"{0}/gal","narrow":"{0}/gal"}},"fluid-ounce":{"long":{"other":"{0} فلوئڈ اونس"},"short":{"other":"{0} fl oz"},"narrow":{"other":"{0} fl oz"},"perUnit":{}}},"compound":{"per":{"long":"{0} فی {1}","short":"{0}/{1}","narrow":"{0}/{1}"}}},"currencies":{"ADP":{"displayName":{"other":"ADP"},"symbol":"ADP","narrow":"ADP"},"AED":{"displayName":{"other":"متحدہ عرب اماراتی درہم"},"symbol":"AED","narrow":"AED"},"AFA":{"displayName":{"other":"AFA"},"symbol":"AFA","narrow":"AFA"},"AFN":{"displayName":{"other":"افغان افغانی"},"symbol":"AFN","narrow":"؋"},"ALK":{"displayName":{"other":"ALK"},"symbol":"ALK","narrow":"ALK"},"ALL":{"displayName":{"other":"البانیا کا لیک"},"symbol":"ALL","narrow":"ALL"},"AMD":{"displayName":{"other":"آرمینیائی ڈرم"},"symbol":"AMD","narrow":"֏"},"ANG":{"displayName":{"other":"نیدر لینڈز انٹیلیئن گلڈر"},"symbol":"ANG","narrow":"ANG"},"AOA":{"displayName":{"other":"انگولا کا کوانزا"},"symbol":"AOA","narrow":"Kz"},"AOK":{"displayName":{"other":"AOK"},"symbol":"AOK","narrow":"AOK"},"AON":{"displayName":{"other":"AON"},"symbol":"AON","narrow":"AON"},"AOR":{"displayName":{"other":"AOR"},"symbol":"AOR","narrow":"AOR"},"ARA":{"displayName":{"other":"ARA"},"symbol":"ARA","narrow":"ARA"},"ARL":{"displayName":{"other":"ARL"},"symbol":"ARL","narrow":"ARL"},"ARM":{"displayName":{"other":"ARM"},"symbol":"ARM","narrow":"ARM"},"ARP":{"displayName":{"other":"ARP"},"symbol":"ARP","narrow":"ARP"},"ARS":{"displayName":{"other":"ارجنٹائن پیسہ"},"symbol":"ARS","narrow":"$"},"ATS":{"displayName":{"other":"ATS"},"symbol":"ATS","narrow":"ATS"},"AUD":{"displayName":{"other":"آسٹریلین ڈالر"},"symbol":"A$","narrow":"$"},"AWG":{"displayName":{"other":"اروبن فلورِن"},"symbol":"AWG","narrow":"AWG"},"AZM":{"displayName":{"other":"AZM"},"symbol":"AZM","narrow":"AZM"},"AZN":{"displayName":{"other":"آذربائجانی منات"},"symbol":"AZN","narrow":"₼"},"BAD":{"displayName":{"other":"BAD"},"symbol":"BAD","narrow":"BAD"},"BAM":{"displayName":{"other":"بوسنیا ہرزیگووینا کا قابل منتقلی نشان"},"symbol":"BAM","narrow":"KM"},"BAN":{"displayName":{"other":"BAN"},"symbol":"BAN","narrow":"BAN"},"BBD":{"displayName":{"other":"باربیڈین ڈالر"},"symbol":"BBD","narrow":"$"},"BDT":{"displayName":{"other":"بنگلہ دیشی ٹکا"},"symbol":"BDT","narrow":"৳"},"BEC":{"displayName":{"other":"BEC"},"symbol":"BEC","narrow":"BEC"},"BEF":{"displayName":{"other":"BEF"},"symbol":"BEF","narrow":"BEF"},"BEL":{"displayName":{"other":"BEL"},"symbol":"BEL","narrow":"BEL"},"BGL":{"displayName":{"other":"BGL"},"symbol":"BGL","narrow":"BGL"},"BGM":{"displayName":{"other":"BGM"},"symbol":"BGM","narrow":"BGM"},"BGN":{"displayName":{"other":"بلغارین لیو"},"symbol":"BGN","narrow":"BGN"},"BGO":{"displayName":{"other":"BGO"},"symbol":"BGO","narrow":"BGO"},"BHD":{"displayName":{"other":"بحرینی دینار"},"symbol":"BHD","narrow":"BHD"},"BIF":{"displayName":{"other":"برونڈیئن فرانک"},"symbol":"BIF","narrow":"BIF"},"BMD":{"displayName":{"other":"برموڈا ڈالر"},"symbol":"BMD","narrow":"$"},"BND":{"displayName":{"other":"برونئی ڈالر"},"symbol":"BND","narrow":"$"},"BOB":{"displayName":{"other":"بولیوین بولیویانو"},"symbol":"BOB","narrow":"Bs"},"BOL":{"displayName":{"other":"BOL"},"symbol":"BOL","narrow":"BOL"},"BOP":{"displayName":{"other":"BOP"},"symbol":"BOP","narrow":"BOP"},"BOV":{"displayName":{"other":"BOV"},"symbol":"BOV","narrow":"BOV"},"BRB":{"displayName":{"other":"BRB"},"symbol":"BRB","narrow":"BRB"},"BRC":{"displayName":{"other":"BRC"},"symbol":"BRC","narrow":"BRC"},"BRE":{"displayName":{"other":"BRE"},"symbol":"BRE","narrow":"BRE"},"BRL":{"displayName":{"other":"برازیلی ریئل"},"symbol":"R$","narrow":"R$"},"BRN":{"displayName":{"other":"BRN"},"symbol":"BRN","narrow":"BRN"},"BRR":{"displayName":{"other":"BRR"},"symbol":"BRR","narrow":"BRR"},"BRZ":{"displayName":{"other":"BRZ"},"symbol":"BRZ","narrow":"BRZ"},"BSD":{"displayName":{"other":"بہامانی ڈالر"},"symbol":"BSD","narrow":"$"},"BTN":{"displayName":{"other":"بھوٹانی گُلٹرم"},"symbol":"BTN","narrow":"BTN"},"BUK":{"displayName":{"other":"BUK"},"symbol":"BUK","narrow":"BUK"},"BWP":{"displayName":{"other":"بوتسوانا کا پولا"},"symbol":"BWP","narrow":"P"},"BYB":{"displayName":{"other":"BYB"},"symbol":"BYB","narrow":"BYB"},"BYN":{"displayName":{"other":"بیلاروسی روبل"},"symbol":"BYN","narrow":"р."},"BYR":{"displayName":{"other":"بیلاروسی روبل (۲۰۰۰–۲۰۱۶)"},"symbol":"BYR","narrow":"BYR"},"BZD":{"displayName":{"other":"بیلیز ڈالرز","one":"بیلیز ڈالر"},"symbol":"BZD","narrow":"$"},"CAD":{"displayName":{"other":"کنیڈین ڈالر"},"symbol":"CA$","narrow":"$"},"CDF":{"displayName":{"other":"کانگولیز فرانک"},"symbol":"CDF","narrow":"CDF"},"CHE":{"displayName":{"other":"CHE"},"symbol":"CHE","narrow":"CHE"},"CHF":{"displayName":{"other":"سوئس فرانکس"},"symbol":"CHF","narrow":"CHF"},"CHW":{"displayName":{"other":"CHW"},"symbol":"CHW","narrow":"CHW"},"CLE":{"displayName":{"other":"CLE"},"symbol":"CLE","narrow":"CLE"},"CLF":{"displayName":{"other":"CLF"},"symbol":"CLF","narrow":"CLF"},"CLP":{"displayName":{"other":"چلّین پیسہ"},"symbol":"CLP","narrow":"$"},"CNH":{"displayName":{"other":"چینی یوآن (آف شور)"},"symbol":"CNH","narrow":"CNH"},"CNX":{"displayName":{"other":"CNX"},"symbol":"CNX","narrow":"CNX"},"CNY":{"displayName":{"other":"چینی یوآن"},"symbol":"CN¥","narrow":"¥"},"COP":{"displayName":{"other":"کولمبین پیسہ"},"symbol":"COP","narrow":"$"},"COU":{"displayName":{"other":"COU"},"symbol":"COU","narrow":"COU"},"CRC":{"displayName":{"other":"کوسٹا ریکا کا کولن"},"symbol":"CRC","narrow":"₡"},"CSD":{"displayName":{"other":"CSD"},"symbol":"CSD","narrow":"CSD"},"CSK":{"displayName":{"other":"CSK"},"symbol":"CSK","narrow":"CSK"},"CUC":{"displayName":{"other":"کیوبا کا قابل منتقلی پیسو"},"symbol":"CUC","narrow":"$"},"CUP":{"displayName":{"other":"کیوبا کا پیسو"},"symbol":"CUP","narrow":"$"},"CVE":{"displayName":{"other":"کیپ ورڈی کا اسکیوڈو"},"symbol":"CVE","narrow":"CVE"},"CYP":{"displayName":{"other":"CYP"},"symbol":"CYP","narrow":"CYP"},"CZK":{"displayName":{"other":"چیک کروناز","one":"چیک کرونا"},"symbol":"CZK","narrow":"Kč"},"DDM":{"displayName":{"other":"DDM"},"symbol":"DDM","narrow":"DDM"},"DEM":{"displayName":{"other":"ڈچ مارکس"},"symbol":"DEM","narrow":"DEM"},"DJF":{"displayName":{"other":"جبوتی فرانک"},"symbol":"DJF","narrow":"DJF"},"DKK":{"displayName":{"other":"ڈنمارک کرون"},"symbol":"DKK","narrow":"kr"},"DOP":{"displayName":{"other":"ڈومنیکن پیسو"},"symbol":"DOP","narrow":"$"},"DZD":{"displayName":{"other":"الجیریائی دینار"},"symbol":"DZD","narrow":"DZD"},"ECS":{"displayName":{"other":"ECS"},"symbol":"ECS","narrow":"ECS"},"ECV":{"displayName":{"other":"ECV"},"symbol":"ECV","narrow":"ECV"},"EEK":{"displayName":{"other":"ایسٹونین کرون"},"symbol":"EEK","narrow":"EEK"},"EGP":{"displayName":{"other":"مصری پاؤنڈ"},"symbol":"EGP","narrow":"E£"},"ERN":{"displayName":{"other":"اریٹیریائی ناکفا"},"symbol":"ERN","narrow":"ERN"},"ESA":{"displayName":{"other":"ESA"},"symbol":"ESA","narrow":"ESA"},"ESB":{"displayName":{"other":"ESB"},"symbol":"ESB","narrow":"ESB"},"ESP":{"displayName":{"other":"ESP"},"symbol":"ESP","narrow":"₧"},"ETB":{"displayName":{"other":"ایتھوپیائی بِرّ"},"symbol":"ETB","narrow":"ETB"},"EUR":{"displayName":{"other":"یورو"},"symbol":"€","narrow":"€"},"FIM":{"displayName":{"other":"FIM"},"symbol":"FIM","narrow":"FIM"},"FJD":{"displayName":{"other":"فجی کا ڈالر"},"symbol":"FJD","narrow":"$"},"FKP":{"displayName":{"other":"فاکلینڈ آئلینڈز پونڈ"},"symbol":"FKP","narrow":"£"},"FRF":{"displayName":{"other":"FRF"},"symbol":"FRF","narrow":"FRF"},"GBP":{"displayName":{"other":"برطانوی پاؤنڈ"},"symbol":"£","narrow":"£"},"GEK":{"displayName":{"other":"GEK"},"symbol":"GEK","narrow":"GEK"},"GEL":{"displayName":{"other":"جارجیائی لاری"},"symbol":"GEL","narrow":"₾"},"GHC":{"displayName":{"other":"GHC"},"symbol":"GHC","narrow":"GHC"},"GHS":{"displayName":{"other":"گھانا کا سیڈی"},"symbol":"GHS","narrow":"GH₵"},"GIP":{"displayName":{"other":"جبل الطارق پونڈ"},"symbol":"GIP","narrow":"£"},"GMD":{"displayName":{"other":"گامبیا کا ڈلاسی"},"symbol":"GMD","narrow":"GMD"},"GNF":{"displayName":{"other":"گنی فرانک"},"symbol":"GNF","narrow":"FG"},"GNS":{"displayName":{"other":"GNS"},"symbol":"GNS","narrow":"GNS"},"GQE":{"displayName":{"other":"GQE"},"symbol":"GQE","narrow":"GQE"},"GRD":{"displayName":{"other":"GRD"},"symbol":"GRD","narrow":"GRD"},"GTQ":{"displayName":{"other":"گواٹے مالا کا کوئٹزل"},"symbol":"GTQ","narrow":"Q"},"GWE":{"displayName":{"other":"GWE"},"symbol":"GWE","narrow":"GWE"},"GWP":{"displayName":{"other":"GWP"},"symbol":"GWP","narrow":"GWP"},"GYD":{"displayName":{"other":"گویانیز ڈالر"},"symbol":"GYD","narrow":"$"},"HKD":{"displayName":{"other":"ھانگ کانگ ڈالر"},"symbol":"HK$","narrow":"$"},"HNL":{"displayName":{"other":"ہونڈوران لیمپیرا"},"symbol":"HNL","narrow":"L"},"HRD":{"displayName":{"other":"HRD"},"symbol":"HRD","narrow":"HRD"},"HRK":{"displayName":{"other":"کروشین کونا"},"symbol":"HRK","narrow":"kn"},"HTG":{"displayName":{"other":"ہیتی کا گؤرڈی"},"symbol":"HTG","narrow":"HTG"},"HUF":{"displayName":{"other":"ہنگرین فورنٹ"},"symbol":"HUF","narrow":"Ft"},"IDR":{"displayName":{"other":"انڈونیشین روپیہ"},"symbol":"IDR","narrow":"Rp"},"IEP":{"displayName":{"other":"IEP"},"symbol":"IEP","narrow":"IEP"},"ILP":{"displayName":{"other":"ILP"},"symbol":"ILP","narrow":"ILP"},"ILR":{"displayName":{"other":"ILR"},"symbol":"ILR","narrow":"ILR"},"ILS":{"displayName":{"other":"اسرائیلی نیا شیکلز","one":"اسرائیلی نیا شیکل"},"symbol":"₪","narrow":"₪"},"INR":{"displayName":{"other":"بھارتی روپے","one":"بھارتی روپیہ"},"symbol":"₹","narrow":"₹"},"IQD":{"displayName":{"other":"عراقی دینار"},"symbol":"IQD","narrow":"IQD"},"IRR":{"displayName":{"other":"ایرانی ریال"},"symbol":"IRR","narrow":"IRR"},"ISJ":{"displayName":{"other":"ISJ"},"symbol":"ISJ","narrow":"ISJ"},"ISK":{"displayName":{"other":"آئس لينڈی کرونوں","one":"آئس لينڈی کرونا"},"symbol":"ISK","narrow":"kr"},"ITL":{"displayName":{"other":"ITL"},"symbol":"ITL","narrow":"ITL"},"JMD":{"displayName":{"other":"جمائیکن ڈالر"},"symbol":"JMD","narrow":"$"},"JOD":{"displayName":{"other":"اردنی دینار"},"symbol":"JOD","narrow":"JOD"},"JPY":{"displayName":{"other":"جاپانی ین"},"symbol":"JP¥","narrow":"¥"},"KES":{"displayName":{"other":"کینیائی شلنگ"},"symbol":"KES","narrow":"KES"},"KGS":{"displayName":{"other":"کرغستانی سوم"},"symbol":"KGS","narrow":"KGS"},"KHR":{"displayName":{"other":"کمبوڈیائی ریئل"},"symbol":"KHR","narrow":"៛"},"KMF":{"displayName":{"other":"کوموریئن فرانک"},"symbol":"KMF","narrow":"CF"},"KPW":{"displayName":{"other":"شمالی کوریائی وون"},"symbol":"KPW","narrow":"₩"},"KRH":{"displayName":{"other":"KRH"},"symbol":"KRH","narrow":"KRH"},"KRO":{"displayName":{"other":"KRO"},"symbol":"KRO","narrow":"KRO"},"KRW":{"displayName":{"other":"جنوبی کوریائی وون"},"symbol":"₩","narrow":"₩"},"KWD":{"displayName":{"other":"کویتی دینار"},"symbol":"KWD","narrow":"KWD"},"KYD":{"displayName":{"other":"کیمین آئلینڈز ڈالر"},"symbol":"KYD","narrow":"$"},"KZT":{"displayName":{"other":"قزاخستانی ٹینگ"},"symbol":"KZT","narrow":"₸"},"LAK":{"displayName":{"other":"لاؤشیائی کِپ"},"symbol":"LAK","narrow":"₭"},"LBP":{"displayName":{"other":"لبنانی پونڈ"},"symbol":"LBP","narrow":"L£"},"LKR":{"displayName":{"other":"سری لنکائی روپیہ"},"symbol":"LKR","narrow":"Rs"},"LRD":{"displayName":{"other":"لائبریائی ڈالر"},"symbol":"LRD","narrow":"$"},"LSL":{"displayName":{"other":"لیسوتھو لوٹی"},"symbol":"LSL","narrow":"LSL"},"LTL":{"displayName":{"other":"لیتھوینیائی لیٹاس"},"symbol":"LTL","narrow":"Lt"},"LTT":{"displayName":{"other":"LTT"},"symbol":"LTT","narrow":"LTT"},"LUC":{"displayName":{"other":"LUC"},"symbol":"LUC","narrow":"LUC"},"LUF":{"displayName":{"other":"LUF"},"symbol":"LUF","narrow":"LUF"},"LUL":{"displayName":{"other":"LUL"},"symbol":"LUL","narrow":"LUL"},"LVL":{"displayName":{"other":"لاتویائی لیٹس"},"symbol":"LVL","narrow":"Ls"},"LVR":{"displayName":{"other":"LVR"},"symbol":"LVR","narrow":"LVR"},"LYD":{"displayName":{"other":"لیبیائی دینار"},"symbol":"LYD","narrow":"LYD"},"MAD":{"displayName":{"other":"مراکشی درہم"},"symbol":"MAD","narrow":"MAD"},"MAF":{"displayName":{"other":"MAF"},"symbol":"MAF","narrow":"MAF"},"MCF":{"displayName":{"other":"MCF"},"symbol":"MCF","narrow":"MCF"},"MDC":{"displayName":{"other":"MDC"},"symbol":"MDC","narrow":"MDC"},"MDL":{"displayName":{"other":"مالدووی لیو"},"symbol":"MDL","narrow":"MDL"},"MGA":{"displayName":{"other":"ملاگاسی اریاری"},"symbol":"MGA","narrow":"Ar"},"MGF":{"displayName":{"other":"MGF"},"symbol":"MGF","narrow":"MGF"},"MKD":{"displayName":{"other":"مقدونیائی دینار"},"symbol":"MKD","narrow":"MKD"},"MKN":{"displayName":{"other":"MKN"},"symbol":"MKN","narrow":"MKN"},"MLF":{"displayName":{"other":"MLF"},"symbol":"MLF","narrow":"MLF"},"MMK":{"displayName":{"other":"میانمار کیاٹ"},"symbol":"MMK","narrow":"K"},"MNT":{"displayName":{"other":"منگولیائی ٹگرِ"},"symbol":"MNT","narrow":"₮"},"MOP":{"displayName":{"other":"میکانیز پٹاکا"},"symbol":"MOP","narrow":"MOP"},"MRO":{"displayName":{"other":"موریطانیائی اوگوئیا (1973–2017)"},"symbol":"MRO","narrow":"MRO"},"MRU":{"displayName":{"other":"موریطانیائی اوگوئیا"},"symbol":"MRU","narrow":"MRU"},"MTL":{"displayName":{"other":"MTL"},"symbol":"MTL","narrow":"MTL"},"MTP":{"displayName":{"other":"MTP"},"symbol":"MTP","narrow":"MTP"},"MUR":{"displayName":{"other":"ماریشس کا روپیہ"},"symbol":"MUR","narrow":"Rs"},"MVP":{"displayName":{"other":"MVP"},"symbol":"MVP","narrow":"MVP"},"MVR":{"displayName":{"other":"مالدیپ کا روفیہ"},"symbol":"MVR","narrow":"MVR"},"MWK":{"displayName":{"other":"ملاوی کواچا"},"symbol":"MWK","narrow":"MWK"},"MXN":{"displayName":{"other":"میکسیکی پیسہ"},"symbol":"MX$","narrow":"$"},"MXP":{"displayName":{"other":"MXP"},"symbol":"MXP","narrow":"MXP"},"MXV":{"displayName":{"other":"MXV"},"symbol":"MXV","narrow":"MXV"},"MYR":{"displayName":{"other":"ملیشیائی رنگِٹ"},"symbol":"MYR","narrow":"RM"},"MZE":{"displayName":{"other":"MZE"},"symbol":"MZE","narrow":"MZE"},"MZM":{"displayName":{"other":"MZM"},"symbol":"MZM","narrow":"MZM"},"MZN":{"displayName":{"other":"موزامبیقی میٹیکلز","one":"موزامبیقی میٹیکل"},"symbol":"MZN","narrow":"MZN"},"NAD":{"displayName":{"other":"نامیبیائی ڈالر"},"symbol":"NAD","narrow":"$"},"NGN":{"displayName":{"other":"نائیجیریائی نائرا"},"symbol":"NGN","narrow":"₦"},"NIC":{"displayName":{"other":"NIC"},"symbol":"NIC","narrow":"NIC"},"NIO":{"displayName":{"other":"نکارا گوا کا کورڈوبا"},"symbol":"NIO","narrow":"C$"},"NLG":{"displayName":{"other":"NLG"},"symbol":"NLG","narrow":"NLG"},"NOK":{"displayName":{"other":"ناروے کرون"},"symbol":"NOK","narrow":"kr"},"NPR":{"displayName":{"other":"نیپالی روپیہ"},"symbol":"NPR","narrow":"Rs"},"NZD":{"displayName":{"other":"نیوزی لینڈ ڈالر"},"symbol":"NZ$","narrow":"$"},"OMR":{"displayName":{"other":"عمانی ریال"},"symbol":"OMR","narrow":"OMR"},"PAB":{"displayName":{"other":"پنامہ کا بالبوآ"},"symbol":"PAB","narrow":"PAB"},"PEI":{"displayName":{"other":"PEI"},"symbol":"PEI","narrow":"PEI"},"PEN":{"displayName":{"other":"پیروویئن سول"},"symbol":"PEN","narrow":"PEN"},"PES":{"displayName":{"other":"PES"},"symbol":"PES","narrow":"PES"},"PGK":{"displayName":{"other":"پاپوآ نیو گنی کا کینا"},"symbol":"PGK","narrow":"PGK"},"PHP":{"displayName":{"other":"فلپائنی پیسو","one":"فلپائینی پیسہ"},"symbol":"PHP","narrow":"₱"},"PKR":{"displayName":{"other":"پاکستانی روپیہ"},"symbol":"Rs","narrow":"Rs"},"PLN":{"displayName":{"other":"پولش زلوٹی"},"symbol":"PLN","narrow":"zł"},"PLZ":{"displayName":{"other":"PLZ"},"symbol":"PLZ","narrow":"PLZ"},"PTE":{"displayName":{"other":"PTE"},"symbol":"PTE","narrow":"PTE"},"PYG":{"displayName":{"other":"پیراگوئے کا گوآرنی"},"symbol":"PYG","narrow":"₲"},"QAR":{"displayName":{"other":"قطری ریال"},"symbol":"QAR","narrow":"QAR"},"RHD":{"displayName":{"other":"RHD"},"symbol":"RHD","narrow":"RHD"},"ROL":{"displayName":{"other":"ROL"},"symbol":"ROL","narrow":"ROL"},"RON":{"displayName":{"other":"رومانیائی لی","one":"رومانیائی لیو"},"symbol":"RON","narrow":"lei"},"RSD":{"displayName":{"other":"سربین دینار"},"symbol":"RSD","narrow":"RSD"},"RUB":{"displayName":{"other":"روسی روبل"},"symbol":"RUB","narrow":"₽"},"RUR":{"displayName":{"other":"RUR"},"symbol":"RUR","narrow":"р."},"RWF":{"displayName":{"other":"روانڈا کا فرانک"},"symbol":"RWF","narrow":"RF"},"SAR":{"displayName":{"other":"سعودی ریال"},"symbol":"SAR","narrow":"SAR"},"SBD":{"displayName":{"other":"سولومن آئلینڈز ڈالر"},"symbol":"SBD","narrow":"$"},"SCR":{"displayName":{"other":"سشلی کا روپیہ"},"symbol":"SCR","narrow":"SCR"},"SDD":{"displayName":{"other":"SDD"},"symbol":"SDD","narrow":"SDD"},"SDG":{"displayName":{"other":"سوڈانی پاؤنڈ"},"symbol":"SDG","narrow":"SDG"},"SDP":{"displayName":{"other":"SDP"},"symbol":"SDP","narrow":"SDP"},"SEK":{"displayName":{"other":"سویڈن کرونر","one":"سویڈن کرونا"},"symbol":"SEK","narrow":"kr"},"SGD":{"displayName":{"other":"سنگا پور ڈالر"},"symbol":"SGD","narrow":"$"},"SHP":{"displayName":{"other":"سینٹ ہیلینا پاؤنڈ"},"symbol":"SHP","narrow":"£"},"SIT":{"displayName":{"other":"سلوانین ٹولر"},"symbol":"SIT","narrow":"SIT"},"SKK":{"displayName":{"other":"سلووک کرونا"},"symbol":"SKK","narrow":"SKK"},"SLL":{"displayName":{"other":"سیئرا لیونین لیون"},"symbol":"SLL","narrow":"SLL"},"SOS":{"displayName":{"other":"صومالی شلنگ"},"symbol":"SOS","narrow":"SOS"},"SRD":{"displayName":{"other":"سورینامی ڈالر"},"symbol":"SRD","narrow":"$"},"SRG":{"displayName":{"other":"SRG"},"symbol":"SRG","narrow":"SRG"},"SSP":{"displayName":{"other":"جنوبی سوڈانی پاؤنڈز","one":"جنوبی سوڈانی پاؤنڈ"},"symbol":"SSP","narrow":"£"},"STD":{"displayName":{"other":"ساؤ ٹوم اور پرنسپے ڈوبرا (1977–2017)"},"symbol":"STD","narrow":"STD"},"STN":{"displayName":{"other":"ساؤ ٹومے اور پرنسپے ڈوبرا"},"symbol":"STN","narrow":"Db"},"SUR":{"displayName":{"other":"SUR"},"symbol":"SUR","narrow":"SUR"},"SVC":{"displayName":{"other":"SVC"},"symbol":"SVC","narrow":"SVC"},"SYP":{"displayName":{"other":"شامی پونڈ"},"symbol":"SYP","narrow":"£"},"SZL":{"displayName":{"other":"سوازی لیلانجینی"},"symbol":"SZL","narrow":"SZL"},"THB":{"displayName":{"other":"تھائی باہت"},"symbol":"฿","narrow":"฿"},"TJR":{"displayName":{"other":"TJR"},"symbol":"TJR","narrow":"TJR"},"TJS":{"displayName":{"other":"تاجکستانی سومونی"},"symbol":"TJS","narrow":"TJS"},"TMM":{"displayName":{"other":"TMM"},"symbol":"TMM","narrow":"TMM"},"TMT":{"displayName":{"other":"ترکمانستانی منات"},"symbol":"TMT","narrow":"TMT"},"TND":{"displayName":{"other":"تیونیسیائی دینار"},"symbol":"TND","narrow":"TND"},"TOP":{"displayName":{"other":"ٹونگن پانگا"},"symbol":"TOP","narrow":"T$"},"TPE":{"displayName":{"other":"TPE"},"symbol":"TPE","narrow":"TPE"},"TRL":{"displayName":{"other":"TRL"},"symbol":"TRL","narrow":"TRL"},"TRY":{"displayName":{"other":"ترکی لیرا"},"symbol":"TRY","narrow":"₺"},"TTD":{"displayName":{"other":"ترینیداد اور ٹوباگو کا ڈالر"},"symbol":"TTD","narrow":"$"},"TWD":{"displayName":{"other":"نیو تائیوان ڈالر"},"symbol":"NT$","narrow":"NT$"},"TZS":{"displayName":{"other":"تنزانیائی شلنگ"},"symbol":"TZS","narrow":"TZS"},"UAH":{"displayName":{"other":"یوکرینیائی ہریونیا"},"symbol":"UAH","narrow":"₴"},"UAK":{"displayName":{"other":"UAK"},"symbol":"UAK","narrow":"UAK"},"UGS":{"displayName":{"other":"UGS"},"symbol":"UGS","narrow":"UGS"},"UGX":{"displayName":{"other":"یوگانڈا شلنگ"},"symbol":"UGX","narrow":"UGX"},"USD":{"displayName":{"other":"امریکی ڈالر"},"symbol":"$","narrow":"$"},"USN":{"displayName":{"other":"USN"},"symbol":"USN","narrow":"USN"},"USS":{"displayName":{"other":"USS"},"symbol":"USS","narrow":"USS"},"UYI":{"displayName":{"other":"UYI"},"symbol":"UYI","narrow":"UYI"},"UYP":{"displayName":{"other":"UYP"},"symbol":"UYP","narrow":"UYP"},"UYU":{"displayName":{"other":"یوروگویان پیسو"},"symbol":"UYU","narrow":"$"},"UYW":{"displayName":{"other":"UYW"},"symbol":"UYW","narrow":"UYW"},"UZS":{"displayName":{"other":"ازبکستانی سوم"},"symbol":"UZS","narrow":"UZS"},"VEB":{"displayName":{"other":"وینزویلا بولیور (1871–2008)"},"symbol":"VEB","narrow":"VEB"},"VEF":{"displayName":{"other":"وینزویلا بولیور (2008–2018)"},"symbol":"VEF","narrow":"Bs"},"VES":{"displayName":{"other":"وینزویلا بولیور"},"symbol":"VES","narrow":"VES"},"VND":{"displayName":{"other":"ویتنامی ڈانگ"},"symbol":"₫","narrow":"₫"},"VNN":{"displayName":{"other":"VNN"},"symbol":"VNN","narrow":"VNN"},"VUV":{"displayName":{"other":"وینوواتو واتو"},"symbol":"VUV","narrow":"VUV"},"WST":{"displayName":{"other":"ساموآ کا ٹالا"},"symbol":"WST","narrow":"WST"},"XAF":{"displayName":{"other":"وسطی افریقی [CFA] فرانک"},"symbol":"FCFA","narrow":"FCFA"},"XAG":{"displayName":{"other":"XAG"},"symbol":"XAG","narrow":"XAG"},"XAU":{"displayName":{"other":"XAU"},"symbol":"XAU","narrow":"XAU"},"XBA":{"displayName":{"other":"XBA"},"symbol":"XBA","narrow":"XBA"},"XBB":{"displayName":{"other":"XBB"},"symbol":"XBB","narrow":"XBB"},"XBC":{"displayName":{"other":"XBC"},"symbol":"XBC","narrow":"XBC"},"XBD":{"displayName":{"other":"XBD"},"symbol":"XBD","narrow":"XBD"},"XCD":{"displayName":{"other":"مشرقی کریبیا کا ڈالر"},"symbol":"EC$","narrow":"$"},"XDR":{"displayName":{"other":"XDR"},"symbol":"XDR","narrow":"XDR"},"XEU":{"displayName":{"other":"XEU"},"symbol":"XEU","narrow":"XEU"},"XFO":{"displayName":{"other":"XFO"},"symbol":"XFO","narrow":"XFO"},"XFU":{"displayName":{"other":"XFU"},"symbol":"XFU","narrow":"XFU"},"XOF":{"displayName":{"other":"مغربی افریقی [CFA] فرانک"},"symbol":"F CFA","narrow":"F CFA"},"XPD":{"displayName":{"other":"XPD"},"symbol":"XPD","narrow":"XPD"},"XPF":{"displayName":{"other":"CFP فرانکس","one":"CFP فرانک"},"symbol":"CFPF","narrow":"CFPF"},"XPT":{"displayName":{"other":"XPT"},"symbol":"XPT","narrow":"XPT"},"XRE":{"displayName":{"other":"XRE"},"symbol":"XRE","narrow":"XRE"},"XSU":{"displayName":{"other":"XSU"},"symbol":"XSU","narrow":"XSU"},"XTS":{"displayName":{"other":"XTS"},"symbol":"XTS","narrow":"XTS"},"XUA":{"displayName":{"other":"XUA"},"symbol":"XUA","narrow":"XUA"},"XXX":{"displayName":{"other":"(نامعلوم کرنسی)","one":"(کرنسی کی نامعلوم یونٹ)"},"symbol":"¤","narrow":"¤"},"YDD":{"displayName":{"other":"YDD"},"symbol":"YDD","narrow":"YDD"},"YER":{"displayName":{"other":"یمنی ریال"},"symbol":"YER","narrow":"YER"},"YUD":{"displayName":{"other":"YUD"},"symbol":"YUD","narrow":"YUD"},"YUM":{"displayName":{"other":"YUM"},"symbol":"YUM","narrow":"YUM"},"YUN":{"displayName":{"other":"YUN"},"symbol":"YUN","narrow":"YUN"},"YUR":{"displayName":{"other":"YUR"},"symbol":"YUR","narrow":"YUR"},"ZAL":{"displayName":{"other":"ZAL"},"symbol":"ZAL","narrow":"ZAL"},"ZAR":{"displayName":{"other":"جنوبی افریقی رانڈ"},"symbol":"ZAR","narrow":"R"},"ZMK":{"displayName":{"other":"زامبیائی کواچا (1968–2012)"},"symbol":"ZMK","narrow":"ZMK"},"ZMW":{"displayName":{"other":"زامبیائی کواچا"},"symbol":"ZMW","narrow":"ZK"},"ZRN":{"displayName":{"other":"ZRN"},"symbol":"ZRN","narrow":"ZRN"},"ZRZ":{"displayName":{"other":"ZRZ"},"symbol":"ZRZ","narrow":"ZRZ"},"ZWD":{"displayName":{"other":"ZWD"},"symbol":"ZWD","narrow":"ZWD"},"ZWL":{"displayName":{"other":"ZWL"},"symbol":"ZWL","narrow":"ZWL"},"ZWR":{"displayName":{"other":"ZWR"},"symbol":"ZWR","narrow":"ZWR"}},"numbers":{"nu":["latn"],"symbols":{"latn":{"decimal":".","group":",","list":";","percentSign":"%","plusSign":"‎+","minusSign":"‎-","approximatelySign":"~","exponential":"E","superscriptingExponent":"×","perMille":"‰","infinity":"∞","nan":"NaN","timeSeparator":":"}},"percent":{"latn":"#,##0%"},"decimal":{"latn":{"standard":"#,##0.###","long":{"1000":{"other":"0 ہزار"},"10000":{"other":"00 ہزار"},"100000":{"other":"0 لاکھ"},"1000000":{"other":"00 لاکھ"},"10000000":{"other":"0 کروڑ"},"100000000":{"other":"00 کروڑ"},"1000000000":{"other":"0 ارب"},"10000000000":{"other":"00 ارب"},"100000000000":{"other":"0 کھرب"},"1000000000000":{"other":"00 کھرب"},"10000000000000":{"other":"00 ٹریلین"},"100000000000000":{"other":"000 ٹریلین"}},"short":{"1000":{"other":"0 ہزار"},"10000":{"other":"00 ہزار"},"100000":{"other":"0 لاکھ"},"1000000":{"other":"00 لاکھ"},"10000000":{"other":"0 کروڑ"},"100000000":{"other":"00 کروڑ"},"1000000000":{"other":"0 ارب"},"10000000000":{"other":"00 ارب"},"100000000000":{"other":"0 کھرب"},"1000000000000":{"other":"00 کھرب"},"10000000000000":{"other":"00 ٹریلین"},"100000000000000":{"other":"000 ٹریلین"}}}},"currency":{"latn":{"currencySpacing":{"beforeInsertBetween":" ","afterInsertBetween":" "},"standard":"¤ #,##0.00","accounting":"¤#,##0.00;(¤#,##0.00)","unitPattern":"{0} {1}","short":{"1000":{"other":"¤ 0 ہزار"},"10000":{"other":"¤ 00 ہزار"},"100000":{"other":"¤ 0 لاکھ"},"1000000":{"other":"¤ 00 لاکھ"},"10000000":{"other":"¤ 0 کروڑ"},"100000000":{"other":"¤ 00 کروڑ"},"1000000000":{"other":"¤ 0 ارب"},"10000000000":{"other":"¤ 00 ارب"},"100000000000":{"other":"¤ 0 کھرب"},"1000000000000":{"other":"¤0 ٹریلین"},"10000000000000":{"other":"¤ 00 ٹریلین"},"100000000000000":{"other":"¤ 000 ٹریلین"}}}}},"nu":["latn"]},"locale":"ur"}
