{"data":{"units":{"simple":{"degree":{"long":{"other":"{0}度"},"short":{"other":"{0}°"},"narrow":{"other":"{0}°"},"perUnit":{}},"hectare":{"long":{"other":"{0}公顷"},"short":{"other":"{0}公顷"},"narrow":{"other":"{0}ha"},"perUnit":{}},"acre":{"long":{"other":"{0}英亩"},"short":{"other":"{0}英亩"},"narrow":{"other":"{0}ac"},"perUnit":{}},"percent":{"long":{"other":"{0}%"},"short":{"other":"{0}%"},"narrow":{"other":"{0}%"},"perUnit":{}},"liter-per-kilometer":{"long":{"other":"每公里{0}升"},"short":{"other":"{0} L/km"},"narrow":{"other":"{0} L/km"},"perUnit":{}},"mile-per-gallon":{"long":{"other":"每加仑{0}英里"},"short":{"other":"{0} mpg US"},"narrow":{"other":"{0} mpg US"},"perUnit":{}},"petabyte":{"long":{"other":"{0}拍字节"},"short":{"other":"{0} PB"},"narrow":{"other":"{0} PB"},"perUnit":{}},"terabyte":{"long":{"other":"{0}太字节"},"short":{"other":"{0} TB"},"narrow":{"other":"{0} TB"},"perUnit":{}},"terabit":{"long":{"other":"{0}太比特"},"short":{"other":"{0} Tb"},"narrow":{"other":"{0} Tb"},"perUnit":{}},"gigabyte":{"long":{"other":"{0}吉字节"},"short":{"other":"{0} GB"},"narrow":{"other":"{0} GB"},"perUnit":{}},"gigabit":{"long":{"other":"{0}吉比特"},"short":{"other":"{0} Gb"},"narrow":{"other":"{0} Gb"},"perUnit":{}},"megabyte":{"long":{"other":"{0}兆字节"},"short":{"other":"{0} MB"},"narrow":{"other":"{0} MB"},"perUnit":{}},"megabit":{"long":{"other":"{0}兆比特"},"short":{"other":"{0} Mb"},"narrow":{"other":"{0} Mb"},"perUnit":{}},"kilobyte":{"long":{"other":"{0}千字节"},"short":{"other":"{0} kB"},"narrow":{"other":"{0} kB"},"perUnit":{}},"kilobit":{"long":{"other":"{0}千比特"},"short":{"other":"{0} kb"},"narrow":{"other":"{0} kb"},"perUnit":{}},"byte":{"long":{"other":"{0}字节"},"short":{"other":"{0} B"},"narrow":{"other":"{0} B"},"perUnit":{}},"bit":{"long":{"other":"{0}比特"},"short":{"other":"{0} b"},"narrow":{"other":"{0} b"},"perUnit":{}},"year":{"long":{"other":"{0}年"},"short":{"other":"{0}年"},"narrow":{"other":"{0}年"},"perUnit":{"long":"{0}/年","short":"{0}/年","narrow":"{0}/年"}},"month":{"long":{"other":"{0}个月"},"short":{"other":"{0}个月"},"narrow":{"other":"{0}个月"},"perUnit":{"long":"{0}/月","short":"{0}/月","narrow":"{0}/月"}},"week":{"long":{"other":"{0}周"},"short":{"other":"{0}周"},"narrow":{"other":"{0}周"},"perUnit":{"long":"{0}/周","short":"{0}/周","narrow":"{0}/周"}},"day":{"long":{"other":"{0}天"},"short":{"other":"{0}天"},"narrow":{"other":"{0}天"},"perUnit":{"long":"{0}/天","short":"{0}/天","narrow":"{0}/天"}},"hour":{"long":{"other":"{0}小时"},"short":{"other":"{0}小时"},"narrow":{"other":"{0}小时"},"perUnit":{"long":"{0}/小时","short":"{0}/小时","narrow":"{0}/小时"}},"minute":{"long":{"other":"{0}分钟"},"short":{"other":"{0}分钟"},"narrow":{"other":"{0}分钟"},"perUnit":{"long":"{0}/分钟","short":"{0}/分钟","narrow":"{0}/分钟"}},"second":{"long":{"other":"{0}秒钟"},"short":{"other":"{0}秒"},"narrow":{"other":"{0}秒"},"perUnit":{"long":"{0}/秒","short":"{0}/秒","narrow":"{0}/秒"}},"millisecond":{"long":{"other":"{0}毫秒"},"short":{"other":"{0}毫秒"},"narrow":{"other":"{0}毫秒"},"perUnit":{}},"kilometer":{"long":{"other":"{0}公里"},"short":{"other":"{0}公里"},"narrow":{"other":"{0}公里"},"perUnit":{"long":"{0}/公里","short":"{0}/公里","narrow":"{0}/公里"}},"meter":{"long":{"other":"{0}米"},"short":{"other":"{0}米"},"narrow":{"other":"{0}米"},"perUnit":{"long":"{0}/米","short":"{0}/米","narrow":"{0}/米"}},"centimeter":{"long":{"other":"{0}厘米"},"short":{"other":"{0}厘米"},"narrow":{"other":"{0}厘米"},"perUnit":{"long":"{0}/厘米","short":"{0}/厘米","narrow":"{0}/厘米"}},"millimeter":{"long":{"other":"{0}毫米"},"short":{"other":"{0}毫米"},"narrow":{"other":"{0}毫米"},"perUnit":{}},"mile":{"long":{"other":"{0}英里"},"short":{"other":"{0}英里"},"narrow":{"other":"{0}mi"},"perUnit":{}},"yard":{"long":{"other":"{0}码"},"short":{"other":"{0}码"},"narrow":{"other":"{0}yd"},"perUnit":{}},"foot":{"long":{"other":"{0}英尺"},"short":{"other":"{0}英尺"},"narrow":{"other":"{0}′"},"perUnit":{"long":"{0}/英尺","short":"{0}/英尺","narrow":"{0}/英尺"}},"inch":{"long":{"other":"{0}英寸"},"short":{"other":"{0}英寸"},"narrow":{"other":"{0}″"},"perUnit":{"long":"{0}/英寸","short":"{0}/英寸","narrow":"{0}/英寸"}},"mile-scandinavian":{"long":{"other":"{0}斯堪的纳维亚英里"},"short":{"other":"{0}斯堪的纳维亚英里"},"narrow":{"other":"{0}smi"},"perUnit":{}},"kilogram":{"long":{"other":"{0}千克"},"short":{"other":"{0} kg"},"narrow":{"other":"{0}kg"},"perUnit":{"long":"每千克{0}","short":"{0}/kg","narrow":"{0}/kg"}},"gram":{"long":{"other":"{0}克"},"short":{"other":"{0} g"},"narrow":{"other":"{0}g"},"perUnit":{"long":"{0}/g","short":"{0}/g","narrow":"{0}/g"}},"stone":{"long":{"other":"{0}英石"},"short":{"other":"{0} st"},"narrow":{"other":"{0}英石"},"perUnit":{}},"pound":{"long":{"other":"{0}磅"},"short":{"other":"{0} lb"},"narrow":{"other":"{0}磅"},"perUnit":{"long":"每磅{0}","short":"{0}/lb","narrow":"{0}/lb"}},"ounce":{"long":{"other":"{0}盎司"},"short":{"other":"{0} oz"},"narrow":{"other":"{0}盎司"},"perUnit":{"long":"每盎司{0}","short":"{0}/oz","narrow":"{0}/oz"}},"kilometer-per-hour":{"long":{"other":"每小时{0}公里"},"short":{"other":"{0} km/h"},"narrow":{"other":"{0}km/h"},"perUnit":{}},"meter-per-second":{"long":{"other":"每秒{0}米"},"short":{"other":"{0} m/s"},"narrow":{"other":"{0}m/s"},"perUnit":{}},"mile-per-hour":{"long":{"other":"每小时{0}英里"},"short":{"other":"{0} mi/h"},"narrow":{"other":"{0}mi/h"},"perUnit":{}},"celsius":{"long":{"other":"{0}摄氏度"},"short":{"other":"{0}°C"},"narrow":{"other":"{0}°C"},"perUnit":{}},"fahrenheit":{"long":{"other":"{0}华氏度"},"short":{"other":"{0}°F"},"narrow":{"other":"{0}°F"},"perUnit":{}},"liter":{"long":{"other":"{0}升"},"short":{"other":"{0}升"},"narrow":{"other":"{0}升"},"perUnit":{"long":"{0}/升","short":"{0}/升","narrow":"{0}/升"}},"milliliter":{"long":{"other":"{0}毫升"},"short":{"other":"{0}毫升"},"narrow":{"other":"{0}毫升"},"perUnit":{}},"gallon":{"long":{"other":"{0}加仑"},"short":{"other":"{0}加仑"},"narrow":{"other":"{0}加仑"},"perUnit":{"long":"{0}/加仑","short":"{0}/加仑","narrow":"{0}/加仑"}},"fluid-ounce":{"long":{"other":"{0}液盎司"},"short":{"other":"{0}液盎司"},"narrow":{"other":"{0}液盎司"},"perUnit":{}}},"compound":{"per":{"long":"每{1}{0}","short":"{0}/{1}","narrow":"{0}/{1}"}}},"currencies":{"ADP":{"displayName":{"other":"安道尔比塞塔"},"symbol":"ADP","narrow":"ADP"},"AED":{"displayName":{"other":"阿联酋迪拉姆"},"symbol":"AED","narrow":"AED"},"AFA":{"displayName":{"other":"阿富汗尼 (1927–2002)"},"symbol":"AFA","narrow":"AFA"},"AFN":{"displayName":{"other":"阿富汗尼"},"symbol":"AFN","narrow":"؋"},"ALK":{"displayName":{"other":"阿尔巴尼亚列克(1946–1965)"},"symbol":"ALK","narrow":"ALK"},"ALL":{"displayName":{"other":"阿尔巴尼亚列克"},"symbol":"ALL","narrow":"ALL"},"AMD":{"displayName":{"other":"亚美尼亚德拉姆"},"symbol":"AMD","narrow":"֏"},"ANG":{"displayName":{"other":"荷属安的列斯盾"},"symbol":"ANG","narrow":"ANG"},"AOA":{"displayName":{"other":"安哥拉宽扎"},"symbol":"AOA","narrow":"Kz"},"AOK":{"displayName":{"other":"安哥拉宽扎 (1977–1990)"},"symbol":"AOK","narrow":"AOK"},"AON":{"displayName":{"other":"安哥拉新宽扎 (1990–2000)"},"symbol":"AON","narrow":"AON"},"AOR":{"displayName":{"other":"安哥拉重新调整宽扎 (1995–1999)"},"symbol":"AOR","narrow":"AOR"},"ARA":{"displayName":{"other":"阿根廷奥斯特拉尔"},"symbol":"ARA","narrow":"ARA"},"ARL":{"displayName":{"other":"阿根廷法定比索 (1970–1983)"},"symbol":"ARL","narrow":"ARL"},"ARM":{"displayName":{"other":"阿根廷比索 (1881–1970)"},"symbol":"ARM","narrow":"ARM"},"ARP":{"displayName":{"other":"阿根廷比索 (1983–1985)"},"symbol":"ARP","narrow":"ARP"},"ARS":{"displayName":{"other":"阿根廷比索"},"symbol":"ARS","narrow":"$"},"ATS":{"displayName":{"other":"奥地利先令"},"symbol":"ATS","narrow":"ATS"},"AUD":{"displayName":{"other":"澳大利亚元"},"symbol":"AU$","narrow":"$"},"AWG":{"displayName":{"other":"阿鲁巴弗罗林"},"symbol":"AWG","narrow":"AWG"},"AZM":{"displayName":{"other":"阿塞拜疆马纳特 (1993–2006)"},"symbol":"AZM","narrow":"AZM"},"AZN":{"displayName":{"other":"阿塞拜疆马纳特"},"symbol":"AZN","narrow":"₼"},"BAD":{"displayName":{"other":"波士尼亚-赫塞哥维纳第纳尔 (1992–1994)"},"symbol":"BAD","narrow":"BAD"},"BAM":{"displayName":{"other":"波斯尼亚-黑塞哥维那可兑换马克"},"symbol":"BAM","narrow":"KM"},"BAN":{"displayName":{"other":"波士尼亚-赫塞哥维纳新第纳尔 (1994–1997)"},"symbol":"BAN","narrow":"BAN"},"BBD":{"displayName":{"other":"巴巴多斯元"},"symbol":"BBD","narrow":"$"},"BDT":{"displayName":{"other":"孟加拉塔卡"},"symbol":"BDT","narrow":"৳"},"BEC":{"displayName":{"other":"比利时法郎（可兑换）"},"symbol":"BEC","narrow":"BEC"},"BEF":{"displayName":{"other":"比利时法郎"},"symbol":"BEF","narrow":"BEF"},"BEL":{"displayName":{"other":"比利时法郎（金融）"},"symbol":"BEL","narrow":"BEL"},"BGL":{"displayName":{"other":"保加利亚硬列弗"},"symbol":"BGL","narrow":"BGL"},"BGM":{"displayName":{"other":"保加利亚社会党列弗"},"symbol":"BGM","narrow":"BGM"},"BGN":{"displayName":{"other":"保加利亚新列弗"},"symbol":"BGN","narrow":"BGN"},"BGO":{"displayName":{"other":"保加利亚列弗 (1879–1952)"},"symbol":"BGO","narrow":"BGO"},"BHD":{"displayName":{"other":"巴林第纳尔"},"symbol":"BHD","narrow":"BHD"},"BIF":{"displayName":{"other":"布隆迪法郎"},"symbol":"BIF","narrow":"BIF"},"BMD":{"displayName":{"other":"百慕大元"},"symbol":"BMD","narrow":"$"},"BND":{"displayName":{"other":"文莱元"},"symbol":"BND","narrow":"$"},"BOB":{"displayName":{"other":"玻利维亚诺"},"symbol":"BOB","narrow":"Bs"},"BOL":{"displayName":{"other":"玻利维亚诺 (1863–1963)"},"symbol":"BOL","narrow":"BOL"},"BOP":{"displayName":{"other":"玻利维亚比索"},"symbol":"BOP","narrow":"BOP"},"BOV":{"displayName":{"other":"玻利维亚 Mvdol（资金）"},"symbol":"BOV","narrow":"BOV"},"BRB":{"displayName":{"other":"巴西新克鲁赛罗 (1967–1986)"},"symbol":"BRB","narrow":"BRB"},"BRC":{"displayName":{"other":"巴西克鲁扎多 (1986–1989)"},"symbol":"BRC","narrow":"BRC"},"BRE":{"displayName":{"other":"巴西克鲁塞罗 (1990–1993)"},"symbol":"BRE","narrow":"BRE"},"BRL":{"displayName":{"other":"巴西雷亚尔"},"symbol":"R$","narrow":"R$"},"BRN":{"displayName":{"other":"巴西新克鲁扎多 (1989–1990)"},"symbol":"BRN","narrow":"BRN"},"BRR":{"displayName":{"other":"巴西克鲁塞罗 (1993–1994)"},"symbol":"BRR","narrow":"BRR"},"BRZ":{"displayName":{"other":"巴西克鲁塞罗 (1942–1967)"},"symbol":"BRZ","narrow":"BRZ"},"BSD":{"displayName":{"other":"巴哈马元"},"symbol":"BSD","narrow":"$"},"BTN":{"displayName":{"other":"不丹努尔特鲁姆"},"symbol":"BTN","narrow":"BTN"},"BUK":{"displayName":{"other":"缅元"},"symbol":"BUK","narrow":"BUK"},"BWP":{"displayName":{"other":"博茨瓦纳普拉"},"symbol":"BWP","narrow":"P"},"BYB":{"displayName":{"other":"白俄罗斯新卢布 (1994–1999)"},"symbol":"BYB","narrow":"BYB"},"BYN":{"displayName":{"other":"白俄罗斯卢布"},"symbol":"BYN","narrow":"р."},"BYR":{"displayName":{"other":"白俄罗斯卢布 (2000–2016)"},"symbol":"BYR","narrow":"BYR"},"BZD":{"displayName":{"other":"伯利兹元"},"symbol":"BZD","narrow":"$"},"CAD":{"displayName":{"other":"加拿大元"},"symbol":"CA$","narrow":"$"},"CDF":{"displayName":{"other":"刚果法郎"},"symbol":"CDF","narrow":"CDF"},"CHE":{"displayName":{"other":"欧元 (WIR)"},"symbol":"CHE","narrow":"CHE"},"CHF":{"displayName":{"other":"瑞士法郎"},"symbol":"CHF","narrow":"CHF"},"CHW":{"displayName":{"other":"法郎 (WIR)"},"symbol":"CHW","narrow":"CHW"},"CLE":{"displayName":{"other":"智利埃斯库多"},"symbol":"CLE","narrow":"CLE"},"CLF":{"displayName":{"other":"智利（资金）"},"symbol":"CLF","narrow":"CLF"},"CLP":{"displayName":{"other":"智利比索"},"symbol":"CLP","narrow":"$"},"CNH":{"displayName":{"other":"人民币（离岸）"},"symbol":"CNH","narrow":"CNH"},"CNX":{"displayName":{"other":"中国人民银行元"},"symbol":"CNX","narrow":"CNX"},"CNY":{"displayName":{"other":"人民币"},"symbol":"¥","narrow":"¥"},"COP":{"displayName":{"other":"哥伦比亚比索"},"symbol":"COP","narrow":"$"},"COU":{"displayName":{"other":"哥伦比亚币"},"symbol":"COU","narrow":"COU"},"CRC":{"displayName":{"other":"哥斯达黎加科朗"},"symbol":"CRC","narrow":"₡"},"CSD":{"displayName":{"other":"旧塞尔维亚第纳尔"},"symbol":"CSD","narrow":"CSD"},"CSK":{"displayName":{"other":"捷克硬克朗"},"symbol":"CSK","narrow":"CSK"},"CUC":{"displayName":{"other":"古巴可兑换比索"},"symbol":"CUC","narrow":"$"},"CUP":{"displayName":{"other":"古巴比索"},"symbol":"CUP","narrow":"$"},"CVE":{"displayName":{"other":"佛得角埃斯库多"},"symbol":"CVE","narrow":"CVE"},"CYP":{"displayName":{"other":"塞浦路斯镑"},"symbol":"CYP","narrow":"CYP"},"CZK":{"displayName":{"other":"捷克克朗"},"symbol":"CZK","narrow":"Kč"},"DDM":{"displayName":{"other":"东德奥斯特马克"},"symbol":"DDM","narrow":"DDM"},"DEM":{"displayName":{"other":"德国马克"},"symbol":"DEM","narrow":"DEM"},"DJF":{"displayName":{"other":"吉布提法郎"},"symbol":"DJF","narrow":"DJF"},"DKK":{"displayName":{"other":"丹麦克朗"},"symbol":"DKK","narrow":"kr"},"DOP":{"displayName":{"other":"多米尼加比索"},"symbol":"DOP","narrow":"$"},"DZD":{"displayName":{"other":"阿尔及利亚第纳尔"},"symbol":"DZD","narrow":"DZD"},"ECS":{"displayName":{"other":"厄瓜多尔苏克雷"},"symbol":"ECS","narrow":"ECS"},"ECV":{"displayName":{"other":"厄瓜多尔 (UVC)"},"symbol":"ECV","narrow":"ECV"},"EEK":{"displayName":{"other":"爱沙尼亚克朗"},"symbol":"EEK","narrow":"EEK"},"EGP":{"displayName":{"other":"埃及镑"},"symbol":"EGP","narrow":"E£"},"ERN":{"displayName":{"other":"厄立特里亚纳克法"},"symbol":"ERN","narrow":"ERN"},"ESA":{"displayName":{"other":"西班牙比塞塔（帐户 A）"},"symbol":"ESA","narrow":"ESA"},"ESB":{"displayName":{"other":"西班牙比塞塔（兑换帐户）"},"symbol":"ESB","narrow":"ESB"},"ESP":{"displayName":{"other":"西班牙比塞塔"},"symbol":"ESP","narrow":"₧"},"ETB":{"displayName":{"other":"埃塞俄比亚比尔"},"symbol":"ETB","narrow":"ETB"},"EUR":{"displayName":{"other":"欧元"},"symbol":"€","narrow":"€"},"FIM":{"displayName":{"other":"芬兰马克"},"symbol":"FIM","narrow":"FIM"},"FJD":{"displayName":{"other":"斐济元"},"symbol":"FJD","narrow":"$"},"FKP":{"displayName":{"other":"福克兰群岛镑"},"symbol":"FKP","narrow":"£"},"FRF":{"displayName":{"other":"法国法郎"},"symbol":"FRF","narrow":"FRF"},"GBP":{"displayName":{"other":"英镑"},"symbol":"£","narrow":"£"},"GEK":{"displayName":{"other":"乔治亚库蓬拉瑞特"},"symbol":"GEK","narrow":"GEK"},"GEL":{"displayName":{"other":"格鲁吉亚拉里"},"symbol":"GEL","narrow":"₾"},"GHC":{"displayName":{"other":"加纳塞第"},"symbol":"GHC","narrow":"GHC"},"GHS":{"displayName":{"other":"加纳塞地"},"symbol":"GHS","narrow":"GH₵"},"GIP":{"displayName":{"other":"直布罗陀镑"},"symbol":"GIP","narrow":"£"},"GMD":{"displayName":{"other":"冈比亚达拉西"},"symbol":"GMD","narrow":"GMD"},"GNF":{"displayName":{"other":"几内亚法郎"},"symbol":"GNF","narrow":"FG"},"GNS":{"displayName":{"other":"几内亚西里"},"symbol":"GNS","narrow":"GNS"},"GQE":{"displayName":{"other":"赤道几内亚埃奎勒"},"symbol":"GQE","narrow":"GQE"},"GRD":{"displayName":{"other":"希腊德拉克马"},"symbol":"GRD","narrow":"GRD"},"GTQ":{"displayName":{"other":"危地马拉格查尔"},"symbol":"GTQ","narrow":"Q"},"GWE":{"displayName":{"other":"葡萄牙几内亚埃斯库多"},"symbol":"GWE","narrow":"GWE"},"GWP":{"displayName":{"other":"几内亚比绍比索"},"symbol":"GWP","narrow":"GWP"},"GYD":{"displayName":{"other":"圭亚那元"},"symbol":"GYD","narrow":"$"},"HKD":{"displayName":{"other":"港元"},"symbol":"HK$","narrow":"$"},"HNL":{"displayName":{"other":"洪都拉斯伦皮拉"},"symbol":"HNL","narrow":"L"},"HRD":{"displayName":{"other":"克罗地亚第纳尔"},"symbol":"HRD","narrow":"HRD"},"HRK":{"displayName":{"other":"克罗地亚库纳"},"symbol":"HRK","narrow":"kn"},"HTG":{"displayName":{"other":"海地古德"},"symbol":"HTG","narrow":"HTG"},"HUF":{"displayName":{"other":"匈牙利福林"},"symbol":"HUF","narrow":"Ft"},"IDR":{"displayName":{"other":"印度尼西亚盾"},"symbol":"IDR","narrow":"Rp"},"IEP":{"displayName":{"other":"爱尔兰镑"},"symbol":"IEP","narrow":"IEP"},"ILP":{"displayName":{"other":"以色列镑"},"symbol":"ILP","narrow":"ILP"},"ILR":{"displayName":{"other":"以色列谢克尔(1980–1985)"},"symbol":"ILS","narrow":"ILS"},"ILS":{"displayName":{"other":"以色列新谢克尔"},"symbol":"₪","narrow":"₪"},"INR":{"displayName":{"other":"印度卢比"},"symbol":"₹","narrow":"₹"},"IQD":{"displayName":{"other":"伊拉克第纳尔"},"symbol":"IQD","narrow":"IQD"},"IRR":{"displayName":{"other":"伊朗里亚尔"},"symbol":"IRR","narrow":"IRR"},"ISJ":{"displayName":{"other":"冰岛克朗(1918–1981)"},"symbol":"ISJ","narrow":"ISJ"},"ISK":{"displayName":{"other":"冰岛克朗"},"symbol":"ISK","narrow":"kr"},"ITL":{"displayName":{"other":"意大利里拉"},"symbol":"ITL","narrow":"ITL"},"JMD":{"displayName":{"other":"牙买加元"},"symbol":"JMD","narrow":"$"},"JOD":{"displayName":{"other":"约旦第纳尔"},"symbol":"JOD","narrow":"JOD"},"JPY":{"displayName":{"other":"日元"},"symbol":"JP¥","narrow":"¥"},"KES":{"displayName":{"other":"肯尼亚先令"},"symbol":"KES","narrow":"KES"},"KGS":{"displayName":{"other":"吉尔吉斯斯坦索姆"},"symbol":"KGS","narrow":"KGS"},"KHR":{"displayName":{"other":"柬埔寨瑞尔"},"symbol":"KHR","narrow":"៛"},"KMF":{"displayName":{"other":"科摩罗法郎"},"symbol":"KMF","narrow":"CF"},"KPW":{"displayName":{"other":"朝鲜元"},"symbol":"KPW","narrow":"₩"},"KRH":{"displayName":{"other":"韩元 (1953–1962)"},"symbol":"KRH","narrow":"KRH"},"KRO":{"displayName":{"other":"韩元 (1945–1953)"},"symbol":"KRO","narrow":"KRO"},"KRW":{"displayName":{"other":"韩元"},"symbol":"￦","narrow":"₩"},"KWD":{"displayName":{"other":"科威特第纳尔"},"symbol":"KWD","narrow":"KWD"},"KYD":{"displayName":{"other":"开曼元"},"symbol":"KYD","narrow":"$"},"KZT":{"displayName":{"other":"哈萨克斯坦坚戈"},"symbol":"KZT","narrow":"₸"},"LAK":{"displayName":{"other":"老挝基普"},"symbol":"LAK","narrow":"₭"},"LBP":{"displayName":{"other":"黎巴嫩镑"},"symbol":"LBP","narrow":"L£"},"LKR":{"displayName":{"other":"斯里兰卡卢比"},"symbol":"LKR","narrow":"Rs"},"LRD":{"displayName":{"other":"利比里亚元"},"symbol":"LRD","narrow":"$"},"LSL":{"displayName":{"other":"莱索托洛蒂"},"symbol":"LSL","narrow":"LSL"},"LTL":{"displayName":{"other":"立陶宛立特"},"symbol":"LTL","narrow":"Lt"},"LTT":{"displayName":{"other":"立陶宛塔咯呐司"},"symbol":"LTT","narrow":"LTT"},"LUC":{"displayName":{"other":"卢森堡可兑换法郎"},"symbol":"LUC","narrow":"LUC"},"LUF":{"displayName":{"other":"卢森堡法郎"},"symbol":"LUF","narrow":"LUF"},"LUL":{"displayName":{"other":"卢森堡金融法郎"},"symbol":"LUL","narrow":"LUL"},"LVL":{"displayName":{"other":"拉脱维亚拉特"},"symbol":"LVL","narrow":"Ls"},"LVR":{"displayName":{"other":"拉脱维亚卢布"},"symbol":"LVR","narrow":"LVR"},"LYD":{"displayName":{"other":"利比亚第纳尔"},"symbol":"LYD","narrow":"LYD"},"MAD":{"displayName":{"other":"摩洛哥迪拉姆"},"symbol":"MAD","narrow":"MAD"},"MAF":{"displayName":{"other":"摩洛哥法郎"},"symbol":"MAF","narrow":"MAF"},"MCF":{"displayName":{"other":"摩纳哥法郎"},"symbol":"MCF","narrow":"MCF"},"MDC":{"displayName":{"other":"摩尔多瓦库邦"},"symbol":"MDC","narrow":"MDC"},"MDL":{"displayName":{"other":"摩尔多瓦列伊"},"symbol":"MDL","narrow":"MDL"},"MGA":{"displayName":{"other":"马达加斯加阿里亚里"},"symbol":"MGA","narrow":"Ar"},"MGF":{"displayName":{"other":"马达加斯加法郎"},"symbol":"MGF","narrow":"MGF"},"MKD":{"displayName":{"other":"马其顿第纳尔"},"symbol":"MKD","narrow":"MKD"},"MKN":{"displayName":{"other":"马其顿第纳尔 (1992–1993)"},"symbol":"MKN","narrow":"MKN"},"MLF":{"displayName":{"other":"马里法郎"},"symbol":"MLF","narrow":"MLF"},"MMK":{"displayName":{"other":"缅甸元"},"symbol":"MMK","narrow":"K"},"MNT":{"displayName":{"other":"蒙古图格里克"},"symbol":"MNT","narrow":"₮"},"MOP":{"displayName":{"other":"澳门元"},"symbol":"MOP","narrow":"MOP"},"MRO":{"displayName":{"other":"毛里塔尼亚乌吉亚 (1973–2017)"},"symbol":"MRO","narrow":"MRO"},"MRU":{"displayName":{"other":"毛里塔尼亚乌吉亚"},"symbol":"MRU","narrow":"MRU"},"MTL":{"displayName":{"other":"马耳他里拉"},"symbol":"MTL","narrow":"MTL"},"MTP":{"displayName":{"other":"马耳他镑"},"symbol":"MTP","narrow":"MTP"},"MUR":{"displayName":{"other":"毛里求斯卢比"},"symbol":"MUR","narrow":"Rs"},"MVP":{"displayName":{"other":"马尔代夫卢比(1947–1981)"},"symbol":"MVP","narrow":"MVP"},"MVR":{"displayName":{"other":"马尔代夫卢菲亚"},"symbol":"MVR","narrow":"MVR"},"MWK":{"displayName":{"other":"马拉维克瓦查"},"symbol":"MWK","narrow":"MWK"},"MXN":{"displayName":{"other":"墨西哥比索"},"symbol":"MX$","narrow":"$"},"MXP":{"displayName":{"other":"墨西哥银比索 (1861–1992)"},"symbol":"MXP","narrow":"MXP"},"MXV":{"displayName":{"other":"墨西哥（资金）"},"symbol":"MXV","narrow":"MXV"},"MYR":{"displayName":{"other":"马来西亚林吉特"},"symbol":"MYR","narrow":"RM"},"MZE":{"displayName":{"other":"莫桑比克埃斯库多"},"symbol":"MZE","narrow":"MZE"},"MZM":{"displayName":{"other":"旧莫桑比克美提卡"},"symbol":"MZM","narrow":"MZM"},"MZN":{"displayName":{"other":"莫桑比克美提卡"},"symbol":"MZN","narrow":"MZN"},"NAD":{"displayName":{"other":"纳米比亚元"},"symbol":"NAD","narrow":"$"},"NGN":{"displayName":{"other":"尼日利亚奈拉"},"symbol":"NGN","narrow":"₦"},"NIC":{"displayName":{"other":"尼加拉瓜科多巴 (1988–1991)"},"symbol":"NIC","narrow":"NIC"},"NIO":{"displayName":{"other":"尼加拉瓜金科多巴"},"symbol":"NIO","narrow":"C$"},"NLG":{"displayName":{"other":"荷兰盾"},"symbol":"NLG","narrow":"NLG"},"NOK":{"displayName":{"other":"挪威克朗"},"symbol":"NOK","narrow":"kr"},"NPR":{"displayName":{"other":"尼泊尔卢比"},"symbol":"NPR","narrow":"Rs"},"NZD":{"displayName":{"other":"新西兰元"},"symbol":"NZ$","narrow":"$"},"OMR":{"displayName":{"other":"阿曼里亚尔"},"symbol":"OMR","narrow":"OMR"},"PAB":{"displayName":{"other":"巴拿马巴波亚"},"symbol":"PAB","narrow":"PAB"},"PEI":{"displayName":{"other":"秘鲁印第"},"symbol":"PEI","narrow":"PEI"},"PEN":{"displayName":{"other":"秘鲁索尔"},"symbol":"PEN","narrow":"PEN"},"PES":{"displayName":{"other":"秘鲁索尔 (1863–1965)"},"symbol":"PES","narrow":"PES"},"PGK":{"displayName":{"other":"巴布亚新几内亚基那"},"symbol":"PGK","narrow":"PGK"},"PHP":{"displayName":{"other":"菲律宾比索"},"symbol":"PHP","narrow":"₱"},"PKR":{"displayName":{"other":"巴基斯坦卢比"},"symbol":"PKR","narrow":"Rs"},"PLN":{"displayName":{"other":"波兰兹罗提"},"symbol":"PLN","narrow":"zł"},"PLZ":{"displayName":{"other":"波兰兹罗提 (1950–1995)"},"symbol":"PLZ","narrow":"PLZ"},"PTE":{"displayName":{"other":"葡萄牙埃斯库多"},"symbol":"PTE","narrow":"PTE"},"PYG":{"displayName":{"other":"巴拉圭瓜拉尼"},"symbol":"PYG","narrow":"₲"},"QAR":{"displayName":{"other":"卡塔尔里亚尔"},"symbol":"QAR","narrow":"QAR"},"RHD":{"displayName":{"other":"罗得西亚元"},"symbol":"RHD","narrow":"RHD"},"ROL":{"displayName":{"other":"旧罗马尼亚列伊"},"symbol":"ROL","narrow":"ROL"},"RON":{"displayName":{"other":"罗马尼亚列伊"},"symbol":"RON","narrow":"lei"},"RSD":{"displayName":{"other":"塞尔维亚第纳尔"},"symbol":"RSD","narrow":"RSD"},"RUB":{"displayName":{"other":"俄罗斯卢布"},"symbol":"RUB","narrow":"₽"},"RUR":{"displayName":{"other":"俄国卢布 (1991–1998)"},"symbol":"RUR","narrow":"р."},"RWF":{"displayName":{"other":"卢旺达法郎"},"symbol":"RWF","narrow":"RF"},"SAR":{"displayName":{"other":"沙特里亚尔"},"symbol":"SAR","narrow":"SAR"},"SBD":{"displayName":{"other":"所罗门群岛元"},"symbol":"SBD","narrow":"$"},"SCR":{"displayName":{"other":"塞舌尔卢比"},"symbol":"SCR","narrow":"SCR"},"SDD":{"displayName":{"other":"苏丹第纳尔 (1992–2007)"},"symbol":"SDD","narrow":"SDD"},"SDG":{"displayName":{"other":"苏丹镑"},"symbol":"SDG","narrow":"SDG"},"SDP":{"displayName":{"other":"旧苏丹镑"},"symbol":"SDP","narrow":"SDP"},"SEK":{"displayName":{"other":"瑞典克朗"},"symbol":"SEK","narrow":"kr"},"SGD":{"displayName":{"other":"新加坡元"},"symbol":"SGD","narrow":"$"},"SHP":{"displayName":{"other":"圣赫勒拿群岛磅"},"symbol":"SHP","narrow":"£"},"SIT":{"displayName":{"other":"斯洛文尼亚托拉尔"},"symbol":"SIT","narrow":"SIT"},"SKK":{"displayName":{"other":"斯洛伐克克朗"},"symbol":"SKK","narrow":"SKK"},"SLL":{"displayName":{"other":"塞拉利昂利昂"},"symbol":"SLL","narrow":"SLL"},"SOS":{"displayName":{"other":"索马里先令"},"symbol":"SOS","narrow":"SOS"},"SRD":{"displayName":{"other":"苏里南元"},"symbol":"SRD","narrow":"$"},"SRG":{"displayName":{"other":"苏里南盾"},"symbol":"SRG","narrow":"SRG"},"SSP":{"displayName":{"other":"南苏丹镑"},"symbol":"SSP","narrow":"£"},"STD":{"displayName":{"other":"圣多美和普林西比多布拉 (1977–2017)"},"symbol":"STD","narrow":"STD"},"STN":{"displayName":{"other":"圣多美和普林西比多布拉"},"symbol":"STN","narrow":"Db"},"SUR":{"displayName":{"other":"苏联卢布"},"symbol":"SUR","narrow":"SUR"},"SVC":{"displayName":{"other":"萨尔瓦多科朗"},"symbol":"SVC","narrow":"SVC"},"SYP":{"displayName":{"other":"叙利亚镑"},"symbol":"SYP","narrow":"£"},"SZL":{"displayName":{"other":"斯威士兰里兰吉尼"},"symbol":"SZL","narrow":"SZL"},"THB":{"displayName":{"other":"泰铢"},"symbol":"THB","narrow":"฿"},"TJR":{"displayName":{"other":"塔吉克斯坦卢布"},"symbol":"TJR","narrow":"TJR"},"TJS":{"displayName":{"other":"塔吉克斯坦索莫尼"},"symbol":"TJS","narrow":"TJS"},"TMM":{"displayName":{"other":"土库曼斯坦马纳特 (1993–2009)"},"symbol":"TMM","narrow":"TMM"},"TMT":{"displayName":{"other":"土库曼斯坦马纳特"},"symbol":"TMT","narrow":"TMT"},"TND":{"displayName":{"other":"突尼斯第纳尔"},"symbol":"TND","narrow":"TND"},"TOP":{"displayName":{"other":"汤加潘加"},"symbol":"TOP","narrow":"T$"},"TPE":{"displayName":{"other":"帝汶埃斯库多"},"symbol":"TPE","narrow":"TPE"},"TRL":{"displayName":{"other":"土耳其里拉 (1922–2005)"},"symbol":"TRL","narrow":"TRL"},"TRY":{"displayName":{"other":"土耳其里拉"},"symbol":"TRY","narrow":"₺"},"TTD":{"displayName":{"other":"特立尼达和多巴哥元"},"symbol":"TTD","narrow":"$"},"TWD":{"displayName":{"other":"新台币"},"symbol":"NT$","narrow":"NT$"},"TZS":{"displayName":{"other":"坦桑尼亚先令"},"symbol":"TZS","narrow":"TZS"},"UAH":{"displayName":{"other":"乌克兰格里夫纳"},"symbol":"UAH","narrow":"₴"},"UAK":{"displayName":{"other":"乌克兰币"},"symbol":"UAK","narrow":"UAK"},"UGS":{"displayName":{"other":"乌干达先令 (1966–1987)"},"symbol":"UGS","narrow":"UGS"},"UGX":{"displayName":{"other":"乌干达先令"},"symbol":"UGX","narrow":"UGX"},"USD":{"displayName":{"other":"美元"},"symbol":"US$","narrow":"$"},"USN":{"displayName":{"other":"美元（次日）"},"symbol":"USN","narrow":"USN"},"USS":{"displayName":{"other":"美元（当日）"},"symbol":"USS","narrow":"USS"},"UYI":{"displayName":{"other":"乌拉圭比索（索引单位）"},"symbol":"UYI","narrow":"UYI"},"UYP":{"displayName":{"other":"乌拉圭比索 (1975–1993)"},"symbol":"UYP","narrow":"UYP"},"UYU":{"displayName":{"other":"乌拉圭比索"},"symbol":"UYU","narrow":"$"},"UYW":{"displayName":{"other":"乌拉圭票面工资指数单位"},"symbol":"UYW","narrow":"UYW"},"UZS":{"displayName":{"other":"乌兹别克斯坦苏姆"},"symbol":"UZS","narrow":"UZS"},"VEB":{"displayName":{"other":"委内瑞拉玻利瓦尔 (1871–2008)"},"symbol":"VEB","narrow":"VEB"},"VEF":{"displayName":{"other":"委内瑞拉玻利瓦尔 (2008–2018)"},"symbol":"VEF","narrow":"Bs"},"VES":{"displayName":{"other":"委内瑞拉玻利瓦尔"},"symbol":"VES","narrow":"VES"},"VND":{"displayName":{"other":"越南盾"},"symbol":"₫","narrow":"₫"},"VNN":{"displayName":{"other":"越南盾 (1978–1985)"},"symbol":"VNN","narrow":"VNN"},"VUV":{"displayName":{"other":"瓦努阿图瓦图"},"symbol":"VUV","narrow":"VUV"},"WST":{"displayName":{"other":"萨摩亚塔拉"},"symbol":"WST","narrow":"WST"},"XAF":{"displayName":{"other":"中非法郎"},"symbol":"FCFA","narrow":"FCFA"},"XAG":{"displayName":{"other":"银"},"symbol":"XAG","narrow":"XAG"},"XAU":{"displayName":{"other":"黄金"},"symbol":"XAU","narrow":"XAU"},"XBA":{"displayName":{"other":"欧洲复合单位"},"symbol":"XBA","narrow":"XBA"},"XBB":{"displayName":{"other":"欧洲货币联盟"},"symbol":"XBB","narrow":"XBB"},"XBC":{"displayName":{"other":"欧洲计算单位 (XBC)"},"symbol":"XBC","narrow":"XBC"},"XBD":{"displayName":{"other":"欧洲计算单位 (XBD)"},"symbol":"XBD","narrow":"XBD"},"XCD":{"displayName":{"other":"东加勒比元"},"symbol":"EC$","narrow":"$"},"XDR":{"displayName":{"other":"特别提款权"},"symbol":"XDR","narrow":"XDR"},"XEU":{"displayName":{"other":"欧洲货币单位"},"symbol":"XEU","narrow":"XEU"},"XFO":{"displayName":{"other":"法国金法郎"},"symbol":"XFO","narrow":"XFO"},"XFU":{"displayName":{"other":"法国法郎 (UIC)"},"symbol":"XFU","narrow":"XFU"},"XOF":{"displayName":{"other":"西非法郎"},"symbol":"F CFA","narrow":"F CFA"},"XPD":{"displayName":{"other":"钯"},"symbol":"XPD","narrow":"XPD"},"XPF":{"displayName":{"other":"太平洋法郎"},"symbol":"CFPF","narrow":"CFPF"},"XPT":{"displayName":{"other":"铂"},"symbol":"XPT","narrow":"XPT"},"XRE":{"displayName":{"other":"RINET 基金"},"symbol":"XRE","narrow":"XRE"},"XSU":{"displayName":{"other":"苏克雷"},"symbol":"XSU","narrow":"XSU"},"XTS":{"displayName":{"other":"测试货币代码"},"symbol":"XTS","narrow":"XTS"},"XUA":{"displayName":{"other":"非洲开发银行记账单位"},"symbol":"XUA","narrow":"XUA"},"XXX":{"displayName":{"other":"（未知货币）"},"symbol":"XXX","narrow":"XXX"},"YDD":{"displayName":{"other":"也门第纳尔"},"symbol":"YDD","narrow":"YDD"},"YER":{"displayName":{"other":"也门里亚尔"},"symbol":"YER","narrow":"YER"},"YUD":{"displayName":{"other":"南斯拉夫硬第纳尔 (1966–1990)"},"symbol":"YUD","narrow":"YUD"},"YUM":{"displayName":{"other":"南斯拉夫新第纳尔 (1994–2002)"},"symbol":"YUM","narrow":"YUM"},"YUN":{"displayName":{"other":"南斯拉夫可兑换第纳尔 (1990–1992)"},"symbol":"YUN","narrow":"YUN"},"YUR":{"displayName":{"other":"南斯拉夫改良第纳尔 (1992–1993)"},"symbol":"YUR","narrow":"YUR"},"ZAL":{"displayName":{"other":"南非兰特 (金融)"},"symbol":"ZAL","narrow":"ZAL"},"ZAR":{"displayName":{"other":"南非兰特"},"symbol":"ZAR","narrow":"R"},"ZMK":{"displayName":{"other":"赞比亚克瓦查 (1968–2012)"},"symbol":"ZMK","narrow":"ZMK"},"ZMW":{"displayName":{"other":"赞比亚克瓦查"},"symbol":"ZMW","narrow":"ZK"},"ZRN":{"displayName":{"other":"新扎伊尔 (1993–1998)"},"symbol":"ZRN","narrow":"ZRN"},"ZRZ":{"displayName":{"other":"扎伊尔 (1971–1993)"},"symbol":"ZRZ","narrow":"ZRZ"},"ZWD":{"displayName":{"other":"津巴布韦元 (1980–2008)"},"symbol":"ZWD","narrow":"ZWD"},"ZWL":{"displayName":{"other":"津巴布韦元 (2009)"},"symbol":"ZWL","narrow":"ZWL"},"ZWR":{"displayName":{"other":"津巴布韦元 (2008)"},"symbol":"ZWR","narrow":"ZWR"}},"numbers":{"nu":["latn"],"symbols":{"latn":{"decimal":".","group":",","list":";","percentSign":"%","plusSign":"+","minusSign":"-","approximatelySign":"~","exponential":"E","superscriptingExponent":"×","perMille":"‰","infinity":"∞","nan":"NaN","timeSeparator":":"}},"percent":{"latn":"#,##0%"},"decimal":{"latn":{"standard":"#,##0.###","long":{"1000":{"other":"0"},"10000":{"other":"0万"},"100000":{"other":"00万"},"1000000":{"other":"000万"},"10000000":{"other":"0000万"},"100000000":{"other":"0亿"},"1000000000":{"other":"00亿"},"10000000000":{"other":"000亿"},"100000000000":{"other":"0000亿"},"1000000000000":{"other":"0万亿"},"10000000000000":{"other":"00万亿"},"100000000000000":{"other":"000万亿"}},"short":{"1000":{"other":"0"},"10000":{"other":"0万"},"100000":{"other":"00万"},"1000000":{"other":"000万"},"10000000":{"other":"0000万"},"100000000":{"other":"0亿"},"1000000000":{"other":"00亿"},"10000000000":{"other":"000亿"},"100000000000":{"other":"0000亿"},"1000000000000":{"other":"0万亿"},"10000000000000":{"other":"00万亿"},"100000000000000":{"other":"000万亿"}}}},"currency":{"latn":{"currencySpacing":{"beforeInsertBetween":" ","afterInsertBetween":" "},"standard":"¤#,##0.00","accounting":"¤#,##0.00;(¤#,##0.00)","unitPattern":"{0}{1}","short":{"1000":{"other":"0"},"10000":{"other":"¤0万"},"100000":{"other":"¤00万"},"1000000":{"other":"¤000万"},"10000000":{"other":"¤0000万"},"100000000":{"other":"¤0亿"},"1000000000":{"other":"¤00亿"},"10000000000":{"other":"¤000亿"},"100000000000":{"other":"¤0000亿"},"1000000000000":{"other":"¤0万亿"},"10000000000000":{"other":"¤00万亿"},"100000000000000":{"other":"¤000万亿"}}}}},"nu":["latn"]},"locale":"zh-Hans"}
